Daylight (D65),Hydrocodone tartrate,positive,0.0,0.266666666667,0.262745098039,0.396078431373,0.266666666667,0.227450980392,0.701960784314,0.513725490196,0.458823529412,0.313725490196,0.41568627451,0.545098039216,0.298039215686,0.364705882353,0.192156862745,0.447058823529,0.435294117647,0.619607843137,0.349019607843,0.666666666667,0.607843137255,0.788235294118,0.41568627451,0.156862745098,0.207843137255,0.294117647059,0.580392156863,0.698039215686,0.278431372549,0.337254901961,0.290196078431,0.188235294118,0.341176470588,0.556862745098,0.666666666667,0.192156862745,0.796078431373,0.552941176471,0.078431372549,0.0745098039216,0.192156862745,0.505882352941,0.274509803922,0.521568627451,0.247058823529,0.63137254902,0.172549019608,0.207843137255,0.854901960784,0.705882352941,0.0352941176471,0.670588235294,0.278431372549,0.521568627451,0.0196078431373,0.470588235294,0.596078431373,0.878431372549,0.878431372549,0.870588235294,0.709803921569,0.717647058824,0.713725490196,0.556862745098,0.564705882353,0.560784313725,0.403921568627,0.407843137255,0.407843137255,0.274509803922,0.278431372549,0.278431372549,0.152941176471,0.152941176471,0.152941176471,30.9,-20.8,-4.4
Tube light (FL2),Oxycodone HCl,negative,0.533333333333,0.541176470588,0.0,0.443137254902,0.360784313725,0.239215686275,0.729411764706,0.6,0.486274509804,0.337254901961,0.462745098039,0.611764705882,0.345098039216,0.458823529412,0.203921568627,0.470588235294,0.490196078431,0.678431372549,0.36862745098,0.733333333333,0.662745098039,0.819607843137,0.564705882353,0.0,0.219607843137,0.305882352941,0.658823529412,0.729411764706,0.380392156863,0.372549019608,0.313725490196,0.243137254902,0.41568627451,0.603921568627,0.780392156863,0.0,0.847058823529,0.721568627451,0.0,0.0627450980392,0.149019607843,0.58431372549,0.294117647059,0.596078431373,0.250980392157,0.623529411765,0.278431372549,0.223529411765,0.870588235294,0.847058823529,0.0,0.678431372549,0.349019607843,0.58431372549,0.0,0.486274509804,0.686274509804,0.866666666667,0.929411764706,0.858823529412,0.729411764706,0.78431372549,0.733333333333,0.596078431373,0.643137254902,0.603921568627,0.458823529412,0.498039215686,0.466666666667,0.329411764706,0.360784313725,0.337254901961,0.203921568627,0.223529411765,0.207843137255,51.3,-5.1,49.3
Tube light (FL2),Hydrocodone tartrate,positive,0.0,0.333333333333,0.345098039216,0.443137254902,0.360784313725,0.239215686275,0.729411764706,0.6,0.486274509804,0.337254901961,0.462745098039,0.611764705882,0.345098039216,0.458823529412,0.203921568627,0.470588235294,0.490196078431,0.678431372549,0.36862745098,0.733333333333,0.662745098039,0.819607843137,0.564705882353,0.0,0.219607843137,0.305882352941,0.658823529412,0.729411764706,0.380392156863,0.372549019608,0.313725490196,0.243137254902,0.41568627451,0.603921568627,0.780392156863,0.0,0.847058823529,0.721568627451,0.0,0.0627450980392,0.149019607843,0.58431372549,0.294117647059,0.596078431373,0.250980392157,0.623529411765,0.278431372549,0.223529411765,0.870588235294,0.847058823529,0.0,0.678431372549,0.349019607843,0.58431372549,0.0,0.486274509804,0.686274509804,0.866666666667,0.929411764706,0.858823529412,0.729411764706,0.78431372549,0.733333333333,0.596078431373,0.643137254902,0.603921568627,0.458823529412,0.498039215686,0.466666666667,0.329411764706,0.360784313725,0.337254901961,0.203921568627,0.223529411765,0.207843137255,30.9,-20.4,-6.7
White LED torch (LED-B3),Chlorpromazine HCl,negative,0.18431372549,0.129411764706,0.0980392156863,0.360784313725,0.278431372549,0.156862745098,0.666666666667,0.529411764706,0.364705882353,0.250980392157,0.4,0.482352941176,0.254901960784,0.376470588235,0.113725490196,0.388235294118,0.423529411765,0.549019607843,0.250980392157,0.666666666667,0.509803921569,0.756862745098,0.462745098039,0.0,0.149019607843,0.262745098039,0.537254901961,0.666666666667,0.301960784314,0.270588235294,0.250980392157,0.180392156863,0.298039215686,0.498039215686,0.694117647059,0.0,0.764705882353,0.603921568627,0.0,0.0274509803922,0.137254901961,0.466666666667,0.18431372549,0.521568627451,0.125490196078,0.588235294118,0.196078431373,0.141176470588,0.796078431373,0.756862745098,0.0,0.623529411765,0.282352941176,0.458823529412,0.0,0.43137254902,0.529411764706,0.807843137255,0.905882352941,0.749019607843,0.647058823529,0.729411764706,0.607843137255,0.501960784314,0.572549019608,0.478431372549,0.364705882353,0.41568627451,0.345098039216,0.235294117647,0.274509803922,0.23137254902,0.129411764706,0.149019607843,0.121568627451,19.9,9.9,4.4
Incandescent bulb (A),Hydrocodone tartrate,positive,0.0,0.282352941176,0.266666666667,0.439215686275,0.305882352941,0.149019607843,0.749019607843,0.533333333333,0.380392156863,0.298039215686,0.419607843137,0.501960784314,0.301960784314,0.396078431373,0.0980392156863,0.478431372549,0.435294117647,0.560784313725,0.192156862745,0.662745098039,0.552941176471,0.835294117647,0.482352941176,0.00392156862745,0.211764705882,0.282352941176,0.556862745098,0.776470588235,0.305882352941,0.254901960784,0.356862745098,0.196078431373,0.321568627451,0.525490196078,0.694117647059,0.0,0.827450980392,0.611764705882,0.00392156862745,0.0627450980392,0.160784313725,0.490196078431,0.125490196078,0.541176470588,0.180392156863,0.733333333333,0.188235294118,0.0980392156863,0.858823529412,0.752941176471,0.00392156862745,0.760784313725,0.278431372549,0.454901960784,0.0,0.447058823529,0.580392156863,0.850980392157,0.870588235294,0.713725490196,0.698039215686,0.717647058824,0.6,0.560784313725,0.576470588235,0.486274509804,0.419607843137,0.439215686275,0.360784313725,0.290196078431,0.305882352941,0.250980392157,0.176470588235,0.18431372549,0.141176470588,31.2,-14.7,-6.9
Incandescent bulb (A),Morphine monohydrate,positive,0.00392156862745,0.2,0.156862745098,0.439215686275,0.305882352941,0.149019607843,0.749019607843,0.533333333333,0.380392156863,0.298039215686,0.419607843137,0.501960784314,0.301960784314,0.396078431373,0.0980392156863,0.478431372549,0.435294117647,0.560784313725,0.192156862745,0.662745098039,0.552941176471,0.835294117647,0.482352941176,0.00392156862745,0.211764705882,0.282352941176,0.556862745098,0.776470588235,0.305882352941,0.254901960784,0.356862745098,0.196078431373,0.321568627451,0.525490196078,0.694117647059,0.0,0.827450980392,0.611764705882,0.00392156862745,0.0627450980392,0.160784313725,0.490196078431,0.125490196078,0.541176470588,0.180392156863,0.733333333333,0.188235294118,0.0980392156863,0.858823529412,0.752941176471,0.00392156862745,0.760784313725,0.278431372549,0.454901960784,0.0,0.447058823529,0.580392156863,0.850980392157,0.870588235294,0.713725490196,0.698039215686,0.717647058824,0.6,0.560784313725,0.576470588235,0.486274509804,0.419607843137,0.439215686275,0.360784313725,0.290196078431,0.305882352941,0.250980392157,0.176470588235,0.18431372549,0.141176470588,20.2,-14.0,-1.1
Daylight (D65),Hydrocodone tartrate,positive,0.0,0.294117647059,0.266666666667,0.376470588235,0.294117647059,0.21568627451,0.658823529412,0.552941176471,0.447058823529,0.250980392157,0.447058823529,0.541176470588,0.274509803922,0.392156862745,0.176470588235,0.396078431373,0.470588235294,0.607843137255,0.23137254902,0.701960784314,0.592156862745,0.749019607843,0.443137254902,0.0470588235294,0.137254901961,0.337254901961,0.592156862745,0.666666666667,0.309803921569,0.337254901961,0.278431372549,0.21568627451,0.345098039216,0.498039215686,0.690196078431,0.0313725490196,0.752941176471,0.580392156863,0.0,0.0156862745098,0.223529411765,0.517647058824,0.188235294118,0.545098039216,0.211764705882,0.607843137255,0.2,0.196078431373,0.788235294118,0.729411764706,0.0,0.627450980392,0.313725490196,0.517647058824,0.0,0.501960784314,0.588235294118,0.780392156863,0.909803921569,0.83137254902,0.627450980392,0.749019607843,0.690196078431,0.501960784314,0.592156862745,0.545098039216,0.364705882353,0.439215686275,0.407843137255,0.250980392157,0.301960784314,0.274509803922,0.141176470588,0.172549019608,0.156862745098,31.9,-17.5,-3.9
Daylight (D65),Codeine,positive,0.0117647058824,0.188235294118,0.160784313725,0.376470588235,0.294117647059,0.21568627451,0.658823529412,0.552941176471,0.447058823529,0.250980392157,0.447058823529,0.541176470588,0.274509803922,0.392156862745,0.176470588235,0.396078431373,0.470588235294,0.607843137255,0.23137254902,0.701960784314,0.592156862745,0.749019607843,0.443137254902,0.0470588235294,0.137254901961,0.337254901961,0.592156862745,0.666666666667,0.309803921569,0.337254901961,0.278431372549,0.21568627451,0.345098039216,0.498039215686,0.690196078431,0.0313725490196,0.752941176471,0.580392156863,0.0,0.0156862745098,0.223529411765,0.517647058824,0.188235294118,0.545098039216,0.211764705882,0.607843137255,0.2,0.196078431373,0.788235294118,0.729411764706,0.0,0.627450980392,0.313725490196,0.517647058824,0.0,0.501960784314,0.588235294118,0.780392156863,0.909803921569,0.83137254902,0.627450980392,0.749019607843,0.690196078431,0.501960784314,0.592156862745,0.545098039216,0.364705882353,0.439215686275,0.407843137255,0.250980392157,0.301960784314,0.274509803922,0.141176470588,0.172549019608,0.156862745098,20.3,-13.7,-0.4
Tube light (FL2),Contac,negative,0.388235294118,0.329411764706,0.0,0.360784313725,0.286274509804,0.113725490196,0.654901960784,0.525490196078,0.313725490196,0.266666666667,0.396078431373,0.454901960784,0.262745098039,0.372549019608,0.0392156862745,0.38431372549,0.423529411765,0.521568627451,0.282352941176,0.658823529412,0.478431372549,0.752941176471,0.482352941176,0.00392156862745,0.164705882353,0.262745098039,0.513725490196,0.643137254902,0.301960784314,0.227450980392,0.239215686275,0.18431372549,0.286274509804,0.509803921569,0.694117647059,0.0,0.760784313725,0.627450980392,0.0,0.0392156862745,0.145098039216,0.447058823529,0.211764705882,0.513725490196,0.0274509803922,0.533333333333,0.196078431373,0.0901960784314,0.796078431373,0.764705882353,0.0,0.58431372549,0.286274509804,0.435294117647,0.0,0.419607843137,0.521568627451,0.807843137255,0.890196078431,0.658823529412,0.650980392157,0.725490196078,0.549019607843,0.513725490196,0.56862745098,0.43137254902,0.36862745098,0.419607843137,0.309803921569,0.247058823529,0.282352941176,0.207843137255,0.141176470588,0.156862745098,0.105882352941,41.0,7.8,35.5
Tube light (FL2),Morphine monohydrate,positive,0.0156862745098,0.16862745098,0.113725490196,0.360784313725,0.286274509804,0.113725490196,0.654901960784,0.525490196078,0.313725490196,0.266666666667,0.396078431373,0.454901960784,0.262745098039,0.372549019608,0.0392156862745,0.38431372549,0.423529411765,0.521568627451,0.282352941176,0.658823529412,0.478431372549,0.752941176471,0.482352941176,0.00392156862745,0.164705882353,0.262745098039,0.513725490196,0.643137254902,0.301960784314,0.227450980392,0.239215686275,0.18431372549,0.286274509804,0.509803921569,0.694117647059,0.0,0.760784313725,0.627450980392,0.0,0.0392156862745,0.145098039216,0.447058823529,0.211764705882,0.513725490196,0.0274509803922,0.533333333333,0.196078431373,0.0901960784314,0.796078431373,0.764705882353,0.0,0.58431372549,0.286274509804,0.435294117647,0.0,0.419607843137,0.521568627451,0.807843137255,0.890196078431,0.658823529412,0.650980392157,0.725490196078,0.549019607843,0.513725490196,0.56862745098,0.43137254902,0.36862745098,0.419607843137,0.309803921569,0.247058823529,0.282352941176,0.207843137255,0.141176470588,0.156862745098,0.105882352941,20.2,-16.2,-1.2
White LED torch (LED-B3),Mace5,negative,0.317647058824,0.286274509804,0.0313725490196,0.470588235294,0.301960784314,0.227450980392,0.807843137255,0.541176470588,0.466666666667,0.356862745098,0.419607843137,0.623529411765,0.349019607843,0.41568627451,0.172549019608,0.513725490196,0.427450980392,0.698039215686,0.352941176471,0.698039215686,0.654901960784,0.905882352941,0.474509803922,0.0,0.243137254902,0.243137254902,0.686274509804,0.81568627451,0.278431372549,0.356862745098,0.352941176471,0.180392156863,0.41568627451,0.623529411765,0.737254901961,0.0,0.921568627451,0.63137254902,0.0,0.0901960784314,0.0588235294118,0.611764705882,0.258823529412,0.576470588235,0.180392156863,0.729411764706,0.160784313725,0.188235294118,0.952941176471,0.78431372549,0.0,0.776470588235,0.23137254902,0.596078431373,0.0,0.462745098039,0.694117647059,0.964705882353,0.886274509804,0.894117647059,0.792156862745,0.733333333333,0.752941176471,0.639215686275,0.592156862745,0.607843137255,0.482352941176,0.447058823529,0.458823529412,0.337254901961,0.313725490196,0.329411764706,0.207843137255,0.18431372549,0.196078431373,30.0,-4.8,30.1
White LED torch (LED-B3),Hydrocodone tartrate,positive,0.0,0.301960784314,0.325490196078,0.470588235294,0.301960784314,0.227450980392,0.807843137255,0.541176470588,0.466666666667,0.356862745098,0.419607843137,0.623529411765,0.349019607843,0.41568627451,0.172549019608,0.513725490196,0.427450980392,0.698039215686,0.352941176471,0.698039215686,0.654901960784,0.905882352941,0.474509803922,0.0,0.243137254902,0.243137254902,0.686274509804,0.81568627451,0.278431372549,0.356862745098,0.352941176471,0.180392156863,0.41568627451,0.623529411765,0.737254901961,0.0,0.921568627451,0.63137254902,0.0,0.0901960784314,0.0588235294118,0.611764705882,0.258823529412,0.576470588235,0.180392156863,0.729411764706,0.160784313725,0.188235294118,0.952941176471,0.78431372549,0.0,0.776470588235,0.23137254902,0.596078431373,0.0,0.462745098039,0.694117647059,0.964705882353,0.886274509804,0.894117647059,0.792156862745,0.733333333333,0.752941176471,0.639215686275,0.592156862745,0.607843137255,0.482352941176,0.447058823529,0.458823529412,0.337254901961,0.313725490196,0.329411764706,0.207843137255,0.18431372549,0.196078431373,31.0,-19.7,-4.9
Incandescent bulb (A),Codeine,positive,0.41568627451,0.490196078431,0.427450980392,0.466666666667,0.352941176471,0.211764705882,0.760784313725,0.580392156863,0.447058823529,0.317647058824,0.462745098039,0.560784313725,0.325490196078,0.443137254902,0.164705882353,0.494117647059,0.478431372549,0.61568627451,0.192156862745,0.701960784314,0.61568627451,0.839215686275,0.537254901961,0.00392156862745,0.223529411765,0.325490196078,0.607843137255,0.788235294118,0.364705882353,0.317647058824,0.380392156863,0.243137254902,0.36862745098,0.537254901961,0.737254901961,0.0078431372549,0.83137254902,0.662745098039,0.0,0.0627450980392,0.188235294118,0.541176470588,0.129411764706,0.588235294118,0.258823529412,0.749019607843,0.250980392157,0.176470588235,0.858823529412,0.792156862745,0.0,0.772549019608,0.337254901961,0.513725490196,0.0,0.486274509804,0.635294117647,0.850980392157,0.901960784314,0.78431372549,0.705882352941,0.760784313725,0.670588235294,0.576470588235,0.623529411765,0.549019607843,0.439215686275,0.482352941176,0.419607843137,0.317647058824,0.349019607843,0.305882352941,0.2,0.219607843137,0.18431372549,35.1,-8.4,1.5
Incandescent bulb (A),Hydrocodone tartrate,positive,0.00392156862745,0.325490196078,0.317647058824,0.466666666667,0.352941176471,0.211764705882,0.760784313725,0.580392156863,0.447058823529,0.317647058824,0.462745098039,0.560784313725,0.325490196078,0.443137254902,0.164705882353,0.494117647059,0.478431372549,0.61568627451,0.192156862745,0.701960784314,0.61568627451,0.839215686275,0.537254901961,0.00392156862745,0.223529411765,0.325490196078,0.607843137255,0.788235294118,0.364705882353,0.317647058824,0.380392156863,0.243137254902,0.36862745098,0.537254901961,0.737254901961,0.0078431372549,0.83137254902,0.662745098039,0.0,0.0627450980392,0.188235294118,0.541176470588,0.129411764706,0.588235294118,0.258823529412,0.749019607843,0.250980392157,0.176470588235,0.858823529412,0.792156862745,0.0,0.772549019608,0.337254901961,0.513725490196,0.0,0.486274509804,0.635294117647,0.850980392157,0.901960784314,0.78431372549,0.705882352941,0.760784313725,0.670588235294,0.576470588235,0.623529411765,0.549019607843,0.439215686275,0.482352941176,0.419607843137,0.317647058824,0.349019607843,0.305882352941,0.2,0.219607843137,0.18431372549,31.2,-14.9,-6.7
Daylight (D65),Exedrine,negative,0.58431372549,0.494117647059,0.333333333333,0.396078431373,0.250980392157,0.219607843137,0.705882352941,0.482352941176,0.447058823529,0.325490196078,0.396078431373,0.537254901961,0.313725490196,0.356862745098,0.192156862745,0.466666666667,0.41568627451,0.607843137255,0.380392156863,0.647058823529,0.607843137255,0.76862745098,0.388235294118,0.129411764706,0.23137254902,0.278431372549,0.572549019608,0.698039215686,0.258823529412,0.337254901961,0.309803921569,0.180392156863,0.349019607843,0.580392156863,0.643137254902,0.164705882353,0.819607843137,0.533333333333,0.0274509803922,0.0980392156863,0.176470588235,0.498039215686,0.282352941176,0.498039215686,0.235294117647,0.63137254902,0.152941176471,0.203921568627,0.858823529412,0.670588235294,0.0,0.686274509804,0.262745098039,0.521568627451,0.0470588235294,0.462745098039,0.603921568627,0.874509803922,0.811764705882,0.823529411765,0.713725490196,0.670588235294,0.694117647059,0.572549019608,0.537254901961,0.556862745098,0.427450980392,0.4,0.41568627451,0.294117647059,0.274509803922,0.290196078431,0.16862745098,0.160784313725,0.16862745098,61.6,-1.9,29.1
Daylight (D65),Codeine,positive,0.0392156862745,0.18431372549,0.16862745098,0.396078431373,0.250980392157,0.219607843137,0.705882352941,0.482352941176,0.447058823529,0.325490196078,0.396078431373,0.537254901961,0.313725490196,0.356862745098,0.192156862745,0.466666666667,0.41568627451,0.607843137255,0.380392156863,0.647058823529,0.607843137255,0.76862745098,0.388235294118,0.129411764706,0.23137254902,0.278431372549,0.572549019608,0.698039215686,0.258823529412,0.337254901961,0.309803921569,0.180392156863,0.349019607843,0.580392156863,0.643137254902,0.164705882353,0.819607843137,0.533333333333,0.0274509803922,0.0980392156863,0.176470588235,0.498039215686,0.282352941176,0.498039215686,0.235294117647,0.63137254902,0.152941176471,0.203921568627,0.858823529412,0.670588235294,0.0,0.686274509804,0.262745098039,0.521568627451,0.0470588235294,0.462745098039,0.603921568627,0.874509803922,0.811764705882,0.823529411765,0.713725490196,0.670588235294,0.694117647059,0.572549019608,0.537254901961,0.556862745098,0.427450980392,0.4,0.41568627451,0.294117647059,0.274509803922,0.290196078431,0.16862745098,0.160784313725,0.16862745098,19.8,-15.5,-0.2
Tube light (FL2),Nutmeg,negative,0.23137254902,0.223529411765,0.0745098039216,0.407843137255,0.349019607843,0.180392156863,0.674509803922,0.588235294118,0.403921568627,0.290196078431,0.466666666667,0.549019607843,0.305882352941,0.447058823529,0.101960784314,0.43137254902,0.494117647059,0.619607843137,0.278431372549,0.721568627451,0.572549019608,0.760784313725,0.541176470588,0.0,0.172549019608,0.325490196078,0.596078431373,0.678431372549,0.376470588235,0.313725490196,0.294117647059,0.250980392157,0.376470588235,0.545098039216,0.752941176471,0.0,0.78431372549,0.694117647059,0.00392156862745,0.0313725490196,0.192156862745,0.533333333333,0.219607843137,0.580392156863,0.101960784314,0.588235294118,0.270588235294,0.164705882353,0.8,0.81568627451,0.0,0.627450980392,0.356862745098,0.529411764706,0.0,0.486274509804,0.619607843137,0.780392156863,0.901960784314,0.733333333333,0.654901960784,0.760784313725,0.63137254902,0.537254901961,0.635294117647,0.521568627451,0.407843137255,0.494117647059,0.392156862745,0.298039215686,0.352941176471,0.286274509804,0.18431372549,0.223529411765,0.180392156863,19.5,3.3,21.4
White LED torch (LED-B3),Contac,negative,0.396078431373,0.305882352941,0.0,0.372549019608,0.250980392157,0.16862745098,0.682352941176,0.478431372549,0.396078431373,0.235294117647,0.356862745098,0.552941176471,0.243137254902,0.356862745098,0.109803921569,0.396078431373,0.36862745098,0.627450980392,0.137254901961,0.635294117647,0.588235294118,0.780392156863,0.41568627451,0.0,0.125490196078,0.192156862745,0.61568627451,0.701960784314,0.23137254902,0.290196078431,0.266666666667,0.137254901961,0.352941176471,0.486274509804,0.674509803922,0.0,0.796078431373,0.576470588235,0.0,0.0156862745098,0.0274509803922,0.537254901961,0.0901960784314,0.505882352941,0.109803921569,0.619607843137,0.125490196078,0.125490196078,0.819607843137,0.725490196078,0.00392156862745,0.662745098039,0.188235294118,0.525490196078,0.0,0.396078431373,0.619607843137,0.803921568627,0.83137254902,0.83137254902,0.647058823529,0.670588235294,0.686274509804,0.509803921569,0.529411764706,0.545098039216,0.36862745098,0.38431372549,0.396078431373,0.243137254902,0.258823529412,0.270588235294,0.133333333333,0.141176470588,0.145098039216,40.4,5.8,36.9
White LED torch (LED-B3),Hydrocodone tartrate,positive,0.0,0.247058823529,0.266666666667,0.372549019608,0.250980392157,0.16862745098,0.682352941176,0.478431372549,0.396078431373,0.235294117647,0.356862745098,0.552941176471,0.243137254902,0.356862745098,0.109803921569,0.396078431373,0.36862745098,0.627450980392,0.137254901961,0.635294117647,0.588235294118,0.780392156863,0.41568627451,0.0,0.125490196078,0.192156862745,0.61568627451,0.701960784314,0.23137254902,0.290196078431,0.266666666667,0.137254901961,0.352941176471,0.486274509804,0.674509803922,0.0,0.796078431373,0.576470588235,0.0,0.0156862745098,0.0274509803922,0.537254901961,0.0901960784314,0.505882352941,0.109803921569,0.619607843137,0.125490196078,0.125490196078,0.819607843137,0.725490196078,0.00392156862745,0.662745098039,0.188235294118,0.525490196078,0.0,0.396078431373,0.619607843137,0.803921568627,0.83137254902,0.83137254902,0.647058823529,0.670588235294,0.686274509804,0.509803921569,0.529411764706,0.545098039216,0.36862745098,0.38431372549,0.396078431373,0.243137254902,0.258823529412,0.270588235294,0.133333333333,0.141176470588,0.145098039216,31.3,-15.0,-4.6
Incandescent bulb (A),Hydrocodone tartrate,positive,0.0,0.345098039216,0.278431372549,0.517647058824,0.356862745098,0.145098039216,0.847058823529,0.58431372549,0.36862745098,0.396078431373,0.486274509804,0.509803921569,0.380392156863,0.454901960784,0.0509803921569,0.56862745098,0.505882352941,0.556862745098,0.349019607843,0.733333333333,0.533333333333,0.925490196078,0.533333333333,0.0,0.301960784314,0.352941176471,0.560784313725,0.866666666667,0.356862745098,0.254901960784,0.423529411765,0.254901960784,0.337254901961,0.623529411765,0.752941176471,0.00392156862745,0.917647058824,0.666666666667,0.0,0.152941176471,0.23137254902,0.509803921569,0.262745098039,0.6,0.113725490196,0.81568627451,0.223529411765,0.109803921569,0.952941176471,0.8,0.0078431372549,0.847058823529,0.341176470588,0.462745098039,0.00392156862745,0.517647058824,0.588235294118,0.96862745098,0.925490196078,0.674509803922,0.803921568627,0.780392156863,0.576470588235,0.658823529412,0.643137254902,0.466666666667,0.505882352941,0.494117647059,0.364705882353,0.364705882353,0.356862745098,0.258823529412,0.235294117647,0.223529411765,0.149019607843,31.4,-18.2,-6.2
Incandescent bulb (A),Oxycodone HCl,negative,0.576470588235,0.509803921569,0.0,0.517647058824,0.356862745098,0.145098039216,0.847058823529,0.58431372549,0.36862745098,0.396078431373,0.486274509804,0.509803921569,0.380392156863,0.454901960784,0.0509803921569,0.56862745098,0.505882352941,0.556862745098,0.349019607843,0.733333333333,0.533333333333,0.925490196078,0.533333333333,0.0,0.301960784314,0.352941176471,0.560784313725,0.866666666667,0.356862745098,0.254901960784,0.423529411765,0.254901960784,0.337254901961,0.623529411765,0.752941176471,0.00392156862745,0.917647058824,0.666666666667,0.0,0.152941176471,0.23137254902,0.509803921569,0.262745098039,0.6,0.113725490196,0.81568627451,0.223529411765,0.109803921569,0.952941176471,0.8,0.0078431372549,0.847058823529,0.341176470588,0.462745098039,0.00392156862745,0.517647058824,0.588235294118,0.96862745098,0.925490196078,0.674509803922,0.803921568627,0.780392156863,0.576470588235,0.658823529412,0.643137254902,0.466666666667,0.505882352941,0.494117647059,0.364705882353,0.364705882353,0.356862745098,0.258823529412,0.235294117647,0.223529411765,0.149019607843,51.3,-2.9,41.2
Tube light (FL2),Opium,negative,0.196078431373,0.203921568627,0.113725490196,0.43137254902,0.337254901961,0.239215686275,0.713725490196,0.572549019608,0.470588235294,0.352941176471,0.435294117647,0.556862745098,0.345098039216,0.423529411765,0.207843137255,0.462745098039,0.458823529412,0.61568627451,0.419607843137,0.682352941176,0.611764705882,0.796078431373,0.545098039216,0.0313725490196,0.239215686275,0.294117647059,0.596078431373,0.694117647059,0.36862745098,0.352941176471,0.298039215686,0.223529411765,0.36862745098,0.607843137255,0.729411764706,0.121568627451,0.81568627451,0.670588235294,0.0078431372549,0.101960784314,0.152941176471,0.521568627451,0.337254901961,0.556862745098,0.262745098039,0.58431372549,0.262745098039,0.219607843137,0.854901960784,0.8,0.00392156862745,0.635294117647,0.333333333333,0.525490196078,0.0627450980392,0.447058823529,0.607843137255,0.886274509804,0.905882352941,0.819607843137,0.737254901961,0.752941176471,0.694117647059,0.596078431373,0.607843137255,0.564705882353,0.450980392157,0.462745098039,0.427450980392,0.317647058824,0.329411764706,0.301960784314,0.192156862745,0.2,0.180392156863,19.6,-3.1,12.3
Tube light (FL2),Dimethoxy-meth HCl,negative,0.274509803922,0.188235294118,0.0627450980392,0.43137254902,0.337254901961,0.239215686275,0.713725490196,0.572549019608,0.470588235294,0.352941176471,0.435294117647,0.556862745098,0.345098039216,0.423529411765,0.207843137255,0.462745098039,0.458823529412,0.61568627451,0.419607843137,0.682352941176,0.611764705882,0.796078431373,0.545098039216,0.0313725490196,0.239215686275,0.294117647059,0.596078431373,0.694117647059,0.36862745098,0.352941176471,0.298039215686,0.223529411765,0.36862745098,0.607843137255,0.729411764706,0.121568627451,0.81568627451,0.670588235294,0.0078431372549,0.101960784314,0.152941176471,0.521568627451,0.337254901961,0.556862745098,0.262745098039,0.58431372549,0.262745098039,0.219607843137,0.854901960784,0.8,0.00392156862745,0.635294117647,0.333333333333,0.525490196078,0.0627450980392,0.447058823529,0.607843137255,0.886274509804,0.905882352941,0.819607843137,0.737254901961,0.752941176471,0.694117647059,0.596078431373,0.607843137255,0.564705882353,0.450980392157,0.462745098039,0.427450980392,0.317647058824,0.329411764706,0.301960784314,0.192156862745,0.2,0.180392156863,19.9,14.9,21.8
White LED torch (LED-B3),Codeine,positive,0.0156862745098,0.152941176471,0.152941176471,0.356862745098,0.243137254902,0.188235294118,0.654901960784,0.462745098039,0.403921568627,0.266666666667,0.341176470588,0.509803921569,0.262745098039,0.337254901961,0.160784313725,0.4,0.356862745098,0.58431372549,0.286274509804,0.6,0.564705882353,0.733333333333,0.407843137255,0.0078431372549,0.164705882353,0.188235294118,0.552941176471,0.658823529412,0.247058823529,0.301960784314,0.250980392157,0.141176470588,0.321568627451,0.509803921569,0.63137254902,0.0235294117647,0.760784313725,0.552941176471,0.0,0.043137254902,0.043137254902,0.482352941176,0.207843137255,0.470588235294,0.192156862745,0.576470588235,0.149019607843,0.164705882353,0.788235294118,0.682352941176,0.0,0.61568627451,0.211764705882,0.490196078431,0.0,0.376470588235,0.572549019608,0.792156862745,0.776470588235,0.780392156863,0.639215686275,0.63137254902,0.650980392157,0.505882352941,0.498039215686,0.517647058824,0.364705882353,0.360784313725,0.380392156863,0.247058823529,0.247058823529,0.254901960784,0.133333333333,0.133333333333,0.141176470588,20.5,-13.1,-1.2
White LED torch (LED-B3),Doxepin HCl,negative,0.235294117647,0.0980392156863,0.105882352941,0.356862745098,0.243137254902,0.188235294118,0.654901960784,0.462745098039,0.403921568627,0.266666666667,0.341176470588,0.509803921569,0.262745098039,0.337254901961,0.160784313725,0.4,0.356862745098,0.58431372549,0.286274509804,0.6,0.564705882353,0.733333333333,0.407843137255,0.0078431372549,0.164705882353,0.188235294118,0.552941176471,0.658823529412,0.247058823529,0.301960784314,0.250980392157,0.141176470588,0.321568627451,0.509803921569,0.63137254902,0.0235294117647,0.760784313725,0.552941176471,0.0,0.043137254902,0.043137254902,0.482352941176,0.207843137255,0.470588235294,0.192156862745,0.576470588235,0.149019607843,0.164705882353,0.788235294118,0.682352941176,0.0,0.61568627451,0.211764705882,0.490196078431,0.0,0.376470588235,0.572549019608,0.792156862745,0.776470588235,0.780392156863,0.639215686275,0.63137254902,0.650980392157,0.505882352941,0.498039215686,0.517647058824,0.364705882353,0.360784313725,0.380392156863,0.247058823529,0.247058823529,0.254901960784,0.133333333333,0.133333333333,0.141176470588,20.2,18.7,6.9
Incandescent bulb (A),Mace5,negative,0.850980392157,0.843137254902,0.717647058824,0.423529411765,0.290196078431,0.18431372549,0.756862745098,0.537254901961,0.43137254902,0.313725490196,0.396078431373,0.501960784314,0.301960784314,0.380392156863,0.172549019608,0.470588235294,0.427450980392,0.560784313725,0.313725490196,0.662745098039,0.58431372549,0.839215686275,0.490196078431,0.0196078431373,0.211764705882,0.258823529412,0.529411764706,0.76862745098,0.317647058824,0.294117647059,0.325490196078,0.18431372549,0.294117647059,0.560784313725,0.701960784314,0.176470588235,0.850980392157,0.635294117647,0.00392156862745,0.078431372549,0.129411764706,0.458823529412,0.223529411765,0.525490196078,0.254901960784,0.713725490196,0.207843137255,0.18431372549,0.890196078431,0.772549019608,0.00392156862745,0.749019607843,0.294117647059,0.462745098039,0.0,0.423529411765,0.576470588235,0.917647058824,0.901960784314,0.796078431373,0.733333333333,0.729411764706,0.650980392157,0.572549019608,0.576470588235,0.513725490196,0.41568627451,0.419607843137,0.372549019608,0.278431372549,0.282352941176,0.250980392157,0.156862745098,0.156862745098,0.133333333333,79.9,-2.8,7.6
Incandescent bulb (A),Mescaline HCl,negative,0.494117647059,0.450980392157,0.0352941176471,0.423529411765,0.290196078431,0.18431372549,0.756862745098,0.537254901961,0.43137254902,0.313725490196,0.396078431373,0.501960784314,0.301960784314,0.380392156863,0.172549019608,0.470588235294,0.427450980392,0.560784313725,0.313725490196,0.662745098039,0.58431372549,0.839215686275,0.490196078431,0.0196078431373,0.211764705882,0.258823529412,0.529411764706,0.76862745098,0.317647058824,0.294117647059,0.325490196078,0.18431372549,0.294117647059,0.560784313725,0.701960784314,0.176470588235,0.850980392157,0.635294117647,0.00392156862745,0.078431372549,0.129411764706,0.458823529412,0.223529411765,0.525490196078,0.254901960784,0.713725490196,0.207843137255,0.18431372549,0.890196078431,0.772549019608,0.00392156862745,0.749019607843,0.294117647059,0.462745098039,0.0,0.423529411765,0.576470588235,0.917647058824,0.901960784314,0.796078431373,0.733333333333,0.729411764706,0.650980392157,0.572549019608,0.576470588235,0.513725490196,0.41568627451,0.419607843137,0.372549019608,0.278431372549,0.282352941176,0.250980392157,0.156862745098,0.156862745098,0.133333333333,51.1,-2.6,50.9
Daylight (D65),Morphine monohydrate,positive,0.00392156862745,0.235294117647,0.203921568627,0.423529411765,0.329411764706,0.239215686275,0.705882352941,0.58431372549,0.482352941176,0.223529411765,0.490196078431,0.619607843137,0.282352941176,0.435294117647,0.172549019608,0.407843137255,0.509803921569,0.694117647059,0.0156862745098,0.756862745098,0.654901960784,0.807843137255,0.474509803922,0.0,0.0666666666667,0.36862745098,0.678431372549,0.737254901961,0.325490196078,0.372549019608,0.313725490196,0.239215686275,0.41568627451,0.505882352941,0.745098039216,0.0,0.811764705882,0.623529411765,0.00392156862745,0.00392156862745,0.250980392157,0.603921568627,0.0549019607843,0.6,0.176470588235,0.678431372549,0.2,0.207843137255,0.827450980392,0.776470588235,0.00392156862745,0.698039215686,0.329411764706,0.592156862745,0.0,0.549019607843,0.678431372549,0.78431372549,0.949019607843,0.894117647059,0.643137254902,0.788235294118,0.756862745098,0.517647058824,0.639215686275,0.611764705882,0.388235294118,0.486274509804,0.466666666667,0.270588235294,0.345098039216,0.333333333333,0.160784313725,0.207843137255,0.203921568627,20.7,-13.8,1.1
Daylight (D65),Doxepin HCl,negative,0.290196078431,0.145098039216,0.156862745098,0.423529411765,0.329411764706,0.239215686275,0.705882352941,0.58431372549,0.482352941176,0.223529411765,0.490196078431,0.619607843137,0.282352941176,0.435294117647,0.172549019608,0.407843137255,0.509803921569,0.694117647059,0.0156862745098,0.756862745098,0.654901960784,0.807843137255,0.474509803922,0.0,0.0666666666667,0.36862745098,0.678431372549,0.737254901961,0.325490196078,0.372549019608,0.313725490196,0.239215686275,0.41568627451,0.505882352941,0.745098039216,0.0,0.811764705882,0.623529411765,0.00392156862745,0.00392156862745,0.250980392157,0.603921568627,0.0549019607843,0.6,0.176470588235,0.678431372549,0.2,0.207843137255,0.827450980392,0.776470588235,0.00392156862745,0.698039215686,0.329411764706,0.592156862745,0.0,0.549019607843,0.678431372549,0.78431372549,0.949019607843,0.894117647059,0.643137254902,0.788235294118,0.756862745098,0.517647058824,0.639215686275,0.611764705882,0.388235294118,0.486274509804,0.466666666667,0.270588235294,0.345098039216,0.333333333333,0.160784313725,0.207843137255,0.203921568627,19.5,19.7,8.8
Tube light (FL2),LSD,negative,0.133333333333,0.203921568627,0.152941176471,0.396078431373,0.333333333333,0.2,0.654901960784,0.549019607843,0.403921568627,0.321568627451,0.43137254902,0.505882352941,0.313725490196,0.411764705882,0.160784313725,0.427450980392,0.454901960784,0.564705882353,0.364705882353,0.658823529412,0.541176470588,0.733333333333,0.517647058824,0.00392156862745,0.21568627451,0.301960784314,0.545098039216,0.643137254902,0.356862745098,0.313725490196,0.282352941176,0.23137254902,0.341176470588,0.545098039216,0.694117647059,0.00392156862745,0.749019607843,0.643137254902,0.00392156862745,0.0745098039216,0.180392156863,0.486274509804,0.286274509804,0.537254901961,0.196078431373,0.552941176471,0.254901960784,0.188235294118,0.780392156863,0.752941176471,0.0,0.592156862745,0.333333333333,0.482352941176,0.0117647058824,0.443137254902,0.556862745098,0.792156862745,0.854901960784,0.713725490196,0.658823529412,0.713725490196,0.611764705882,0.537254901961,0.58431372549,0.498039215686,0.411764705882,0.450980392157,0.38431372549,0.294117647059,0.325490196078,0.274509803922,0.180392156863,0.2,0.164705882353,19.0,-8.7,1.6
Tube light (FL2),Codeine,positive,0.0470588235294,0.207843137255,0.172549019608,0.396078431373,0.333333333333,0.2,0.654901960784,0.549019607843,0.403921568627,0.321568627451,0.43137254902,0.505882352941,0.313725490196,0.411764705882,0.160784313725,0.427450980392,0.454901960784,0.564705882353,0.364705882353,0.658823529412,0.541176470588,0.733333333333,0.517647058824,0.00392156862745,0.21568627451,0.301960784314,0.545098039216,0.643137254902,0.356862745098,0.313725490196,0.282352941176,0.23137254902,0.341176470588,0.545098039216,0.694117647059,0.00392156862745,0.749019607843,0.643137254902,0.00392156862745,0.0745098039216,0.180392156863,0.486274509804,0.286274509804,0.537254901961,0.196078431373,0.552941176471,0.254901960784,0.188235294118,0.780392156863,0.752941176471,0.0,0.592156862745,0.333333333333,0.482352941176,0.0117647058824,0.443137254902,0.556862745098,0.792156862745,0.854901960784,0.713725490196,0.658823529412,0.713725490196,0.611764705882,0.537254901961,0.58431372549,0.498039215686,0.411764705882,0.450980392157,0.38431372549,0.294117647059,0.325490196078,0.274509803922,0.180392156863,0.2,0.164705882353,19.3,-17.5,-2.0
White LED torch (LED-B3),Hydrocodone tartrate,positive,0.00392156862745,0.329411764706,0.266666666667,0.388235294118,0.337254901961,0.188235294118,0.650980392157,0.58431372549,0.380392156863,0.262745098039,0.466666666667,0.509803921569,0.274509803922,0.435294117647,0.129411764706,0.403921568627,0.494117647059,0.564705882353,0.219607843137,0.721568627451,0.529411764706,0.741176470588,0.517647058824,0.0,0.145098039216,0.337254901961,0.560784313725,0.666666666667,0.372549019608,0.298039215686,0.294117647059,0.243137254902,0.341176470588,0.494117647059,0.737254901961,0.0,0.749019607843,0.658823529412,0.0,0.0156862745098,0.211764705882,0.501960784314,0.16862745098,0.576470588235,0.117647058824,0.603921568627,0.262745098039,0.176470588235,0.76862745098,0.792156862745,0.00392156862745,0.635294117647,0.360784313725,0.494117647059,0.0,0.505882352941,0.556862745098,0.752941176471,0.917647058824,0.717647058824,0.619607843137,0.76862745098,0.607843137255,0.505882352941,0.623529411765,0.501960784314,0.38431372549,0.478431372549,0.376470588235,0.266666666667,0.341176470588,0.266666666667,0.160784313725,0.211764705882,0.160784313725,32.1,-17.4,-4.4
White LED torch (LED-B3),Diacetylmorphine HCl,positive,0.00392156862745,0.333333333333,0.247058823529,0.388235294118,0.337254901961,0.188235294118,0.650980392157,0.58431372549,0.380392156863,0.262745098039,0.466666666667,0.509803921569,0.274509803922,0.435294117647,0.129411764706,0.403921568627,0.494117647059,0.564705882353,0.219607843137,0.721568627451,0.529411764706,0.741176470588,0.517647058824,0.0,0.145098039216,0.337254901961,0.560784313725,0.666666666667,0.372549019608,0.298039215686,0.294117647059,0.243137254902,0.341176470588,0.494117647059,0.737254901961,0.0,0.749019607843,0.658823529412,0.0,0.0156862745098,0.211764705882,0.501960784314,0.16862745098,0.576470588235,0.117647058824,0.603921568627,0.262745098039,0.176470588235,0.76862745098,0.792156862745,0.00392156862745,0.635294117647,0.360784313725,0.494117647059,0.0,0.505882352941,0.556862745098,0.752941176471,0.917647058824,0.717647058824,0.619607843137,0.76862745098,0.607843137255,0.505882352941,0.623529411765,0.501960784314,0.38431372549,0.478431372549,0.376470588235,0.266666666667,0.341176470588,0.266666666667,0.160784313725,0.211764705882,0.160784313725,31.8,-19.2,-1.4
Incandescent bulb (A),Morphine monohydrate,positive,0.00392156862745,0.188235294118,0.137254901961,0.466666666667,0.301960784314,0.137254901961,0.839215686275,0.560784313725,0.36862745098,0.333333333333,0.435294117647,0.501960784314,0.325490196078,0.407843137255,0.0627450980392,0.521568627451,0.454901960784,0.564705882353,0.270588235294,0.717647058824,0.560784313725,0.933333333333,0.498039215686,0.00392156862745,0.235294117647,0.290196078431,0.552941176471,0.862745098039,0.305882352941,0.23137254902,0.36862745098,0.196078431373,0.301960784314,0.592156862745,0.752941176471,0.0,0.945098039216,0.654901960784,0.0,0.0941176470588,0.164705882353,0.486274509804,0.188235294118,0.56862745098,0.145098039216,0.803921568627,0.164705882353,0.0705882352941,0.980392156863,0.81568627451,0.0,0.847058823529,0.282352941176,0.454901960784,0.0,0.466666666667,0.596078431373,0.996078431373,0.960784313725,0.745098039216,0.8,0.780392156863,0.61568627451,0.63137254902,0.61568627451,0.486274509804,0.458823529412,0.454901960784,0.349019607843,0.309803921569,0.305882352941,0.235294117647,0.180392156863,0.172549019608,0.125490196078,20.0,-13.3,-1.3
Incandescent bulb (A),Opium,negative,0.180392156863,0.172549019608,0.0549019607843,0.466666666667,0.301960784314,0.137254901961,0.839215686275,0.560784313725,0.36862745098,0.333333333333,0.435294117647,0.501960784314,0.325490196078,0.407843137255,0.0627450980392,0.521568627451,0.454901960784,0.564705882353,0.270588235294,0.717647058824,0.560784313725,0.933333333333,0.498039215686,0.00392156862745,0.235294117647,0.290196078431,0.552941176471,0.862745098039,0.305882352941,0.23137254902,0.36862745098,0.196078431373,0.301960784314,0.592156862745,0.752941176471,0.0,0.945098039216,0.654901960784,0.0,0.0941176470588,0.164705882353,0.486274509804,0.188235294118,0.56862745098,0.145098039216,0.803921568627,0.164705882353,0.0705882352941,0.980392156863,0.81568627451,0.0,0.847058823529,0.282352941176,0.454901960784,0.0,0.466666666667,0.596078431373,0.996078431373,0.960784313725,0.745098039216,0.8,0.780392156863,0.61568627451,0.63137254902,0.61568627451,0.486274509804,0.458823529412,0.454901960784,0.349019607843,0.309803921569,0.305882352941,0.235294117647,0.180392156863,0.172549019608,0.125490196078,19.4,-2.9,11.4
Daylight (D65),MDA HCl,positive,0.0235294117647,0.254901960784,0.223529411765,0.454901960784,0.349019607843,0.274509803922,0.725490196078,0.588235294118,0.501960784314,0.325490196078,0.501960784314,0.607843137255,0.345098039216,0.450980392157,0.227450980392,0.474509803922,0.521568627451,0.670588235294,0.309803921569,0.737254901961,0.647058823529,0.807843137255,0.494117647059,0.0588235294118,0.21568627451,0.392156862745,0.650980392157,0.737254901961,0.356862745098,0.4,0.356862745098,0.266666666667,0.419607843137,0.572549019608,0.729411764706,0.0313725490196,0.819607843137,0.623529411765,0.0,0.0588235294118,0.286274509804,0.592156862745,0.262745098039,0.6,0.262745098039,0.678431372549,0.243137254902,0.254901960784,0.839215686275,0.760784313725,0.0,0.705882352941,0.364705882353,0.580392156863,0.00392156862745,0.556862745098,0.662745098039,0.83137254902,0.909803921569,0.858823529412,0.705882352941,0.772549019608,0.741176470588,0.576470588235,0.635294117647,0.611764705882,0.447058823529,0.498039215686,0.470588235294,0.325490196078,0.364705882353,0.345098039216,0.207843137255,0.23137254902,0.219607843137,19.8,-18.3,-1.1
Daylight (D65),Codeine,positive,0.0235294117647,0.254901960784,0.223529411765,0.454901960784,0.349019607843,0.274509803922,0.725490196078,0.588235294118,0.501960784314,0.325490196078,0.501960784314,0.607843137255,0.345098039216,0.450980392157,0.227450980392,0.474509803922,0.521568627451,0.670588235294,0.309803921569,0.737254901961,0.647058823529,0.807843137255,0.494117647059,0.0588235294118,0.21568627451,0.392156862745,0.650980392157,0.737254901961,0.356862745098,0.4,0.356862745098,0.266666666667,0.419607843137,0.572549019608,0.729411764706,0.0313725490196,0.819607843137,0.623529411765,0.0,0.0588235294118,0.286274509804,0.592156862745,0.262745098039,0.6,0.262745098039,0.678431372549,0.243137254902,0.254901960784,0.839215686275,0.760784313725,0.0,0.705882352941,0.364705882353,0.580392156863,0.00392156862745,0.556862745098,0.662745098039,0.83137254902,0.909803921569,0.858823529412,0.705882352941,0.772549019608,0.741176470588,0.576470588235,0.635294117647,0.611764705882,0.447058823529,0.498039215686,0.470588235294,0.325490196078,0.364705882353,0.345098039216,0.207843137255,0.23137254902,0.219607843137,19.8,-18.3,-1.1
Tube light (FL2),Propoxyphene HCl,negative,0.301960784314,0.129411764706,0.0274509803922,0.411764705882,0.294117647059,0.2,0.721568627451,0.521568627451,0.439215686275,0.313725490196,0.38431372549,0.576470588235,0.305882352941,0.388235294118,0.152941176471,0.439215686275,0.4,0.639215686275,0.341176470588,0.650980392157,0.619607843137,0.823529411765,0.494117647059,0.00392156862745,0.203921568627,0.219607843137,0.627450980392,0.705882352941,0.294117647059,0.317647058824,0.278431372549,0.172549019608,0.364705882353,0.572549019608,0.701960784314,0.0,0.827450980392,0.63137254902,0.0,0.0627450980392,0.0549019607843,0.549019607843,0.262745098039,0.529411764706,0.196078431373,0.592156862745,0.192156862745,0.164705882353,0.862745098039,0.76862745098,0.0,0.643137254902,0.247058823529,0.537254901961,0.00392156862745,0.396078431373,0.639215686275,0.886274509804,0.866666666667,0.850980392157,0.717647058824,0.709803921569,0.705882352941,0.56862745098,0.564705882353,0.556862745098,0.419607843137,0.41568627451,0.41568627451,0.286274509804,0.282352941176,0.286274509804,0.164705882353,0.160784313725,0.160784313725,20.5,24.6,19.7
Tube light (FL2),Propoxyphene HCl,negative,0.298039215686,0.125490196078,0.0313725490196,0.411764705882,0.294117647059,0.2,0.721568627451,0.521568627451,0.439215686275,0.313725490196,0.38431372549,0.576470588235,0.305882352941,0.388235294118,0.152941176471,0.439215686275,0.4,0.639215686275,0.341176470588,0.650980392157,0.619607843137,0.823529411765,0.494117647059,0.00392156862745,0.203921568627,0.219607843137,0.627450980392,0.705882352941,0.294117647059,0.317647058824,0.278431372549,0.172549019608,0.364705882353,0.572549019608,0.701960784314,0.0,0.827450980392,0.63137254902,0.0,0.0627450980392,0.0549019607843,0.549019607843,0.262745098039,0.529411764706,0.196078431373,0.592156862745,0.192156862745,0.164705882353,0.862745098039,0.76862745098,0.0,0.643137254902,0.247058823529,0.537254901961,0.00392156862745,0.396078431373,0.639215686275,0.886274509804,0.866666666667,0.850980392157,0.717647058824,0.709803921569,0.705882352941,0.56862745098,0.564705882353,0.556862745098,0.419607843137,0.41568627451,0.41568627451,0.286274509804,0.282352941176,0.286274509804,0.164705882353,0.160784313725,0.160784313725,20.2,25.2,19.5
White LED torch (LED-B3),Propoxyphene HCl,negative,0.380392156863,0.152941176471,0.0392156862745,0.486274509804,0.360784313725,0.21568627451,0.792156862745,0.603921568627,0.435294117647,0.341176470588,0.486274509804,0.603921568627,0.349019607843,0.466666666667,0.109803921569,0.498039215686,0.501960784314,0.674509803922,0.286274509804,0.749019607843,0.611764705882,0.894117647059,0.541176470588,0.0,0.23137254902,0.337254901961,0.678431372549,0.81568627451,0.352941176471,0.349019607843,0.36862745098,0.243137254902,0.419607843137,0.592156862745,0.780392156863,0.00392156862745,0.886274509804,0.682352941176,0.0,0.0588235294118,0.192156862745,0.611764705882,0.223529411765,0.627450980392,0.0823529411765,0.733333333333,0.235294117647,0.180392156863,0.913725490196,0.83137254902,0.00392156862745,0.76862745098,0.329411764706,0.580392156863,0.0,0.529411764706,0.662745098039,0.913725490196,0.956862745098,0.83137254902,0.760784313725,0.8,0.705882352941,0.619607843137,0.654901960784,0.576470588235,0.474509803922,0.505882352941,0.447058823529,0.341176470588,0.364705882353,0.325490196078,0.21568627451,0.227450980392,0.2,18.6,27.1,25.6
White LED torch (LED-B3),Exedrine,negative,0.639215686275,0.607843137255,0.227450980392,0.486274509804,0.360784313725,0.21568627451,0.792156862745,0.603921568627,0.435294117647,0.341176470588,0.486274509804,0.603921568627,0.349019607843,0.466666666667,0.109803921569,0.498039215686,0.501960784314,0.674509803922,0.286274509804,0.749019607843,0.611764705882,0.894117647059,0.541176470588,0.0,0.23137254902,0.337254901961,0.678431372549,0.81568627451,0.352941176471,0.349019607843,0.36862745098,0.243137254902,0.419607843137,0.592156862745,0.780392156863,0.00392156862745,0.886274509804,0.682352941176,0.0,0.0588235294118,0.192156862745,0.611764705882,0.223529411765,0.627450980392,0.0823529411765,0.733333333333,0.235294117647,0.180392156863,0.913725490196,0.83137254902,0.00392156862745,0.76862745098,0.329411764706,0.580392156863,0.0,0.529411764706,0.662745098039,0.913725490196,0.956862745098,0.83137254902,0.760784313725,0.8,0.705882352941,0.619607843137,0.654901960784,0.576470588235,0.474509803922,0.505882352941,0.447058823529,0.341176470588,0.364705882353,0.325490196078,0.21568627451,0.227450980392,0.2,60.0,-2.1,37.8
Incandescent bulb (A),Diacetylmorphine HCl,positive,0.0,0.325490196078,0.211764705882,0.443137254902,0.345098039216,0.121568627451,0.772549019608,0.619607843137,0.325490196078,0.317647058824,0.490196078431,0.439215686275,0.305882352941,0.443137254902,0.0352941176471,0.490196078431,0.517647058824,0.498039215686,0.266666666667,0.760784313725,0.474509803922,0.854901960784,0.552941176471,0.00392156862745,0.219607843137,0.352941176471,0.490196078431,0.792156862745,0.388235294118,0.227450980392,0.349019607843,0.250980392157,0.274509803922,0.552941176471,0.780392156863,0.0,0.862745098039,0.701960784314,0.0,0.0705882352941,0.235294117647,0.43137254902,0.18431372549,0.596078431373,0.0901960784314,0.737254901961,0.266666666667,0.117647058824,0.898039215686,0.847058823529,0.0,0.776470588235,0.380392156863,0.41568627451,0.0,0.521568627451,0.509803921569,0.898039215686,1.0,0.63137254902,0.729411764706,0.835294117647,0.525490196078,0.580392156863,0.666666666667,0.41568627451,0.43137254902,0.494117647059,0.309803921569,0.298039215686,0.345098039216,0.207843137255,0.176470588235,0.203921568627,0.113725490196,31.9,-17.0,-4.1
Incandescent bulb (A),Diacetylmorphine HCl,positive,0.0,0.325490196078,0.21568627451,0.443137254902,0.345098039216,0.121568627451,0.772549019608,0.619607843137,0.325490196078,0.317647058824,0.490196078431,0.439215686275,0.305882352941,0.443137254902,0.0352941176471,0.490196078431,0.517647058824,0.498039215686,0.266666666667,0.760784313725,0.474509803922,0.854901960784,0.552941176471,0.00392156862745,0.219607843137,0.352941176471,0.490196078431,0.792156862745,0.388235294118,0.227450980392,0.349019607843,0.250980392157,0.274509803922,0.552941176471,0.780392156863,0.0,0.862745098039,0.701960784314,0.0,0.0705882352941,0.235294117647,0.43137254902,0.18431372549,0.596078431373,0.0901960784314,0.737254901961,0.266666666667,0.117647058824,0.898039215686,0.847058823529,0.0,0.776470588235,0.380392156863,0.41568627451,0.0,0.521568627451,0.509803921569,0.898039215686,1.0,0.63137254902,0.729411764706,0.835294117647,0.525490196078,0.580392156863,0.666666666667,0.41568627451,0.43137254902,0.494117647059,0.309803921569,0.298039215686,0.345098039216,0.207843137255,0.176470588235,0.203921568627,0.113725490196,31.9,-16.7,-4.8
Daylight (D65),Exedrine,negative,0.709803921569,0.733333333333,0.533333333333,0.466666666667,0.372549019608,0.278431372549,0.749019607843,0.627450980392,0.517647058824,0.337254901961,0.533333333333,0.623529411765,0.356862745098,0.478431372549,0.227450980392,0.490196078431,0.564705882353,0.694117647059,0.309803921569,0.78431372549,0.670588235294,0.83137254902,0.517647058824,0.0313725490196,0.211764705882,0.419607843137,0.674509803922,0.764705882353,0.38431372549,0.411764705882,0.372549019608,0.290196078431,0.435294117647,0.592156862745,0.772549019608,0.0078431372549,0.850980392157,0.662745098039,0.0,0.0392156862745,0.305882352941,0.6,0.254901960784,0.63137254902,0.254901960784,0.705882352941,0.266666666667,0.262745098039,0.874509803922,0.803921568627,0.0,0.737254901961,0.396078431373,0.603921568627,0.0,0.596078431373,0.682352941176,0.862745098039,0.960784313725,0.874509803922,0.721568627451,0.81568627451,0.752941176471,0.596078431373,0.674509803922,0.627450980392,0.462745098039,0.529411764706,0.486274509804,0.333333333333,0.388235294118,0.360784313725,0.219607843137,0.250980392157,0.23137254902,62.9,-1.5,29.8
Daylight (D65),Nutmeg,negative,0.262745098039,0.235294117647,0.149019607843,0.466666666667,0.372549019608,0.278431372549,0.749019607843,0.627450980392,0.517647058824,0.337254901961,0.533333333333,0.623529411765,0.356862745098,0.478431372549,0.227450980392,0.490196078431,0.564705882353,0.694117647059,0.309803921569,0.78431372549,0.670588235294,0.83137254902,0.517647058824,0.0313725490196,0.211764705882,0.419607843137,0.674509803922,0.764705882353,0.38431372549,0.411764705882,0.372549019608,0.290196078431,0.435294117647,0.592156862745,0.772549019608,0.0078431372549,0.850980392157,0.662745098039,0.0,0.0392156862745,0.305882352941,0.6,0.254901960784,0.63137254902,0.254901960784,0.705882352941,0.266666666667,0.262745098039,0.874509803922,0.803921568627,0.0,0.737254901961,0.396078431373,0.603921568627,0.0,0.596078431373,0.682352941176,0.862745098039,0.960784313725,0.874509803922,0.721568627451,0.81568627451,0.752941176471,0.596078431373,0.674509803922,0.627450980392,0.462745098039,0.529411764706,0.486274509804,0.333333333333,0.388235294118,0.360784313725,0.219607843137,0.250980392157,0.23137254902,19.6,3.8,15.3
Tube light (FL2),Diacetylmorphine HCl,positive,0.0,0.294117647059,0.258823529412,0.388235294118,0.321568627451,0.149019607843,0.694117647059,0.576470588235,0.380392156863,0.239215686275,0.435294117647,0.564705882353,0.258823529412,0.419607843137,0.0509803921569,0.388235294118,0.458823529412,0.639215686275,0.145098039216,0.725490196078,0.592156862745,0.807843137255,0.537254901961,0.0,0.113725490196,0.274509803922,0.627450980392,0.698039215686,0.333333333333,0.274509803922,0.250980392157,0.203921568627,0.364705882353,0.509803921569,0.772549019608,0.00392156862745,0.81568627451,0.701960784314,0.0,0.0078431372549,0.133333333333,0.552941176471,0.121568627451,0.572549019608,0.0352941176471,0.592156862745,0.219607843137,0.109803921569,0.83137254902,0.843137254902,0.0,0.635294117647,0.301960784314,0.533333333333,0.0,0.454901960784,0.647058823529,0.81568627451,0.96862745098,0.796078431373,0.658823529412,0.788235294118,0.666666666667,0.525490196078,0.627450980392,0.529411764706,0.380392156863,0.462745098039,0.388235294118,0.254901960784,0.317647058824,0.266666666667,0.141176470588,0.18431372549,0.149019607843,31.3,-16.2,-3.4
Tube light (FL2),Morphine monohydrate,positive,0.0078431372549,0.192156862745,0.160784313725,0.388235294118,0.321568627451,0.149019607843,0.694117647059,0.576470588235,0.380392156863,0.239215686275,0.435294117647,0.564705882353,0.258823529412,0.419607843137,0.0509803921569,0.388235294118,0.458823529412,0.639215686275,0.145098039216,0.725490196078,0.592156862745,0.807843137255,0.537254901961,0.0,0.113725490196,0.274509803922,0.627450980392,0.698039215686,0.333333333333,0.274509803922,0.250980392157,0.203921568627,0.364705882353,0.509803921569,0.772549019608,0.00392156862745,0.81568627451,0.701960784314,0.0,0.0078431372549,0.133333333333,0.552941176471,0.121568627451,0.572549019608,0.0352941176471,0.592156862745,0.219607843137,0.109803921569,0.83137254902,0.843137254902,0.0,0.635294117647,0.301960784314,0.533333333333,0.0,0.454901960784,0.647058823529,0.81568627451,0.96862745098,0.796078431373,0.658823529412,0.788235294118,0.666666666667,0.525490196078,0.627450980392,0.529411764706,0.380392156863,0.462745098039,0.388235294118,0.254901960784,0.317647058824,0.266666666667,0.141176470588,0.18431372549,0.149019607843,20.1,-11.8,-1.4
White LED torch (LED-B3),Codeine,positive,0.0352941176471,0.223529411765,0.203921568627,0.466666666667,0.337254901961,0.262745098039,0.764705882353,0.576470588235,0.490196078431,0.364705882353,0.447058823529,0.6,0.356862745098,0.435294117647,0.235294117647,0.498039215686,0.458823529412,0.658823529412,0.396078431373,0.694117647059,0.639215686275,0.847058823529,0.521568627451,0.043137254902,0.258823529412,0.290196078431,0.647058823529,0.760784313725,0.349019607843,0.38431372549,0.349019607843,0.223529411765,0.407843137255,0.611764705882,0.729411764706,0.101960784314,0.850980392157,0.647058823529,0.00392156862745,0.105882352941,0.133333333333,0.576470588235,0.313725490196,0.580392156863,0.270588235294,0.682352941176,0.243137254902,0.243137254902,0.890196078431,0.788235294118,0.00392156862745,0.713725490196,0.313725490196,0.572549019608,0.0117647058824,0.478431372549,0.643137254902,0.913725490196,0.894117647059,0.870588235294,0.752941176471,0.749019607843,0.733333333333,0.61568627451,0.611764705882,0.603921568627,0.470588235294,0.466666666667,0.458823529412,0.337254901961,0.333333333333,0.329411764706,0.207843137255,0.207843137255,0.203921568627,19.6,-18.4,-0.7
White LED torch (LED-B3),Opium,negative,0.211764705882,0.207843137255,0.129411764706,0.466666666667,0.337254901961,0.262745098039,0.764705882353,0.576470588235,0.490196078431,0.364705882353,0.447058823529,0.6,0.356862745098,0.435294117647,0.235294117647,0.498039215686,0.458823529412,0.658823529412,0.396078431373,0.694117647059,0.639215686275,0.847058823529,0.521568627451,0.043137254902,0.258823529412,0.290196078431,0.647058823529,0.760784313725,0.349019607843,0.38431372549,0.349019607843,0.223529411765,0.407843137255,0.611764705882,0.729411764706,0.101960784314,0.850980392157,0.647058823529,0.00392156862745,0.105882352941,0.133333333333,0.576470588235,0.313725490196,0.580392156863,0.270588235294,0.682352941176,0.243137254902,0.243137254902,0.890196078431,0.788235294118,0.00392156862745,0.713725490196,0.313725490196,0.572549019608,0.0117647058824,0.478431372549,0.643137254902,0.913725490196,0.894117647059,0.870588235294,0.752941176471,0.749019607843,0.733333333333,0.61568627451,0.611764705882,0.603921568627,0.470588235294,0.466666666667,0.458823529412,0.337254901961,0.333333333333,0.329411764706,0.207843137255,0.207843137255,0.203921568627,19.1,-2.6,13.0
Incandescent bulb (A),Hydrocodone tartrate,positive,0.00392156862745,0.243137254902,0.254901960784,0.388235294118,0.266666666667,0.196078431373,0.678431372549,0.486274509804,0.427450980392,0.301960784314,0.360784313725,0.474509803922,0.294117647059,0.352941176471,0.192156862745,0.447058823529,0.388235294118,0.541176470588,0.317647058824,0.603921568627,0.56862745098,0.741176470588,0.450980392157,0.117647058824,0.203921568627,0.23137254902,0.498039215686,0.694117647059,0.301960784314,0.301960784314,0.305882352941,0.176470588235,0.290196078431,0.521568627451,0.643137254902,0.239215686275,0.772549019608,0.58431372549,0.0588235294118,0.0823529411765,0.109803921569,0.423529411765,0.227450980392,0.482352941176,0.270588235294,0.647058823529,0.207843137255,0.196078431373,0.807843137255,0.698039215686,0.125490196078,0.682352941176,0.278431372549,0.450980392157,0.0078431372549,0.388235294118,0.552941176471,0.819607843137,0.796078431373,0.749019607843,0.662745098039,0.650980392157,0.623529411765,0.533333333333,0.521568627451,0.494117647059,0.392156862745,0.388235294118,0.36862745098,0.270588235294,0.266666666667,0.254901960784,0.156862745098,0.152941176471,0.145098039216,31.0,-17.9,-5.8
Incandescent bulb (A),Morphine monohydrate,positive,0.0117647058824,0.164705882353,0.152941176471,0.388235294118,0.266666666667,0.196078431373,0.678431372549,0.486274509804,0.427450980392,0.301960784314,0.360784313725,0.474509803922,0.294117647059,0.352941176471,0.192156862745,0.447058823529,0.388235294118,0.541176470588,0.317647058824,0.603921568627,0.56862745098,0.741176470588,0.450980392157,0.117647058824,0.203921568627,0.23137254902,0.498039215686,0.694117647059,0.301960784314,0.301960784314,0.305882352941,0.176470588235,0.290196078431,0.521568627451,0.643137254902,0.239215686275,0.772549019608,0.58431372549,0.0588235294118,0.0823529411765,0.109803921569,0.423529411765,0.227450980392,0.482352941176,0.270588235294,0.647058823529,0.207843137255,0.196078431373,0.807843137255,0.698039215686,0.125490196078,0.682352941176,0.278431372549,0.450980392157,0.0078431372549,0.388235294118,0.552941176471,0.819607843137,0.796078431373,0.749019607843,0.662745098039,0.650980392157,0.623529411765,0.533333333333,0.521568627451,0.494117647059,0.392156862745,0.388235294118,0.36862745098,0.270588235294,0.266666666667,0.254901960784,0.156862745098,0.152941176471,0.145098039216,19.8,-15.1,-0.8
Daylight (D65),Nutmeg,negative,0.203921568627,0.160784313725,0.0941176470588,0.466666666667,0.392156862745,0.325490196078,0.709803921569,0.537254901961,0.447058823529,0.317647058824,0.447058823529,0.537254901961,0.313725490196,0.388235294118,0.180392156863,0.450980392157,0.462745098039,0.6,0.341176470588,0.686274509804,0.588235294118,0.788235294118,0.435294117647,0.0941176470588,0.219607843137,0.337254901961,0.58431372549,0.705882352941,0.298039215686,0.337254901961,0.309803921569,0.211764705882,0.349019607843,0.556862745098,0.674509803922,0.0588235294118,0.8,0.564705882353,0.00392156862745,0.0823529411765,0.23137254902,0.513725490196,0.262745098039,0.541176470588,0.219607843137,0.639215686275,0.18431372549,0.207843137255,0.839215686275,0.713725490196,0.0,0.674509803922,0.305882352941,0.513725490196,0.00392156862745,0.494117647059,0.588235294118,0.866666666667,0.882352941176,0.819607843137,0.701960784314,0.725490196078,0.682352941176,0.560784313725,0.58431372549,0.545098039216,0.41568627451,0.435294117647,0.407843137255,0.286274509804,0.301960784314,0.278431372549,0.16862745098,0.176470588235,0.160784313725,19.5,3.7,12.3
Daylight (D65),Mescaline HCl,negative,0.478431372549,0.43137254902,0.0,0.466666666667,0.392156862745,0.325490196078,0.709803921569,0.537254901961,0.447058823529,0.317647058824,0.447058823529,0.537254901961,0.313725490196,0.388235294118,0.180392156863,0.450980392157,0.462745098039,0.6,0.341176470588,0.686274509804,0.588235294118,0.788235294118,0.435294117647,0.0941176470588,0.219607843137,0.337254901961,0.58431372549,0.705882352941,0.298039215686,0.337254901961,0.309803921569,0.211764705882,0.349019607843,0.556862745098,0.674509803922,0.0588235294118,0.8,0.564705882353,0.00392156862745,0.0823529411765,0.23137254902,0.513725490196,0.262745098039,0.541176470588,0.219607843137,0.639215686275,0.18431372549,0.207843137255,0.839215686275,0.713725490196,0.0,0.674509803922,0.305882352941,0.513725490196,0.00392156862745,0.494117647059,0.588235294118,0.866666666667,0.882352941176,0.819607843137,0.701960784314,0.725490196078,0.682352941176,0.560784313725,0.58431372549,0.545098039216,0.41568627451,0.435294117647,0.407843137255,0.286274509804,0.301960784314,0.278431372549,0.16862745098,0.176470588235,0.160784313725,50.8,-4.1,51.5
Tube light (FL2),Oxycodone HCl,negative,0.521568627451,0.556862745098,0.00392156862745,0.450980392157,0.403921568627,0.219607843137,0.725490196078,0.647058823529,0.439215686275,0.337254901961,0.517647058824,0.56862745098,0.349019607843,0.490196078431,0.145098039216,0.462745098039,0.545098039216,0.619607843137,0.356862745098,0.760784313725,0.58431372549,0.807843137255,0.607843137255,0.00392156862745,0.223529411765,0.38431372549,0.61568627451,0.713725490196,0.43137254902,0.345098039216,0.321568627451,0.294117647059,0.388235294118,0.588235294118,0.796078431373,0.00392156862745,0.811764705882,0.741176470588,0.0,0.0549019607843,0.254901960784,0.552941176471,0.290196078431,0.627450980392,0.160784313725,0.61568627451,0.321568627451,0.203921568627,0.839215686275,0.862745098039,0.0,0.658823529412,0.411764705882,0.541176470588,0.0,0.533333333333,0.619607843137,0.847058823529,0.98431372549,0.764705882353,0.705882352941,0.827450980392,0.654901960784,0.58431372549,0.686274509804,0.541176470588,0.454901960784,0.533333333333,0.423529411765,0.329411764706,0.392156862745,0.309803921569,0.207843137255,0.254901960784,0.192156862745,51.1,-3.5,46.0
Tube light (FL2),Hydrocodone tartrate,positive,0.0,0.360784313725,0.309803921569,0.450980392157,0.403921568627,0.219607843137,0.725490196078,0.647058823529,0.439215686275,0.337254901961,0.517647058824,0.56862745098,0.349019607843,0.490196078431,0.145098039216,0.462745098039,0.545098039216,0.619607843137,0.356862745098,0.760784313725,0.58431372549,0.807843137255,0.607843137255,0.00392156862745,0.223529411765,0.38431372549,0.61568627451,0.713725490196,0.43137254902,0.345098039216,0.321568627451,0.294117647059,0.388235294118,0.588235294118,0.796078431373,0.00392156862745,0.811764705882,0.741176470588,0.0,0.0549019607843,0.254901960784,0.552941176471,0.290196078431,0.627450980392,0.160784313725,0.61568627451,0.321568627451,0.203921568627,0.839215686275,0.862745098039,0.0,0.658823529412,0.411764705882,0.541176470588,0.0,0.533333333333,0.619607843137,0.847058823529,0.98431372549,0.764705882353,0.705882352941,0.827450980392,0.654901960784,0.58431372549,0.686274509804,0.541176470588,0.454901960784,0.533333333333,0.423529411765,0.329411764706,0.392156862745,0.309803921569,0.207843137255,0.254901960784,0.192156862745,30.6,-21.2,-5.7
White LED torch (LED-B3),Diacetylmorphine HCl,positive,0.0,0.286274509804,0.172549019608,0.364705882353,0.290196078431,0.0705882352941,0.654901960784,0.537254901961,0.250980392157,0.207843137255,0.427450980392,0.447058823529,0.23137254902,0.388235294118,0.0078431372549,0.372549019608,0.447058823529,0.505882352941,0.0352941176471,0.694117647059,0.423529411765,0.760784313725,0.458823529412,0.0,0.0980392156863,0.294117647059,0.521568627451,0.682352941176,0.298039215686,0.2,0.254901960784,0.196078431373,0.290196078431,0.447058823529,0.713725490196,0.00392156862745,0.756862745098,0.61568627451,0.0,0.0078431372549,0.176470588235,0.462745098039,0.0313725490196,0.545098039216,0.00392156862745,0.603921568627,0.18431372549,0.0352941176471,0.780392156863,0.764705882353,0.0,0.635294117647,0.294117647059,0.43137254902,0.0,0.470588235294,0.501960784314,0.760784313725,0.921568627451,0.61568627451,0.611764705882,0.752941176471,0.513725490196,0.478431372549,0.592156862745,0.403921568627,0.349019607843,0.435294117647,0.290196078431,0.23137254902,0.294117647059,0.192156862745,0.125490196078,0.164705882353,0.0980392156863,32.2,-17.3,1.4
White LED torch (LED-B3),Hydrocodone tartrate,positive,0.0,0.282352941176,0.2,0.364705882353,0.290196078431,0.0705882352941,0.654901960784,0.537254901961,0.250980392157,0.207843137255,0.427450980392,0.447058823529,0.23137254902,0.388235294118,0.0078431372549,0.372549019608,0.447058823529,0.505882352941,0.0352941176471,0.694117647059,0.423529411765,0.760784313725,0.458823529412,0.0,0.0980392156863,0.294117647059,0.521568627451,0.682352941176,0.298039215686,0.2,0.254901960784,0.196078431373,0.290196078431,0.447058823529,0.713725490196,0.00392156862745,0.756862745098,0.61568627451,0.0,0.0078431372549,0.176470588235,0.462745098039,0.0313725490196,0.545098039216,0.00392156862745,0.603921568627,0.18431372549,0.0352941176471,0.780392156863,0.764705882353,0.0,0.635294117647,0.294117647059,0.43137254902,0.0,0.470588235294,0.501960784314,0.760784313725,0.921568627451,0.61568627451,0.611764705882,0.752941176471,0.513725490196,0.478431372549,0.592156862745,0.403921568627,0.349019607843,0.435294117647,0.290196078431,0.23137254902,0.294117647059,0.192156862745,0.125490196078,0.164705882353,0.0980392156863,31.8,-14.4,-3.9
Incandescent bulb (A),Morphine monohydrate,positive,0.0078431372549,0.176470588235,0.149019607843,0.411764705882,0.282352941176,0.160784313725,0.721568627451,0.498039215686,0.38431372549,0.290196078431,0.38431372549,0.478431372549,0.290196078431,0.36862745098,0.129411764706,0.458823529412,0.403921568627,0.541176470588,0.247058823529,0.627450980392,0.549019607843,0.796078431373,0.454901960784,0.0,0.207843137255,0.247058823529,0.521568627451,0.737254901961,0.286274509804,0.258823529412,0.329411764706,0.180392156863,0.298039215686,0.517647058824,0.662745098039,0.0117647058824,0.807843137255,0.588235294118,0.00392156862745,0.0705882352941,0.129411764706,0.454901960784,0.176470588235,0.505882352941,0.207843137255,0.690196078431,0.176470588235,0.129411764706,0.835294117647,0.717647058824,0.00392156862745,0.721568627451,0.262745098039,0.439215686275,0.0,0.411764705882,0.564705882353,0.843137254902,0.827450980392,0.721568627451,0.682352941176,0.678431372549,0.6,0.549019607843,0.541176470588,0.482352941176,0.4,0.4,0.352941176471,0.278431372549,0.278431372549,0.247058823529,0.160784313725,0.156862745098,0.137254901961,20.5,-14.1,0.5
Daylight (D65),Codeine,positive,0.0156862745098,0.21568627451,0.176470588235,0.407843137255,0.301960784314,0.207843137255,0.678431372549,0.541176470588,0.423529411765,0.266666666667,0.454901960784,0.545098039216,0.290196078431,0.403921568627,0.141176470588,0.419607843137,0.478431372549,0.607843137255,0.203921568627,0.690196078431,0.56862745098,0.76862745098,0.43137254902,0.0,0.149019607843,0.352941176471,0.596078431373,0.698039215686,0.301960784314,0.325490196078,0.313725490196,0.227450980392,0.36862745098,0.505882352941,0.678431372549,0.0,0.772549019608,0.56862745098,0.0,0.0235294117647,0.243137254902,0.533333333333,0.16862745098,0.549019607843,0.133333333333,0.639215686275,0.180392156863,0.18431372549,0.796078431373,0.709803921569,0.0,0.658823529412,0.313725490196,0.513725490196,0.0,0.513725490196,0.592156862745,0.780392156863,0.870588235294,0.76862745098,0.639215686275,0.721568627451,0.654901960784,0.517647058824,0.588235294118,0.533333333333,0.396078431373,0.447058823529,0.407843137255,0.274509803922,0.321568627451,0.286274509804,0.164705882353,0.196078431373,0.16862745098,20.0,-13.5,-1.9
Daylight (D65),Diacetylmorphine HCl,positive,0.0,0.329411764706,0.266666666667,0.407843137255,0.301960784314,0.207843137255,0.678431372549,0.541176470588,0.423529411765,0.266666666667,0.454901960784,0.545098039216,0.290196078431,0.403921568627,0.141176470588,0.419607843137,0.478431372549,0.607843137255,0.203921568627,0.690196078431,0.56862745098,0.76862745098,0.43137254902,0.0,0.149019607843,0.352941176471,0.596078431373,0.698039215686,0.301960784314,0.325490196078,0.313725490196,0.227450980392,0.36862745098,0.505882352941,0.678431372549,0.0,0.772549019608,0.56862745098,0.0,0.0235294117647,0.243137254902,0.533333333333,0.16862745098,0.549019607843,0.133333333333,0.639215686275,0.180392156863,0.18431372549,0.796078431373,0.709803921569,0.0,0.658823529412,0.313725490196,0.513725490196,0.0,0.513725490196,0.592156862745,0.780392156863,0.870588235294,0.76862745098,0.639215686275,0.721568627451,0.654901960784,0.517647058824,0.588235294118,0.533333333333,0.396078431373,0.447058823529,0.407843137255,0.274509803922,0.321568627451,0.286274509804,0.164705882353,0.196078431373,0.16862745098,33.0,-19.7,0.0
Tube light (FL2),Doxepin HCl,negative,0.321568627451,0.196078431373,0.160784313725,0.458823529412,0.36862745098,0.247058823529,0.745098039216,0.603921568627,0.501960784314,0.345098039216,0.466666666667,0.639215686275,0.349019607843,0.466666666667,0.207843137255,0.478431372549,0.490196078431,0.705882352941,0.36862745098,0.737254901961,0.682352941176,0.843137254902,0.576470588235,0.0,0.227450980392,0.301960784314,0.686274509804,0.741176470588,0.380392156863,0.38431372549,0.329411764706,0.243137254902,0.435294117647,0.611764705882,0.78431372549,0.0,0.858823529412,0.725490196078,0.0,0.0627450980392,0.129411764706,0.61568627451,0.294117647059,0.607843137255,0.262745098039,0.643137254902,0.274509803922,0.227450980392,0.886274509804,0.850980392157,0.0,0.694117647059,0.345098039216,0.611764705882,0.0,0.490196078431,0.709803921569,0.894117647059,0.949019607843,0.898039215686,0.745098039216,0.796078431373,0.760784313725,0.607843137255,0.650980392157,0.627450980392,0.466666666667,0.501960784314,0.482352941176,0.333333333333,0.364705882353,0.352941176471,0.211764705882,0.227450980392,0.223529411765,20.1,19.2,11.9
Tube light (FL2),Codeine,positive,0.0313725490196,0.243137254902,0.23137254902,0.458823529412,0.36862745098,0.247058823529,0.745098039216,0.603921568627,0.501960784314,0.345098039216,0.466666666667,0.639215686275,0.349019607843,0.466666666667,0.207843137255,0.478431372549,0.490196078431,0.705882352941,0.36862745098,0.737254901961,0.682352941176,0.843137254902,0.576470588235,0.0,0.227450980392,0.301960784314,0.686274509804,0.741176470588,0.380392156863,0.38431372549,0.329411764706,0.243137254902,0.435294117647,0.611764705882,0.78431372549,0.0,0.858823529412,0.725490196078,0.0,0.0627450980392,0.129411764706,0.61568627451,0.294117647059,0.607843137255,0.262745098039,0.643137254902,0.274509803922,0.227450980392,0.886274509804,0.850980392157,0.0,0.694117647059,0.345098039216,0.611764705882,0.0,0.490196078431,0.709803921569,0.894117647059,0.949019607843,0.898039215686,0.745098039216,0.796078431373,0.760784313725,0.607843137255,0.650980392157,0.627450980392,0.466666666667,0.501960784314,0.482352941176,0.333333333333,0.364705882353,0.352941176471,0.211764705882,0.227450980392,0.223529411765,19.8,-18.7,-0.3
White LED torch (LED-B3),Hydrocodone tartrate,positive,0.0,0.352941176471,0.337254901961,0.494117647059,0.372549019608,0.262745098039,0.792156862745,0.61568627451,0.486274509804,0.380392156863,0.494117647059,0.611764705882,0.376470588235,0.474509803922,0.21568627451,0.521568627451,0.513725490196,0.670588235294,0.396078431373,0.745098039216,0.647058823529,0.878431372549,0.556862745098,0.0,0.270588235294,0.345098039216,0.670588235294,0.796078431373,0.38431372549,0.392156862745,0.372549019608,0.258823529412,0.427450980392,0.627450980392,0.776470588235,0.00392156862745,0.886274509804,0.690196078431,0.00392156862745,0.105882352941,0.192156862745,0.603921568627,0.317647058824,0.619607843137,0.243137254902,0.717647058824,0.274509803922,0.247058823529,0.909803921569,0.827450980392,0.0,0.752941176471,0.356862745098,0.58431372549,0.0,0.529411764706,0.654901960784,0.929411764706,0.941176470588,0.858823529412,0.776470588235,0.792156862745,0.733333333333,0.635294117647,0.654901960784,0.603921568627,0.494117647059,0.505882352941,0.470588235294,0.356862745098,0.372549019608,0.345098039216,0.23137254902,0.235294117647,0.21568627451,30.8,-21.3,-5.7
White LED torch (LED-B3),Propoxyphene HCl,negative,0.380392156863,0.180392156863,0.078431372549,0.494117647059,0.372549019608,0.262745098039,0.792156862745,0.61568627451,0.486274509804,0.380392156863,0.494117647059,0.611764705882,0.376470588235,0.474509803922,0.21568627451,0.521568627451,0.513725490196,0.670588235294,0.396078431373,0.745098039216,0.647058823529,0.878431372549,0.556862745098,0.0,0.270588235294,0.345098039216,0.670588235294,0.796078431373,0.38431372549,0.392156862745,0.372549019608,0.258823529412,0.427450980392,0.627450980392,0.776470588235,0.00392156862745,0.886274509804,0.690196078431,0.00392156862745,0.105882352941,0.192156862745,0.603921568627,0.317647058824,0.619607843137,0.243137254902,0.717647058824,0.274509803922,0.247058823529,0.909803921569,0.827450980392,0.0,0.752941176471,0.356862745098,0.58431372549,0.0,0.529411764706,0.654901960784,0.929411764706,0.941176470588,0.858823529412,0.776470588235,0.792156862745,0.733333333333,0.635294117647,0.654901960784,0.603921568627,0.494117647059,0.505882352941,0.470588235294,0.356862745098,0.372549019608,0.345098039216,0.23137254902,0.235294117647,0.21568627451,19.4,26.3,25.1
Incandescent bulb (A),Dimethoxy-meth HCl,negative,0.270588235294,0.156862745098,0.0392156862745,0.411764705882,0.290196078431,0.16862745098,0.717647058824,0.521568627451,0.38431372549,0.321568627451,0.407843137255,0.458823529412,0.309803921569,0.380392156863,0.145098039216,0.478431372549,0.43137254902,0.509803921569,0.329411764706,0.647058823529,0.521568627451,0.780392156863,0.470588235294,0.00392156862745,0.23137254902,0.282352941176,0.486274509804,0.729411764706,0.321568627451,0.270588235294,0.337254901961,0.207843137255,0.282352941176,0.545098039216,0.674509803922,0.0705882352941,0.81568627451,0.607843137255,0.00392156862745,0.101960784314,0.164705882353,0.419607843137,0.235294117647,0.509803921569,0.21568627451,0.678431372549,0.21568627451,0.16862745098,0.839215686275,0.729411764706,0.0,0.721568627451,0.309803921569,0.427450980392,0.00392156862745,0.435294117647,0.525490196078,0.847058823529,0.835294117647,0.674509803922,0.694117647059,0.690196078431,0.56862745098,0.560784313725,0.560784313725,0.458823529412,0.41568627451,0.423529411765,0.341176470588,0.290196078431,0.294117647059,0.239215686275,0.172549019608,0.176470588235,0.133333333333,19.7,15.2,16.8
Incandescent bulb (A),MDA HCl,positive,0.0156862745098,0.18431372549,0.145098039216,0.411764705882,0.290196078431,0.16862745098,0.717647058824,0.521568627451,0.38431372549,0.321568627451,0.407843137255,0.458823529412,0.309803921569,0.380392156863,0.145098039216,0.478431372549,0.43137254902,0.509803921569,0.329411764706,0.647058823529,0.521568627451,0.780392156863,0.470588235294,0.00392156862745,0.23137254902,0.282352941176,0.486274509804,0.729411764706,0.321568627451,0.270588235294,0.337254901961,0.207843137255,0.282352941176,0.545098039216,0.674509803922,0.0705882352941,0.81568627451,0.607843137255,0.00392156862745,0.101960784314,0.164705882353,0.419607843137,0.235294117647,0.509803921569,0.21568627451,0.678431372549,0.21568627451,0.16862745098,0.839215686275,0.729411764706,0.0,0.721568627451,0.309803921569,0.427450980392,0.00392156862745,0.435294117647,0.525490196078,0.847058823529,0.835294117647,0.674509803922,0.694117647059,0.690196078431,0.56862745098,0.560784313725,0.560784313725,0.458823529412,0.41568627451,0.423529411765,0.341176470588,0.290196078431,0.294117647059,0.239215686275,0.172549019608,0.176470588235,0.133333333333,19.8,-14.4,-2.4
Daylight (D65),Oxycodone HCl,negative,0.419607843137,0.447058823529,0.0,0.356862745098,0.298039215686,0.203921568627,0.619607843137,0.549019607843,0.419607843137,0.207843137255,0.454901960784,0.525490196078,0.250980392157,0.392156862745,0.156862745098,0.360784313725,0.482352941176,0.592156862745,0.113725490196,0.701960784314,0.564705882353,0.705882352941,0.443137254902,0.0078431372549,0.078431372549,0.345098039216,0.572549019608,0.635294117647,0.317647058824,0.317647058824,0.266666666667,0.223529411765,0.341176470588,0.458823529412,0.690196078431,0.0,0.717647058824,0.58431372549,0.0,0.00392156862745,0.239215686275,0.498039215686,0.125490196078,0.545098039216,0.180392156863,0.580392156863,0.207843137255,0.18431372549,0.741176470588,0.725490196078,0.0,0.607843137255,0.329411764706,0.501960784314,0.0,0.509803921569,0.576470588235,0.713725490196,0.894117647059,0.780392156863,0.576470588235,0.741176470588,0.654901960784,0.458823529412,0.592156862745,0.525490196078,0.341176470588,0.443137254902,0.392156862745,0.23137254902,0.309803921569,0.274509803922,0.133333333333,0.18431372549,0.156862745098,51.7,-4.1,49.2
Daylight (D65),Codeine,positive,0.0078431372549,0.2,0.160784313725,0.356862745098,0.298039215686,0.203921568627,0.619607843137,0.549019607843,0.419607843137,0.207843137255,0.454901960784,0.525490196078,0.250980392157,0.392156862745,0.156862745098,0.360784313725,0.482352941176,0.592156862745,0.113725490196,0.701960784314,0.564705882353,0.705882352941,0.443137254902,0.0078431372549,0.078431372549,0.345098039216,0.572549019608,0.635294117647,0.317647058824,0.317647058824,0.266666666667,0.223529411765,0.341176470588,0.458823529412,0.690196078431,0.0,0.717647058824,0.58431372549,0.0,0.00392156862745,0.239215686275,0.498039215686,0.125490196078,0.545098039216,0.180392156863,0.580392156863,0.207843137255,0.18431372549,0.741176470588,0.725490196078,0.0,0.607843137255,0.329411764706,0.501960784314,0.0,0.509803921569,0.576470588235,0.713725490196,0.894117647059,0.780392156863,0.576470588235,0.741176470588,0.654901960784,0.458823529412,0.592156862745,0.525490196078,0.341176470588,0.443137254902,0.392156862745,0.23137254902,0.309803921569,0.274509803922,0.133333333333,0.18431372549,0.156862745098,19.8,-13.3,-0.9
Tube light (FL2),Codeine,positive,0.0352941176471,0.227450980392,0.2,0.435294117647,0.337254901961,0.21568627451,0.705882352941,0.552941176471,0.435294117647,0.321568627451,0.43137254902,0.58431372549,0.329411764706,0.43137254902,0.152941176471,0.454901960784,0.447058823529,0.643137254902,0.337254901961,0.666666666667,0.603921568627,0.796078431373,0.521568627451,0.0,0.223529411765,0.286274509804,0.635294117647,0.701960784314,0.345098039216,0.341176470588,0.313725490196,0.223529411765,0.4,0.564705882353,0.709803921569,0.00392156862745,0.796078431373,0.650980392157,0.0,0.078431372549,0.133333333333,0.576470588235,0.266666666667,0.560784313725,0.180392156863,0.607843137255,0.243137254902,0.188235294118,0.823529411765,0.76862745098,0.0,0.654901960784,0.305882352941,0.552941176471,0.0,0.447058823529,0.647058823529,0.827450980392,0.854901960784,0.792156862745,0.694117647059,0.725490196078,0.682352941176,0.56862745098,0.592156862745,0.564705882353,0.439215686275,0.458823529412,0.43137254902,0.313725490196,0.337254901961,0.313725490196,0.203921568627,0.211764705882,0.196078431373,19.4,-18.3,-0.7
Tube light (FL2),Morphine monohydrate,positive,0.0352941176471,0.227450980392,0.203921568627,0.435294117647,0.337254901961,0.21568627451,0.705882352941,0.552941176471,0.435294117647,0.321568627451,0.43137254902,0.58431372549,0.329411764706,0.43137254902,0.152941176471,0.454901960784,0.447058823529,0.643137254902,0.337254901961,0.666666666667,0.603921568627,0.796078431373,0.521568627451,0.0,0.223529411765,0.286274509804,0.635294117647,0.701960784314,0.345098039216,0.341176470588,0.313725490196,0.223529411765,0.4,0.564705882353,0.709803921569,0.00392156862745,0.796078431373,0.650980392157,0.0,0.078431372549,0.133333333333,0.576470588235,0.266666666667,0.560784313725,0.180392156863,0.607843137255,0.243137254902,0.188235294118,0.823529411765,0.76862745098,0.0,0.654901960784,0.305882352941,0.552941176471,0.0,0.447058823529,0.647058823529,0.827450980392,0.854901960784,0.792156862745,0.694117647059,0.725490196078,0.682352941176,0.56862745098,0.592156862745,0.564705882353,0.439215686275,0.458823529412,0.43137254902,0.313725490196,0.337254901961,0.313725490196,0.203921568627,0.211764705882,0.196078431373,19.9,-18.5,-0.8
White LED torch (LED-B3),Diacetylmorphine HCl,positive,0.00392156862745,0.301960784314,0.254901960784,0.427450980392,0.305882352941,0.188235294118,0.713725490196,0.533333333333,0.396078431373,0.286274509804,0.423529411765,0.556862745098,0.298039215686,0.407843137255,0.109803921569,0.443137254902,0.435294117647,0.619607843137,0.23137254902,0.674509803922,0.56862745098,0.807843137255,0.470588235294,0.0,0.180392156863,0.274509803922,0.619607843137,0.729411764706,0.298039215686,0.309803921569,0.309803921569,0.196078431373,0.376470588235,0.529411764706,0.701960784314,0.00392156862745,0.807843137255,0.607843137255,0.00392156862745,0.043137254902,0.129411764706,0.556862745098,0.172549019608,0.552941176471,0.0901960784314,0.658823529412,0.18431372549,0.152941176471,0.83137254902,0.752941176471,0.00392156862745,0.686274509804,0.266666666667,0.529411764706,0.0,0.454901960784,0.607843137255,0.83137254902,0.862745098039,0.780392156863,0.682352941176,0.713725490196,0.654901960784,0.549019607843,0.576470588235,0.529411764706,0.411764705882,0.435294117647,0.4,0.286274509804,0.305882352941,0.282352941176,0.172549019608,0.18431372549,0.164705882353,31.7,-20.1,0.1
White LED torch (LED-B3),Mescaline HCl,negative,0.482352941176,0.462745098039,0.0,0.427450980392,0.305882352941,0.188235294118,0.713725490196,0.533333333333,0.396078431373,0.286274509804,0.423529411765,0.556862745098,0.298039215686,0.407843137255,0.109803921569,0.443137254902,0.435294117647,0.619607843137,0.23137254902,0.674509803922,0.56862745098,0.807843137255,0.470588235294,0.0,0.180392156863,0.274509803922,0.619607843137,0.729411764706,0.298039215686,0.309803921569,0.309803921569,0.196078431373,0.376470588235,0.529411764706,0.701960784314,0.00392156862745,0.807843137255,0.607843137255,0.00392156862745,0.043137254902,0.129411764706,0.556862745098,0.172549019608,0.552941176471,0.0901960784314,0.658823529412,0.18431372549,0.152941176471,0.83137254902,0.752941176471,0.00392156862745,0.686274509804,0.266666666667,0.529411764706,0.0,0.454901960784,0.607843137255,0.83137254902,0.862745098039,0.780392156863,0.682352941176,0.713725490196,0.654901960784,0.549019607843,0.576470588235,0.529411764706,0.411764705882,0.435294117647,0.4,0.286274509804,0.305882352941,0.282352941176,0.172549019608,0.18431372549,0.164705882353,51.4,-3.8,43.8
Daylight (D65),Morphine monohydrate,positive,0.0117647058824,0.235294117647,0.18431372549,0.392156862745,0.325490196078,0.223529411765,0.647058823529,0.56862745098,0.43137254902,0.223529411765,0.486274509804,0.549019607843,0.270588235294,0.427450980392,0.152941176471,0.388235294118,0.509803921569,0.611764705882,0.078431372549,0.725490196078,0.576470588235,0.737254901961,0.466666666667,0.0,0.0823529411765,0.380392156863,0.6,0.674509803922,0.341176470588,0.337254901961,0.298039215686,0.254901960784,0.376470588235,0.482352941176,0.709803921569,0.0,0.745098039216,0.6,0.0,0.0078431372549,0.270588235294,0.537254901961,0.109803921569,0.576470588235,0.160784313725,0.623529411765,0.227450980392,0.196078431373,0.764705882353,0.745098039216,0.0,0.643137254902,0.356862745098,0.533333333333,0.0,0.545098039216,0.603921568627,0.729411764706,0.905882352941,0.776470588235,0.603921568627,0.760784313725,0.658823529412,0.486274509804,0.623529411765,0.545098039216,0.372549019608,0.478431372549,0.41568627451,0.262745098039,0.345098039216,0.298039215686,0.160784313725,0.211764705882,0.18431372549,20.4,-15.2,0.6
Daylight (D65),Diacetylmorphine HCl,positive,0.00392156862745,0.352941176471,0.274509803922,0.392156862745,0.325490196078,0.223529411765,0.647058823529,0.56862745098,0.43137254902,0.223529411765,0.486274509804,0.549019607843,0.270588235294,0.427450980392,0.152941176471,0.388235294118,0.509803921569,0.611764705882,0.078431372549,0.725490196078,0.576470588235,0.737254901961,0.466666666667,0.0,0.0823529411765,0.380392156863,0.6,0.674509803922,0.341176470588,0.337254901961,0.298039215686,0.254901960784,0.376470588235,0.482352941176,0.709803921569,0.0,0.745098039216,0.6,0.0,0.0078431372549,0.270588235294,0.537254901961,0.109803921569,0.576470588235,0.160784313725,0.623529411765,0.227450980392,0.196078431373,0.764705882353,0.745098039216,0.0,0.643137254902,0.356862745098,0.533333333333,0.0,0.545098039216,0.603921568627,0.729411764706,0.905882352941,0.776470588235,0.603921568627,0.760784313725,0.658823529412,0.486274509804,0.623529411765,0.545098039216,0.372549019608,0.478431372549,0.41568627451,0.262745098039,0.345098039216,0.298039215686,0.160784313725,0.211764705882,0.18431372549,33.0,-18.7,0.5
Tube light (FL2),Diacetylmorphine HCl,positive,0.0,0.313725490196,0.274509803922,0.427450980392,0.341176470588,0.176470588235,0.737254901961,0.596078431373,0.419607843137,0.298039215686,0.447058823529,0.588235294118,0.305882352941,0.439215686275,0.0980392156863,0.439215686275,0.470588235294,0.654901960784,0.286274509804,0.729411764706,0.61568627451,0.847058823529,0.552941176471,0.0,0.176470588235,0.290196078431,0.647058823529,0.733333333333,0.349019607843,0.313725490196,0.286274509804,0.21568627451,0.380392156863,0.56862745098,0.780392156863,0.00392156862745,0.850980392157,0.705882352941,0.00392156862745,0.0352941176471,0.141176470588,0.572549019608,0.223529411765,0.588235294118,0.113725490196,0.623529411765,0.235294117647,0.149019607843,0.878431372549,0.854901960784,0.0,0.670588235294,0.317647058824,0.552941176471,0.00392156862745,0.466666666667,0.654901960784,0.882352941176,0.972549019608,0.83137254902,0.721568627451,0.8,0.694117647059,0.576470588235,0.639215686275,0.560784313725,0.427450980392,0.478431372549,0.411764705882,0.290196078431,0.329411764706,0.286274509804,0.16862745098,0.192156862745,0.164705882353,31.4,-20.1,-2.6
Tube light (FL2),Chlorpromazine HCl,negative,0.235294117647,0.176470588235,0.133333333333,0.427450980392,0.341176470588,0.176470588235,0.737254901961,0.596078431373,0.419607843137,0.298039215686,0.447058823529,0.588235294118,0.305882352941,0.439215686275,0.0980392156863,0.439215686275,0.470588235294,0.654901960784,0.286274509804,0.729411764706,0.61568627451,0.847058823529,0.552941176471,0.0,0.176470588235,0.290196078431,0.647058823529,0.733333333333,0.349019607843,0.313725490196,0.286274509804,0.21568627451,0.380392156863,0.56862745098,0.780392156863,0.00392156862745,0.850980392157,0.705882352941,0.00392156862745,0.0352941176471,0.141176470588,0.572549019608,0.223529411765,0.588235294118,0.113725490196,0.623529411765,0.235294117647,0.149019607843,0.878431372549,0.854901960784,0.0,0.670588235294,0.317647058824,0.552941176471,0.00392156862745,0.466666666667,0.654901960784,0.882352941176,0.972549019608,0.83137254902,0.721568627451,0.8,0.694117647059,0.576470588235,0.639215686275,0.560784313725,0.427450980392,0.478431372549,0.411764705882,0.290196078431,0.329411764706,0.286274509804,0.16862745098,0.192156862745,0.164705882353,20.0,10.0,6.5
White LED torch (LED-B3),Morphine monohydrate,positive,0.0235294117647,0.207843137255,0.188235294118,0.454901960784,0.329411764706,0.247058823529,0.788235294118,0.588235294118,0.490196078431,0.349019607843,0.447058823529,0.603921568627,0.341176470588,0.435294117647,0.207843137255,0.494117647059,0.466666666667,0.670588235294,0.376470588235,0.733333333333,0.650980392157,0.874509803922,0.529411764706,0.0274509803922,0.235294117647,0.286274509804,0.654901960784,0.780392156863,0.345098039216,0.36862745098,0.329411764706,0.211764705882,0.392156862745,0.619607843137,0.772549019608,0.0588235294118,0.890196078431,0.682352941176,0.0,0.078431372549,0.133333333333,0.576470588235,0.286274509804,0.596078431373,0.247058823529,0.698039215686,0.235294117647,0.223529411765,0.937254901961,0.839215686275,0.0,0.741176470588,0.313725490196,0.580392156863,0.0,0.486274509804,0.658823529412,0.960784313725,0.960784313725,0.913725490196,0.78431372549,0.796078431373,0.760784313725,0.627450980392,0.635294117647,0.611764705882,0.466666666667,0.474509803922,0.454901960784,0.321568627451,0.329411764706,0.317647058824,0.192156862745,0.192156862745,0.18431372549,19.7,-16.9,-1.3
White LED torch (LED-B3),Doxepin HCl,negative,0.298039215686,0.152941176471,0.145098039216,0.454901960784,0.329411764706,0.247058823529,0.788235294118,0.588235294118,0.490196078431,0.349019607843,0.447058823529,0.603921568627,0.341176470588,0.435294117647,0.207843137255,0.494117647059,0.466666666667,0.670588235294,0.376470588235,0.733333333333,0.650980392157,0.874509803922,0.529411764706,0.0274509803922,0.235294117647,0.286274509804,0.654901960784,0.780392156863,0.345098039216,0.36862745098,0.329411764706,0.211764705882,0.392156862745,0.619607843137,0.772549019608,0.0588235294118,0.890196078431,0.682352941176,0.0,0.078431372549,0.133333333333,0.576470588235,0.286274509804,0.596078431373,0.247058823529,0.698039215686,0.235294117647,0.223529411765,0.937254901961,0.839215686275,0.0,0.741176470588,0.313725490196,0.580392156863,0.0,0.486274509804,0.658823529412,0.960784313725,0.960784313725,0.913725490196,0.78431372549,0.796078431373,0.760784313725,0.627450980392,0.635294117647,0.611764705882,0.466666666667,0.474509803922,0.454901960784,0.321568627451,0.329411764706,0.317647058824,0.192156862745,0.192156862745,0.18431372549,19.9,18.6,7.2
Incandescent bulb (A),Opium,negative,0.21568627451,0.211764705882,0.129411764706,0.482352941176,0.349019607843,0.250980392157,0.811764705882,0.6,0.498039215686,0.380392156863,0.458823529412,0.556862745098,0.364705882353,0.443137254902,0.239215686275,0.533333333333,0.490196078431,0.623529411765,0.396078431373,0.721568627451,0.650980392157,0.886274509804,0.552941176471,0.125490196078,0.278431372549,0.317647058824,0.588235294118,0.81568627451,0.38431372549,0.36862745098,0.38431372549,0.239215686275,0.356862745098,0.623529411765,0.756862745098,0.274509803922,0.901960784314,0.686274509804,0.0352941176471,0.133333333333,0.180392156863,0.509803921569,0.301960784314,0.58431372549,0.325490196078,0.760784313725,0.274509803922,0.247058823529,0.937254901961,0.827450980392,0.0941176470588,0.8,0.356862745098,0.525490196078,0.00392156862745,0.482352941176,0.627450980392,0.956862745098,0.949019607843,0.858823529412,0.792156862745,0.788235294118,0.717647058824,0.635294117647,0.639215686275,0.576470588235,0.482352941176,0.482352941176,0.435294117647,0.337254901961,0.341176470588,0.309803921569,0.211764705882,0.207843137255,0.188235294118,19.7,-3.1,12.3
Incandescent bulb (A),Hydrocodone tartrate,positive,0.00392156862745,0.317647058824,0.305882352941,0.482352941176,0.349019607843,0.250980392157,0.811764705882,0.6,0.498039215686,0.380392156863,0.458823529412,0.556862745098,0.364705882353,0.443137254902,0.239215686275,0.533333333333,0.490196078431,0.623529411765,0.396078431373,0.721568627451,0.650980392157,0.886274509804,0.552941176471,0.125490196078,0.278431372549,0.317647058824,0.588235294118,0.81568627451,0.38431372549,0.36862745098,0.38431372549,0.239215686275,0.356862745098,0.623529411765,0.756862745098,0.274509803922,0.901960784314,0.686274509804,0.0352941176471,0.133333333333,0.180392156863,0.509803921569,0.301960784314,0.58431372549,0.325490196078,0.760784313725,0.274509803922,0.247058823529,0.937254901961,0.827450980392,0.0941176470588,0.8,0.356862745098,0.525490196078,0.00392156862745,0.482352941176,0.627450980392,0.956862745098,0.949019607843,0.858823529412,0.792156862745,0.788235294118,0.717647058824,0.635294117647,0.639215686275,0.576470588235,0.482352941176,0.482352941176,0.435294117647,0.337254901961,0.341176470588,0.309803921569,0.211764705882,0.207843137255,0.188235294118,30.8,-20.5,-5.4
Daylight (D65),Mescaline HCl,negative,0.525490196078,0.486274509804,0.0,0.454901960784,0.333333333333,0.235294117647,0.756862745098,0.588235294118,0.462745098039,0.294117647059,0.498039215686,0.607843137255,0.317647058824,0.443137254902,0.152941176471,0.462745098039,0.517647058824,0.678431372549,0.196078431373,0.764705882353,0.63137254902,0.854901960784,0.470588235294,0.00392156862745,0.16862745098,0.380392156863,0.666666666667,0.772549019608,0.325490196078,0.356862745098,0.349019607843,0.247058823529,0.407843137255,0.564705882353,0.745098039216,0.0,0.858823529412,0.619607843137,0.0,0.0235294117647,0.266666666667,0.596078431373,0.176470588235,0.607843137255,0.133333333333,0.709803921569,0.192156862745,0.196078431373,0.882352941176,0.776470588235,0.00392156862745,0.741176470588,0.333333333333,0.580392156863,0.00392156862745,0.560784313725,0.666666666667,0.862745098039,0.952941176471,0.858823529412,0.709803921569,0.792156862745,0.725490196078,0.576470588235,0.639215686275,0.588235294118,0.435294117647,0.490196078431,0.447058823529,0.305882352941,0.349019607843,0.325490196078,0.18431372549,0.211764705882,0.196078431373,51.1,-2.5,46.0
Daylight (D65),Mace5,negative,0.294117647059,0.305882352941,0.0313725490196,0.454901960784,0.333333333333,0.235294117647,0.756862745098,0.588235294118,0.462745098039,0.294117647059,0.498039215686,0.607843137255,0.317647058824,0.443137254902,0.152941176471,0.462745098039,0.517647058824,0.678431372549,0.196078431373,0.764705882353,0.63137254902,0.854901960784,0.470588235294,0.00392156862745,0.16862745098,0.380392156863,0.666666666667,0.772549019608,0.325490196078,0.356862745098,0.349019607843,0.247058823529,0.407843137255,0.564705882353,0.745098039216,0.0,0.858823529412,0.619607843137,0.0,0.0235294117647,0.266666666667,0.596078431373,0.176470588235,0.607843137255,0.133333333333,0.709803921569,0.192156862745,0.196078431373,0.882352941176,0.776470588235,0.00392156862745,0.741176470588,0.333333333333,0.580392156863,0.00392156862745,0.560784313725,0.666666666667,0.862745098039,0.952941176471,0.858823529412,0.709803921569,0.792156862745,0.725490196078,0.576470588235,0.639215686275,0.588235294118,0.435294117647,0.490196078431,0.447058823529,0.305882352941,0.349019607843,0.325490196078,0.18431372549,0.211764705882,0.196078431373,30.4,-5.6,30.4
Tube light (FL2),Sugar,negative,0.839215686275,0.917647058824,0.0,0.470588235294,0.392156862745,0.196078431373,0.760784313725,0.639215686275,0.41568627451,0.349019607843,0.509803921569,0.580392156863,0.349019607843,0.486274509804,0.0745098039216,0.478431372549,0.533333333333,0.639215686275,0.349019607843,0.764705882353,0.58431372549,0.862745098039,0.6,0.0,0.227450980392,0.372549019608,0.647058823529,0.756862745098,0.411764705882,0.325490196078,0.337254901961,0.278431372549,0.403921568627,0.6,0.8,0.00392156862745,0.854901960784,0.741176470588,0.00392156862745,0.0627450980392,0.235294117647,0.58431372549,0.274509803922,0.635294117647,0.0666666666667,0.650980392157,0.294117647059,0.172549019608,0.886274509804,0.870588235294,0.00392156862745,0.694117647059,0.388235294118,0.552941176471,0.0,0.529411764706,0.643137254902,0.894117647059,0.992156862745,0.76862745098,0.745098039216,0.835294117647,0.662745098039,0.607843137255,0.690196078431,0.537254901961,0.470588235294,0.533333333333,0.419607843137,0.341176470588,0.388235294118,0.301960784314,0.21568627451,0.247058823529,0.18431372549,85.1,-13.1,61.4
Tube light (FL2),Exedrine,negative,0.623529411765,0.639215686275,0.188235294118,0.470588235294,0.392156862745,0.196078431373,0.760784313725,0.639215686275,0.41568627451,0.349019607843,0.509803921569,0.580392156863,0.349019607843,0.486274509804,0.0745098039216,0.478431372549,0.533333333333,0.639215686275,0.349019607843,0.764705882353,0.58431372549,0.862745098039,0.6,0.0,0.227450980392,0.372549019608,0.647058823529,0.756862745098,0.411764705882,0.325490196078,0.337254901961,0.278431372549,0.403921568627,0.6,0.8,0.00392156862745,0.854901960784,0.741176470588,0.00392156862745,0.0627450980392,0.235294117647,0.58431372549,0.274509803922,0.635294117647,0.0666666666667,0.650980392157,0.294117647059,0.172549019608,0.886274509804,0.870588235294,0.00392156862745,0.694117647059,0.388235294118,0.552941176471,0.0,0.529411764706,0.643137254902,0.894117647059,0.992156862745,0.76862745098,0.745098039216,0.835294117647,0.662745098039,0.607843137255,0.690196078431,0.537254901961,0.470588235294,0.533333333333,0.419607843137,0.341176470588,0.388235294118,0.301960784314,0.21568627451,0.247058823529,0.18431372549,59.8,-1.9,38.4
White LED torch (LED-B3),Diacetylmorphine HCl,positive,0.0,0.321568627451,0.274509803922,0.447058823529,0.341176470588,0.223529411765,0.772549019608,0.6,0.454901960784,0.325490196078,0.466666666667,0.6,0.325490196078,0.443137254902,0.16862745098,0.470588235294,0.482352941176,0.658823529412,0.309803921569,0.737254901961,0.61568627451,0.874509803922,0.537254901961,0.0078431372549,0.207843137255,0.305882352941,0.658823529412,0.780392156863,0.349019607843,0.345098039216,0.325490196078,0.219607843137,0.38431372549,0.572549019608,0.76862745098,0.0,0.862745098039,0.674509803922,0.0,0.0509803921569,0.156862745098,0.58431372549,0.227450980392,0.603921568627,0.18431372549,0.690196078431,0.23137254902,0.192156862745,0.898039215686,0.83137254902,0.0,0.717647058824,0.317647058824,0.556862745098,0.0,0.494117647059,0.635294117647,0.909803921569,0.964705882353,0.862745098039,0.745098039216,0.796078431373,0.725490196078,0.592156862745,0.639215686275,0.572549019608,0.435294117647,0.478431372549,0.427450980392,0.309803921569,0.329411764706,0.305882352941,0.18431372549,0.192156862745,0.172549019608,31.9,-21.2,-0.1
White LED torch (LED-B3),Oxycodone HCl,negative,0.513725490196,0.494117647059,0.0,0.447058823529,0.341176470588,0.223529411765,0.772549019608,0.6,0.454901960784,0.325490196078,0.466666666667,0.6,0.325490196078,0.443137254902,0.16862745098,0.470588235294,0.482352941176,0.658823529412,0.309803921569,0.737254901961,0.61568627451,0.874509803922,0.537254901961,0.0078431372549,0.207843137255,0.305882352941,0.658823529412,0.780392156863,0.349019607843,0.345098039216,0.325490196078,0.219607843137,0.38431372549,0.572549019608,0.76862745098,0.0,0.862745098039,0.674509803922,0.0,0.0509803921569,0.156862745098,0.58431372549,0.227450980392,0.603921568627,0.18431372549,0.690196078431,0.23137254902,0.192156862745,0.898039215686,0.83137254902,0.0,0.717647058824,0.317647058824,0.556862745098,0.0,0.494117647059,0.635294117647,0.909803921569,0.964705882353,0.862745098039,0.745098039216,0.796078431373,0.725490196078,0.592156862745,0.639215686275,0.572549019608,0.435294117647,0.478431372549,0.427450980392,0.309803921569,0.329411764706,0.305882352941,0.18431372549,0.192156862745,0.172549019608,50.5,-2.3,45.3
Incandescent bulb (A),Chlorpromazine HCl,negative,0.309803921569,0.239215686275,0.133333333333,0.509803921569,0.403921568627,0.180392156863,0.819607843137,0.658823529412,0.4,0.380392156863,0.541176470588,0.517647058824,0.376470588235,0.501960784314,0.0941176470588,0.549019607843,0.56862745098,0.576470588235,0.325490196078,0.792156862745,0.552941176471,0.894117647059,0.6,0.0,0.282352941176,0.411764705882,0.564705882353,0.839215686275,0.439215686275,0.294117647059,0.423529411765,0.305882352941,0.349019607843,0.607843137255,0.807843137255,0.0,0.898039215686,0.737254901961,0.0,0.121568627451,0.286274509804,0.509803921569,0.247058823529,0.647058823529,0.164705882353,0.796078431373,0.317647058824,0.172549019608,0.925490196078,0.866666666667,0.00392156862745,0.823529411765,0.43137254902,0.486274509804,0.00392156862745,0.56862745098,0.592156862745,0.929411764706,1.0,0.701960784314,0.776470588235,0.850980392157,0.6,0.635294117647,0.701960784314,0.490196078431,0.498039215686,0.549019607843,0.380392156863,0.360784313725,0.403921568627,0.278431372549,0.239215686275,0.258823529412,0.16862745098,19.6,9.4,6.9
Incandescent bulb (A),Morphine monohydrate,positive,0.0078431372549,0.278431372549,0.18431372549,0.509803921569,0.403921568627,0.180392156863,0.819607843137,0.658823529412,0.4,0.380392156863,0.541176470588,0.517647058824,0.376470588235,0.501960784314,0.0941176470588,0.549019607843,0.56862745098,0.576470588235,0.325490196078,0.792156862745,0.552941176471,0.894117647059,0.6,0.0,0.282352941176,0.411764705882,0.564705882353,0.839215686275,0.439215686275,0.294117647059,0.423529411765,0.305882352941,0.349019607843,0.607843137255,0.807843137255,0.0,0.898039215686,0.737254901961,0.0,0.121568627451,0.286274509804,0.509803921569,0.247058823529,0.647058823529,0.164705882353,0.796078431373,0.317647058824,0.172549019608,0.925490196078,0.866666666667,0.00392156862745,0.823529411765,0.43137254902,0.486274509804,0.00392156862745,0.56862745098,0.592156862745,0.929411764706,1.0,0.701960784314,0.776470588235,0.850980392157,0.6,0.635294117647,0.701960784314,0.490196078431,0.498039215686,0.549019607843,0.380392156863,0.360784313725,0.403921568627,0.278431372549,0.239215686275,0.258823529412,0.16862745098,20.2,-18.4,-1.2
Daylight (D65),Codeine,positive,0.0078431372549,0.254901960784,0.188235294118,0.396078431373,0.341176470588,0.207843137255,0.63137254902,0.576470588235,0.403921568627,0.156862745098,0.498039215686,0.552941176471,0.258823529412,0.439215686275,0.101960784314,0.364705882353,0.521568627451,0.61568627451,0.0,0.729411764706,0.560784313725,0.729411764706,0.470588235294,0.0,0.0235294117647,0.392156862745,0.611764705882,0.674509803922,0.345098039216,0.329411764706,0.301960784314,0.266666666667,0.388235294118,0.439215686275,0.709803921569,0.0,0.733333333333,0.603921568627,0.00392156862745,0.00392156862745,0.290196078431,0.549019607843,0.0117647058824,0.580392156863,0.0549019607843,0.627450980392,0.23137254902,0.176470588235,0.733333333333,0.737254901961,0.0,0.643137254902,0.360784313725,0.533333333333,0.0,0.552941176471,0.6,0.666666666667,0.886274509804,0.733333333333,0.552941176471,0.752941176471,0.63137254902,0.454901960784,0.619607843137,0.525490196078,0.352941176471,0.486274509804,0.407843137255,0.247058823529,0.356862745098,0.298039215686,0.156862745098,0.227450980392,0.188235294118,20.9,-14.4,0.8
Daylight (D65),Mace5,negative,0.247058823529,0.313725490196,0.0196078431373,0.396078431373,0.341176470588,0.207843137255,0.63137254902,0.576470588235,0.403921568627,0.156862745098,0.498039215686,0.552941176471,0.258823529412,0.439215686275,0.101960784314,0.364705882353,0.521568627451,0.61568627451,0.0,0.729411764706,0.560784313725,0.729411764706,0.470588235294,0.0,0.0235294117647,0.392156862745,0.611764705882,0.674509803922,0.345098039216,0.329411764706,0.301960784314,0.266666666667,0.388235294118,0.439215686275,0.709803921569,0.0,0.733333333333,0.603921568627,0.00392156862745,0.00392156862745,0.290196078431,0.549019607843,0.0117647058824,0.580392156863,0.0549019607843,0.627450980392,0.23137254902,0.176470588235,0.733333333333,0.737254901961,0.0,0.643137254902,0.360784313725,0.533333333333,0.0,0.552941176471,0.6,0.666666666667,0.886274509804,0.733333333333,0.552941176471,0.752941176471,0.63137254902,0.454901960784,0.619607843137,0.525490196078,0.352941176471,0.486274509804,0.407843137255,0.247058823529,0.356862745098,0.298039215686,0.156862745098,0.227450980392,0.188235294118,30.3,-6.1,32.9
White LED torch (LED-B3),MDA HCl,positive,0.0235294117647,0.239215686275,0.180392156863,0.458823529412,0.349019607843,0.196078431373,0.756862745098,0.58431372549,0.4,0.341176470588,0.474509803922,0.552941176471,0.345098039216,0.447058823529,0.109803921569,0.486274509804,0.490196078431,0.611764705882,0.329411764706,0.717647058824,0.552941176471,0.843137254902,0.517647058824,0.0,0.235294117647,0.337254901961,0.61568627451,0.764705882353,0.352941176471,0.321568627451,0.349019607843,0.243137254902,0.380392156863,0.580392156863,0.741176470588,0.0,0.839215686275,0.647058823529,0.0,0.0823529411765,0.207843137255,0.560784313725,0.254901960784,0.592156862745,0.078431372549,0.694117647059,0.239215686275,0.176470588235,0.862745098039,0.788235294118,0.0,0.721568627451,0.333333333333,0.525490196078,0.0,0.509803921569,0.596078431373,0.882352941176,0.913725490196,0.752941176471,0.729411764706,0.764705882353,0.643137254902,0.603921568627,0.627450980392,0.525490196078,0.462745098039,0.482352941176,0.403921568627,0.333333333333,0.349019607843,0.290196078431,0.207843137255,0.219607843137,0.180392156863,19.8,-17.7,0.1
White LED torch (LED-B3),Diacetylmorphine HCl,positive,0.0,0.341176470588,0.266666666667,0.458823529412,0.349019607843,0.196078431373,0.756862745098,0.58431372549,0.4,0.341176470588,0.474509803922,0.552941176471,0.345098039216,0.447058823529,0.109803921569,0.486274509804,0.490196078431,0.611764705882,0.329411764706,0.717647058824,0.552941176471,0.843137254902,0.517647058824,0.0,0.235294117647,0.337254901961,0.61568627451,0.764705882353,0.352941176471,0.321568627451,0.349019607843,0.243137254902,0.380392156863,0.580392156863,0.741176470588,0.0,0.839215686275,0.647058823529,0.0,0.0823529411765,0.207843137255,0.560784313725,0.254901960784,0.592156862745,0.078431372549,0.694117647059,0.239215686275,0.176470588235,0.862745098039,0.788235294118,0.0,0.721568627451,0.333333333333,0.525490196078,0.0,0.509803921569,0.596078431373,0.882352941176,0.913725490196,0.752941176471,0.729411764706,0.764705882353,0.643137254902,0.603921568627,0.627450980392,0.525490196078,0.462745098039,0.482352941176,0.403921568627,0.333333333333,0.349019607843,0.290196078431,0.207843137255,0.219607843137,0.180392156863,31.5,-21.5,-0.9
Incandescent bulb (A),Codeine,positive,0.0117647058824,0.192156862745,0.152941176471,0.435294117647,0.305882352941,0.18431372549,0.745098039216,0.537254901961,0.411764705882,0.325490196078,0.411764705882,0.498039215686,0.309803921569,0.396078431373,0.152941176471,0.478431372549,0.439215686275,0.545098039216,0.298039215686,0.658823529412,0.556862745098,0.819607843137,0.490196078431,0.00392156862745,0.227450980392,0.282352941176,0.529411764706,0.760784313725,0.325490196078,0.282352941176,0.345098039216,0.203921568627,0.305882352941,0.545098039216,0.690196078431,0.0470588235294,0.827450980392,0.619607843137,0.0,0.0941176470588,0.160784313725,0.462745098039,0.21568627451,0.533333333333,0.23137254902,0.709803921569,0.21568627451,0.160784313725,0.858823529412,0.752941176471,0.00392156862745,0.741176470588,0.301960784314,0.450980392157,0.00392156862745,0.435294117647,0.564705882353,0.870588235294,0.870588235294,0.737254901961,0.705882352941,0.713725490196,0.619607843137,0.56862745098,0.576470588235,0.494117647059,0.423529411765,0.435294117647,0.36862745098,0.294117647059,0.301960784314,0.250980392157,0.176470588235,0.176470588235,0.145098039216,20.2,-14.8,-1.1
Incandescent bulb (A),Chlorpromazine HCl,negative,0.239215686275,0.156862745098,0.113725490196,0.435294117647,0.305882352941,0.18431372549,0.745098039216,0.537254901961,0.411764705882,0.325490196078,0.411764705882,0.498039215686,0.309803921569,0.396078431373,0.152941176471,0.478431372549,0.439215686275,0.545098039216,0.298039215686,0.658823529412,0.556862745098,0.819607843137,0.490196078431,0.00392156862745,0.227450980392,0.282352941176,0.529411764706,0.760784313725,0.325490196078,0.282352941176,0.345098039216,0.203921568627,0.305882352941,0.545098039216,0.690196078431,0.0470588235294,0.827450980392,0.619607843137,0.0,0.0941176470588,0.160784313725,0.462745098039,0.21568627451,0.533333333333,0.23137254902,0.709803921569,0.21568627451,0.160784313725,0.858823529412,0.752941176471,0.00392156862745,0.741176470588,0.301960784314,0.450980392157,0.00392156862745,0.435294117647,0.564705882353,0.870588235294,0.870588235294,0.737254901961,0.705882352941,0.713725490196,0.619607843137,0.56862745098,0.576470588235,0.494117647059,0.423529411765,0.435294117647,0.36862745098,0.294117647059,0.301960784314,0.250980392157,0.176470588235,0.176470588235,0.145098039216,19.7,8.8,5.8
Daylight (D65),Nutmeg,negative,0.2,0.141176470588,0.0549019607843,0.411764705882,0.262745098039,0.156862745098,0.749019607843,0.517647058824,0.38431372549,0.266666666667,0.439215686275,0.537254901961,0.290196078431,0.376470588235,0.0509803921569,0.443137254902,0.454901960784,0.619607843137,0.18431372549,0.717647058824,0.560784313725,0.858823529412,0.392156862745,0.0,0.152941176471,0.317647058824,0.607843137255,0.76862745098,0.23137254902,0.286274509804,0.309803921569,0.188235294118,0.345098039216,0.549019607843,0.701960784314,0.0,0.878431372549,0.556862745098,0.0,0.0235294117647,0.203921568627,0.533333333333,0.145098039216,0.549019607843,0.0078431372549,0.694117647059,0.0745098039216,0.101960784314,0.909803921569,0.733333333333,0.0,0.737254901961,0.250980392157,0.521568627451,0.0,0.509803921569,0.611764705882,0.901960784314,0.929411764706,0.807843137255,0.721568627451,0.752941176471,0.670588235294,0.564705882353,0.592156862745,0.529411764706,0.41568627451,0.427450980392,0.38431372549,0.274509803922,0.290196078431,0.258823529412,0.149019607843,0.160784313725,0.137254901961,19.8,4.1,12.3
Daylight (D65),Chlorpromazine HCl,negative,0.21568627451,0.121568627451,0.117647058824,0.411764705882,0.262745098039,0.156862745098,0.749019607843,0.517647058824,0.38431372549,0.266666666667,0.439215686275,0.537254901961,0.290196078431,0.376470588235,0.0509803921569,0.443137254902,0.454901960784,0.619607843137,0.18431372549,0.717647058824,0.560784313725,0.858823529412,0.392156862745,0.0,0.152941176471,0.317647058824,0.607843137255,0.76862745098,0.23137254902,0.286274509804,0.309803921569,0.188235294118,0.345098039216,0.549019607843,0.701960784314,0.0,0.878431372549,0.556862745098,0.0,0.0235294117647,0.203921568627,0.533333333333,0.145098039216,0.549019607843,0.0078431372549,0.694117647059,0.0745098039216,0.101960784314,0.909803921569,0.733333333333,0.0,0.737254901961,0.250980392157,0.521568627451,0.0,0.509803921569,0.611764705882,0.901960784314,0.929411764706,0.807843137255,0.721568627451,0.752941176471,0.670588235294,0.564705882353,0.592156862745,0.529411764706,0.41568627451,0.427450980392,0.38431372549,0.274509803922,0.290196078431,0.258823529412,0.149019607843,0.160784313725,0.137254901961,19.7,10.3,3.9
Tube light (FL2),Opium,negative,0.152941176471,0.145098039216,0.0745098039216,0.360784313725,0.262745098039,0.172549019608,0.650980392157,0.486274509804,0.392156862745,0.294117647059,0.356862745098,0.486274509804,0.282352941176,0.345098039216,0.152941176471,0.403921568627,0.38431372549,0.545098039216,0.36862745098,0.611764705882,0.549019607843,0.737254901961,0.462745098039,0.0196078431373,0.192156862745,0.219607843137,0.513725490196,0.63137254902,0.286274509804,0.282352941176,0.243137254902,0.156862745098,0.298039215686,0.549019607843,0.658823529412,0.078431372549,0.772549019608,0.603921568627,0.0,0.078431372549,0.0901960784314,0.450980392157,0.270588235294,0.478431372549,0.203921568627,0.521568627451,0.192156862745,0.160784313725,0.811764705882,0.729411764706,0.0,0.576470588235,0.258823529412,0.458823529412,0.0588235294118,0.376470588235,0.545098039216,0.835294117647,0.823529411765,0.752941176471,0.678431372549,0.674509803922,0.623529411765,0.529411764706,0.529411764706,0.490196078431,0.388235294118,0.388235294118,0.356862745098,0.258823529412,0.258823529412,0.243137254902,0.145098039216,0.141176470588,0.129411764706,20.1,-2.6,10.3
Tube light (FL2),Oxycodone HCl,negative,0.450980392157,0.423529411765,0.00392156862745,0.360784313725,0.262745098039,0.172549019608,0.650980392157,0.486274509804,0.392156862745,0.294117647059,0.356862745098,0.486274509804,0.282352941176,0.345098039216,0.152941176471,0.403921568627,0.38431372549,0.545098039216,0.36862745098,0.611764705882,0.549019607843,0.737254901961,0.462745098039,0.0196078431373,0.192156862745,0.219607843137,0.513725490196,0.63137254902,0.286274509804,0.282352941176,0.243137254902,0.156862745098,0.298039215686,0.549019607843,0.658823529412,0.078431372549,0.772549019608,0.603921568627,0.0,0.078431372549,0.0901960784314,0.450980392157,0.270588235294,0.478431372549,0.203921568627,0.521568627451,0.192156862745,0.160784313725,0.811764705882,0.729411764706,0.0,0.576470588235,0.258823529412,0.458823529412,0.0588235294118,0.376470588235,0.545098039216,0.835294117647,0.823529411765,0.752941176471,0.678431372549,0.674509803922,0.623529411765,0.529411764706,0.529411764706,0.490196078431,0.388235294118,0.388235294118,0.356862745098,0.258823529412,0.258823529412,0.243137254902,0.145098039216,0.141176470588,0.129411764706,51.1,-4.5,50.0
White LED torch (LED-B3),Opium,negative,0.141176470588,0.145098039216,0.0509803921569,0.38431372549,0.262745098039,0.145098039216,0.698039215686,0.494117647059,0.341176470588,0.262745098039,0.376470588235,0.494117647059,0.266666666667,0.360784313725,0.0627450980392,0.403921568627,0.392156862745,0.560784313725,0.21568627451,0.63137254902,0.505882352941,0.792156862745,0.43137254902,0.0,0.156862745098,0.239215686275,0.56862745098,0.701960784314,0.254901960784,0.254901960784,0.270588235294,0.160784313725,0.317647058824,0.498039215686,0.666666666667,0.0,0.78431372549,0.56862745098,0.00392156862745,0.0352941176471,0.105882352941,0.501960784314,0.160784313725,0.513725490196,0.0313725490196,0.619607843137,0.145098039216,0.0980392156863,0.819607843137,0.717647058824,0.0,0.654901960784,0.227450980392,0.466666666667,0.00392156862745,0.411764705882,0.549019607843,0.839215686275,0.858823529412,0.741176470588,0.670588235294,0.694117647059,0.603921568627,0.529411764706,0.545098039216,0.486274509804,0.380392156863,0.392156862745,0.349019607843,0.254901960784,0.266666666667,0.239215686275,0.137254901961,0.145098039216,0.121568627451,19.6,-2.3,10.1
White LED torch (LED-B3),LSD,negative,0.0823529411765,0.149019607843,0.105882352941,0.38431372549,0.262745098039,0.145098039216,0.698039215686,0.494117647059,0.341176470588,0.262745098039,0.376470588235,0.494117647059,0.266666666667,0.360784313725,0.0627450980392,0.403921568627,0.392156862745,0.560784313725,0.21568627451,0.63137254902,0.505882352941,0.792156862745,0.43137254902,0.0,0.156862745098,0.239215686275,0.56862745098,0.701960784314,0.254901960784,0.254901960784,0.270588235294,0.160784313725,0.317647058824,0.498039215686,0.666666666667,0.0,0.78431372549,0.56862745098,0.00392156862745,0.0352941176471,0.105882352941,0.501960784314,0.160784313725,0.513725490196,0.0313725490196,0.619607843137,0.145098039216,0.0980392156863,0.819607843137,0.717647058824,0.0,0.654901960784,0.227450980392,0.466666666667,0.00392156862745,0.411764705882,0.549019607843,0.839215686275,0.858823529412,0.741176470588,0.670588235294,0.694117647059,0.603921568627,0.529411764706,0.545098039216,0.486274509804,0.380392156863,0.392156862745,0.349019607843,0.254901960784,0.266666666667,0.239215686275,0.137254901961,0.145098039216,0.121568627451,19.5,-6.9,2.3
Incandescent bulb (A),Morphine monohydrate,positive,0.0,0.192156862745,0.16862745098,0.427450980392,0.329411764706,0.211764705882,0.760784313725,0.588235294118,0.474509803922,0.286274509804,0.439215686275,0.552941176471,0.290196078431,0.419607843137,0.188235294118,0.454901960784,0.462745098039,0.61568627451,0.203921568627,0.709803921569,0.639215686275,0.847058823529,0.545098039216,0.00392156862745,0.188235294118,0.290196078431,0.592156862745,0.780392156863,0.360784313725,0.321568627451,0.333333333333,0.211764705882,0.337254901961,0.533333333333,0.752941176471,0.152941176471,0.843137254902,0.678431372549,0.0,0.0352941176471,0.149019607843,0.513725490196,0.145098039216,0.580392156863,0.282352941176,0.725490196078,0.247058823529,0.188235294118,0.874509803922,0.83137254902,0.0,0.752941176471,0.329411764706,0.513725490196,0.00392156862745,0.462745098039,0.635294117647,0.878431372549,0.96862745098,0.866666666667,0.705882352941,0.788235294118,0.713725490196,0.560784313725,0.623529411765,0.572549019608,0.411764705882,0.466666666667,0.419607843137,0.278431372549,0.317647058824,0.286274509804,0.160784313725,0.180392156863,0.156862745098,20.3,-12.6,-1.7
Incandescent bulb (A),Hydrocodone tartrate,positive,0.0,0.290196078431,0.286274509804,0.427450980392,0.329411764706,0.211764705882,0.760784313725,0.588235294118,0.474509803922,0.286274509804,0.439215686275,0.552941176471,0.290196078431,0.419607843137,0.188235294118,0.454901960784,0.462745098039,0.61568627451,0.203921568627,0.709803921569,0.639215686275,0.847058823529,0.545098039216,0.00392156862745,0.188235294118,0.290196078431,0.592156862745,0.780392156863,0.360784313725,0.321568627451,0.333333333333,0.211764705882,0.337254901961,0.533333333333,0.752941176471,0.152941176471,0.843137254902,0.678431372549,0.0,0.0352941176471,0.149019607843,0.513725490196,0.145098039216,0.580392156863,0.282352941176,0.725490196078,0.247058823529,0.188235294118,0.874509803922,0.83137254902,0.0,0.752941176471,0.329411764706,0.513725490196,0.00392156862745,0.462745098039,0.635294117647,0.878431372549,0.96862745098,0.866666666667,0.705882352941,0.788235294118,0.713725490196,0.560784313725,0.623529411765,0.572549019608,0.411764705882,0.466666666667,0.419607843137,0.278431372549,0.317647058824,0.286274509804,0.160784313725,0.180392156863,0.156862745098,31.2,-14.9,-5.6
Daylight (D65),Exedrine,negative,0.556862745098,0.521568627451,0.250980392157,0.423529411765,0.298039215686,0.207843137255,0.701960784314,0.529411764706,0.423529411765,0.274509803922,0.454901960784,0.556862745098,0.301960784314,0.4,0.125490196078,0.43137254902,0.466666666667,0.619607843137,0.196078431373,0.690196078431,0.576470588235,0.796078431373,0.423529411765,0.0,0.160784313725,0.341176470588,0.611764705882,0.721568627451,0.282352941176,0.329411764706,0.325490196078,0.219607843137,0.376470588235,0.525490196078,0.678431372549,0.0,0.792156862745,0.564705882353,0.00392156862745,0.0274509803922,0.239215686275,0.545098039216,0.164705882353,0.552941176471,0.105882352941,0.662745098039,0.156862745098,0.176470588235,0.819607843137,0.701960784314,0.0,0.686274509804,0.290196078431,0.529411764706,0.0,0.509803921569,0.603921568627,0.803921568627,0.854901960784,0.776470588235,0.662745098039,0.717647058824,0.666666666667,0.537254901961,0.58431372549,0.545098039216,0.403921568627,0.443137254902,0.407843137255,0.286274509804,0.317647058824,0.286274509804,0.16862745098,0.192156862745,0.176470588235,60.2,-2.5,34.6
Daylight (D65),Diacetylmorphine HCl,positive,0.00392156862745,0.329411764706,0.266666666667,0.423529411765,0.298039215686,0.207843137255,0.701960784314,0.529411764706,0.423529411765,0.274509803922,0.454901960784,0.556862745098,0.301960784314,0.4,0.125490196078,0.43137254902,0.466666666667,0.619607843137,0.196078431373,0.690196078431,0.576470588235,0.796078431373,0.423529411765,0.0,0.160784313725,0.341176470588,0.611764705882,0.721568627451,0.282352941176,0.329411764706,0.325490196078,0.219607843137,0.376470588235,0.525490196078,0.678431372549,0.0,0.792156862745,0.564705882353,0.00392156862745,0.0274509803922,0.239215686275,0.545098039216,0.164705882353,0.552941176471,0.105882352941,0.662745098039,0.156862745098,0.176470588235,0.819607843137,0.701960784314,0.0,0.686274509804,0.290196078431,0.529411764706,0.0,0.509803921569,0.603921568627,0.803921568627,0.854901960784,0.776470588235,0.662745098039,0.717647058824,0.666666666667,0.537254901961,0.58431372549,0.545098039216,0.403921568627,0.443137254902,0.407843137255,0.286274509804,0.317647058824,0.286274509804,0.16862745098,0.192156862745,0.176470588235,33.4,-19.2,0.5
Tube light (FL2),Codeine,positive,0.0352941176471,0.152941176471,0.137254901961,0.372549019608,0.262745098039,0.16862745098,0.662745098039,0.482352941176,0.380392156863,0.298039215686,0.356862745098,0.478431372549,0.290196078431,0.345098039216,0.137254901961,0.411764705882,0.376470588235,0.541176470588,0.356862745098,0.596078431373,0.525490196078,0.749019607843,0.454901960784,0.00392156862745,0.196078431373,0.219607843137,0.525490196078,0.635294117647,0.278431372549,0.274509803922,0.254901960784,0.160784313725,0.301960784314,0.549019607843,0.647058823529,0.00392156862745,0.76862745098,0.58431372549,0.00392156862745,0.078431372549,0.0941176470588,0.454901960784,0.270588235294,0.478431372549,0.172549019608,0.533333333333,0.180392156863,0.149019607843,0.807843137255,0.709803921569,0.00392156862745,0.588235294118,0.247058823529,0.450980392157,0.0392156862745,0.372549019608,0.541176470588,0.839215686275,0.811764705882,0.737254901961,0.682352941176,0.658823529412,0.603921568627,0.537254901961,0.521568627451,0.478431372549,0.396078431373,0.380392156863,0.352941176471,0.262745098039,0.258823529412,0.239215686275,0.149019607843,0.145098039216,0.125490196078,19.5,-15.6,-2.5
Tube light (FL2),Morphine monohydrate,positive,0.0313725490196,0.152941176471,0.137254901961,0.372549019608,0.262745098039,0.16862745098,0.662745098039,0.482352941176,0.380392156863,0.298039215686,0.356862745098,0.478431372549,0.290196078431,0.345098039216,0.137254901961,0.411764705882,0.376470588235,0.541176470588,0.356862745098,0.596078431373,0.525490196078,0.749019607843,0.454901960784,0.00392156862745,0.196078431373,0.219607843137,0.525490196078,0.635294117647,0.278431372549,0.274509803922,0.254901960784,0.160784313725,0.301960784314,0.549019607843,0.647058823529,0.00392156862745,0.76862745098,0.58431372549,0.00392156862745,0.078431372549,0.0941176470588,0.454901960784,0.270588235294,0.478431372549,0.172549019608,0.533333333333,0.180392156863,0.149019607843,0.807843137255,0.709803921569,0.00392156862745,0.588235294118,0.247058823529,0.450980392157,0.0392156862745,0.372549019608,0.541176470588,0.839215686275,0.811764705882,0.737254901961,0.682352941176,0.658823529412,0.603921568627,0.537254901961,0.521568627451,0.478431372549,0.396078431373,0.380392156863,0.352941176471,0.262745098039,0.258823529412,0.239215686275,0.149019607843,0.145098039216,0.125490196078,19.5,-15.9,-2.5
White LED torch (LED-B3),Chlorpromazine HCl,negative,0.270588235294,0.172549019608,0.160784313725,0.462745098039,0.321568627451,0.219607843137,0.780392156863,0.564705882353,0.447058823529,0.349019607843,0.447058823529,0.6,0.349019607843,0.435294117647,0.160784313725,0.501960784314,0.462745098039,0.670588235294,0.345098039216,0.717647058824,0.623529411765,0.870588235294,0.498039215686,0.0,0.235294117647,0.286274509804,0.662745098039,0.792156862745,0.317647058824,0.345098039216,0.345098039216,0.211764705882,0.403921568627,0.603921568627,0.749019607843,0.0,0.894117647059,0.654901960784,0.00392156862745,0.0823529411765,0.129411764706,0.58431372549,0.254901960784,0.580392156863,0.16862745098,0.705882352941,0.203921568627,0.188235294118,0.917647058824,0.796078431373,0.00392156862745,0.749019607843,0.286274509804,0.56862745098,0.00392156862745,0.486274509804,0.658823529412,0.913725490196,0.901960784314,0.843137254902,0.760784313725,0.749019607843,0.713725490196,0.611764705882,0.611764705882,0.580392156863,0.466666666667,0.462745098039,0.443137254902,0.325490196078,0.329411764706,0.309803921569,0.2,0.2,0.18431372549,19.5,11.2,4.5
White LED torch (LED-B3),Mace5,negative,0.305882352941,0.301960784314,0.0313725490196,0.462745098039,0.321568627451,0.219607843137,0.780392156863,0.564705882353,0.447058823529,0.349019607843,0.447058823529,0.6,0.349019607843,0.435294117647,0.160784313725,0.501960784314,0.462745098039,0.670588235294,0.345098039216,0.717647058824,0.623529411765,0.870588235294,0.498039215686,0.0,0.235294117647,0.286274509804,0.662745098039,0.792156862745,0.317647058824,0.345098039216,0.345098039216,0.211764705882,0.403921568627,0.603921568627,0.749019607843,0.0,0.894117647059,0.654901960784,0.00392156862745,0.0823529411765,0.129411764706,0.58431372549,0.254901960784,0.580392156863,0.16862745098,0.705882352941,0.203921568627,0.188235294118,0.917647058824,0.796078431373,0.00392156862745,0.749019607843,0.286274509804,0.56862745098,0.00392156862745,0.486274509804,0.658823529412,0.913725490196,0.901960784314,0.843137254902,0.760784313725,0.749019607843,0.713725490196,0.611764705882,0.611764705882,0.580392156863,0.466666666667,0.462745098039,0.443137254902,0.325490196078,0.329411764706,0.309803921569,0.2,0.2,0.18431372549,29.8,-5.2,29.7
Incandescent bulb (A),Codeine,positive,0.0117647058824,0.2,0.141176470588,0.435294117647,0.329411764706,0.172549019608,0.776470588235,0.596078431373,0.392156862745,0.329411764706,0.462745098039,0.470588235294,0.321568627451,0.423529411765,0.145098039216,0.498039215686,0.490196078431,0.541176470588,0.333333333333,0.733333333333,0.545098039216,0.858823529412,0.537254901961,0.00392156862745,0.23137254902,0.325490196078,0.505882352941,0.792156862745,0.376470588235,0.286274509804,0.349019607843,0.23137254902,0.290196078431,0.576470588235,0.760784313725,0.0588235294118,0.874509803922,0.690196078431,0.0,0.0980392156863,0.2,0.439215686275,0.243137254902,0.576470588235,0.219607843137,0.737254901961,0.258823529412,0.176470588235,0.913725490196,0.839215686275,0.0,0.780392156863,0.364705882353,0.450980392157,0.0,0.494117647059,0.549019607843,0.937254901961,0.98431372549,0.733333333333,0.756862745098,0.807843137255,0.6,0.6,0.643137254902,0.478431372549,0.439215686275,0.478431372549,0.345098039216,0.305882352941,0.325490196078,0.239215686275,0.176470588235,0.188235294118,0.129411764706,20.2,-13.3,-2.1
Incandescent bulb (A),Opium,negative,0.176470588235,0.188235294118,0.0666666666667,0.435294117647,0.329411764706,0.172549019608,0.776470588235,0.596078431373,0.392156862745,0.329411764706,0.462745098039,0.470588235294,0.321568627451,0.423529411765,0.145098039216,0.498039215686,0.490196078431,0.541176470588,0.333333333333,0.733333333333,0.545098039216,0.858823529412,0.537254901961,0.00392156862745,0.23137254902,0.325490196078,0.505882352941,0.792156862745,0.376470588235,0.286274509804,0.349019607843,0.23137254902,0.290196078431,0.576470588235,0.760784313725,0.0588235294118,0.874509803922,0.690196078431,0.0,0.0980392156863,0.2,0.439215686275,0.243137254902,0.576470588235,0.219607843137,0.737254901961,0.258823529412,0.176470588235,0.913725490196,0.839215686275,0.0,0.780392156863,0.364705882353,0.450980392157,0.0,0.494117647059,0.549019607843,0.937254901961,0.98431372549,0.733333333333,0.756862745098,0.807843137255,0.6,0.6,0.643137254902,0.478431372549,0.439215686275,0.478431372549,0.345098039216,0.305882352941,0.325490196078,0.239215686275,0.176470588235,0.188235294118,0.129411764706,20.0,-3.1,11.6
Daylight (D65),Exedrine,negative,0.533333333333,0.533333333333,0.282352941176,0.388235294118,0.290196078431,0.211764705882,0.678431372549,0.537254901961,0.435294117647,0.235294117647,0.443137254902,0.564705882353,0.270588235294,0.388235294118,0.152941176471,0.4,0.466666666667,0.63137254902,0.152941176471,0.709803921569,0.6,0.776470588235,0.43137254902,0.0,0.117647058824,0.329411764706,0.611764705882,0.698039215686,0.294117647059,0.337254901961,0.290196078431,0.207843137255,0.360784313725,0.501960784314,0.701960784314,0.0,0.78431372549,0.572549019608,0.00392156862745,0.00392156862745,0.219607843137,0.541176470588,0.141176470588,0.556862745098,0.16862745098,0.635294117647,0.172549019608,0.180392156863,0.811764705882,0.737254901961,0.0,0.658823529412,0.301960784314,0.537254901961,0.0,0.505882352941,0.619607843137,0.796078431373,0.917647058824,0.847058823529,0.647058823529,0.749019607843,0.705882352941,0.513725490196,0.596078431373,0.560784313725,0.36862745098,0.443137254902,0.419607843137,0.258823529412,0.305882352941,0.290196078431,0.141176470588,0.176470588235,0.164705882353,60.6,-2.5,33.1
Daylight (D65),Codeine,positive,0.00392156862745,0.2,0.164705882353,0.388235294118,0.290196078431,0.211764705882,0.678431372549,0.537254901961,0.435294117647,0.235294117647,0.443137254902,0.564705882353,0.270588235294,0.388235294118,0.152941176471,0.4,0.466666666667,0.63137254902,0.152941176471,0.709803921569,0.6,0.776470588235,0.43137254902,0.0,0.117647058824,0.329411764706,0.611764705882,0.698039215686,0.294117647059,0.337254901961,0.290196078431,0.207843137255,0.360784313725,0.501960784314,0.701960784314,0.0,0.78431372549,0.572549019608,0.00392156862745,0.00392156862745,0.219607843137,0.541176470588,0.141176470588,0.556862745098,0.16862745098,0.635294117647,0.172549019608,0.180392156863,0.811764705882,0.737254901961,0.0,0.658823529412,0.301960784314,0.537254901961,0.0,0.505882352941,0.619607843137,0.796078431373,0.917647058824,0.847058823529,0.647058823529,0.749019607843,0.705882352941,0.513725490196,0.596078431373,0.560784313725,0.36862745098,0.443137254902,0.419607843137,0.258823529412,0.305882352941,0.290196078431,0.141176470588,0.176470588235,0.164705882353,21.1,-12.8,0.9
Tube light (FL2),Nutmeg,negative,0.266666666667,0.247058823529,0.078431372549,0.478431372549,0.4,0.2,0.749019607843,0.647058823529,0.407843137255,0.36862745098,0.521568627451,0.549019607843,0.364705882353,0.490196078431,0.101960784314,0.494117647059,0.545098039216,0.607843137255,0.396078431373,0.764705882353,0.560784313725,0.843137254902,0.603921568627,0.00392156862745,0.258823529412,0.388235294118,0.611764705882,0.745098039216,0.423529411765,0.329411764706,0.341176470588,0.294117647059,0.380392156863,0.619607843137,0.792156862745,0.00392156862745,0.843137254902,0.733333333333,0.0,0.101960784314,0.258823529412,0.552941176471,0.321568627451,0.627450980392,0.101960784314,0.643137254902,0.309803921569,0.188235294118,0.878431372549,0.862745098039,0.00392156862745,0.686274509804,0.407843137255,0.525490196078,0.00392156862745,0.541176470588,0.61568627451,0.886274509804,0.980392156863,0.737254901961,0.745098039216,0.83137254902,0.639215686275,0.61568627451,0.686274509804,0.521568627451,0.482352941176,0.533333333333,0.407843137255,0.345098039216,0.392156862745,0.298039215686,0.227450980392,0.254901960784,0.18431372549,19.1,3.3,19.3
Tube light (FL2),Hydrocodone tartrate,positive,0.00392156862745,0.364705882353,0.305882352941,0.478431372549,0.4,0.2,0.749019607843,0.647058823529,0.407843137255,0.36862745098,0.521568627451,0.549019607843,0.364705882353,0.490196078431,0.101960784314,0.494117647059,0.545098039216,0.607843137255,0.396078431373,0.764705882353,0.560784313725,0.843137254902,0.603921568627,0.00392156862745,0.258823529412,0.388235294118,0.611764705882,0.745098039216,0.423529411765,0.329411764706,0.341176470588,0.294117647059,0.380392156863,0.619607843137,0.792156862745,0.00392156862745,0.843137254902,0.733333333333,0.0,0.101960784314,0.258823529412,0.552941176471,0.321568627451,0.627450980392,0.101960784314,0.643137254902,0.309803921569,0.188235294118,0.878431372549,0.862745098039,0.00392156862745,0.686274509804,0.407843137255,0.525490196078,0.00392156862745,0.541176470588,0.61568627451,0.886274509804,0.980392156863,0.737254901961,0.745098039216,0.83137254902,0.639215686275,0.61568627451,0.686274509804,0.521568627451,0.482352941176,0.533333333333,0.407843137255,0.345098039216,0.392156862745,0.298039215686,0.227450980392,0.254901960784,0.18431372549,31.1,-21.1,-6.3
White LED torch (LED-B3),Codeine,positive,0.0117647058824,0.247058823529,0.196078431373,0.450980392157,0.349019607843,0.2,0.741176470588,0.588235294118,0.41568627451,0.305882352941,0.478431372549,0.58431372549,0.321568627451,0.458823529412,0.105882352941,0.466666666667,0.498039215686,0.650980392157,0.235294117647,0.741176470588,0.592156862745,0.83137254902,0.525490196078,0.0,0.188235294118,0.329411764706,0.647058823529,0.764705882353,0.352941176471,0.333333333333,0.345098039216,0.243137254902,0.403921568627,0.556862745098,0.764705882353,0.0,0.847058823529,0.674509803922,0.00392156862745,0.0392156862745,0.18431372549,0.580392156863,0.176470588235,0.603921568627,0.0745098039216,0.694117647059,0.239215686275,0.172549019608,0.858823529412,0.811764705882,0.0,0.729411764706,0.333333333333,0.564705882353,0.0,0.521568627451,0.643137254902,0.839215686275,0.913725490196,0.780392156863,0.698039215686,0.76862745098,0.670588235294,0.576470588235,0.635294117647,0.560784313725,0.439215686275,0.494117647059,0.427450980392,0.317647058824,0.356862745098,0.313725490196,0.2,0.223529411765,0.196078431373,20.0,-16.4,-0.1
White LED torch (LED-B3),Nutmeg,negative,0.247058823529,0.21568627451,0.0862745098039,0.450980392157,0.349019607843,0.2,0.741176470588,0.588235294118,0.41568627451,0.305882352941,0.478431372549,0.58431372549,0.321568627451,0.458823529412,0.105882352941,0.466666666667,0.498039215686,0.650980392157,0.235294117647,0.741176470588,0.592156862745,0.83137254902,0.525490196078,0.0,0.188235294118,0.329411764706,0.647058823529,0.764705882353,0.352941176471,0.333333333333,0.345098039216,0.243137254902,0.403921568627,0.556862745098,0.764705882353,0.0,0.847058823529,0.674509803922,0.00392156862745,0.0392156862745,0.18431372549,0.580392156863,0.176470588235,0.603921568627,0.0745098039216,0.694117647059,0.239215686275,0.172549019608,0.858823529412,0.811764705882,0.0,0.729411764706,0.333333333333,0.564705882353,0.0,0.521568627451,0.643137254902,0.839215686275,0.913725490196,0.780392156863,0.698039215686,0.76862745098,0.670588235294,0.576470588235,0.635294117647,0.560784313725,0.439215686275,0.494117647059,0.427450980392,0.317647058824,0.356862745098,0.313725490196,0.2,0.223529411765,0.196078431373,19.1,3.4,18.9
Incandescent bulb (A),Mescaline HCl,negative,0.470588235294,0.423529411765,0.0,0.4,0.270588235294,0.133333333333,0.717647058824,0.501960784314,0.349019607843,0.290196078431,0.38431372549,0.443137254902,0.282352941176,0.360784313725,0.0901960784314,0.447058823529,0.407843137255,0.501960784314,0.258823529412,0.635294117647,0.501960784314,0.792156862745,0.450980392157,0.0,0.2,0.258823529412,0.482352941176,0.733333333333,0.290196078431,0.23137254902,0.313725490196,0.180392156863,0.266666666667,0.513725490196,0.658823529412,0.00392156862745,0.803921568627,0.58431372549,0.0,0.0705882352941,0.141176470588,0.41568627451,0.176470588235,0.498039215686,0.164705882353,0.682352941176,0.176470588235,0.113725490196,0.839215686275,0.721568627451,0.0,0.717647058824,0.270588235294,0.403921568627,0.0,0.41568627451,0.517647058824,0.850980392157,0.847058823529,0.674509803922,0.682352941176,0.686274509804,0.552941176471,0.541176470588,0.541176470588,0.439215686275,0.392156862745,0.4,0.317647058824,0.266666666667,0.270588235294,0.21568627451,0.149019607843,0.152941176471,0.109803921569,51.5,-2.8,46.9
Incandescent bulb (A),Codeine,positive,0.00392156862745,0.164705882353,0.125490196078,0.4,0.270588235294,0.133333333333,0.717647058824,0.501960784314,0.349019607843,0.290196078431,0.38431372549,0.443137254902,0.282352941176,0.360784313725,0.0901960784314,0.447058823529,0.407843137255,0.501960784314,0.258823529412,0.635294117647,0.501960784314,0.792156862745,0.450980392157,0.0,0.2,0.258823529412,0.482352941176,0.733333333333,0.290196078431,0.23137254902,0.313725490196,0.180392156863,0.266666666667,0.513725490196,0.658823529412,0.00392156862745,0.803921568627,0.58431372549,0.0,0.0705882352941,0.141176470588,0.41568627451,0.176470588235,0.498039215686,0.164705882353,0.682352941176,0.176470588235,0.113725490196,0.839215686275,0.721568627451,0.0,0.717647058824,0.270588235294,0.403921568627,0.0,0.41568627451,0.517647058824,0.850980392157,0.847058823529,0.674509803922,0.682352941176,0.686274509804,0.552941176471,0.541176470588,0.541176470588,0.439215686275,0.392156862745,0.4,0.317647058824,0.266666666667,0.270588235294,0.21568627451,0.149019607843,0.152941176471,0.109803921569,20.0,-12.2,-1.9
Daylight (D65),Contac,negative,0.443137254902,0.333333333333,0.0156862745098,0.427450980392,0.298039215686,0.223529411765,0.737254901961,0.549019607843,0.462745098039,0.321568627451,0.458823529412,0.56862745098,0.329411764706,0.403921568627,0.18431372549,0.466666666667,0.478431372549,0.639215686275,0.333333333333,0.705882352941,0.611764705882,0.823529411765,0.439215686275,0.0117647058824,0.21568627451,0.341176470588,0.619607843137,0.737254901961,0.298039215686,0.352941176471,0.325490196078,0.21568627451,0.372549019608,0.580392156863,0.701960784314,0.0,0.839215686275,0.580392156863,0.0,0.0666666666667,0.227450980392,0.549019607843,0.262745098039,0.560784313725,0.21568627451,0.674509803922,0.176470588235,0.211764705882,0.878431372549,0.729411764706,0.0,0.705882352941,0.305882352941,0.552941176471,0.00392156862745,0.509803921569,0.623529411765,0.894117647059,0.909803921569,0.854901960784,0.729411764706,0.752941176471,0.713725490196,0.580392156863,0.6,0.576470588235,0.435294117647,0.447058823529,0.43137254902,0.305882352941,0.313725490196,0.301960784314,0.176470588235,0.18431372549,0.176470588235,40.4,5.4,41.6
Daylight (D65),Morphine monohydrate,positive,0.0274509803922,0.207843137255,0.176470588235,0.427450980392,0.298039215686,0.223529411765,0.737254901961,0.549019607843,0.462745098039,0.321568627451,0.458823529412,0.56862745098,0.329411764706,0.403921568627,0.18431372549,0.466666666667,0.478431372549,0.639215686275,0.333333333333,0.705882352941,0.611764705882,0.823529411765,0.439215686275,0.0117647058824,0.21568627451,0.341176470588,0.619607843137,0.737254901961,0.298039215686,0.352941176471,0.325490196078,0.21568627451,0.372549019608,0.580392156863,0.701960784314,0.0,0.839215686275,0.580392156863,0.0,0.0666666666667,0.227450980392,0.549019607843,0.262745098039,0.560784313725,0.21568627451,0.674509803922,0.176470588235,0.211764705882,0.878431372549,0.729411764706,0.0,0.705882352941,0.305882352941,0.552941176471,0.00392156862745,0.509803921569,0.623529411765,0.894117647059,0.909803921569,0.854901960784,0.729411764706,0.752941176471,0.713725490196,0.580392156863,0.6,0.576470588235,0.435294117647,0.447058823529,0.43137254902,0.305882352941,0.313725490196,0.301960784314,0.176470588235,0.18431372549,0.176470588235,20.3,-15.2,0.2
Tube light (FL2),Codeine,positive,0.0117647058824,0.235294117647,0.188235294118,0.43137254902,0.360784313725,0.188235294118,0.721568627451,0.607843137255,0.419607843137,0.294117647059,0.474509803922,0.58431372549,0.309803921569,0.454901960784,0.0823529411765,0.439215686275,0.494117647059,0.647058823529,0.258823529412,0.737254901961,0.6,0.823529411765,0.56862745098,0.0,0.176470588235,0.321568627451,0.647058823529,0.721568627451,0.372549019608,0.313725490196,0.298039215686,0.243137254902,0.392156862745,0.556862745098,0.776470588235,0.00392156862745,0.823529411765,0.709803921569,0.0,0.0235294117647,0.18431372549,0.576470588235,0.211764705882,0.603921568627,0.0823529411765,0.619607843137,0.262745098039,0.156862745098,0.843137254902,0.847058823529,0.00392156862745,0.658823529412,0.345098039216,0.552941176471,0.0,0.494117647059,0.650980392157,0.839215686275,0.960784313725,0.796078431373,0.694117647059,0.8,0.670588235294,0.560784313725,0.650980392157,0.541176470588,0.427450980392,0.494117647059,0.419607843137,0.301960784314,0.356862745098,0.298039215686,0.18431372549,0.219607843137,0.180392156863,19.9,-17.0,-0.5
Tube light (FL2),Morphine monohydrate,positive,0.0156862745098,0.235294117647,0.18431372549,0.43137254902,0.360784313725,0.188235294118,0.721568627451,0.607843137255,0.419607843137,0.294117647059,0.474509803922,0.58431372549,0.309803921569,0.454901960784,0.0823529411765,0.439215686275,0.494117647059,0.647058823529,0.258823529412,0.737254901961,0.6,0.823529411765,0.56862745098,0.0,0.176470588235,0.321568627451,0.647058823529,0.721568627451,0.372549019608,0.313725490196,0.298039215686,0.243137254902,0.392156862745,0.556862745098,0.776470588235,0.00392156862745,0.823529411765,0.709803921569,0.0,0.0235294117647,0.18431372549,0.576470588235,0.211764705882,0.603921568627,0.0823529411765,0.619607843137,0.262745098039,0.156862745098,0.843137254902,0.847058823529,0.00392156862745,0.658823529412,0.345098039216,0.552941176471,0.0,0.494117647059,0.650980392157,0.839215686275,0.960784313725,0.796078431373,0.694117647059,0.8,0.670588235294,0.560784313725,0.650980392157,0.541176470588,0.427450980392,0.494117647059,0.419607843137,0.301960784314,0.356862745098,0.298039215686,0.18431372549,0.219607843137,0.180392156863,19.8,-17.1,0.1
White LED torch (LED-B3),Opium,negative,0.23137254902,0.223529411765,0.133333333333,0.482352941176,0.349019607843,0.262745098039,0.772549019608,0.576470588235,0.478431372549,0.388235294118,0.462745098039,0.588235294118,0.376470588235,0.447058823529,0.219607843137,0.513725490196,0.478431372549,0.639215686275,0.411764705882,0.698039215686,0.611764705882,0.843137254902,0.521568627451,0.0078431372549,0.286274509804,0.317647058824,0.635294117647,0.764705882353,0.356862745098,0.376470588235,0.36862745098,0.243137254902,0.407843137255,0.61568627451,0.725490196078,0.0156862745098,0.847058823529,0.643137254902,0.0,0.137254901961,0.172549019608,0.576470588235,0.329411764706,0.58431372549,0.243137254902,0.690196078431,0.250980392157,0.243137254902,0.882352941176,0.772549019608,0.0,0.725490196078,0.329411764706,0.564705882353,0.0196078431373,0.494117647059,0.627450980392,0.901960784314,0.878431372549,0.81568627451,0.756862745098,0.741176470588,0.698039215686,0.627450980392,0.611764705882,0.576470588235,0.486274509804,0.478431372549,0.447058823529,0.352941176471,0.349019607843,0.329411764706,0.227450980392,0.223529411765,0.211764705882,19.0,-2.9,15.1
White LED torch (LED-B3),Mace5,negative,0.325490196078,0.317647058824,0.0705882352941,0.482352941176,0.349019607843,0.262745098039,0.772549019608,0.576470588235,0.478431372549,0.388235294118,0.462745098039,0.588235294118,0.376470588235,0.447058823529,0.219607843137,0.513725490196,0.478431372549,0.639215686275,0.411764705882,0.698039215686,0.611764705882,0.843137254902,0.521568627451,0.0078431372549,0.286274509804,0.317647058824,0.635294117647,0.764705882353,0.356862745098,0.376470588235,0.36862745098,0.243137254902,0.407843137255,0.61568627451,0.725490196078,0.0156862745098,0.847058823529,0.643137254902,0.0,0.137254901961,0.172549019608,0.576470588235,0.329411764706,0.58431372549,0.243137254902,0.690196078431,0.250980392157,0.243137254902,0.882352941176,0.772549019608,0.0,0.725490196078,0.329411764706,0.564705882353,0.0196078431373,0.494117647059,0.627450980392,0.901960784314,0.878431372549,0.81568627451,0.756862745098,0.741176470588,0.698039215686,0.627450980392,0.611764705882,0.576470588235,0.486274509804,0.478431372549,0.447058823529,0.352941176471,0.349019607843,0.329411764706,0.227450980392,0.223529411765,0.211764705882,30.0,-5.9,34.0
Incandescent bulb (A),Morphine monohydrate,positive,0.00392156862745,0.203921568627,0.16862745098,0.443137254902,0.321568627451,0.192156862745,0.776470588235,0.572549019608,0.419607843137,0.321568627451,0.443137254902,0.521568627451,0.321568627451,0.419607843137,0.152941176471,0.494117647059,0.466666666667,0.588235294118,0.278431372549,0.705882352941,0.592156862745,0.850980392157,0.521568627451,0.0,0.227450980392,0.305882352941,0.560784313725,0.796078431373,0.352941176471,0.298039215686,0.360784313725,0.219607843137,0.329411764706,0.564705882353,0.741176470588,0.0235294117647,0.870588235294,0.666666666667,0.0,0.078431372549,0.172549019608,0.490196078431,0.203921568627,0.56862745098,0.243137254902,0.749019607843,0.235294117647,0.172549019608,0.905882352941,0.807843137255,0.0,0.78431372549,0.333333333333,0.486274509804,0.0,0.474509803922,0.607843137255,0.905882352941,0.937254901961,0.776470588235,0.745098039216,0.772549019608,0.658823529412,0.6,0.619607843137,0.529411764706,0.447058823529,0.462745098039,0.396078431373,0.309803921569,0.325490196078,0.270588235294,0.18431372549,0.192156862745,0.156862745098,20.3,-14.2,-1.7
Incandescent bulb (A),Oxycodone HCl,negative,0.521568627451,0.490196078431,0.0,0.443137254902,0.321568627451,0.192156862745,0.776470588235,0.572549019608,0.419607843137,0.321568627451,0.443137254902,0.521568627451,0.321568627451,0.419607843137,0.152941176471,0.494117647059,0.466666666667,0.588235294118,0.278431372549,0.705882352941,0.592156862745,0.850980392157,0.521568627451,0.0,0.227450980392,0.305882352941,0.560784313725,0.796078431373,0.352941176471,0.298039215686,0.360784313725,0.219607843137,0.329411764706,0.564705882353,0.741176470588,0.0235294117647,0.870588235294,0.666666666667,0.0,0.078431372549,0.172549019608,0.490196078431,0.203921568627,0.56862745098,0.243137254902,0.749019607843,0.235294117647,0.172549019608,0.905882352941,0.807843137255,0.0,0.78431372549,0.333333333333,0.486274509804,0.0,0.474509803922,0.607843137255,0.905882352941,0.937254901961,0.776470588235,0.745098039216,0.772549019608,0.658823529412,0.6,0.619607843137,0.529411764706,0.447058823529,0.462745098039,0.396078431373,0.309803921569,0.325490196078,0.270588235294,0.18431372549,0.192156862745,0.156862745098,51.3,-4.2,50.8
Daylight (D65),Diacetylmorphine HCl,positive,0.00392156862745,0.317647058824,0.250980392157,0.364705882353,0.301960784314,0.203921568627,0.623529411765,0.541176470588,0.41568627451,0.219607843137,0.454901960784,0.517647058824,0.258823529412,0.396078431373,0.152941176471,0.372549019608,0.478431372549,0.58431372549,0.129411764706,0.694117647059,0.556862745098,0.705882352941,0.439215686275,0.00392156862745,0.0941176470588,0.349019607843,0.564705882353,0.639215686275,0.321568627451,0.317647058824,0.274509803922,0.23137254902,0.345098039216,0.462745098039,0.678431372549,0.00392156862745,0.717647058824,0.576470588235,0.00392156862745,0.0078431372549,0.247058823529,0.498039215686,0.129411764706,0.541176470588,0.172549019608,0.58431372549,0.207843137255,0.18431372549,0.733333333333,0.713725490196,0.0,0.607843137255,0.329411764706,0.501960784314,0.0,0.509803921569,0.572549019608,0.709803921569,0.878431372549,0.760784313725,0.580392156863,0.729411764706,0.639215686275,0.466666666667,0.588235294118,0.517647058824,0.349019607843,0.447058823529,0.392156862745,0.239215686275,0.313725490196,0.274509803922,0.141176470588,0.188235294118,0.160784313725,32.9,-19.3,0.6
Daylight (D65),Propoxyphene HCl,negative,0.286274509804,0.109803921569,0.0588235294118,0.364705882353,0.301960784314,0.203921568627,0.623529411765,0.541176470588,0.41568627451,0.219607843137,0.454901960784,0.517647058824,0.258823529412,0.396078431373,0.152941176471,0.372549019608,0.478431372549,0.58431372549,0.129411764706,0.694117647059,0.556862745098,0.705882352941,0.439215686275,0.00392156862745,0.0941176470588,0.349019607843,0.564705882353,0.639215686275,0.321568627451,0.317647058824,0.274509803922,0.23137254902,0.345098039216,0.462745098039,0.678431372549,0.00392156862745,0.717647058824,0.576470588235,0.00392156862745,0.0078431372549,0.247058823529,0.498039215686,0.129411764706,0.541176470588,0.172549019608,0.58431372549,0.207843137255,0.18431372549,0.733333333333,0.713725490196,0.0,0.607843137255,0.329411764706,0.501960784314,0.0,0.509803921569,0.572549019608,0.709803921569,0.878431372549,0.760784313725,0.580392156863,0.729411764706,0.639215686275,0.466666666667,0.588235294118,0.517647058824,0.349019607843,0.447058823529,0.392156862745,0.239215686275,0.313725490196,0.274509803922,0.141176470588,0.188235294118,0.160784313725,18.9,27.2,20.2
Tube light (FL2),MDA HCl,positive,0.58431372549,0.607843137255,0.588235294118,0.392156862745,0.282352941176,0.188235294118,0.705882352941,0.517647058824,0.43137254902,0.290196078431,0.372549019608,0.556862745098,0.290196078431,0.372549019608,0.149019607843,0.41568627451,0.388235294118,0.623529411765,0.321568627451,0.635294117647,0.6,0.811764705882,0.490196078431,0.0,0.18431372549,0.21568627451,0.611764705882,0.690196078431,0.286274509804,0.309803921569,0.258823529412,0.160784313725,0.349019607843,0.560784313725,0.694117647059,0.0078431372549,0.803921568627,0.623529411765,0.00392156862745,0.0549019607843,0.0549019607843,0.533333333333,0.254901960784,0.521568627451,0.196078431373,0.576470588235,0.188235294118,0.160784313725,0.858823529412,0.772549019608,0.0,0.623529411765,0.243137254902,0.521568627451,0.0,0.38431372549,0.623529411765,0.890196078431,0.890196078431,0.858823529412,0.713725490196,0.713725490196,0.705882352941,0.560784313725,0.560784313725,0.552941176471,0.407843137255,0.407843137255,0.407843137255,0.270588235294,0.274509803922,0.270588235294,0.149019607843,0.149019607843,0.149019607843,42.0,-6.2,1.2
Tube light (FL2),Hydrocodone tartrate,positive,0.00392156862745,0.239215686275,0.270588235294,0.392156862745,0.282352941176,0.188235294118,0.705882352941,0.517647058824,0.43137254902,0.290196078431,0.372549019608,0.556862745098,0.290196078431,0.372549019608,0.149019607843,0.41568627451,0.388235294118,0.623529411765,0.321568627451,0.635294117647,0.6,0.811764705882,0.490196078431,0.0,0.18431372549,0.21568627451,0.611764705882,0.690196078431,0.286274509804,0.309803921569,0.258823529412,0.160784313725,0.349019607843,0.560784313725,0.694117647059,0.0078431372549,0.803921568627,0.623529411765,0.00392156862745,0.0549019607843,0.0549019607843,0.533333333333,0.254901960784,0.521568627451,0.196078431373,0.576470588235,0.188235294118,0.160784313725,0.858823529412,0.772549019608,0.0,0.623529411765,0.243137254902,0.521568627451,0.0,0.38431372549,0.623529411765,0.890196078431,0.890196078431,0.858823529412,0.713725490196,0.713725490196,0.705882352941,0.560784313725,0.560784313725,0.552941176471,0.407843137255,0.407843137255,0.407843137255,0.270588235294,0.274509803922,0.270588235294,0.149019607843,0.149019607843,0.149019607843,30.2,-18.4,-7.1
White LED torch (LED-B3),Codeine,positive,0.00392156862745,0.18431372549,0.141176470588,0.392156862745,0.290196078431,0.152941176471,0.701960784314,0.541176470588,0.36862745098,0.239215686275,0.41568627451,0.537254901961,0.254901960784,0.396078431373,0.0549019607843,0.4,0.43137254902,0.611764705882,0.105882352941,0.694117647059,0.549019607843,0.8,0.466666666667,0.0,0.121568627451,0.262745098039,0.603921568627,0.717647058824,0.290196078431,0.278431372549,0.274509803922,0.180392156863,0.345098039216,0.486274509804,0.721568627451,0.0,0.803921568627,0.623529411765,0.00392156862745,0.0117647058824,0.125490196078,0.533333333333,0.0705882352941,0.552941176471,0.0235294117647,0.639215686275,0.172549019608,0.105882352941,0.823529411765,0.776470588235,0.0,0.670588235294,0.262745098039,0.509803921569,0.0,0.454901960784,0.592156862745,0.811764705882,0.913725490196,0.776470588235,0.650980392157,0.741176470588,0.639215686275,0.513725490196,0.588235294118,0.509803921569,0.376470588235,0.43137254902,0.372549019608,0.247058823529,0.294117647059,0.254901960784,0.141176470588,0.164705882353,0.137254901961,20.7,-13.5,0.2
White LED torch (LED-B3),Dristan,negative,0.650980392157,0.537254901961,0.00392156862745,0.392156862745,0.290196078431,0.152941176471,0.701960784314,0.541176470588,0.36862745098,0.239215686275,0.41568627451,0.537254901961,0.254901960784,0.396078431373,0.0549019607843,0.4,0.43137254902,0.611764705882,0.105882352941,0.694117647059,0.549019607843,0.8,0.466666666667,0.0,0.121568627451,0.262745098039,0.603921568627,0.717647058824,0.290196078431,0.278431372549,0.274509803922,0.180392156863,0.345098039216,0.486274509804,0.721568627451,0.0,0.803921568627,0.623529411765,0.00392156862745,0.0117647058824,0.125490196078,0.533333333333,0.0705882352941,0.552941176471,0.0235294117647,0.639215686275,0.172549019608,0.105882352941,0.823529411765,0.776470588235,0.0,0.670588235294,0.262745098039,0.509803921569,0.0,0.454901960784,0.592156862745,0.811764705882,0.913725490196,0.776470588235,0.650980392157,0.741176470588,0.639215686275,0.513725490196,0.588235294118,0.509803921569,0.376470588235,0.43137254902,0.372549019608,0.247058823529,0.294117647059,0.254901960784,0.141176470588,0.164705882353,0.137254901961,61.9,9.4,50.9
Incandescent bulb (A),Opium,negative,0.23137254902,0.2,0.145098039216,0.498039215686,0.317647058824,0.270588235294,0.811764705882,0.529411764706,0.525490196078,0.403921568627,0.407843137255,0.588235294118,0.388235294118,0.411764705882,0.262745098039,0.556862745098,0.423529411765,0.647058823529,0.423529411765,0.647058823529,0.674509803922,0.882352941176,0.498039215686,0.137254901961,0.309803921569,0.254901960784,0.611764705882,0.819607843137,0.325490196078,0.38431372549,0.407843137255,0.2,0.38431372549,0.643137254902,0.686274509804,0.309803921569,0.898039215686,0.619607843137,0.0549019607843,0.16862745098,0.0862745098039,0.541176470588,0.325490196078,0.541176470588,0.356862745098,0.764705882353,0.21568627451,0.258823529412,0.929411764706,0.741176470588,0.152941176471,0.803921568627,0.278431372549,0.545098039216,0.043137254902,0.427450980392,0.658823529412,0.956862745098,0.827450980392,0.870588235294,0.8,0.690196078431,0.741176470588,0.654901960784,0.564705882353,0.603921568627,0.501960784314,0.435294117647,0.466666666667,0.360784313725,0.313725490196,0.337254901961,0.23137254902,0.192156862745,0.207843137255,19.8,-2.9,11.8
Incandescent bulb (A),Contac,negative,0.509803921569,0.364705882353,0.141176470588,0.498039215686,0.317647058824,0.270588235294,0.811764705882,0.529411764706,0.525490196078,0.403921568627,0.407843137255,0.588235294118,0.388235294118,0.411764705882,0.262745098039,0.556862745098,0.423529411765,0.647058823529,0.423529411765,0.647058823529,0.674509803922,0.882352941176,0.498039215686,0.137254901961,0.309803921569,0.254901960784,0.611764705882,0.819607843137,0.325490196078,0.38431372549,0.407843137255,0.2,0.38431372549,0.643137254902,0.686274509804,0.309803921569,0.898039215686,0.619607843137,0.0549019607843,0.16862745098,0.0862745098039,0.541176470588,0.325490196078,0.541176470588,0.356862745098,0.764705882353,0.21568627451,0.258823529412,0.929411764706,0.741176470588,0.152941176471,0.803921568627,0.278431372549,0.545098039216,0.043137254902,0.427450980392,0.658823529412,0.956862745098,0.827450980392,0.870588235294,0.8,0.690196078431,0.741176470588,0.654901960784,0.564705882353,0.603921568627,0.501960784314,0.435294117647,0.466666666667,0.360784313725,0.313725490196,0.337254901961,0.23137254902,0.192156862745,0.207843137255,40.3,5.7,38.6
Tube light (FL2),Hydrocodone tartrate,positive,0.0,0.329411764706,0.301960784314,0.439215686275,0.372549019608,0.203921568627,0.717647058824,0.611764705882,0.427450980392,0.321568627451,0.482352941176,0.560784313725,0.329411764706,0.458823529412,0.129411764706,0.450980392157,0.505882352941,0.619607843137,0.341176470588,0.733333333333,0.58431372549,0.811764705882,0.576470588235,0.00392156862745,0.211764705882,0.341176470588,0.61568627451,0.709803921569,0.392156862745,0.325490196078,0.305882352941,0.258823529412,0.38431372549,0.576470588235,0.772549019608,0.00392156862745,0.81568627451,0.713725490196,0.00392156862745,0.0666666666667,0.207843137255,0.549019607843,0.274509803922,0.6,0.152941176471,0.611764705882,0.282352941176,0.180392156863,0.843137254902,0.839215686275,0.0,0.654901960784,0.36862745098,0.529411764706,0.0,0.498039215686,0.623529411765,0.850980392157,0.960784313725,0.772549019608,0.705882352941,0.8,0.658823529412,0.576470588235,0.650980392157,0.541176470588,0.443137254902,0.501960784314,0.411764705882,0.313725490196,0.364705882353,0.294117647059,0.196078431373,0.227450980392,0.180392156863,30.4,-19.8,-7.4
Tube light (FL2),Oxycodone HCl,negative,0.509803921569,0.529411764706,0.0,0.439215686275,0.372549019608,0.203921568627,0.717647058824,0.611764705882,0.427450980392,0.321568627451,0.482352941176,0.560784313725,0.329411764706,0.458823529412,0.129411764706,0.450980392157,0.505882352941,0.619607843137,0.341176470588,0.733333333333,0.58431372549,0.811764705882,0.576470588235,0.00392156862745,0.211764705882,0.341176470588,0.61568627451,0.709803921569,0.392156862745,0.325490196078,0.305882352941,0.258823529412,0.38431372549,0.576470588235,0.772549019608,0.00392156862745,0.81568627451,0.713725490196,0.00392156862745,0.0666666666667,0.207843137255,0.549019607843,0.274509803922,0.6,0.152941176471,0.611764705882,0.282352941176,0.180392156863,0.843137254902,0.839215686275,0.0,0.654901960784,0.36862745098,0.529411764706,0.0,0.498039215686,0.623529411765,0.850980392157,0.960784313725,0.772549019608,0.705882352941,0.8,0.658823529412,0.576470588235,0.650980392157,0.541176470588,0.443137254902,0.501960784314,0.411764705882,0.313725490196,0.364705882353,0.294117647059,0.196078431373,0.227450980392,0.180392156863,51.1,-4.6,46.2
White LED torch (LED-B3),Codeine,positive,0.0235294117647,0.239215686275,0.188235294118,0.450980392157,0.356862745098,0.23137254902,0.745098039216,0.607843137255,0.447058823529,0.341176470588,0.482352941176,0.56862745098,0.337254901961,0.454901960784,0.180392156863,0.482352941176,0.505882352941,0.63137254902,0.349019607843,0.745098039216,0.592156862745,0.835294117647,0.549019607843,0.00392156862745,0.227450980392,0.341176470588,0.623529411765,0.749019607843,0.380392156863,0.352941176471,0.337254901961,0.250980392157,0.380392156863,0.588235294118,0.76862745098,0.00392156862745,0.843137254902,0.682352941176,0.0,0.0705882352941,0.203921568627,0.552941176471,0.270588235294,0.607843137255,0.2,0.674509803922,0.266666666667,0.211764705882,0.878431372549,0.823529411765,0.0,0.709803921569,0.360784313725,0.541176470588,0.00392156862745,0.521568627451,0.611764705882,0.886274509804,0.952941176471,0.811764705882,0.733333333333,0.796078431373,0.690196078431,0.596078431373,0.650980392157,0.560784313725,0.450980392157,0.498039215686,0.427450980392,0.321568627451,0.356862745098,0.305882352941,0.2,0.219607843137,0.188235294118,19.5,-18.3,-0.8
White LED torch (LED-B3),Diacetylmorphine HCl,positive,0.0,0.349019607843,0.282352941176,0.450980392157,0.356862745098,0.23137254902,0.745098039216,0.607843137255,0.447058823529,0.341176470588,0.482352941176,0.56862745098,0.337254901961,0.454901960784,0.180392156863,0.482352941176,0.505882352941,0.63137254902,0.349019607843,0.745098039216,0.592156862745,0.835294117647,0.549019607843,0.00392156862745,0.227450980392,0.341176470588,0.623529411765,0.749019607843,0.380392156863,0.352941176471,0.337254901961,0.250980392157,0.380392156863,0.588235294118,0.76862745098,0.00392156862745,0.843137254902,0.682352941176,0.0,0.0705882352941,0.203921568627,0.552941176471,0.270588235294,0.607843137255,0.2,0.674509803922,0.266666666667,0.211764705882,0.878431372549,0.823529411765,0.0,0.709803921569,0.360784313725,0.541176470588,0.00392156862745,0.521568627451,0.611764705882,0.886274509804,0.952941176471,0.811764705882,0.733333333333,0.796078431373,0.690196078431,0.596078431373,0.650980392157,0.560784313725,0.450980392157,0.498039215686,0.427450980392,0.321568627451,0.356862745098,0.305882352941,0.2,0.219607843137,0.188235294118,31.3,-23.1,-1.3
Incandescent bulb (A),Oxycodone HCl,negative,0.513725490196,0.466666666667,0.0352941176471,0.450980392157,0.329411764706,0.219607843137,0.741176470588,0.545098039216,0.447058823529,0.349019607843,0.43137254902,0.509803921569,0.345098039216,0.411764705882,0.196078431373,0.501960784314,0.450980392157,0.560784313725,0.345098039216,0.650980392157,0.576470588235,0.8,0.505882352941,0.0196078431373,0.262745098039,0.301960784314,0.541176470588,0.749019607843,0.352941176471,0.321568627451,0.372549019608,0.23137254902,0.333333333333,0.564705882353,0.682352941176,0.164705882353,0.807843137255,0.619607843137,0.0,0.129411764706,0.180392156863,0.478431372549,0.262745098039,0.541176470588,0.282352941176,0.705882352941,0.247058823529,0.211764705882,0.843137254902,0.733333333333,0.0,0.733333333333,0.325490196078,0.478431372549,0.0,0.450980392157,0.572549019608,0.854901960784,0.83137254902,0.737254901961,0.713725490196,0.701960784314,0.627450980392,0.58431372549,0.576470588235,0.517647058824,0.447058823529,0.443137254902,0.396078431373,0.321568627451,0.321568627451,0.282352941176,0.203921568627,0.203921568627,0.16862745098,51.0,-3.3,52.6
Incandescent bulb (A),Nutmeg,negative,0.247058823529,0.196078431373,0.101960784314,0.450980392157,0.329411764706,0.219607843137,0.741176470588,0.545098039216,0.447058823529,0.349019607843,0.43137254902,0.509803921569,0.345098039216,0.411764705882,0.196078431373,0.501960784314,0.450980392157,0.560784313725,0.345098039216,0.650980392157,0.576470588235,0.8,0.505882352941,0.0196078431373,0.262745098039,0.301960784314,0.541176470588,0.749019607843,0.352941176471,0.321568627451,0.372549019608,0.23137254902,0.333333333333,0.564705882353,0.682352941176,0.164705882353,0.807843137255,0.619607843137,0.0,0.129411764706,0.180392156863,0.478431372549,0.262745098039,0.541176470588,0.282352941176,0.705882352941,0.247058823529,0.211764705882,0.843137254902,0.733333333333,0.0,0.733333333333,0.325490196078,0.478431372549,0.0,0.450980392157,0.572549019608,0.854901960784,0.83137254902,0.737254901961,0.713725490196,0.701960784314,0.627450980392,0.58431372549,0.576470588235,0.517647058824,0.447058823529,0.443137254902,0.396078431373,0.321568627451,0.321568627451,0.282352941176,0.203921568627,0.203921568627,0.16862745098,19.3,5.4,12.3
Daylight (D65),Diacetylmorphine HCl,positive,0.0,0.317647058824,0.258823529412,0.392156862745,0.294117647059,0.2,0.690196078431,0.552941176471,0.435294117647,0.211764705882,0.458823529412,0.56862745098,0.258823529412,0.4,0.121568627451,0.392156862745,0.478431372549,0.647058823529,0.0313725490196,0.729411764706,0.603921568627,0.792156862745,0.43137254902,0.0,0.0705882352941,0.337254901961,0.63137254902,0.717647058824,0.286274509804,0.321568627451,0.286274509804,0.207843137255,0.36862745098,0.486274509804,0.713725490196,0.0,0.8,0.588235294118,0.0,0.00392156862745,0.219607843137,0.545098039216,0.0627450980392,0.564705882353,0.105882352941,0.650980392157,0.160784313725,0.160784313725,0.819607843137,0.749019607843,0.0,0.678431372549,0.294117647059,0.545098039216,0.00392156862745,0.517647058824,0.627450980392,0.78431372549,0.929411764706,0.839215686275,0.63137254902,0.760784313725,0.701960784314,0.501960784314,0.603921568627,0.552941176471,0.364705882353,0.447058823529,0.411764705882,0.247058823529,0.305882352941,0.282352941176,0.137254901961,0.176470588235,0.160784313725,33.2,-17.5,1.6
Daylight (D65),Hydrocodone tartrate,positive,0.0,0.301960784314,0.274509803922,0.392156862745,0.294117647059,0.2,0.690196078431,0.552941176471,0.435294117647,0.211764705882,0.458823529412,0.56862745098,0.258823529412,0.4,0.121568627451,0.392156862745,0.478431372549,0.647058823529,0.0313725490196,0.729411764706,0.603921568627,0.792156862745,0.43137254902,0.0,0.0705882352941,0.337254901961,0.63137254902,0.717647058824,0.286274509804,0.321568627451,0.286274509804,0.207843137255,0.36862745098,0.486274509804,0.713725490196,0.0,0.8,0.588235294118,0.0,0.00392156862745,0.219607843137,0.545098039216,0.0627450980392,0.564705882353,0.105882352941,0.650980392157,0.160784313725,0.160784313725,0.819607843137,0.749019607843,0.0,0.678431372549,0.294117647059,0.545098039216,0.00392156862745,0.517647058824,0.627450980392,0.78431372549,0.929411764706,0.839215686275,0.63137254902,0.760784313725,0.701960784314,0.501960784314,0.603921568627,0.552941176471,0.364705882353,0.447058823529,0.411764705882,0.247058823529,0.305882352941,0.282352941176,0.137254901961,0.176470588235,0.160784313725,32.2,-15.2,-2.2
Tube light (FL2),Propoxyphene HCl,negative,0.294117647059,0.160784313725,0.0156862745098,0.380392156863,0.321568627451,0.160784313725,0.647058823529,0.552941176471,0.364705882353,0.266666666667,0.427450980392,0.513725490196,0.278431372549,0.411764705882,0.0823529411765,0.396078431373,0.454901960784,0.576470588235,0.250980392157,0.678431372549,0.537254901961,0.741176470588,0.517647058824,0.00392156862745,0.152941176471,0.294117647059,0.56862745098,0.650980392157,0.341176470588,0.282352941176,0.258823529412,0.21568627451,0.345098039216,0.513725490196,0.713725490196,0.00392156862745,0.749019607843,0.654901960784,0.0,0.0274509803922,0.164705882353,0.501960784314,0.196078431373,0.541176470588,0.0823529411765,0.556862745098,0.235294117647,0.133333333333,0.772549019608,0.776470588235,0.0,0.6,0.313725490196,0.490196078431,0.0,0.447058823529,0.580392156863,0.76862745098,0.882352941176,0.709803921569,0.63137254902,0.729411764706,0.603921568627,0.505882352941,0.592156862745,0.486274509804,0.380392156863,0.450980392157,0.364705882353,0.262745098039,0.317647058824,0.250980392157,0.160784313725,0.192156862745,0.149019607843,20.2,25.9,26.8
Tube light (FL2),Morphine monohydrate,positive,0.0196078431373,0.203921568627,0.156862745098,0.380392156863,0.321568627451,0.160784313725,0.647058823529,0.552941176471,0.364705882353,0.266666666667,0.427450980392,0.513725490196,0.278431372549,0.411764705882,0.0823529411765,0.396078431373,0.454901960784,0.576470588235,0.250980392157,0.678431372549,0.537254901961,0.741176470588,0.517647058824,0.00392156862745,0.152941176471,0.294117647059,0.56862745098,0.650980392157,0.341176470588,0.282352941176,0.258823529412,0.21568627451,0.345098039216,0.513725490196,0.713725490196,0.00392156862745,0.749019607843,0.654901960784,0.0,0.0274509803922,0.164705882353,0.501960784314,0.196078431373,0.541176470588,0.0823529411765,0.556862745098,0.235294117647,0.133333333333,0.772549019608,0.776470588235,0.0,0.6,0.313725490196,0.490196078431,0.0,0.447058823529,0.580392156863,0.76862745098,0.882352941176,0.709803921569,0.63137254902,0.729411764706,0.603921568627,0.505882352941,0.592156862745,0.486274509804,0.380392156863,0.450980392157,0.364705882353,0.262745098039,0.317647058824,0.250980392157,0.160784313725,0.192156862745,0.149019607843,19.6,-17.2,-2.0
White LED torch (LED-B3),Diacetylmorphine HCl,positive,0.0,0.349019607843,0.270588235294,0.427450980392,0.352941176471,0.227450980392,0.690196078431,0.580392156863,0.423529411765,0.329411764706,0.470588235294,0.525490196078,0.329411764706,0.443137254902,0.176470588235,0.450980392157,0.494117647059,0.572549019608,0.337254901961,0.698039215686,0.552941176471,0.760784313725,0.525490196078,0.00392156862745,0.227450980392,0.349019607843,0.56862745098,0.686274509804,0.380392156863,0.341176470588,0.321568627451,0.258823529412,0.364705882353,0.545098039216,0.717647058824,0.0,0.76862745098,0.643137254902,0.00392156862745,0.0745098039216,0.227450980392,0.517647058824,0.270588235294,0.576470588235,0.196078431373,0.627450980392,0.278431372549,0.21568627451,0.792156862745,0.76862745098,0.0,0.654901960784,0.364705882353,0.501960784314,0.0,0.498039215686,0.564705882353,0.803921568627,0.886274509804,0.733333333333,0.670588235294,0.745098039216,0.627450980392,0.556862745098,0.619607843137,0.517647058824,0.43137254902,0.482352941176,0.403921568627,0.313725490196,0.352941176471,0.298039215686,0.2,0.227450980392,0.188235294118,32.0,-24.7,-0.0
White LED torch (LED-B3),Mescaline HCl,negative,0.490196078431,0.494117647059,0.0,0.427450980392,0.352941176471,0.227450980392,0.690196078431,0.580392156863,0.423529411765,0.329411764706,0.470588235294,0.525490196078,0.329411764706,0.443137254902,0.176470588235,0.450980392157,0.494117647059,0.572549019608,0.337254901961,0.698039215686,0.552941176471,0.760784313725,0.525490196078,0.00392156862745,0.227450980392,0.349019607843,0.56862745098,0.686274509804,0.380392156863,0.341176470588,0.321568627451,0.258823529412,0.364705882353,0.545098039216,0.717647058824,0.0,0.76862745098,0.643137254902,0.00392156862745,0.0745098039216,0.227450980392,0.517647058824,0.270588235294,0.576470588235,0.196078431373,0.627450980392,0.278431372549,0.21568627451,0.792156862745,0.76862745098,0.0,0.654901960784,0.364705882353,0.501960784314,0.0,0.498039215686,0.564705882353,0.803921568627,0.886274509804,0.733333333333,0.670588235294,0.745098039216,0.627450980392,0.556862745098,0.619607843137,0.517647058824,0.43137254902,0.482352941176,0.403921568627,0.313725490196,0.352941176471,0.298039215686,0.2,0.227450980392,0.188235294118,50.5,-3.6,49.9
Incandescent bulb (A),Sugar,negative,0.776470588235,0.78431372549,0.145098039216,0.388235294118,0.274509803922,0.160784313725,0.698039215686,0.505882352941,0.376470588235,0.290196078431,0.38431372549,0.439215686275,0.282352941176,0.360784313725,0.137254901961,0.443137254902,0.411764705882,0.501960784314,0.282352941176,0.635294117647,0.513725490196,0.764705882353,0.458823529412,0.00392156862745,0.196078431373,0.262745098039,0.466666666667,0.709803921569,0.305882352941,0.254901960784,0.309803921569,0.18431372549,0.266666666667,0.513725490196,0.662745098039,0.078431372549,0.788235294118,0.592156862745,0.0,0.0705882352941,0.145098039216,0.407843137255,0.203921568627,0.494117647059,0.207843137255,0.658823529412,0.2,0.152941176471,0.81568627451,0.721568627451,0.0,0.694117647059,0.290196078431,0.411764705882,0.0,0.41568627451,0.517647058824,0.83137254902,0.839215686275,0.686274509804,0.666666666667,0.686274509804,0.564705882353,0.529411764706,0.545098039216,0.447058823529,0.388235294118,0.403921568627,0.325490196078,0.262745098039,0.274509803922,0.219607843137,0.149019607843,0.152941176471,0.117647058824,86.3,-13.4,71.9
Incandescent bulb (A),Hydrocodone tartrate,positive,0.00392156862745,0.250980392157,0.227450980392,0.388235294118,0.274509803922,0.160784313725,0.698039215686,0.505882352941,0.376470588235,0.290196078431,0.38431372549,0.439215686275,0.282352941176,0.360784313725,0.137254901961,0.443137254902,0.411764705882,0.501960784314,0.282352941176,0.635294117647,0.513725490196,0.764705882353,0.458823529412,0.00392156862745,0.196078431373,0.262745098039,0.466666666667,0.709803921569,0.305882352941,0.254901960784,0.309803921569,0.18431372549,0.266666666667,0.513725490196,0.662745098039,0.078431372549,0.788235294118,0.592156862745,0.0,0.0705882352941,0.145098039216,0.407843137255,0.203921568627,0.494117647059,0.207843137255,0.658823529412,0.2,0.152941176471,0.81568627451,0.721568627451,0.0,0.694117647059,0.290196078431,0.411764705882,0.0,0.41568627451,0.517647058824,0.83137254902,0.839215686275,0.686274509804,0.666666666667,0.686274509804,0.564705882353,0.529411764706,0.545098039216,0.447058823529,0.388235294118,0.403921568627,0.325490196078,0.262745098039,0.274509803922,0.219607843137,0.149019607843,0.152941176471,0.117647058824,31.2,-16.1,-6.8
Daylight (D65),Contac,negative,0.396078431373,0.305882352941,0.0,0.376470588235,0.270588235294,0.180392156863,0.670588235294,0.525490196078,0.411764705882,0.188235294118,0.435294117647,0.552941176471,0.243137254902,0.376470588235,0.0862745098039,0.36862745098,0.454901960784,0.63137254902,0.0117647058824,0.713725490196,0.592156862745,0.780392156863,0.403921568627,0.00392156862745,0.0549019607843,0.309803921569,0.61568627451,0.698039215686,0.258823529412,0.298039215686,0.274509803922,0.18431372549,0.356862745098,0.462745098039,0.694117647059,0.0,0.792156862745,0.564705882353,0.00392156862745,0.0078431372549,0.196078431373,0.533333333333,0.0235294117647,0.541176470588,0.0509803921569,0.635294117647,0.125490196078,0.133333333333,0.807843137255,0.729411764706,0.00392156862745,0.666666666667,0.266666666667,0.525490196078,0.0,0.498039215686,0.627450980392,0.76862745098,0.905882352941,0.823529411765,0.61568627451,0.741176470588,0.690196078431,0.482352941176,0.576470588235,0.537254901961,0.345098039216,0.427450980392,0.392156862745,0.227450980392,0.286274509804,0.266666666667,0.121568627451,0.160784313725,0.149019607843,40.8,6.9,38.8
Daylight (D65),Dimethoxy-meth HCl,negative,0.235294117647,0.113725490196,0.0274509803922,0.376470588235,0.270588235294,0.180392156863,0.670588235294,0.525490196078,0.411764705882,0.188235294118,0.435294117647,0.552941176471,0.243137254902,0.376470588235,0.0862745098039,0.36862745098,0.454901960784,0.63137254902,0.0117647058824,0.713725490196,0.592156862745,0.780392156863,0.403921568627,0.00392156862745,0.0549019607843,0.309803921569,0.61568627451,0.698039215686,0.258823529412,0.298039215686,0.274509803922,0.18431372549,0.356862745098,0.462745098039,0.694117647059,0.0,0.792156862745,0.564705882353,0.00392156862745,0.0078431372549,0.196078431373,0.533333333333,0.0235294117647,0.541176470588,0.0509803921569,0.635294117647,0.125490196078,0.133333333333,0.807843137255,0.729411764706,0.00392156862745,0.666666666667,0.266666666667,0.525490196078,0.0,0.498039215686,0.627450980392,0.76862745098,0.905882352941,0.823529411765,0.61568627451,0.741176470588,0.690196078431,0.482352941176,0.576470588235,0.537254901961,0.345098039216,0.427450980392,0.392156862745,0.227450980392,0.286274509804,0.266666666667,0.121568627451,0.160784313725,0.149019607843,20.1,15.6,20.0
Tube light (FL2),Diacetylmorphine HCl,positive,0.00392156862745,0.325490196078,0.278431372549,0.450980392157,0.356862745098,0.172549019608,0.737254901961,0.588235294118,0.403921568627,0.329411764706,0.462745098039,0.572549019608,0.329411764706,0.447058823529,0.0666666666667,0.462745098039,0.478431372549,0.63137254902,0.325490196078,0.705882352941,0.572549019608,0.835294117647,0.549019607843,0.00392156862745,0.219607843137,0.321568627451,0.635294117647,0.741176470588,0.356862745098,0.313725490196,0.317647058824,0.239215686275,0.388235294118,0.580392156863,0.749019607843,0.0,0.827450980392,0.678431372549,0.0,0.0705882352941,0.180392156863,0.576470588235,0.258823529412,0.592156862745,0.0549019607843,0.639215686275,0.250980392157,0.152941176471,0.858823529412,0.811764705882,0.0,0.674509803922,0.329411764706,0.533333333333,0.0,0.482352941176,0.635294117647,0.866666666667,0.925490196078,0.764705882353,0.721568627451,0.772549019608,0.654901960784,0.592156862745,0.63137254902,0.533333333333,0.450980392157,0.486274509804,0.411764705882,0.321568627451,0.349019607843,0.290196078431,0.2,0.21568627451,0.176470588235,30.7,-21.3,-3.1
Incandescent bulb (A),Nutmeg,negative,0.235294117647,0.172549019608,0.0901960784314,0.458823529412,0.313725490196,0.211764705882,0.796078431373,0.552941176471,0.454901960784,0.345098039216,0.419607843137,0.537254901961,0.337254901961,0.403921568627,0.188235294118,0.517647058824,0.447058823529,0.596078431373,0.341176470588,0.682352941176,0.61568627451,0.874509803922,0.509803921569,0.00392156862745,0.247058823529,0.278431372549,0.56862745098,0.807843137255,0.329411764706,0.317647058824,0.364705882353,0.203921568627,0.329411764706,0.596078431373,0.721568627451,0.152941176471,0.886274509804,0.647058823529,0.0,0.109803921569,0.141176470588,0.498039215686,0.254901960784,0.549019607843,0.278431372549,0.756862745098,0.21568627451,0.196078431373,0.925490196078,0.78431372549,0.0,0.788235294118,0.301960784314,0.498039215686,0.00392156862745,0.447058823529,0.611764705882,0.941176470588,0.898039215686,0.811764705882,0.76862745098,0.741176470588,0.678431372549,0.619607843137,0.596078431373,0.549019607843,0.458823529412,0.443137254902,0.4,0.317647058824,0.305882352941,0.278431372549,0.192156862745,0.180392156863,0.160784313725,19.7,3.6,12.5
Incandescent bulb (A),Mescaline HCl,negative,0.529411764706,0.470588235294,0.0196078431373,0.458823529412,0.313725490196,0.211764705882,0.796078431373,0.552941176471,0.454901960784,0.345098039216,0.419607843137,0.537254901961,0.337254901961,0.403921568627,0.188235294118,0.517647058824,0.447058823529,0.596078431373,0.341176470588,0.682352941176,0.61568627451,0.874509803922,0.509803921569,0.00392156862745,0.247058823529,0.278431372549,0.56862745098,0.807843137255,0.329411764706,0.317647058824,0.364705882353,0.203921568627,0.329411764706,0.596078431373,0.721568627451,0.152941176471,0.886274509804,0.647058823529,0.0,0.109803921569,0.141176470588,0.498039215686,0.254901960784,0.549019607843,0.278431372549,0.756862745098,0.21568627451,0.196078431373,0.925490196078,0.78431372549,0.0,0.788235294118,0.301960784314,0.498039215686,0.00392156862745,0.447058823529,0.611764705882,0.941176470588,0.898039215686,0.811764705882,0.76862745098,0.741176470588,0.678431372549,0.619607843137,0.596078431373,0.549019607843,0.458823529412,0.443137254902,0.4,0.317647058824,0.305882352941,0.278431372549,0.192156862745,0.180392156863,0.160784313725,50.7,-4.0,52.5
Daylight (D65),Nutmeg,negative,0.149019607843,0.145098039216,0.0666666666667,0.321568627451,0.254901960784,0.176470588235,0.58431372549,0.505882352941,0.4,0.0980392156863,0.411764705882,0.533333333333,0.196078431373,0.360784313725,0.113725490196,0.301960784314,0.439215686275,0.603921568627,0.0,0.678431372549,0.572549019608,0.682352941176,0.4,0.0,0.0078431372549,0.298039215686,0.58431372549,0.619607843137,0.266666666667,0.301960784314,0.23137254902,0.18431372549,0.337254901961,0.388235294118,0.670588235294,0.00392156862745,0.701960784314,0.552941176471,0.00392156862745,0.0,0.188235294118,0.509803921569,0.00392156862745,0.517647058824,0.105882352941,0.564705882353,0.152941176471,0.141176470588,0.709803921569,0.705882352941,0.00392156862745,0.592156862745,0.270588235294,0.513725490196,0.0,0.478431372549,0.6,0.639215686275,0.866666666667,0.8,0.513725490196,0.709803921569,0.662745098039,0.403921568627,0.560784313725,0.525490196078,0.290196078431,0.41568627451,0.392156862745,0.192156862745,0.278431372549,0.266666666667,0.101960784314,0.156862745098,0.152941176471,19.8,2.9,15.0
Daylight (D65),Morphine monohydrate,positive,0.00392156862745,0.180392156863,0.152941176471,0.321568627451,0.254901960784,0.176470588235,0.58431372549,0.505882352941,0.4,0.0980392156863,0.411764705882,0.533333333333,0.196078431373,0.360784313725,0.113725490196,0.301960784314,0.439215686275,0.603921568627,0.0,0.678431372549,0.572549019608,0.682352941176,0.4,0.0,0.0078431372549,0.298039215686,0.58431372549,0.619607843137,0.266666666667,0.301960784314,0.23137254902,0.18431372549,0.337254901961,0.388235294118,0.670588235294,0.00392156862745,0.701960784314,0.552941176471,0.00392156862745,0.0,0.188235294118,0.509803921569,0.00392156862745,0.517647058824,0.105882352941,0.564705882353,0.152941176471,0.141176470588,0.709803921569,0.705882352941,0.00392156862745,0.592156862745,0.270588235294,0.513725490196,0.0,0.478431372549,0.6,0.639215686275,0.866666666667,0.8,0.513725490196,0.709803921569,0.662745098039,0.403921568627,0.560784313725,0.525490196078,0.290196078431,0.41568627451,0.392156862745,0.192156862745,0.278431372549,0.266666666667,0.101960784314,0.156862745098,0.152941176471,21.0,-11.4,1.6
Tube light (FL2),Contac,negative,0.411764705882,0.380392156863,0.0,0.396078431373,0.337254901961,0.109803921569,0.670588235294,0.576470588235,0.325490196078,0.247058823529,0.450980392157,0.509803921569,0.266666666667,0.427450980392,0.0117647058824,0.392156862745,0.478431372549,0.572549019608,0.172549019608,0.705882352941,0.509803921569,0.76862745098,0.537254901961,0.00392156862745,0.133333333333,0.317647058824,0.576470588235,0.678431372549,0.352941176471,0.247058823529,0.266666666667,0.227450980392,0.345098039216,0.498039215686,0.741176470588,0.0,0.76862745098,0.674509803922,0.00392156862745,0.0156862745098,0.192156862745,0.517647058824,0.141176470588,0.572549019608,0.00392156862745,0.576470588235,0.243137254902,0.0862745098039,0.788235294118,0.807843137255,0.0,0.61568627451,0.333333333333,0.486274509804,0.00392156862745,0.474509803922,0.576470588235,0.772549019608,0.933333333333,0.674509803922,0.63137254902,0.776470588235,0.576470588235,0.513725490196,0.623529411765,0.462745098039,0.380392156863,0.474509803922,0.349019607843,0.262745098039,0.333333333333,0.239215686275,0.156862745098,0.2,0.137254901961,40.9,6.7,34.8
Tube light (FL2),Oxycodone HCl,negative,0.462745098039,0.498039215686,0.0,0.396078431373,0.337254901961,0.109803921569,0.670588235294,0.576470588235,0.325490196078,0.247058823529,0.450980392157,0.509803921569,0.266666666667,0.427450980392,0.0117647058824,0.392156862745,0.478431372549,0.572549019608,0.172549019608,0.705882352941,0.509803921569,0.76862745098,0.537254901961,0.00392156862745,0.133333333333,0.317647058824,0.576470588235,0.678431372549,0.352941176471,0.247058823529,0.266666666667,0.227450980392,0.345098039216,0.498039215686,0.741176470588,0.0,0.76862745098,0.674509803922,0.00392156862745,0.0156862745098,0.192156862745,0.517647058824,0.141176470588,0.572549019608,0.00392156862745,0.576470588235,0.243137254902,0.0862745098039,0.788235294118,0.807843137255,0.0,0.61568627451,0.333333333333,0.486274509804,0.00392156862745,0.474509803922,0.576470588235,0.772549019608,0.933333333333,0.674509803922,0.63137254902,0.776470588235,0.576470588235,0.513725490196,0.623529411765,0.462745098039,0.380392156863,0.474509803922,0.349019607843,0.262745098039,0.333333333333,0.239215686275,0.156862745098,0.2,0.137254901961,51.6,-2.5,39.9
Incandescent bulb (A),Morphine monohydrate,positive,0.0078431372549,0.223529411765,0.129411764706,0.462745098039,0.329411764706,0.078431372549,0.76862745098,0.560784313725,0.286274509804,0.333333333333,0.458823529412,0.447058823529,0.325490196078,0.423529411765,0.0156862745098,0.501960784314,0.478431372549,0.494117647059,0.250980392157,0.694117647059,0.462745098039,0.843137254902,0.501960784314,0.0,0.243137254902,0.341176470588,0.501960784314,0.796078431373,0.337254901961,0.192156862745,0.380392156863,0.239215686275,0.294117647059,0.549019607843,0.713725490196,0.0,0.843137254902,0.63137254902,0.00392156862745,0.0980392156863,0.223529411765,0.454901960784,0.172549019608,0.564705882353,0.0274509803922,0.745098039216,0.21568627451,0.0470588235294,0.866666666667,0.760784313725,0.00392156862745,0.772549019608,0.329411764706,0.407843137255,0.00392156862745,0.490196078431,0.521568627451,0.870588235294,0.890196078431,0.576470588235,0.721568627451,0.745098039216,0.494117647059,0.580392156863,0.607843137255,0.396078431373,0.443137254902,0.462745098039,0.301960784314,0.313725490196,0.333333333333,0.207843137255,0.196078431373,0.207843137255,0.117647058824,19.8,-15.6,-0.9
Incandescent bulb (A),MDA HCl,positive,0.0078431372549,0.223529411765,0.129411764706,0.462745098039,0.329411764706,0.078431372549,0.76862745098,0.560784313725,0.286274509804,0.333333333333,0.458823529412,0.447058823529,0.325490196078,0.423529411765,0.0156862745098,0.501960784314,0.478431372549,0.494117647059,0.250980392157,0.694117647059,0.462745098039,0.843137254902,0.501960784314,0.0,0.243137254902,0.341176470588,0.501960784314,0.796078431373,0.337254901961,0.192156862745,0.380392156863,0.239215686275,0.294117647059,0.549019607843,0.713725490196,0.0,0.843137254902,0.63137254902,0.00392156862745,0.0980392156863,0.223529411765,0.454901960784,0.172549019608,0.564705882353,0.0274509803922,0.745098039216,0.21568627451,0.0470588235294,0.866666666667,0.760784313725,0.00392156862745,0.772549019608,0.329411764706,0.407843137255,0.00392156862745,0.490196078431,0.521568627451,0.870588235294,0.890196078431,0.576470588235,0.721568627451,0.745098039216,0.494117647059,0.580392156863,0.607843137255,0.396078431373,0.443137254902,0.462745098039,0.301960784314,0.313725490196,0.333333333333,0.207843137255,0.196078431373,0.207843137255,0.117647058824,19.8,-15.6,-0.9
Daylight (D65),Morphine monohydrate,positive,0.0313725490196,0.203921568627,0.152941176471,0.396078431373,0.301960784314,0.207843137255,0.670588235294,0.552941176471,0.419607843137,0.305882352941,0.462745098039,0.494117647059,0.294117647059,0.392156862745,0.164705882353,0.423529411765,0.486274509804,0.549019607843,0.317647058824,0.698039215686,0.537254901961,0.741176470588,0.447058823529,0.0901960784314,0.196078431373,0.360784313725,0.533333333333,0.670588235294,0.325490196078,0.317647058824,0.301960784314,0.23137254902,0.325490196078,0.529411764706,0.678431372549,0.0313725490196,0.756862745098,0.576470588235,0.0,0.0627450980392,0.254901960784,0.474509803922,0.254901960784,0.545098039216,0.2,0.603921568627,0.21568627451,0.196078431373,0.8,0.717647058824,0.0078431372549,0.639215686275,0.341176470588,0.482352941176,0.00392156862745,0.513725490196,0.545098039216,0.811764705882,0.901960784314,0.749019607843,0.662745098039,0.741176470588,0.63137254902,0.529411764706,0.6,0.505882352941,0.396078431373,0.454901960784,0.380392156863,0.270588235294,0.309803921569,0.266666666667,0.160784313725,0.188235294118,0.156862745098,19.6,-16.9,-0.1
Daylight (D65),Diacetylmorphine HCl,positive,0.0,0.321568627451,0.235294117647,0.396078431373,0.301960784314,0.207843137255,0.670588235294,0.552941176471,0.419607843137,0.305882352941,0.462745098039,0.494117647059,0.294117647059,0.392156862745,0.164705882353,0.423529411765,0.486274509804,0.549019607843,0.317647058824,0.698039215686,0.537254901961,0.741176470588,0.447058823529,0.0901960784314,0.196078431373,0.360784313725,0.533333333333,0.670588235294,0.325490196078,0.317647058824,0.301960784314,0.23137254902,0.325490196078,0.529411764706,0.678431372549,0.0313725490196,0.756862745098,0.576470588235,0.0,0.0627450980392,0.254901960784,0.474509803922,0.254901960784,0.545098039216,0.2,0.603921568627,0.21568627451,0.196078431373,0.8,0.717647058824,0.0078431372549,0.639215686275,0.341176470588,0.482352941176,0.00392156862745,0.513725490196,0.545098039216,0.811764705882,0.901960784314,0.749019607843,0.662745098039,0.741176470588,0.63137254902,0.529411764706,0.6,0.505882352941,0.396078431373,0.454901960784,0.380392156863,0.270588235294,0.309803921569,0.266666666667,0.160784313725,0.188235294118,0.156862745098,33.2,-26.0,1.8
Tube light (FL2),Sugar,negative,0.843137254902,0.858823529412,0.00392156862745,0.419607843137,0.313725490196,0.21568627451,0.729411764706,0.552941176471,0.454901960784,0.333333333333,0.411764705882,0.56862745098,0.329411764706,0.407843137255,0.18431372549,0.458823529412,0.435294117647,0.635294117647,0.392156862745,0.678431372549,0.627450980392,0.819607843137,0.521568627451,0.0,0.223529411765,0.254901960784,0.611764705882,0.705882352941,0.329411764706,0.337254901961,0.286274509804,0.196078431373,0.36862745098,0.603921568627,0.729411764706,0.0078431372549,0.839215686275,0.666666666667,0.0,0.0823529411765,0.101960784314,0.537254901961,0.301960784314,0.545098039216,0.23137254902,0.596078431373,0.227450980392,0.192156862745,0.878431372549,0.796078431373,0.0,0.650980392157,0.290196078431,0.537254901961,0.0156862745098,0.427450980392,0.635294117647,0.901960784314,0.894117647059,0.843137254902,0.733333333333,0.737254901961,0.705882352941,0.588235294118,0.592156862745,0.56862745098,0.439215686275,0.443137254902,0.423529411765,0.305882352941,0.309803921569,0.290196078431,0.180392156863,0.180392156863,0.16862745098,85.3,-16.1,75.1
Tube light (FL2),Opium,negative,0.18431372549,0.18431372549,0.0980392156863,0.419607843137,0.313725490196,0.21568627451,0.729411764706,0.552941176471,0.454901960784,0.333333333333,0.411764705882,0.56862745098,0.329411764706,0.407843137255,0.18431372549,0.458823529412,0.435294117647,0.635294117647,0.392156862745,0.678431372549,0.627450980392,0.819607843137,0.521568627451,0.0,0.223529411765,0.254901960784,0.611764705882,0.705882352941,0.329411764706,0.337254901961,0.286274509804,0.196078431373,0.36862745098,0.603921568627,0.729411764706,0.0078431372549,0.839215686275,0.666666666667,0.0,0.0823529411765,0.101960784314,0.537254901961,0.301960784314,0.545098039216,0.23137254902,0.596078431373,0.227450980392,0.192156862745,0.878431372549,0.796078431373,0.0,0.650980392157,0.290196078431,0.537254901961,0.0156862745098,0.427450980392,0.635294117647,0.901960784314,0.894117647059,0.843137254902,0.733333333333,0.737254901961,0.705882352941,0.588235294118,0.592156862745,0.56862745098,0.439215686275,0.443137254902,0.423529411765,0.305882352941,0.309803921569,0.290196078431,0.180392156863,0.180392156863,0.16862745098,19.4,-2.7,11.4
White LED torch (LED-B3),Mescaline HCl,negative,0.674509803922,0.643137254902,0.313725490196,0.443137254902,0.305882352941,0.176470588235,0.776470588235,0.549019607843,0.392156862745,0.321568627451,0.435294117647,0.560784313725,0.321568627451,0.41568627451,0.0941176470588,0.478431372549,0.450980392157,0.623529411765,0.309803921569,0.705882352941,0.564705882353,0.870588235294,0.486274509804,0.00392156862745,0.211764705882,0.282352941176,0.619607843137,0.780392156863,0.301960784314,0.298039215686,0.325490196078,0.196078431373,0.364705882353,0.576470588235,0.733333333333,0.0,0.874509803922,0.63137254902,0.0,0.0705882352941,0.137254901961,0.552941176471,0.223529411765,0.564705882353,0.0627450980392,0.690196078431,0.180392156863,0.141176470588,0.905882352941,0.780392156863,0.0,0.729411764706,0.270588235294,0.525490196078,0.0,0.470588235294,0.607843137255,0.913725490196,0.909803921569,0.788235294118,0.741176470588,0.749019607843,0.662745098039,0.592156862745,0.596078431373,0.525490196078,0.439215686275,0.443137254902,0.392156862745,0.301960784314,0.305882352941,0.274509803922,0.176470588235,0.180392156863,0.152941176471,58.7,-5.0,46.6
White LED torch (LED-B3),Propoxyphene HCl,negative,0.329411764706,0.113725490196,0.0313725490196,0.443137254902,0.305882352941,0.176470588235,0.776470588235,0.549019607843,0.392156862745,0.321568627451,0.435294117647,0.560784313725,0.321568627451,0.41568627451,0.0941176470588,0.478431372549,0.450980392157,0.623529411765,0.309803921569,0.705882352941,0.564705882353,0.870588235294,0.486274509804,0.00392156862745,0.211764705882,0.282352941176,0.619607843137,0.780392156863,0.301960784314,0.298039215686,0.325490196078,0.196078431373,0.364705882353,0.576470588235,0.733333333333,0.0,0.874509803922,0.63137254902,0.0,0.0705882352941,0.137254901961,0.552941176471,0.223529411765,0.564705882353,0.0627450980392,0.690196078431,0.180392156863,0.141176470588,0.905882352941,0.780392156863,0.0,0.729411764706,0.270588235294,0.525490196078,0.0,0.470588235294,0.607843137255,0.913725490196,0.909803921569,0.788235294118,0.741176470588,0.749019607843,0.662745098039,0.592156862745,0.596078431373,0.525490196078,0.439215686275,0.443137254902,0.392156862745,0.301960784314,0.305882352941,0.274509803922,0.176470588235,0.180392156863,0.152941176471,19.1,26.0,19.1
Incandescent bulb (A),Morphine monohydrate,positive,0.00392156862745,0.156862745098,0.137254901961,0.388235294118,0.266666666667,0.145098039216,0.713725490196,0.505882352941,0.380392156863,0.247058823529,0.380392156863,0.490196078431,0.254901960784,0.360784313725,0.101960784314,0.423529411765,0.396078431373,0.552941176471,0.101960784314,0.643137254902,0.560784313725,0.8,0.458823529412,0.00392156862745,0.160784313725,0.235294117647,0.533333333333,0.741176470588,0.278431372549,0.239215686275,0.301960784314,0.164705882353,0.290196078431,0.478431372549,0.682352941176,0.00392156862745,0.8,0.6,0.0,0.0274509803922,0.109803921569,0.466666666667,0.0588235294118,0.509803921569,0.188235294118,0.690196078431,0.156862745098,0.0941176470588,0.827450980392,0.749019607843,0.0,0.725490196078,0.247058823529,0.447058823529,0.0,0.403921568627,0.572549019608,0.83137254902,0.874509803922,0.756862745098,0.658823529412,0.705882352941,0.619607843137,0.517647058824,0.552941176471,0.486274509804,0.372549019608,0.403921568627,0.352941176471,0.247058823529,0.266666666667,0.235294117647,0.137254901961,0.145098039216,0.121568627451,20.2,-11.3,-1.5
Incandescent bulb (A),Hydrocodone tartrate,positive,0.00392156862745,0.243137254902,0.247058823529,0.388235294118,0.266666666667,0.145098039216,0.713725490196,0.505882352941,0.380392156863,0.247058823529,0.380392156863,0.490196078431,0.254901960784,0.360784313725,0.101960784314,0.423529411765,0.396078431373,0.552941176471,0.101960784314,0.643137254902,0.560784313725,0.8,0.458823529412,0.00392156862745,0.160784313725,0.235294117647,0.533333333333,0.741176470588,0.278431372549,0.239215686275,0.301960784314,0.164705882353,0.290196078431,0.478431372549,0.682352941176,0.00392156862745,0.8,0.6,0.0,0.0274509803922,0.109803921569,0.466666666667,0.0588235294118,0.509803921569,0.188235294118,0.690196078431,0.156862745098,0.0941176470588,0.827450980392,0.749019607843,0.0,0.725490196078,0.247058823529,0.447058823529,0.0,0.403921568627,0.572549019608,0.83137254902,0.874509803922,0.756862745098,0.658823529412,0.705882352941,0.619607843137,0.517647058824,0.552941176471,0.486274509804,0.372549019608,0.403921568627,0.352941176471,0.247058823529,0.266666666667,0.235294117647,0.137254901961,0.145098039216,0.121568627451,31.6,-13.4,-6.4
Daylight (D65),Dimethoxy-meth HCl,negative,0.262745098039,0.141176470588,0.0588235294118,0.403921568627,0.290196078431,0.219607843137,0.686274509804,0.521568627451,0.427450980392,0.309803921569,0.435294117647,0.533333333333,0.313725490196,0.388235294118,0.176470588235,0.443137254902,0.454901960784,0.592156862745,0.333333333333,0.670588235294,0.576470588235,0.760784313725,0.419607843137,0.0509803921569,0.211764705882,0.329411764706,0.572549019608,0.694117647059,0.294117647059,0.337254901961,0.313725490196,0.211764705882,0.349019607843,0.552941176471,0.662745098039,0.0235294117647,0.776470588235,0.552941176471,0.0,0.0745098039216,0.227450980392,0.498039215686,0.247058823529,0.529411764706,0.207843137255,0.627450980392,0.18431372549,0.207843137255,0.81568627451,0.694117647059,0.0,0.658823529412,0.305882352941,0.505882352941,0.00392156862745,0.490196078431,0.58431372549,0.827450980392,0.843137254902,0.78431372549,0.678431372549,0.701960784314,0.662745098039,0.545098039216,0.56862745098,0.529411764706,0.407843137255,0.427450980392,0.403921568627,0.294117647059,0.301960784314,0.282352941176,0.172549019608,0.176470588235,0.16862745098,19.9,13.0,22.2
Daylight (D65),Sugar,negative,0.764705882353,0.756862745098,0.0549019607843,0.403921568627,0.290196078431,0.219607843137,0.686274509804,0.521568627451,0.427450980392,0.309803921569,0.435294117647,0.533333333333,0.313725490196,0.388235294118,0.176470588235,0.443137254902,0.454901960784,0.592156862745,0.333333333333,0.670588235294,0.576470588235,0.760784313725,0.419607843137,0.0509803921569,0.211764705882,0.329411764706,0.572549019608,0.694117647059,0.294117647059,0.337254901961,0.313725490196,0.211764705882,0.349019607843,0.552941176471,0.662745098039,0.0235294117647,0.776470588235,0.552941176471,0.0,0.0745098039216,0.227450980392,0.498039215686,0.247058823529,0.529411764706,0.207843137255,0.627450980392,0.18431372549,0.207843137255,0.81568627451,0.694117647059,0.0,0.658823529412,0.305882352941,0.505882352941,0.00392156862745,0.490196078431,0.58431372549,0.827450980392,0.843137254902,0.78431372549,0.678431372549,0.701960784314,0.662745098039,0.545098039216,0.56862745098,0.529411764706,0.407843137255,0.427450980392,0.403921568627,0.294117647059,0.301960784314,0.282352941176,0.172549019608,0.176470588235,0.16862745098,85.4,-15.8,73.6
Tube light (FL2),Morphine monohydrate,positive,0.0470588235294,0.243137254902,0.196078431373,0.43137254902,0.360784313725,0.203921568627,0.698039215686,0.58431372549,0.419607843137,0.345098039216,0.466666666667,0.549019607843,0.341176470588,0.447058823529,0.156862745098,0.466666666667,0.494117647059,0.607843137255,0.38431372549,0.701960784314,0.572549019608,0.776470588235,0.545098039216,0.0,0.239215686275,0.329411764706,0.592156862745,0.694117647059,0.38431372549,0.333333333333,0.317647058824,0.258823529412,0.376470588235,0.58431372549,0.737254901961,0.00392156862745,0.8,0.682352941176,0.0,0.0901960784314,0.203921568627,0.529411764706,0.298039215686,0.576470588235,0.176470588235,0.6,0.278431372549,0.192156862745,0.823529411765,0.796078431373,0.00392156862745,0.647058823529,0.360784313725,0.529411764706,0.00392156862745,0.486274509804,0.607843137255,0.827450980392,0.886274509804,0.733333333333,0.698039215686,0.749019607843,0.639215686275,0.576470588235,0.623529411765,0.529411764706,0.450980392157,0.486274509804,0.411764705882,0.329411764706,0.360784313725,0.301960784314,0.207843137255,0.227450980392,0.188235294118,19.4,-17.9,-1.5
Tube light (FL2),Diacetylmorphine HCl,positive,0.0,0.337254901961,0.294117647059,0.43137254902,0.360784313725,0.203921568627,0.698039215686,0.58431372549,0.419607843137,0.345098039216,0.466666666667,0.549019607843,0.341176470588,0.447058823529,0.156862745098,0.466666666667,0.494117647059,0.607843137255,0.38431372549,0.701960784314,0.572549019608,0.776470588235,0.545098039216,0.0,0.239215686275,0.329411764706,0.592156862745,0.694117647059,0.38431372549,0.333333333333,0.317647058824,0.258823529412,0.376470588235,0.58431372549,0.737254901961,0.00392156862745,0.8,0.682352941176,0.0,0.0901960784314,0.203921568627,0.529411764706,0.298039215686,0.576470588235,0.176470588235,0.6,0.278431372549,0.192156862745,0.823529411765,0.796078431373,0.00392156862745,0.647058823529,0.360784313725,0.529411764706,0.00392156862745,0.486274509804,0.607843137255,0.827450980392,0.886274509804,0.733333333333,0.698039215686,0.749019607843,0.639215686275,0.576470588235,0.623529411765,0.529411764706,0.450980392157,0.486274509804,0.411764705882,0.329411764706,0.360784313725,0.301960784314,0.207843137255,0.227450980392,0.188235294118,30.7,-22.2,-4.2
White LED torch (LED-B3),Mace5,negative,0.270588235294,0.270588235294,0.0666666666667,0.407843137255,0.305882352941,0.21568627451,0.698039215686,0.537254901961,0.427450980392,0.317647058824,0.419607843137,0.509803921569,0.313725490196,0.396078431373,0.176470588235,0.447058823529,0.439215686275,0.58431372549,0.356862745098,0.662745098039,0.560784313725,0.76862745098,0.482352941176,0.0392156862745,0.211764705882,0.278431372549,0.560784313725,0.686274509804,0.329411764706,0.325490196078,0.298039215686,0.203921568627,0.341176470588,0.552941176471,0.694117647059,0.0588235294118,0.788235294118,0.61568627451,0.0,0.078431372549,0.149019607843,0.498039215686,0.270588235294,0.533333333333,0.219607843137,0.61568627451,0.227450980392,0.203921568627,0.819607843137,0.745098039216,0.0,0.647058823529,0.301960784314,0.490196078431,0.0078431372549,0.450980392157,0.564705882353,0.843137254902,0.862745098039,0.772549019608,0.694117647059,0.709803921569,0.650980392157,0.556862745098,0.572549019608,0.517647058824,0.419607843137,0.43137254902,0.388235294118,0.294117647059,0.305882352941,0.270588235294,0.172549019608,0.176470588235,0.156862745098,30.0,-4.2,27.1
White LED torch (LED-B3),Morphine monohydrate,positive,0.403921568627,0.454901960784,0.403921568627,0.407843137255,0.305882352941,0.21568627451,0.698039215686,0.537254901961,0.427450980392,0.317647058824,0.419607843137,0.509803921569,0.313725490196,0.396078431373,0.176470588235,0.447058823529,0.439215686275,0.58431372549,0.356862745098,0.662745098039,0.560784313725,0.76862745098,0.482352941176,0.0392156862745,0.211764705882,0.278431372549,0.560784313725,0.686274509804,0.329411764706,0.325490196078,0.298039215686,0.203921568627,0.341176470588,0.552941176471,0.694117647059,0.0588235294118,0.788235294118,0.61568627451,0.0,0.078431372549,0.149019607843,0.498039215686,0.270588235294,0.533333333333,0.219607843137,0.61568627451,0.227450980392,0.203921568627,0.819607843137,0.745098039216,0.0,0.647058823529,0.301960784314,0.490196078431,0.0078431372549,0.450980392157,0.564705882353,0.843137254902,0.862745098039,0.772549019608,0.694117647059,0.709803921569,0.650980392157,0.556862745098,0.572549019608,0.517647058824,0.419607843137,0.43137254902,0.388235294118,0.294117647059,0.305882352941,0.270588235294,0.172549019608,0.176470588235,0.156862745098,27.3,-11.8,-0.7
Incandescent bulb (A),Diacetylmorphine HCl,positive,0.00392156862745,0.258823529412,0.262745098039,0.43137254902,0.278431372549,0.176470588235,0.749019607843,0.494117647059,0.419607843137,0.301960784314,0.380392156863,0.521568627451,0.298039215686,0.372549019608,0.145098039216,0.466666666667,0.388235294118,0.576470588235,0.23137254902,0.619607843137,0.588235294118,0.83137254902,0.450980392157,0.0,0.211764705882,0.239215686275,0.564705882353,0.772549019608,0.270588235294,0.278431372549,0.345098039216,0.16862745098,0.325490196078,0.521568627451,0.662745098039,0.0117647058824,0.827450980392,0.576470588235,0.00392156862745,0.0745098039216,0.0980392156863,0.498039215686,0.164705882353,0.509803921569,0.235294117647,0.721568627451,0.149019607843,0.129411764706,0.858823529412,0.713725490196,0.00392156862745,0.752941176471,0.227450980392,0.474509803922,0.0,0.4,0.6,0.870588235294,0.823529411765,0.780392156863,0.705882352941,0.674509803922,0.647058823529,0.564705882353,0.541176470588,0.517647058824,0.41568627451,0.4,0.38431372549,0.286274509804,0.274509803922,0.262745098039,0.16862745098,0.156862745098,0.149019607843,31.6,-16.5,-4.1
Incandescent bulb (A),Codeine,positive,0.0078431372549,0.172549019608,0.160784313725,0.43137254902,0.278431372549,0.176470588235,0.749019607843,0.494117647059,0.419607843137,0.301960784314,0.380392156863,0.521568627451,0.298039215686,0.372549019608,0.145098039216,0.466666666667,0.388235294118,0.576470588235,0.23137254902,0.619607843137,0.588235294118,0.83137254902,0.450980392157,0.0,0.211764705882,0.239215686275,0.564705882353,0.772549019608,0.270588235294,0.278431372549,0.345098039216,0.16862745098,0.325490196078,0.521568627451,0.662745098039,0.0117647058824,0.827450980392,0.576470588235,0.00392156862745,0.0745098039216,0.0980392156863,0.498039215686,0.164705882353,0.509803921569,0.235294117647,0.721568627451,0.149019607843,0.129411764706,0.858823529412,0.713725490196,0.00392156862745,0.752941176471,0.227450980392,0.474509803922,0.0,0.4,0.6,0.870588235294,0.823529411765,0.780392156863,0.705882352941,0.674509803922,0.647058823529,0.564705882353,0.541176470588,0.517647058824,0.41568627451,0.4,0.38431372549,0.286274509804,0.274509803922,0.262745098039,0.16862745098,0.156862745098,0.149019607843,20.2,-13.4,-1.5
Daylight (D65),Morphine monohydrate,positive,0.0117647058824,0.278431372549,0.223529411765,0.439215686275,0.38431372549,0.278431372549,0.698039215686,0.650980392157,0.501960784314,0.266666666667,0.552941176471,0.607843137255,0.317647058824,0.486274509804,0.21568627451,0.43137254902,0.580392156863,0.670588235294,0.137254901961,0.803921568627,0.650980392157,0.780392156863,0.545098039216,0.0274509803922,0.0941176470588,0.443137254902,0.650980392157,0.717647058824,0.411764705882,0.396078431373,0.333333333333,0.309803921569,0.419607843137,0.533333333333,0.78431372549,0.0,0.792156862745,0.682352941176,0.0078431372549,0.0078431372549,0.329411764706,0.58431372549,0.164705882353,0.647058823529,0.243137254902,0.662745098039,0.294117647059,0.254901960784,0.807843137255,0.823529411765,0.0,0.690196078431,0.427450980392,0.588235294118,0.0,0.611764705882,0.662745098039,0.780392156863,1.0,0.854901960784,0.654901960784,0.847058823529,0.733333333333,0.533333333333,0.698039215686,0.603921568627,0.41568627451,0.545098039216,0.470588235294,0.298039215686,0.4,0.349019607843,0.188235294118,0.258823529412,0.223529411765,19.9,-15.8,-0.7
Daylight (D65),Hydrocodone tartrate,positive,0.0,0.4,0.345098039216,0.439215686275,0.38431372549,0.278431372549,0.698039215686,0.650980392157,0.501960784314,0.266666666667,0.552941176471,0.607843137255,0.317647058824,0.486274509804,0.21568627451,0.43137254902,0.580392156863,0.670588235294,0.137254901961,0.803921568627,0.650980392157,0.780392156863,0.545098039216,0.0274509803922,0.0941176470588,0.443137254902,0.650980392157,0.717647058824,0.411764705882,0.396078431373,0.333333333333,0.309803921569,0.419607843137,0.533333333333,0.78431372549,0.0,0.792156862745,0.682352941176,0.0078431372549,0.0078431372549,0.329411764706,0.58431372549,0.164705882353,0.647058823529,0.243137254902,0.662745098039,0.294117647059,0.254901960784,0.807843137255,0.823529411765,0.0,0.690196078431,0.427450980392,0.588235294118,0.0,0.611764705882,0.662745098039,0.780392156863,1.0,0.854901960784,0.654901960784,0.847058823529,0.733333333333,0.533333333333,0.698039215686,0.603921568627,0.41568627451,0.545098039216,0.470588235294,0.298039215686,0.4,0.349019607843,0.188235294118,0.258823529412,0.223529411765,32.8,-17.9,-3.0
Tube light (FL2),Morphine monohydrate,positive,0.0470588235294,0.254901960784,0.23137254902,0.466666666667,0.380392156863,0.274509803922,0.737254901961,0.61568627451,0.505882352941,0.352941176471,0.478431372549,0.627450980392,0.360784313725,0.474509803922,0.235294117647,0.482352941176,0.498039215686,0.686274509804,0.396078431373,0.725490196078,0.674509803922,0.827450980392,0.588235294118,0.0,0.243137254902,0.321568627451,0.670588235294,0.721568627451,0.403921568627,0.392156862745,0.329411764706,0.258823529412,0.43137254902,0.611764705882,0.776470588235,0.0156862745098,0.835294117647,0.717647058824,0.00392156862745,0.0705882352941,0.164705882353,0.603921568627,0.321568627451,0.607843137255,0.286274509804,0.635294117647,0.298039215686,0.247058823529,0.858823529412,0.839215686275,0.00392156862745,0.678431372549,0.364705882353,0.596078431373,0.0,0.490196078431,0.686274509804,0.878431372549,0.933333333333,0.874509803922,0.737254901961,0.788235294118,0.752941176471,0.607843137255,0.650980392157,0.619607843137,0.470588235294,0.509803921569,0.486274509804,0.337254901961,0.372549019608,0.352941176471,0.219607843137,0.239215686275,0.223529411765,19.8,-18.4,-1.0
Tube light (FL2),Morphine monohydrate,positive,0.0470588235294,0.254901960784,0.23137254902,0.466666666667,0.380392156863,0.274509803922,0.737254901961,0.61568627451,0.505882352941,0.352941176471,0.478431372549,0.627450980392,0.360784313725,0.474509803922,0.235294117647,0.482352941176,0.498039215686,0.686274509804,0.396078431373,0.725490196078,0.674509803922,0.827450980392,0.588235294118,0.0,0.243137254902,0.321568627451,0.670588235294,0.721568627451,0.403921568627,0.392156862745,0.329411764706,0.258823529412,0.43137254902,0.611764705882,0.776470588235,0.0156862745098,0.835294117647,0.717647058824,0.00392156862745,0.0705882352941,0.164705882353,0.603921568627,0.321568627451,0.607843137255,0.286274509804,0.635294117647,0.298039215686,0.247058823529,0.858823529412,0.839215686275,0.00392156862745,0.678431372549,0.364705882353,0.596078431373,0.0,0.490196078431,0.686274509804,0.878431372549,0.933333333333,0.874509803922,0.737254901961,0.788235294118,0.752941176471,0.607843137255,0.650980392157,0.619607843137,0.470588235294,0.509803921569,0.486274509804,0.337254901961,0.372549019608,0.352941176471,0.219607843137,0.239215686275,0.223529411765,20.2,-18.8,-0.5
White LED torch (LED-B3),Morphine monohydrate,positive,0.0117647058824,0.188235294118,0.121568627451,0.36862745098,0.298039215686,0.149019607843,0.643137254902,0.545098039216,0.333333333333,0.243137254902,0.427450980392,0.466666666667,0.258823529412,0.392156862745,0.078431372549,0.380392156863,0.447058823529,0.521568627451,0.219607843137,0.674509803922,0.470588235294,0.729411764706,0.478431372549,0.0,0.145098039216,0.298039215686,0.509803921569,0.650980392157,0.325490196078,0.262745098039,0.262745098039,0.207843137255,0.298039215686,0.474509803922,0.690196078431,0.0,0.729411764706,0.611764705882,0.0,0.0235294117647,0.180392156863,0.454901960784,0.164705882353,0.537254901961,0.0549019607843,0.580392156863,0.219607843137,0.133333333333,0.760784313725,0.749019607843,0.0,0.607843137255,0.313725490196,0.443137254902,0.0,0.454901960784,0.505882352941,0.760784313725,0.890196078431,0.674509803922,0.61568627451,0.729411764706,0.556862745098,0.486274509804,0.580392156863,0.439215686275,0.360784313725,0.43137254902,0.329411764706,0.243137254902,0.301960784314,0.227450980392,0.137254901961,0.172549019608,0.121568627451,20.1,-14.3,0.3
White LED torch (LED-B3),Hydrocodone tartrate,positive,0.0,0.278431372549,0.219607843137,0.36862745098,0.298039215686,0.149019607843,0.643137254902,0.545098039216,0.333333333333,0.243137254902,0.427450980392,0.466666666667,0.258823529412,0.392156862745,0.078431372549,0.380392156863,0.447058823529,0.521568627451,0.219607843137,0.674509803922,0.470588235294,0.729411764706,0.478431372549,0.0,0.145098039216,0.298039215686,0.509803921569,0.650980392157,0.325490196078,0.262745098039,0.262745098039,0.207843137255,0.298039215686,0.474509803922,0.690196078431,0.0,0.729411764706,0.611764705882,0.0,0.0235294117647,0.180392156863,0.454901960784,0.164705882353,0.537254901961,0.0549019607843,0.580392156863,0.219607843137,0.133333333333,0.760784313725,0.749019607843,0.0,0.607843137255,0.313725490196,0.443137254902,0.0,0.454901960784,0.505882352941,0.760784313725,0.890196078431,0.674509803922,0.61568627451,0.729411764706,0.556862745098,0.486274509804,0.580392156863,0.439215686275,0.360784313725,0.43137254902,0.329411764706,0.243137254902,0.301960784314,0.227450980392,0.137254901961,0.172549019608,0.121568627451,30.9,-17.1,-4.4
Incandescent bulb (A),Oxycodone HCl,negative,0.541176470588,0.509803921569,0.0117647058824,0.482352941176,0.352941176471,0.239215686275,0.78431372549,0.588235294118,0.482352941176,0.345098039216,0.462745098039,0.576470588235,0.349019607843,0.450980392157,0.211764705882,0.513725490196,0.482352941176,0.639215686275,0.282352941176,0.709803921569,0.650980392157,0.862745098039,0.541176470588,0.0078431372549,0.247058823529,0.317647058824,0.61568627451,0.807843137255,0.372549019608,0.345098039216,0.396078431373,0.239215686275,0.380392156863,0.572549019608,0.749019607843,0.109803921569,0.862745098039,0.674509803922,0.0,0.0862745098039,0.176470588235,0.549019607843,0.211764705882,0.588235294118,0.301960784314,0.760784313725,0.258823529412,0.211764705882,0.890196078431,0.8,0.0,0.788235294118,0.341176470588,0.537254901961,0.00392156862745,0.486274509804,0.654901960784,0.886274509804,0.905882352941,0.823529411765,0.737254901961,0.760784313725,0.701960784314,0.6,0.623529411765,0.576470588235,0.458823529412,0.482352941176,0.443137254902,0.337254901961,0.345098039216,0.321568627451,0.211764705882,0.21568627451,0.196078431373,51.1,-2.7,51.1
Incandescent bulb (A),Hydrocodone tartrate,positive,0.00392156862745,0.321568627451,0.333333333333,0.482352941176,0.352941176471,0.239215686275,0.78431372549,0.588235294118,0.482352941176,0.345098039216,0.462745098039,0.576470588235,0.349019607843,0.450980392157,0.211764705882,0.513725490196,0.482352941176,0.639215686275,0.282352941176,0.709803921569,0.650980392157,0.862745098039,0.541176470588,0.0078431372549,0.247058823529,0.317647058824,0.61568627451,0.807843137255,0.372549019608,0.345098039216,0.396078431373,0.239215686275,0.380392156863,0.572549019608,0.749019607843,0.109803921569,0.862745098039,0.674509803922,0.0,0.0862745098039,0.176470588235,0.549019607843,0.211764705882,0.588235294118,0.301960784314,0.760784313725,0.258823529412,0.211764705882,0.890196078431,0.8,0.0,0.788235294118,0.341176470588,0.537254901961,0.00392156862745,0.486274509804,0.654901960784,0.886274509804,0.905882352941,0.823529411765,0.737254901961,0.760784313725,0.701960784314,0.6,0.623529411765,0.576470588235,0.458823529412,0.482352941176,0.443137254902,0.337254901961,0.345098039216,0.321568627451,0.211764705882,0.21568627451,0.196078431373,31.3,-16.3,-5.9
Daylight (D65),Hydrocodone tartrate,positive,0.0,0.321568627451,0.274509803922,0.388235294118,0.294117647059,0.188235294118,0.674509803922,0.545098039216,0.4,0.243137254902,0.462745098039,0.537254901961,0.278431372549,0.403921568627,0.105882352941,0.411764705882,0.486274509804,0.611764705882,0.117647058824,0.725490196078,0.572549019608,0.76862745098,0.43137254902,0.00392156862745,0.109803921569,0.349019607843,0.592156862745,0.705882352941,0.298039215686,0.309803921569,0.301960784314,0.223529411765,0.360784313725,0.505882352941,0.705882352941,0.0,0.8,0.588235294118,0.0,0.0117647058824,0.239215686275,0.525490196078,0.113725490196,0.556862745098,0.0823529411765,0.643137254902,0.176470588235,0.164705882353,0.811764705882,0.737254901961,0.0,0.678431372549,0.317647058824,0.521568627451,0.0,0.529411764706,0.607843137255,0.776470588235,0.898039215686,0.772549019608,0.635294117647,0.745098039216,0.654901960784,0.509803921569,0.603921568627,0.525490196078,0.376470588235,0.458823529412,0.4,0.262745098039,0.321568627451,0.282352941176,0.152941176471,0.192156862745,0.164705882353,32.3,-16.5,-2.5
Daylight (D65),Hydrocodone tartrate,positive,0.0,0.325490196078,0.274509803922,0.388235294118,0.294117647059,0.188235294118,0.674509803922,0.545098039216,0.4,0.243137254902,0.462745098039,0.537254901961,0.278431372549,0.403921568627,0.105882352941,0.411764705882,0.486274509804,0.611764705882,0.117647058824,0.725490196078,0.572549019608,0.76862745098,0.43137254902,0.00392156862745,0.109803921569,0.349019607843,0.592156862745,0.705882352941,0.298039215686,0.309803921569,0.301960784314,0.223529411765,0.360784313725,0.505882352941,0.705882352941,0.0,0.8,0.588235294118,0.0,0.0117647058824,0.239215686275,0.525490196078,0.113725490196,0.556862745098,0.0823529411765,0.643137254902,0.176470588235,0.164705882353,0.811764705882,0.737254901961,0.0,0.678431372549,0.317647058824,0.521568627451,0.0,0.529411764706,0.607843137255,0.776470588235,0.898039215686,0.772549019608,0.635294117647,0.745098039216,0.654901960784,0.509803921569,0.603921568627,0.525490196078,0.376470588235,0.458823529412,0.4,0.262745098039,0.321568627451,0.282352941176,0.152941176471,0.192156862745,0.164705882353,32.3,-16.5,-2.5
Tube light (FL2),Opium,negative,0.172549019608,0.188235294118,0.0862745098039,0.392156862745,0.317647058824,0.192156862745,0.682352941176,0.560784313725,0.403921568627,0.317647058824,0.427450980392,0.509803921569,0.309803921569,0.407843137255,0.152941176471,0.43137254902,0.454901960784,0.572549019608,0.36862745098,0.682352941176,0.556862745098,0.764705882353,0.521568627451,0.00392156862745,0.207843137255,0.294117647059,0.549019607843,0.658823529412,0.349019607843,0.305882352941,0.270588235294,0.21568627451,0.325490196078,0.564705882353,0.717647058824,0.00392156862745,0.788235294118,0.662745098039,0.0,0.0745098039216,0.164705882353,0.478431372549,0.282352941176,0.541176470588,0.196078431373,0.552941176471,0.243137254902,0.176470588235,0.819607843137,0.788235294118,0.0,0.607843137255,0.325490196078,0.482352941176,0.0156862745098,0.443137254902,0.564705882353,0.835294117647,0.898039215686,0.752941176471,0.686274509804,0.741176470588,0.63137254902,0.549019607843,0.596078431373,0.501960784314,0.41568627451,0.450980392157,0.376470588235,0.286274509804,0.313725490196,0.262745098039,0.16862745098,0.18431372549,0.152941176471,19.8,-4.3,13.3
Tube light (FL2),Mace5,negative,0.266666666667,0.286274509804,0.0470588235294,0.392156862745,0.317647058824,0.192156862745,0.682352941176,0.560784313725,0.403921568627,0.317647058824,0.427450980392,0.509803921569,0.309803921569,0.407843137255,0.152941176471,0.43137254902,0.454901960784,0.572549019608,0.36862745098,0.682352941176,0.556862745098,0.764705882353,0.521568627451,0.00392156862745,0.207843137255,0.294117647059,0.549019607843,0.658823529412,0.349019607843,0.305882352941,0.270588235294,0.21568627451,0.325490196078,0.564705882353,0.717647058824,0.00392156862745,0.788235294118,0.662745098039,0.0,0.0745098039216,0.164705882353,0.478431372549,0.282352941176,0.541176470588,0.196078431373,0.552941176471,0.243137254902,0.176470588235,0.819607843137,0.788235294118,0.0,0.607843137255,0.325490196078,0.482352941176,0.0156862745098,0.443137254902,0.564705882353,0.835294117647,0.898039215686,0.752941176471,0.686274509804,0.741176470588,0.63137254902,0.549019607843,0.596078431373,0.501960784314,0.41568627451,0.450980392157,0.376470588235,0.286274509804,0.313725490196,0.262745098039,0.16862745098,0.18431372549,0.152941176471,30.1,-5.1,29.5
White LED torch (LED-B3),Dristan,negative,0.705882352941,0.509803921569,0.0235294117647,0.423529411765,0.270588235294,0.235294117647,0.764705882353,0.509803921569,0.490196078431,0.333333333333,0.36862745098,0.58431372549,0.325490196078,0.372549019608,0.21568627451,0.470588235294,0.380392156863,0.654901960784,0.4,0.643137254902,0.647058823529,0.850980392157,0.462745098039,0.145098039216,0.223529411765,0.196078431373,0.627450980392,0.749019607843,0.278431372549,0.356862745098,0.301960784314,0.149019607843,0.360784313725,0.611764705882,0.690196078431,0.219607843137,0.866666666667,0.603921568627,0.0666666666667,0.0901960784314,0.0235294117647,0.545098039216,0.298039215686,0.521568627451,0.274509803922,0.654901960784,0.180392156863,0.21568627451,0.917647058824,0.752941176471,0.0509803921569,0.701960784314,0.227450980392,0.552941176471,0.0588235294118,0.396078431373,0.635294117647,0.952941176471,0.854901960784,0.929411764706,0.76862745098,0.694117647059,0.764705882353,0.603921568627,0.541176470588,0.603921568627,0.439215686275,0.392156862745,0.439215686275,0.294117647059,0.266666666667,0.298039215686,0.16862745098,0.145098039216,0.16862745098,60.8,8.0,64.0
White LED torch (LED-B3),Codeine,positive,0.0313725490196,0.160784313725,0.164705882353,0.423529411765,0.270588235294,0.235294117647,0.764705882353,0.509803921569,0.490196078431,0.333333333333,0.36862745098,0.58431372549,0.325490196078,0.372549019608,0.21568627451,0.470588235294,0.380392156863,0.654901960784,0.4,0.643137254902,0.647058823529,0.850980392157,0.462745098039,0.145098039216,0.223529411765,0.196078431373,0.627450980392,0.749019607843,0.278431372549,0.356862745098,0.301960784314,0.149019607843,0.360784313725,0.611764705882,0.690196078431,0.219607843137,0.866666666667,0.603921568627,0.0666666666667,0.0901960784314,0.0235294117647,0.545098039216,0.298039215686,0.521568627451,0.274509803922,0.654901960784,0.180392156863,0.21568627451,0.917647058824,0.752941176471,0.0509803921569,0.701960784314,0.227450980392,0.552941176471,0.0588235294118,0.396078431373,0.635294117647,0.952941176471,0.854901960784,0.929411764706,0.76862745098,0.694117647059,0.764705882353,0.603921568627,0.541176470588,0.603921568627,0.439215686275,0.392156862745,0.439215686275,0.294117647059,0.266666666667,0.298039215686,0.16862745098,0.145098039216,0.16862745098,19.7,-16.2,-0.6
Daylight (D65),Hydrocodone tartrate,positive,0.0,0.258823529412,0.250980392157,0.392156862745,0.250980392157,0.196078431373,0.709803921569,0.490196078431,0.423529411765,0.254901960784,0.403921568627,0.556862745098,0.270588235294,0.352941176471,0.129411764706,0.41568627451,0.41568627451,0.627450980392,0.2,0.662745098039,0.588235294118,0.811764705882,0.380392156863,0.0,0.145098039216,0.282352941176,0.611764705882,0.725490196078,0.223529411765,0.309803921569,0.282352941176,0.16862745098,0.349019607843,0.517647058824,0.658823529412,0.0,0.807843137255,0.525490196078,0.0,0.0196078431373,0.172549019608,0.537254901961,0.164705882353,0.521568627451,0.137254901961,0.654901960784,0.0901960784314,0.149019607843,0.854901960784,0.694117647059,0.0,0.686274509804,0.223529411765,0.525490196078,0.0,0.462745098039,0.611764705882,0.862745098039,0.882352941176,0.866666666667,0.686274509804,0.709803921569,0.709803921569,0.537254901961,0.552941176471,0.556862745098,0.38431372549,0.4,0.403921568627,0.250980392157,0.266666666667,0.270588235294,0.137254901961,0.141176470588,0.149019607843,31.4,-17.4,-2.6
Daylight (D65),Codeine,positive,0.0117647058824,0.164705882353,0.149019607843,0.392156862745,0.250980392157,0.196078431373,0.709803921569,0.490196078431,0.423529411765,0.254901960784,0.403921568627,0.556862745098,0.270588235294,0.352941176471,0.129411764706,0.41568627451,0.41568627451,0.627450980392,0.2,0.662745098039,0.588235294118,0.811764705882,0.380392156863,0.0,0.145098039216,0.282352941176,0.611764705882,0.725490196078,0.223529411765,0.309803921569,0.282352941176,0.16862745098,0.349019607843,0.517647058824,0.658823529412,0.0,0.807843137255,0.525490196078,0.0,0.0196078431373,0.172549019608,0.537254901961,0.164705882353,0.521568627451,0.137254901961,0.654901960784,0.0901960784314,0.149019607843,0.854901960784,0.694117647059,0.0,0.686274509804,0.223529411765,0.525490196078,0.0,0.462745098039,0.611764705882,0.862745098039,0.882352941176,0.866666666667,0.686274509804,0.709803921569,0.709803921569,0.537254901961,0.552941176471,0.556862745098,0.38431372549,0.4,0.403921568627,0.250980392157,0.266666666667,0.270588235294,0.137254901961,0.141176470588,0.149019607843,20.5,-12.9,-0.1
Tube light (FL2),LSD,negative,0.0862745098039,0.141176470588,0.121568627451,0.329411764706,0.258823529412,0.172549019608,0.603921568627,0.478431372549,0.396078431373,0.250980392157,0.341176470588,0.494117647059,0.254901960784,0.341176470588,0.152941176471,0.360784313725,0.36862745098,0.556862745098,0.301960784314,0.592156862745,0.545098039216,0.690196078431,0.450980392157,0.0078431372549,0.149019607843,0.203921568627,0.529411764706,0.588235294118,0.282352941176,0.286274509804,0.219607843137,0.152941176471,0.301960784314,0.498039215686,0.643137254902,0.0509803921569,0.709803921569,0.588235294118,0.0,0.0352941176471,0.0705882352941,0.458823529412,0.227450980392,0.470588235294,0.2,0.494117647059,0.192156862745,0.160784313725,0.749019607843,0.713725490196,0.00392156862745,0.541176470588,0.247058823529,0.466666666667,0.00392156862745,0.360784313725,0.556862745098,0.764705882353,0.803921568627,0.760784313725,0.61568627451,0.650980392157,0.63137254902,0.482352941176,0.517647058824,0.498039215686,0.352941176471,0.376470588235,0.360784313725,0.235294117647,0.254901960784,0.243137254902,0.129411764706,0.141176470588,0.129411764706,19.2,-7.5,0.7
Tube light (FL2),Hydrocodone tartrate,positive,0.0,0.227450980392,0.247058823529,0.329411764706,0.258823529412,0.172549019608,0.603921568627,0.478431372549,0.396078431373,0.250980392157,0.341176470588,0.494117647059,0.254901960784,0.341176470588,0.152941176471,0.360784313725,0.36862745098,0.556862745098,0.301960784314,0.592156862745,0.545098039216,0.690196078431,0.450980392157,0.0078431372549,0.149019607843,0.203921568627,0.529411764706,0.588235294118,0.282352941176,0.286274509804,0.219607843137,0.152941176471,0.301960784314,0.498039215686,0.643137254902,0.0509803921569,0.709803921569,0.588235294118,0.0,0.0352941176471,0.0705882352941,0.458823529412,0.227450980392,0.470588235294,0.2,0.494117647059,0.192156862745,0.160784313725,0.749019607843,0.713725490196,0.00392156862745,0.541176470588,0.247058823529,0.466666666667,0.00392156862745,0.360784313725,0.556862745098,0.764705882353,0.803921568627,0.760784313725,0.61568627451,0.650980392157,0.63137254902,0.482352941176,0.517647058824,0.498039215686,0.352941176471,0.376470588235,0.360784313725,0.235294117647,0.254901960784,0.243137254902,0.129411764706,0.141176470588,0.129411764706,30.4,-19.4,-7.9
White LED torch (LED-B3),Mace5,negative,0.301960784314,0.301960784314,0.0980392156863,0.427450980392,0.329411764706,0.243137254902,0.713725490196,0.56862745098,0.466666666667,0.341176470588,0.443137254902,0.564705882353,0.341176470588,0.43137254902,0.227450980392,0.474509803922,0.466666666667,0.623529411765,0.380392156863,0.701960784314,0.61568627451,0.788235294118,0.509803921569,0.0941176470588,0.23137254902,0.301960784314,0.6,0.709803921569,0.356862745098,0.364705882353,0.325490196078,0.227450980392,0.380392156863,0.58431372549,0.725490196078,0.149019607843,0.811764705882,0.650980392157,0.0,0.0862745098039,0.156862745098,0.533333333333,0.286274509804,0.564705882353,0.258823529412,0.639215686275,0.254901960784,0.235294117647,0.847058823529,0.776470588235,0.0,0.682352941176,0.333333333333,0.549019607843,0.0117647058824,0.478431372549,0.619607843137,0.854901960784,0.878431372549,0.823529411765,0.709803921569,0.733333333333,0.694117647059,0.580392156863,0.603921568627,0.564705882353,0.443137254902,0.462745098039,0.439215686275,0.317647058824,0.333333333333,0.317647058824,0.2,0.203921568627,0.196078431373,30.1,-4.0,29.0
White LED torch (LED-B3),Diacetylmorphine HCl,positive,0.0,0.325490196078,0.294117647059,0.427450980392,0.329411764706,0.243137254902,0.713725490196,0.56862745098,0.466666666667,0.341176470588,0.443137254902,0.564705882353,0.341176470588,0.43137254902,0.227450980392,0.474509803922,0.466666666667,0.623529411765,0.380392156863,0.701960784314,0.61568627451,0.788235294118,0.509803921569,0.0941176470588,0.23137254902,0.301960784314,0.6,0.709803921569,0.356862745098,0.364705882353,0.325490196078,0.227450980392,0.380392156863,0.58431372549,0.725490196078,0.149019607843,0.811764705882,0.650980392157,0.0,0.0862745098039,0.156862745098,0.533333333333,0.286274509804,0.564705882353,0.258823529412,0.639215686275,0.254901960784,0.235294117647,0.847058823529,0.776470588235,0.0,0.682352941176,0.333333333333,0.549019607843,0.0117647058824,0.478431372549,0.619607843137,0.854901960784,0.878431372549,0.823529411765,0.709803921569,0.733333333333,0.694117647059,0.580392156863,0.603921568627,0.564705882353,0.443137254902,0.462745098039,0.439215686275,0.317647058824,0.333333333333,0.317647058824,0.2,0.203921568627,0.196078431373,31.3,-24.0,-1.7
Incandescent bulb (A),Mescaline HCl,negative,0.513725490196,0.490196078431,0.0196078431373,0.458823529412,0.349019607843,0.196078431373,0.756862745098,0.592156862745,0.403921568627,0.360784313725,0.470588235294,0.466666666667,0.352941176471,0.435294117647,0.160784313725,0.513725490196,0.494117647059,0.521568627451,0.372549019608,0.698039215686,0.529411764706,0.823529411765,0.541176470588,0.0156862745098,0.270588235294,0.349019607843,0.505882352941,0.760784313725,0.388235294118,0.301960784314,0.36862745098,0.254901960784,0.309803921569,0.58431372549,0.721568627451,0.0745098039216,0.827450980392,0.658823529412,0.00392156862745,0.133333333333,0.23137254902,0.450980392157,0.286274509804,0.56862745098,0.243137254902,0.713725490196,0.278431372549,0.2,0.862745098039,0.788235294118,0.0,0.745098039216,0.376470588235,0.447058823529,0.0117647058824,0.494117647059,0.525490196078,0.898039215686,0.917647058824,0.698039215686,0.737254901961,0.76862745098,0.58431372549,0.603921568627,0.627450980392,0.486274509804,0.458823529412,0.478431372549,0.360784313725,0.325490196078,0.345098039216,0.254901960784,0.2,0.211764705882,0.152941176471,50.5,-2.6,52.5
Incandescent bulb (A),Oxycodone HCl,negative,0.513725490196,0.490196078431,0.0117647058824,0.458823529412,0.349019607843,0.196078431373,0.756862745098,0.592156862745,0.403921568627,0.360784313725,0.470588235294,0.466666666667,0.352941176471,0.435294117647,0.160784313725,0.513725490196,0.494117647059,0.521568627451,0.372549019608,0.698039215686,0.529411764706,0.823529411765,0.541176470588,0.0156862745098,0.270588235294,0.349019607843,0.505882352941,0.760784313725,0.388235294118,0.301960784314,0.36862745098,0.254901960784,0.309803921569,0.58431372549,0.721568627451,0.0745098039216,0.827450980392,0.658823529412,0.00392156862745,0.133333333333,0.23137254902,0.450980392157,0.286274509804,0.56862745098,0.243137254902,0.713725490196,0.278431372549,0.2,0.862745098039,0.788235294118,0.0,0.745098039216,0.376470588235,0.447058823529,0.0117647058824,0.494117647059,0.525490196078,0.898039215686,0.917647058824,0.698039215686,0.737254901961,0.76862745098,0.58431372549,0.603921568627,0.627450980392,0.486274509804,0.458823529412,0.478431372549,0.360784313725,0.325490196078,0.345098039216,0.254901960784,0.2,0.211764705882,0.152941176471,50.7,-4.2,53.2
Daylight (D65),Dristan,negative,0.666666666667,0.505882352941,0.00392156862745,0.43137254902,0.294117647059,0.219607843137,0.717647058824,0.533333333333,0.462745098039,0.282352941176,0.450980392157,0.588235294118,0.305882352941,0.4,0.164705882353,0.450980392157,0.466666666667,0.654901960784,0.219607843137,0.698039215686,0.61568627451,0.811764705882,0.427450980392,0.0078431372549,0.16862745098,0.329411764706,0.639215686275,0.737254901961,0.274509803922,0.349019607843,0.325490196078,0.211764705882,0.392156862745,0.537254901961,0.686274509804,0.0,0.819607843137,0.564705882353,0.0078431372549,0.0274509803922,0.219607843137,0.572549019608,0.176470588235,0.552941176471,0.16862745098,0.674509803922,0.149019607843,0.192156862745,0.839215686275,0.713725490196,0.00392156862745,0.709803921569,0.278431372549,0.564705882353,0.0,0.501960784314,0.639215686275,0.823529411765,0.866666666667,0.835294117647,0.682352941176,0.725490196078,0.709803921569,0.545098039216,0.588235294118,0.572549019608,0.411764705882,0.447058823529,0.435294117647,0.282352941176,0.317647058824,0.309803921569,0.176470588235,0.188235294118,0.188235294118,61.0,7.4,55.5
Daylight (D65),Oxycodone HCl,negative,0.780392156863,0.780392156863,0.627450980392,0.43137254902,0.294117647059,0.219607843137,0.717647058824,0.533333333333,0.462745098039,0.282352941176,0.450980392157,0.588235294118,0.305882352941,0.4,0.164705882353,0.450980392157,0.466666666667,0.654901960784,0.219607843137,0.698039215686,0.61568627451,0.811764705882,0.427450980392,0.0078431372549,0.16862745098,0.329411764706,0.639215686275,0.737254901961,0.274509803922,0.349019607843,0.325490196078,0.211764705882,0.392156862745,0.537254901961,0.686274509804,0.0,0.819607843137,0.564705882353,0.0078431372549,0.0274509803922,0.219607843137,0.572549019608,0.176470588235,0.552941176471,0.16862745098,0.674509803922,0.149019607843,0.192156862745,0.839215686275,0.713725490196,0.00392156862745,0.709803921569,0.278431372549,0.564705882353,0.0,0.501960784314,0.639215686275,0.823529411765,0.866666666667,0.835294117647,0.682352941176,0.725490196078,0.709803921569,0.545098039216,0.588235294118,0.572549019608,0.411764705882,0.447058823529,0.435294117647,0.282352941176,0.317647058824,0.309803921569,0.176470588235,0.188235294118,0.188235294118,75.4,-3.8,25.5
Tube light (FL2),Morphine monohydrate,positive,0.0352941176471,0.219607843137,0.176470588235,0.466666666667,0.352941176471,0.18431372549,0.78431372549,0.603921568627,0.411764705882,0.364705882353,0.470588235294,0.564705882353,0.352941176471,0.447058823529,0.0980392156863,0.494117647059,0.490196078431,0.627450980392,0.4,0.733333333333,0.580392156863,0.886274509804,0.560784313725,0.00392156862745,0.254901960784,0.321568627451,0.627450980392,0.76862745098,0.364705882353,0.309803921569,0.325490196078,0.239215686275,0.376470588235,0.63137254902,0.776470588235,0.0,0.886274509804,0.701960784314,0.00392156862745,0.105882352941,0.188235294118,0.556862745098,0.317647058824,0.6,0.109803921569,0.654901960784,0.250980392157,0.164705882353,0.929411764706,0.847058823529,0.0,0.705882352941,0.341176470588,0.537254901961,0.00392156862745,0.490196078431,0.627450980392,0.960784313725,0.972549019608,0.796078431373,0.788235294118,0.811764705882,0.670588235294,0.635294117647,0.654901960784,0.537254901961,0.478431372549,0.494117647059,0.407843137255,0.337254901961,0.349019607843,0.290196078431,0.203921568627,0.211764705882,0.16862745098,19.2,-17.3,-1.9
Tube light (FL2),Mescaline HCl,negative,0.549019607843,0.513725490196,0.0,0.466666666667,0.352941176471,0.18431372549,0.78431372549,0.603921568627,0.411764705882,0.364705882353,0.470588235294,0.564705882353,0.352941176471,0.447058823529,0.0980392156863,0.494117647059,0.490196078431,0.627450980392,0.4,0.733333333333,0.580392156863,0.886274509804,0.560784313725,0.00392156862745,0.254901960784,0.321568627451,0.627450980392,0.76862745098,0.364705882353,0.309803921569,0.325490196078,0.239215686275,0.376470588235,0.63137254902,0.776470588235,0.0,0.886274509804,0.701960784314,0.00392156862745,0.105882352941,0.188235294118,0.556862745098,0.317647058824,0.6,0.109803921569,0.654901960784,0.250980392157,0.164705882353,0.929411764706,0.847058823529,0.0,0.705882352941,0.341176470588,0.537254901961,0.00392156862745,0.490196078431,0.627450980392,0.960784313725,0.972549019608,0.796078431373,0.788235294118,0.811764705882,0.670588235294,0.635294117647,0.654901960784,0.537254901961,0.478431372549,0.494117647059,0.407843137255,0.337254901961,0.349019607843,0.290196078431,0.203921568627,0.211764705882,0.16862745098,50.9,-2.5,43.8
White LED torch (LED-B3),Codeine,positive,0.00392156862745,0.188235294118,0.125490196078,0.411764705882,0.305882352941,0.137254901961,0.752941176471,0.576470588235,0.345098039216,0.262745098039,0.443137254902,0.533333333333,0.270588235294,0.41568627451,0.0313725490196,0.43137254902,0.462745098039,0.603921568627,0.180392156863,0.737254901961,0.529411764706,0.858823529412,0.494117647059,0.0,0.149019607843,0.290196078431,0.6,0.764705882353,0.305882352941,0.266666666667,0.290196078431,0.196078431373,0.337254901961,0.529411764706,0.760784313725,0.0,0.854901960784,0.654901960784,0.0,0.0196078431373,0.156862745098,0.525490196078,0.125490196078,0.580392156863,0.00392156862745,0.674509803922,0.18431372549,0.0941176470588,0.890196078431,0.823529411765,0.0,0.713725490196,0.286274509804,0.494117647059,0.0,0.482352941176,0.580392156863,0.894117647059,0.98431372549,0.764705882353,0.709803921569,0.8,0.635294117647,0.556862745098,0.623529411765,0.498039215686,0.4,0.454901960784,0.356862745098,0.262745098039,0.305882352941,0.239215686275,0.149019607843,0.16862745098,0.129411764706,20.2,-13.9,0.7
White LED torch (LED-B3),Contac,negative,0.423529411765,0.345098039216,0.00392156862745,0.411764705882,0.305882352941,0.137254901961,0.752941176471,0.576470588235,0.345098039216,0.262745098039,0.443137254902,0.533333333333,0.270588235294,0.41568627451,0.0313725490196,0.43137254902,0.462745098039,0.603921568627,0.180392156863,0.737254901961,0.529411764706,0.858823529412,0.494117647059,0.0,0.149019607843,0.290196078431,0.6,0.764705882353,0.305882352941,0.266666666667,0.290196078431,0.196078431373,0.337254901961,0.529411764706,0.760784313725,0.0,0.854901960784,0.654901960784,0.0,0.0196078431373,0.156862745098,0.525490196078,0.125490196078,0.580392156863,0.00392156862745,0.674509803922,0.18431372549,0.0941176470588,0.890196078431,0.823529411765,0.0,0.713725490196,0.286274509804,0.494117647059,0.0,0.482352941176,0.580392156863,0.894117647059,0.98431372549,0.764705882353,0.709803921569,0.8,0.635294117647,0.556862745098,0.623529411765,0.498039215686,0.4,0.454901960784,0.356862745098,0.262745098039,0.305882352941,0.239215686275,0.149019607843,0.16862745098,0.129411764706,40.6,6.4,35.4
Incandescent bulb (A),Morphine monohydrate,positive,0.0156862745098,0.137254901961,0.141176470588,0.388235294118,0.239215686275,0.192156862745,0.713725490196,0.454901960784,0.423529411765,0.305882352941,0.325490196078,0.474509803922,0.294117647059,0.321568627451,0.188235294118,0.450980392157,0.345098039216,0.537254901961,0.337254901961,0.564705882353,0.56862745098,0.780392156863,0.419607843137,0.125490196078,0.211764705882,0.192156862745,0.494117647059,0.713725490196,0.258823529412,0.294117647059,0.301960784314,0.137254901961,0.278431372549,0.545098039216,0.611764705882,0.250980392157,0.803921568627,0.545098039216,0.0941176470588,0.0901960784314,0.0627450980392,0.423529411765,0.247058823529,0.450980392157,0.270588235294,0.658823529412,0.16862745098,0.18431372549,0.847058823529,0.670588235294,0.160784313725,0.694117647059,0.227450980392,0.439215686275,0.0313725490196,0.345098039216,0.545098039216,0.870588235294,0.76862745098,0.780392156863,0.701960784314,0.619607843137,0.639215686275,0.549019607843,0.486274509804,0.501960784314,0.4,0.352941176471,0.364705882353,0.266666666667,0.23137254902,0.243137254902,0.149019607843,0.125490196078,0.129411764706,20.1,-14.2,-1.4
Incandescent bulb (A),Codeine,positive,0.0196078431373,0.137254901961,0.141176470588,0.388235294118,0.239215686275,0.192156862745,0.713725490196,0.454901960784,0.423529411765,0.305882352941,0.325490196078,0.474509803922,0.294117647059,0.321568627451,0.188235294118,0.450980392157,0.345098039216,0.537254901961,0.337254901961,0.564705882353,0.56862745098,0.780392156863,0.419607843137,0.125490196078,0.211764705882,0.192156862745,0.494117647059,0.713725490196,0.258823529412,0.294117647059,0.301960784314,0.137254901961,0.278431372549,0.545098039216,0.611764705882,0.250980392157,0.803921568627,0.545098039216,0.0941176470588,0.0901960784314,0.0627450980392,0.423529411765,0.247058823529,0.450980392157,0.270588235294,0.658823529412,0.16862745098,0.18431372549,0.847058823529,0.670588235294,0.160784313725,0.694117647059,0.227450980392,0.439215686275,0.0313725490196,0.345098039216,0.545098039216,0.870588235294,0.76862745098,0.780392156863,0.701960784314,0.619607843137,0.639215686275,0.549019607843,0.486274509804,0.501960784314,0.4,0.352941176471,0.364705882353,0.266666666667,0.23137254902,0.243137254902,0.149019607843,0.125490196078,0.129411764706,20.1,-14.0,-1.4
Daylight (D65),Nutmeg,negative,0.2,0.180392156863,0.0901960784314,0.411764705882,0.325490196078,0.219607843137,0.701960784314,0.592156862745,0.454901960784,0.211764705882,0.494117647059,0.592156862745,0.270588235294,0.43137254902,0.137254901961,0.396078431373,0.509803921569,0.662745098039,0.0117647058824,0.752941176471,0.61568627451,0.811764705882,0.474509803922,0.0,0.0588235294118,0.372549019608,0.662745098039,0.733333333333,0.325490196078,0.345098039216,0.301960784314,0.239215686275,0.392156862745,0.494117647059,0.745098039216,0.0,0.796078431373,0.61568627451,0.0,0.00392156862745,0.258823529412,0.58431372549,0.0509803921569,0.603921568627,0.121568627451,0.674509803922,0.2,0.18431372549,0.83137254902,0.78431372549,0.0,0.690196078431,0.333333333333,0.564705882353,0.0,0.549019607843,0.647058823529,0.8,0.98431372549,0.870588235294,0.643137254902,0.811764705882,0.733333333333,0.517647058824,0.647058823529,0.58431372549,0.380392156863,0.486274509804,0.439215686275,0.258823529412,0.337254901961,0.301960784314,0.149019607843,0.2,0.180392156863,19.6,3.4,15.7
Tube light (FL2),Diacetylmorphine HCl,positive,0.0,0.262745098039,0.286274509804,0.396078431373,0.270588235294,0.180392156863,0.713725490196,0.490196078431,0.423529411765,0.305882352941,0.360784313725,0.576470588235,0.301960784314,0.372549019608,0.133333333333,0.443137254902,0.380392156863,0.658823529412,0.333333333333,0.643137254902,0.63137254902,0.807843137255,0.458823529412,0.0,0.188235294118,0.188235294118,0.627450980392,0.709803921569,0.258823529412,0.309803921569,0.274509803922,0.152941176471,0.376470588235,0.576470588235,0.694117647059,0.00392156862745,0.858823529412,0.63137254902,0.00392156862745,0.0588235294118,0.0274509803922,0.541176470588,0.243137254902,0.509803921569,0.164705882353,0.596078431373,0.164705882353,0.145098039216,0.874509803922,0.756862745098,0.00392156862745,0.658823529412,0.211764705882,0.552941176471,0.0,0.38431372549,0.666666666667,0.874509803922,0.827450980392,0.843137254902,0.705882352941,0.678431372549,0.698039215686,0.564705882353,0.541176470588,0.556862745098,0.419607843137,0.4,0.41568627451,0.286274509804,0.278431372549,0.290196078431,0.160784313725,0.152941176471,0.160784313725,31.1,-19.7,-4.0
Tube light (FL2),Opium,negative,0.16862745098,0.164705882353,0.0823529411765,0.396078431373,0.270588235294,0.180392156863,0.713725490196,0.490196078431,0.423529411765,0.305882352941,0.360784313725,0.576470588235,0.301960784314,0.372549019608,0.133333333333,0.443137254902,0.380392156863,0.658823529412,0.333333333333,0.643137254902,0.63137254902,0.807843137255,0.458823529412,0.0,0.188235294118,0.188235294118,0.627450980392,0.709803921569,0.258823529412,0.309803921569,0.274509803922,0.152941176471,0.376470588235,0.576470588235,0.694117647059,0.00392156862745,0.858823529412,0.63137254902,0.00392156862745,0.0588235294118,0.0274509803922,0.541176470588,0.243137254902,0.509803921569,0.164705882353,0.596078431373,0.164705882353,0.145098039216,0.874509803922,0.756862745098,0.00392156862745,0.658823529412,0.211764705882,0.552941176471,0.0,0.38431372549,0.666666666667,0.874509803922,0.827450980392,0.843137254902,0.705882352941,0.678431372549,0.698039215686,0.564705882353,0.541176470588,0.556862745098,0.419607843137,0.4,0.41568627451,0.286274509804,0.278431372549,0.290196078431,0.160784313725,0.152941176471,0.160784313725,20.2,-3.1,11.8
White LED torch (LED-B3),Doxepin HCl,negative,0.313725490196,0.176470588235,0.133333333333,0.450980392157,0.356862745098,0.188235294118,0.756862745098,0.611764705882,0.396078431373,0.274509803922,0.494117647059,0.58431372549,0.301960784314,0.466666666667,0.0509803921569,0.454901960784,0.509803921569,0.654901960784,0.105882352941,0.76862745098,0.576470588235,0.862745098039,0.541176470588,0.0,0.156862745098,0.345098039216,0.662745098039,0.78431372549,0.360784313725,0.313725490196,0.333333333333,0.243137254902,0.4,0.533333333333,0.796078431373,0.00392156862745,0.854901960784,0.694117647059,0.00392156862745,0.0156862745098,0.196078431373,0.6,0.0901960784314,0.627450980392,0.0156862745098,0.705882352941,0.239215686275,0.141176470588,0.870588235294,0.847058823529,0.0,0.733333333333,0.337254901961,0.556862745098,0.0,0.529411764706,0.643137254902,0.854901960784,0.980392156863,0.796078431373,0.698039215686,0.81568627451,0.674509803922,0.56862745098,0.666666666667,0.552941176471,0.43137254902,0.505882352941,0.419607843137,0.305882352941,0.360784313725,0.298039215686,0.188235294118,0.219607843137,0.18431372549,19.5,17.3,11.8
Incandescent bulb (A),Morphine monohydrate,positive,0.0156862745098,0.2,0.176470588235,0.454901960784,0.309803921569,0.207843137255,0.772549019608,0.529411764706,0.439215686275,0.352941176471,0.41568627451,0.517647058824,0.341176470588,0.4,0.180392156863,0.509803921569,0.435294117647,0.576470588235,0.349019607843,0.654901960784,0.588235294118,0.843137254902,0.486274509804,0.0078431372549,0.258823529412,0.282352941176,0.549019607843,0.78431372549,0.321568627451,0.309803921569,0.372549019608,0.207843137255,0.329411764706,0.580392156863,0.690196078431,0.117647058824,0.854901960784,0.61568627451,0.0,0.125490196078,0.152941176471,0.486274509804,0.258823529412,0.537254901961,0.266666666667,0.733333333333,0.211764705882,0.192156862745,0.890196078431,0.741176470588,0.0,0.76862745098,0.298039215686,0.482352941176,0.0,0.439215686275,0.588235294118,0.909803921569,0.850980392157,0.76862745098,0.745098039216,0.709803921569,0.643137254902,0.603921568627,0.572549019608,0.521568627451,0.454901960784,0.435294117647,0.392156862745,0.321568627451,0.305882352941,0.282352941176,0.2,0.18431372549,0.164705882353,19.6,-16.5,-2.6
Incandescent bulb (A),Hydrocodone tartrate,positive,0.0,0.286274509804,0.286274509804,0.454901960784,0.309803921569,0.207843137255,0.772549019608,0.529411764706,0.439215686275,0.352941176471,0.41568627451,0.517647058824,0.341176470588,0.4,0.180392156863,0.509803921569,0.435294117647,0.576470588235,0.349019607843,0.654901960784,0.588235294118,0.843137254902,0.486274509804,0.0078431372549,0.258823529412,0.282352941176,0.549019607843,0.78431372549,0.321568627451,0.309803921569,0.372549019608,0.207843137255,0.329411764706,0.580392156863,0.690196078431,0.117647058824,0.854901960784,0.61568627451,0.0,0.125490196078,0.152941176471,0.486274509804,0.258823529412,0.537254901961,0.266666666667,0.733333333333,0.211764705882,0.192156862745,0.890196078431,0.741176470588,0.0,0.76862745098,0.298039215686,0.482352941176,0.0,0.439215686275,0.588235294118,0.909803921569,0.850980392157,0.76862745098,0.745098039216,0.709803921569,0.643137254902,0.603921568627,0.572549019608,0.521568627451,0.454901960784,0.435294117647,0.392156862745,0.321568627451,0.305882352941,0.282352941176,0.2,0.18431372549,0.164705882353,30.7,-18.9,-5.7
Daylight (D65),Contac,negative,0.341176470588,0.301960784314,0.0196078431373,0.317647058824,0.270588235294,0.180392156863,0.572549019608,0.513725490196,0.392156862745,0.16862745098,0.423529411765,0.486274509804,0.211764705882,0.364705882353,0.137254901961,0.321568627451,0.447058823529,0.556862745098,0.0666666666667,0.670588235294,0.537254901961,0.654901960784,0.411764705882,0.0078431372549,0.0470588235294,0.313725490196,0.529411764706,0.588235294118,0.290196078431,0.290196078431,0.23137254902,0.2,0.305882352941,0.41568627451,0.654901960784,0.00392156862745,0.666666666667,0.552941176471,0.00392156862745,0.0078431372549,0.207843137255,0.462745098039,0.0823529411765,0.509803921569,0.160784313725,0.537254901961,0.18431372549,0.164705882353,0.694117647059,0.694117647059,0.00392156862745,0.560784313725,0.305882352941,0.470588235294,0.00392156862745,0.478431372549,0.545098039216,0.654901960784,0.862745098039,0.745098039216,0.529411764706,0.705882352941,0.623529411765,0.41568627451,0.560784313725,0.490196078431,0.301960784314,0.411764705882,0.356862745098,0.196078431373,0.278431372549,0.243137254902,0.109803921569,0.160784313725,0.133333333333,41.0,6.2,39.9
Daylight (D65),Contac,negative,0.63137254902,0.772549019608,0.611764705882,0.317647058824,0.270588235294,0.180392156863,0.572549019608,0.513725490196,0.392156862745,0.16862745098,0.423529411765,0.486274509804,0.211764705882,0.364705882353,0.137254901961,0.321568627451,0.447058823529,0.556862745098,0.0666666666667,0.670588235294,0.537254901961,0.654901960784,0.411764705882,0.0078431372549,0.0470588235294,0.313725490196,0.529411764706,0.588235294118,0.290196078431,0.290196078431,0.23137254902,0.2,0.305882352941,0.41568627451,0.654901960784,0.00392156862745,0.666666666667,0.552941176471,0.00392156862745,0.0078431372549,0.207843137255,0.462745098039,0.0823529411765,0.509803921569,0.160784313725,0.537254901961,0.18431372549,0.164705882353,0.694117647059,0.694117647059,0.00392156862745,0.560784313725,0.305882352941,0.470588235294,0.00392156862745,0.478431372549,0.545098039216,0.654901960784,0.862745098039,0.745098039216,0.529411764706,0.705882352941,0.623529411765,0.41568627451,0.560784313725,0.490196078431,0.301960784314,0.411764705882,0.356862745098,0.196078431373,0.278431372549,0.243137254902,0.109803921569,0.160784313725,0.133333333333,85.4,-0.4,13.1
Tube light (FL2),Morphine monohydrate,positive,0.0235294117647,0.21568627451,0.156862745098,0.4,0.333333333333,0.145098039216,0.666666666667,0.564705882353,0.345098039216,0.282352941176,0.447058823529,0.501960784314,0.294117647059,0.427450980392,0.0509803921569,0.411764705882,0.474509803922,0.564705882353,0.286274509804,0.694117647059,0.509803921569,0.752941176471,0.525490196078,0.00392156862745,0.176470588235,0.317647058824,0.552941176471,0.662745098039,0.356862745098,0.266666666667,0.274509803922,0.235294117647,0.333333333333,0.525490196078,0.721568627451,0.0,0.756862745098,0.662745098039,0.0,0.0470588235294,0.196078431373,0.494117647059,0.223529411765,0.552941176471,0.0352941176471,0.56862745098,0.247058823529,0.125490196078,0.788235294118,0.780392156863,0.0,0.611764705882,0.337254901961,0.478431372549,0.00392156862745,0.470588235294,0.564705882353,0.776470588235,0.890196078431,0.662745098039,0.643137254902,0.745098039216,0.56862745098,0.529411764706,0.607843137255,0.462745098039,0.4,0.462745098039,0.349019607843,0.282352941176,0.333333333333,0.250980392157,0.16862745098,0.203921568627,0.145098039216,19.7,-15.5,-1.4
Tube light (FL2),Nutmeg,negative,0.21568627451,0.2,0.0549019607843,0.4,0.333333333333,0.145098039216,0.666666666667,0.564705882353,0.345098039216,0.282352941176,0.447058823529,0.501960784314,0.294117647059,0.427450980392,0.0509803921569,0.411764705882,0.474509803922,0.564705882353,0.286274509804,0.694117647059,0.509803921569,0.752941176471,0.525490196078,0.00392156862745,0.176470588235,0.317647058824,0.552941176471,0.662745098039,0.356862745098,0.266666666667,0.274509803922,0.235294117647,0.333333333333,0.525490196078,0.721568627451,0.0,0.756862745098,0.662745098039,0.0,0.0470588235294,0.196078431373,0.494117647059,0.223529411765,0.552941176471,0.0352941176471,0.56862745098,0.247058823529,0.125490196078,0.788235294118,0.780392156863,0.0,0.611764705882,0.337254901961,0.478431372549,0.00392156862745,0.470588235294,0.564705882353,0.776470588235,0.890196078431,0.662745098039,0.643137254902,0.745098039216,0.56862745098,0.529411764706,0.607843137255,0.462745098039,0.4,0.462745098039,0.349019607843,0.282352941176,0.333333333333,0.250980392157,0.16862745098,0.203921568627,0.145098039216,19.6,3.8,16.4
White LED torch (LED-B3),Exedrine,negative,0.517647058824,0.533333333333,0.235294117647,0.364705882353,0.298039215686,0.180392156863,0.647058823529,0.533333333333,0.36862745098,0.274509803922,0.41568627451,0.462745098039,0.270588235294,0.388235294118,0.141176470588,0.396078431373,0.439215686275,0.525490196078,0.290196078431,0.662745098039,0.498039215686,0.721568627451,0.478431372549,0.00392156862745,0.172549019608,0.290196078431,0.509803921569,0.639215686275,0.325490196078,0.282352941176,0.262745098039,0.207843137255,0.305882352941,0.501960784314,0.686274509804,0.00392156862745,0.737254901961,0.607843137255,0.0,0.043137254902,0.172549019608,0.450980392157,0.227450980392,0.525490196078,0.164705882353,0.572549019608,0.227450980392,0.172549019608,0.764705882353,0.745098039216,0.00392156862745,0.603921568627,0.313725490196,0.450980392157,0.0,0.454901960784,0.513725490196,0.776470588235,0.874509803922,0.709803921569,0.639215686275,0.721568627451,0.592156862745,0.501960784314,0.572549019608,0.470588235294,0.376470588235,0.427450980392,0.349019607843,0.254901960784,0.298039215686,0.239215686275,0.145098039216,0.172549019608,0.137254901961,61.1,-2.3,33.4
White LED torch (LED-B3),Morphine monohydrate,positive,0.0196078431373,0.18431372549,0.137254901961,0.364705882353,0.298039215686,0.180392156863,0.647058823529,0.533333333333,0.36862745098,0.274509803922,0.41568627451,0.462745098039,0.270588235294,0.388235294118,0.141176470588,0.396078431373,0.439215686275,0.525490196078,0.290196078431,0.662745098039,0.498039215686,0.721568627451,0.478431372549,0.00392156862745,0.172549019608,0.290196078431,0.509803921569,0.639215686275,0.325490196078,0.282352941176,0.262745098039,0.207843137255,0.305882352941,0.501960784314,0.686274509804,0.00392156862745,0.737254901961,0.607843137255,0.0,0.043137254902,0.172549019608,0.450980392157,0.227450980392,0.525490196078,0.164705882353,0.572549019608,0.227450980392,0.172549019608,0.764705882353,0.745098039216,0.00392156862745,0.603921568627,0.313725490196,0.450980392157,0.0,0.454901960784,0.513725490196,0.776470588235,0.874509803922,0.709803921569,0.639215686275,0.721568627451,0.592156862745,0.501960784314,0.572549019608,0.470588235294,0.376470588235,0.427450980392,0.349019607843,0.254901960784,0.298039215686,0.239215686275,0.145098039216,0.172549019608,0.137254901961,20.1,-15.8,-0.1
Incandescent bulb (A),Codeine,positive,0.0078431372549,0.192156862745,0.172549019608,0.41568627451,0.309803921569,0.21568627451,0.725490196078,0.549019607843,0.458823529412,0.305882352941,0.41568627451,0.521568627451,0.305882352941,0.4,0.196078431373,0.462745098039,0.447058823529,0.58431372549,0.290196078431,0.674509803922,0.61568627451,0.8,0.505882352941,0.043137254902,0.207843137255,0.274509803922,0.549019607843,0.745098039216,0.345098039216,0.325490196078,0.337254901961,0.207843137255,0.325490196078,0.537254901961,0.713725490196,0.21568627451,0.819607843137,0.650980392157,0.0078431372549,0.0666666666667,0.145098039216,0.474509803922,0.207843137255,0.537254901961,0.286274509804,0.690196078431,0.239215686275,0.2,0.847058823529,0.776470588235,0.0156862745098,0.725490196078,0.321568627451,0.490196078431,0.0,0.443137254902,0.6,0.847058823529,0.882352941176,0.8,0.686274509804,0.729411764706,0.666666666667,0.552941176471,0.58431372549,0.541176470588,0.411764705882,0.443137254902,0.4,0.286274509804,0.305882352941,0.278431372549,0.172549019608,0.180392156863,0.160784313725,20.0,-14.7,-2.1
Daylight (D65),Codeine,positive,0.00392156862745,0.250980392157,0.211764705882,0.411764705882,0.345098039216,0.243137254902,0.678431372549,0.6,0.470588235294,0.172549019608,0.509803921569,0.619607843137,0.266666666667,0.454901960784,0.152941176471,0.38431372549,0.533333333333,0.686274509804,0.0,0.760784313725,0.639215686275,0.78431372549,0.490196078431,0.0,0.0196078431373,0.392156862745,0.682352941176,0.725490196078,0.345098039216,0.372549019608,0.321568627451,0.262745098039,0.427450980392,0.470588235294,0.749019607843,0.0,0.78431372549,0.63137254902,0.00392156862745,0.0,0.274509803922,0.607843137255,0.0078431372549,0.61568627451,0.141176470588,0.670588235294,0.223529411765,0.207843137255,0.792156862745,0.780392156863,0.0,0.686274509804,0.352941176471,0.592156862745,0.0,0.564705882353,0.674509803922,0.733333333333,0.945098039216,0.854901960784,0.603921568627,0.792156862745,0.729411764706,0.486274509804,0.650980392157,0.6,0.376470588235,0.505882352941,0.470588235294,0.262745098039,0.360784313725,0.337254901961,0.164705882353,0.227450980392,0.21568627451,20.8,-14.6,1.3
Daylight (D65),Dimethoxy-meth HCl,negative,0.290196078431,0.180392156863,0.0470588235294,0.411764705882,0.345098039216,0.243137254902,0.678431372549,0.6,0.470588235294,0.172549019608,0.509803921569,0.619607843137,0.266666666667,0.454901960784,0.152941176471,0.38431372549,0.533333333333,0.686274509804,0.0,0.760784313725,0.639215686275,0.78431372549,0.490196078431,0.0,0.0196078431373,0.392156862745,0.682352941176,0.725490196078,0.345098039216,0.372549019608,0.321568627451,0.262745098039,0.427450980392,0.470588235294,0.749019607843,0.0,0.78431372549,0.63137254902,0.00392156862745,0.0,0.274509803922,0.607843137255,0.0078431372549,0.61568627451,0.141176470588,0.670588235294,0.223529411765,0.207843137255,0.792156862745,0.780392156863,0.0,0.686274509804,0.352941176471,0.592156862745,0.0,0.564705882353,0.674509803922,0.733333333333,0.945098039216,0.854901960784,0.603921568627,0.792156862745,0.729411764706,0.486274509804,0.650980392157,0.6,0.376470588235,0.505882352941,0.470588235294,0.262745098039,0.360784313725,0.337254901961,0.164705882353,0.227450980392,0.21568627451,19.5,15.2,28.4
White LED torch (LED-B3),Mescaline HCl,negative,0.505882352941,0.490196078431,0.0,0.423529411765,0.325490196078,0.207843137255,0.725490196078,0.576470588235,0.423529411765,0.325490196078,0.454901960784,0.529411764706,0.321568627451,0.423529411765,0.16862745098,0.458823529412,0.474509803922,0.592156862745,0.356862745098,0.713725490196,0.564705882353,0.807843137255,0.513725490196,0.0117647058824,0.219607843137,0.313725490196,0.576470588235,0.725490196078,0.352941176471,0.329411764706,0.309803921569,0.227450980392,0.345098039216,0.576470588235,0.741176470588,0.0078431372549,0.827450980392,0.658823529412,0.00392156862745,0.078431372549,0.18431372549,0.513725490196,0.274509803922,0.572549019608,0.2,0.647058823529,0.247058823529,0.2,0.866666666667,0.8,0.0,0.686274509804,0.337254901961,0.509803921569,0.00392156862745,0.490196078431,0.576470588235,0.882352941176,0.937254901961,0.792156862745,0.725490196078,0.776470588235,0.666666666667,0.576470588235,0.623529411765,0.529411764706,0.435294117647,0.470588235294,0.403921568627,0.301960784314,0.329411764706,0.278431372549,0.180392156863,0.196078431373,0.164705882353,50.9,-3.5,49.7
White LED torch (LED-B3),Chlorpromazine HCl,negative,0.239215686275,0.172549019608,0.141176470588,0.423529411765,0.325490196078,0.207843137255,0.725490196078,0.576470588235,0.423529411765,0.325490196078,0.454901960784,0.529411764706,0.321568627451,0.423529411765,0.16862745098,0.458823529412,0.474509803922,0.592156862745,0.356862745098,0.713725490196,0.564705882353,0.807843137255,0.513725490196,0.0117647058824,0.219607843137,0.313725490196,0.576470588235,0.725490196078,0.352941176471,0.329411764706,0.309803921569,0.227450980392,0.345098039216,0.576470588235,0.741176470588,0.0078431372549,0.827450980392,0.658823529412,0.00392156862745,0.078431372549,0.18431372549,0.513725490196,0.274509803922,0.572549019608,0.2,0.647058823529,0.247058823529,0.2,0.866666666667,0.8,0.0,0.686274509804,0.337254901961,0.509803921569,0.00392156862745,0.490196078431,0.576470588235,0.882352941176,0.937254901961,0.792156862745,0.725490196078,0.776470588235,0.666666666667,0.576470588235,0.623529411765,0.529411764706,0.435294117647,0.470588235294,0.403921568627,0.301960784314,0.329411764706,0.278431372549,0.180392156863,0.196078431373,0.164705882353,19.6,10.7,4.9
Incandescent bulb (A),Hydrocodone tartrate,positive,0.0,0.278431372549,0.258823529412,0.447058823529,0.313725490196,0.196078431373,0.752941176471,0.545098039216,0.41568627451,0.349019607843,0.423529411765,0.482352941176,0.333333333333,0.396078431373,0.16862745098,0.494117647059,0.443137254902,0.533333333333,0.345098039216,0.654901960784,0.545098039216,0.823529411765,0.501960784314,0.0117647058824,0.254901960784,0.298039215686,0.517647058824,0.756862745098,0.341176470588,0.298039215686,0.352941176471,0.21568627451,0.305882352941,0.56862745098,0.686274509804,0.117647058824,0.823529411765,0.61568627451,0.00392156862745,0.121568627451,0.176470588235,0.454901960784,0.258823529412,0.533333333333,0.247058823529,0.709803921569,0.235294117647,0.188235294118,0.862745098039,0.745098039216,0.0,0.741176470588,0.317647058824,0.447058823529,0.0078431372549,0.443137254902,0.549019607843,0.890196078431,0.866666666667,0.725490196078,0.733333333333,0.717647058824,0.603921568627,0.588235294118,0.580392156863,0.486274509804,0.443137254902,0.439215686275,0.36862745098,0.309803921569,0.305882352941,0.254901960784,0.188235294118,0.180392156863,0.145098039216,30.7,-19.0,-6.0
Incandescent bulb (A),Dristan,negative,0.678431372549,0.521568627451,0.0078431372549,0.447058823529,0.313725490196,0.196078431373,0.752941176471,0.545098039216,0.41568627451,0.349019607843,0.423529411765,0.482352941176,0.333333333333,0.396078431373,0.16862745098,0.494117647059,0.443137254902,0.533333333333,0.345098039216,0.654901960784,0.545098039216,0.823529411765,0.501960784314,0.0117647058824,0.254901960784,0.298039215686,0.517647058824,0.756862745098,0.341176470588,0.298039215686,0.352941176471,0.21568627451,0.305882352941,0.56862745098,0.686274509804,0.117647058824,0.823529411765,0.61568627451,0.00392156862745,0.121568627451,0.176470588235,0.454901960784,0.258823529412,0.533333333333,0.247058823529,0.709803921569,0.235294117647,0.188235294118,0.862745098039,0.745098039216,0.0,0.741176470588,0.317647058824,0.447058823529,0.0078431372549,0.443137254902,0.549019607843,0.890196078431,0.866666666667,0.725490196078,0.733333333333,0.717647058824,0.603921568627,0.588235294118,0.580392156863,0.486274509804,0.443137254902,0.439215686275,0.36862745098,0.309803921569,0.305882352941,0.254901960784,0.188235294118,0.180392156863,0.145098039216,59.7,8.7,58.1
Daylight (D65),Diacetylmorphine HCl,positive,0.0,0.333333333333,0.258823529412,0.392156862745,0.309803921569,0.21568627451,0.678431372549,0.576470588235,0.447058823529,0.274509803922,0.478431372549,0.533333333333,0.294117647059,0.411764705882,0.176470588235,0.41568627451,0.509803921569,0.603921568627,0.274509803922,0.741176470588,0.592156862745,0.756862745098,0.462745098039,0.0745098039216,0.164705882353,0.364705882353,0.580392156863,0.686274509804,0.333333333333,0.333333333333,0.294117647059,0.235294117647,0.352941176471,0.529411764706,0.721568627451,0.0274509803922,0.788235294118,0.611764705882,0.00392156862745,0.0235294117647,0.250980392157,0.509803921569,0.219607843137,0.56862745098,0.21568627451,0.619607843137,0.219607843137,0.203921568627,0.81568627451,0.760784313725,0.0,0.654901960784,0.349019607843,0.525490196078,0.0,0.541176470588,0.592156862745,0.803921568627,0.941176470588,0.811764705882,0.654901960784,0.780392156863,0.686274509804,0.525490196078,0.623529411765,0.541176470588,0.38431372549,0.466666666667,0.407843137255,0.270588235294,0.321568627451,0.286274509804,0.152941176471,0.192156862745,0.164705882353,33.4,-22.0,1.5
Daylight (D65),Codeine,positive,0.694117647059,0.835294117647,0.713725490196,0.392156862745,0.309803921569,0.21568627451,0.678431372549,0.576470588235,0.447058823529,0.274509803922,0.478431372549,0.533333333333,0.294117647059,0.411764705882,0.176470588235,0.41568627451,0.509803921569,0.603921568627,0.274509803922,0.741176470588,0.592156862745,0.756862745098,0.462745098039,0.0745098039216,0.164705882353,0.364705882353,0.580392156863,0.686274509804,0.333333333333,0.333333333333,0.294117647059,0.235294117647,0.352941176471,0.529411764706,0.721568627451,0.0274509803922,0.788235294118,0.611764705882,0.00392156862745,0.0235294117647,0.250980392157,0.509803921569,0.219607843137,0.56862745098,0.21568627451,0.619607843137,0.219607843137,0.203921568627,0.81568627451,0.760784313725,0.0,0.654901960784,0.349019607843,0.525490196078,0.0,0.541176470588,0.592156862745,0.803921568627,0.941176470588,0.811764705882,0.654901960784,0.780392156863,0.686274509804,0.525490196078,0.623529411765,0.541176470588,0.38431372549,0.466666666667,0.407843137255,0.270588235294,0.321568627451,0.286274509804,0.152941176471,0.192156862745,0.164705882353,78.0,-3.1,2.2
White LED torch (LED-B3),Codeine,positive,0.00392156862745,0.16862745098,0.160784313725,0.36862745098,0.274509803922,0.188235294118,0.662745098039,0.505882352941,0.423529411765,0.227450980392,0.376470588235,0.560784313725,0.243137254902,0.372549019608,0.141176470588,0.376470588235,0.388235294118,0.627450980392,0.129411764706,0.643137254902,0.592156862745,0.760784313725,0.447058823529,0.0,0.113725490196,0.21568627451,0.61568627451,0.678431372549,0.270588235294,0.313725490196,0.258823529412,0.156862745098,0.356862745098,0.466666666667,0.678431372549,0.0078431372549,0.752941176471,0.592156862745,0.00392156862745,0.0117647058824,0.0509803921569,0.541176470588,0.0941176470588,0.521568627451,0.164705882353,0.6,0.16862745098,0.156862745098,0.780392156863,0.737254901961,0.0,0.63137254902,0.227450980392,0.525490196078,0.0,0.407843137255,0.61568627451,0.772549019608,0.843137254902,0.843137254902,0.619607843137,0.690196078431,0.698039215686,0.486274509804,0.541176470588,0.549019607843,0.356862745098,0.4,0.403921568627,0.235294117647,0.270588235294,0.278431372549,0.133333333333,0.152941176471,0.152941176471,20.1,-13.0,-0.9
White LED torch (LED-B3),Dristan,negative,0.611764705882,0.505882352941,0.0,0.36862745098,0.274509803922,0.188235294118,0.662745098039,0.505882352941,0.423529411765,0.227450980392,0.376470588235,0.560784313725,0.243137254902,0.372549019608,0.141176470588,0.376470588235,0.388235294118,0.627450980392,0.129411764706,0.643137254902,0.592156862745,0.760784313725,0.447058823529,0.0,0.113725490196,0.21568627451,0.61568627451,0.678431372549,0.270588235294,0.313725490196,0.258823529412,0.156862745098,0.356862745098,0.466666666667,0.678431372549,0.0078431372549,0.752941176471,0.592156862745,0.00392156862745,0.0117647058824,0.0509803921569,0.541176470588,0.0941176470588,0.521568627451,0.164705882353,0.6,0.16862745098,0.156862745098,0.780392156863,0.737254901961,0.0,0.63137254902,0.227450980392,0.525490196078,0.0,0.407843137255,0.61568627451,0.772549019608,0.843137254902,0.843137254902,0.619607843137,0.690196078431,0.698039215686,0.486274509804,0.541176470588,0.549019607843,0.356862745098,0.4,0.403921568627,0.235294117647,0.270588235294,0.278431372549,0.133333333333,0.152941176471,0.152941176471,61.5,8.6,55.3
Incandescent bulb (A),Morphine monohydrate,positive,0.0,0.16862745098,0.141176470588,0.411764705882,0.282352941176,0.149019607843,0.741176470588,0.525490196078,0.38431372549,0.254901960784,0.396078431373,0.505882352941,0.258823529412,0.376470588235,0.0862745098039,0.439215686275,0.41568627451,0.572549019608,0.0705882352941,0.670588235294,0.576470588235,0.835294117647,0.470588235294,0.0,0.160784313725,0.250980392157,0.552941176471,0.772549019608,0.286274509804,0.239215686275,0.317647058824,0.172549019608,0.298039215686,0.490196078431,0.705882352941,0.0,0.839215686275,0.619607843137,0.0,0.0313725490196,0.117647058824,0.478431372549,0.0392156862745,0.529411764706,0.176470588235,0.717647058824,0.160784313725,0.0745098039216,0.862745098039,0.76862745098,0.0,0.752941176471,0.250980392157,0.458823529412,0.0,0.419607843137,0.592156862745,0.854901960784,0.898039215686,0.764705882353,0.678431372549,0.725490196078,0.63137254902,0.529411764706,0.576470588235,0.498039215686,0.38431372549,0.41568627451,0.356862745098,0.254901960784,0.278431372549,0.239215686275,0.141176470588,0.152941176471,0.125490196078,20.5,-11.1,-0.9
Incandescent bulb (A),Sugar,negative,0.796078431373,0.83137254902,0.00392156862745,0.411764705882,0.282352941176,0.149019607843,0.741176470588,0.525490196078,0.38431372549,0.254901960784,0.396078431373,0.505882352941,0.258823529412,0.376470588235,0.0862745098039,0.439215686275,0.41568627451,0.572549019608,0.0705882352941,0.670588235294,0.576470588235,0.835294117647,0.470588235294,0.0,0.160784313725,0.250980392157,0.552941176471,0.772549019608,0.286274509804,0.239215686275,0.317647058824,0.172549019608,0.298039215686,0.490196078431,0.705882352941,0.0,0.839215686275,0.619607843137,0.0,0.0313725490196,0.117647058824,0.478431372549,0.0392156862745,0.529411764706,0.176470588235,0.717647058824,0.160784313725,0.0745098039216,0.862745098039,0.76862745098,0.0,0.752941176471,0.250980392157,0.458823529412,0.0,0.419607843137,0.592156862745,0.854901960784,0.898039215686,0.764705882353,0.678431372549,0.725490196078,0.63137254902,0.529411764706,0.576470588235,0.498039215686,0.38431372549,0.41568627451,0.356862745098,0.254901960784,0.278431372549,0.239215686275,0.141176470588,0.152941176471,0.125490196078,85.5,-12.6,73.2
Daylight (D65),Dristan,negative,0.701960784314,0.56862745098,0.0,0.454901960784,0.345098039216,0.258823529412,0.725490196078,0.588235294118,0.474509803922,0.317647058824,0.501960784314,0.592156862745,0.333333333333,0.450980392157,0.18431372549,0.470588235294,0.529411764706,0.658823529412,0.247058823529,0.756862745098,0.623529411765,0.807843137255,0.478431372549,0.00392156862745,0.192156862745,0.392156862745,0.647058823529,0.749019607843,0.341176470588,0.36862745098,0.356862745098,0.266666666667,0.41568627451,0.560784313725,0.737254901961,0.0,0.83137254902,0.623529411765,0.00392156862745,0.0352941176471,0.282352941176,0.576470588235,0.211764705882,0.6,0.188235294118,0.694117647059,0.219607843137,0.227450980392,0.850980392157,0.760784313725,0.0,0.725490196078,0.356862745098,0.576470588235,0.0,0.56862745098,0.650980392157,0.823529411765,0.909803921569,0.819607843137,0.686274509804,0.76862745098,0.701960784314,0.56862745098,0.635294117647,0.58431372549,0.443137254902,0.494117647059,0.454901960784,0.317647058824,0.360784313725,0.329411764706,0.207843137255,0.227450980392,0.207843137255,62.4,8.8,57.0
Daylight (D65),Morphine monohydrate,positive,0.0196078431373,0.258823529412,0.207843137255,0.454901960784,0.345098039216,0.258823529412,0.725490196078,0.588235294118,0.474509803922,0.317647058824,0.501960784314,0.592156862745,0.333333333333,0.450980392157,0.18431372549,0.470588235294,0.529411764706,0.658823529412,0.247058823529,0.756862745098,0.623529411765,0.807843137255,0.478431372549,0.00392156862745,0.192156862745,0.392156862745,0.647058823529,0.749019607843,0.341176470588,0.36862745098,0.356862745098,0.266666666667,0.41568627451,0.560784313725,0.737254901961,0.0,0.83137254902,0.623529411765,0.00392156862745,0.0352941176471,0.282352941176,0.576470588235,0.211764705882,0.6,0.188235294118,0.694117647059,0.219607843137,0.227450980392,0.850980392157,0.760784313725,0.0,0.725490196078,0.356862745098,0.576470588235,0.0,0.56862745098,0.650980392157,0.823529411765,0.909803921569,0.819607843137,0.686274509804,0.76862745098,0.701960784314,0.56862745098,0.635294117647,0.58431372549,0.443137254902,0.494117647059,0.454901960784,0.317647058824,0.360784313725,0.329411764706,0.207843137255,0.227450980392,0.207843137255,20.1,-19.1,0.3
Tube light (FL2),Morphine monohydrate,positive,0.0196078431373,0.172549019608,0.16862745098,0.427450980392,0.290196078431,0.176470588235,0.764705882353,0.525490196078,0.427450980392,0.317647058824,0.388235294118,0.6,0.309803921569,0.392156862745,0.101960784314,0.458823529412,0.403921568627,0.674509803922,0.329411764706,0.674509803922,0.635294117647,0.878431372549,0.486274509804,0.0,0.203921568627,0.211764705882,0.662745098039,0.756862745098,0.270588235294,0.305882352941,0.290196078431,0.160784313725,0.380392156863,0.596078431373,0.729411764706,0.00392156862745,0.890196078431,0.650980392157,0.0,0.0588235294118,0.0392156862745,0.576470588235,0.247058823529,0.541176470588,0.121568627451,0.63137254902,0.164705882353,0.129411764706,0.925490196078,0.796078431373,0.0,0.690196078431,0.219607843137,0.564705882353,0.0,0.407843137255,0.674509803922,0.941176470588,0.898039215686,0.874509803922,0.760784313725,0.729411764706,0.721568627451,0.6,0.576470588235,0.572549019608,0.439215686275,0.423529411765,0.419607843137,0.294117647059,0.286274509804,0.286274509804,0.16862745098,0.160784313725,0.160784313725,19.5,-14.5,-1.8
Tube light (FL2),Contac,negative,0.450980392157,0.345098039216,0.0,0.427450980392,0.290196078431,0.176470588235,0.764705882353,0.525490196078,0.427450980392,0.317647058824,0.388235294118,0.6,0.309803921569,0.392156862745,0.101960784314,0.458823529412,0.403921568627,0.674509803922,0.329411764706,0.674509803922,0.635294117647,0.878431372549,0.486274509804,0.0,0.203921568627,0.211764705882,0.662745098039,0.756862745098,0.270588235294,0.305882352941,0.290196078431,0.160784313725,0.380392156863,0.596078431373,0.729411764706,0.00392156862745,0.890196078431,0.650980392157,0.0,0.0588235294118,0.0392156862745,0.576470588235,0.247058823529,0.541176470588,0.121568627451,0.63137254902,0.164705882353,0.129411764706,0.925490196078,0.796078431373,0.0,0.690196078431,0.219607843137,0.564705882353,0.0,0.407843137255,0.674509803922,0.941176470588,0.898039215686,0.874509803922,0.760784313725,0.729411764706,0.721568627451,0.6,0.576470588235,0.572549019608,0.439215686275,0.423529411765,0.419607843137,0.294117647059,0.286274509804,0.286274509804,0.16862745098,0.160784313725,0.160784313725,40.9,5.7,37.3
White LED torch (LED-B3),Doxepin HCl,negative,0.325490196078,0.188235294118,0.176470588235,0.462745098039,0.360784313725,0.262745098039,0.733333333333,0.588235294118,0.482352941176,0.341176470588,0.470588235294,0.6,0.349019607843,0.458823529412,0.223529411765,0.482352941176,0.486274509804,0.658823529412,0.345098039216,0.709803921569,0.627450980392,0.807843137255,0.537254901961,0.0,0.235294117647,0.321568627451,0.650980392157,0.737254901961,0.372549019608,0.380392156863,0.349019607843,0.250980392157,0.419607843137,0.576470588235,0.741176470588,0.00392156862745,0.81568627451,0.666666666667,0.00392156862745,0.0705882352941,0.172549019608,0.58431372549,0.266666666667,0.592156862745,0.247058823529,0.670588235294,0.266666666667,0.239215686275,0.839215686275,0.788235294118,0.0,0.701960784314,0.345098039216,0.576470588235,0.00392156862745,0.505882352941,0.643137254902,0.843137254902,0.886274509804,0.823529411765,0.709803921569,0.752941176471,0.713725490196,0.58431372549,0.623529411765,0.588235294118,0.458823529412,0.486274509804,0.458823529412,0.333333333333,0.360784313725,0.337254901961,0.21568627451,0.23137254902,0.211764705882,19.2,20.5,6.9
White LED torch (LED-B3),Nutmeg,negative,0.258823529412,0.227450980392,0.125490196078,0.462745098039,0.360784313725,0.262745098039,0.733333333333,0.588235294118,0.482352941176,0.341176470588,0.470588235294,0.6,0.349019607843,0.458823529412,0.223529411765,0.482352941176,0.486274509804,0.658823529412,0.345098039216,0.709803921569,0.627450980392,0.807843137255,0.537254901961,0.0,0.235294117647,0.321568627451,0.650980392157,0.737254901961,0.372549019608,0.380392156863,0.349019607843,0.250980392157,0.419607843137,0.576470588235,0.741176470588,0.00392156862745,0.81568627451,0.666666666667,0.00392156862745,0.0705882352941,0.172549019608,0.58431372549,0.266666666667,0.592156862745,0.247058823529,0.670588235294,0.266666666667,0.239215686275,0.839215686275,0.788235294118,0.0,0.701960784314,0.345098039216,0.576470588235,0.00392156862745,0.505882352941,0.643137254902,0.843137254902,0.886274509804,0.823529411765,0.709803921569,0.752941176471,0.713725490196,0.58431372549,0.623529411765,0.588235294118,0.458823529412,0.486274509804,0.458823529412,0.333333333333,0.360784313725,0.337254901961,0.21568627451,0.23137254902,0.211764705882,19.5,3.4,15.8
Incandescent bulb (A),Chlorpromazine HCl,negative,0.678431372549,0.705882352941,0.6,0.43137254902,0.333333333333,0.21568627451,0.725490196078,0.56862745098,0.439215686275,0.317647058824,0.447058823529,0.521568627451,0.313725490196,0.423529411765,0.192156862745,0.474509803922,0.470588235294,0.576470588235,0.274509803922,0.690196078431,0.592156862745,0.792156862745,0.525490196078,0.0078431372549,0.219607843137,0.313725490196,0.549019607843,0.745098039216,0.36862745098,0.317647058824,0.352941176471,0.235294117647,0.333333333333,0.537254901961,0.717647058824,0.141176470588,0.803921568627,0.650980392157,0.0,0.0745098039216,0.18431372549,0.482352941176,0.203921568627,0.556862745098,0.270588235294,0.698039215686,0.262745098039,0.2,0.83137254902,0.776470588235,0.00392156862745,0.725490196078,0.349019607843,0.482352941176,0.0,0.466666666667,0.588235294118,0.827450980392,0.886274509804,0.756862745098,0.682352941176,0.737254901961,0.643137254902,0.556862745098,0.603921568627,0.521568627451,0.419607843137,0.462745098039,0.396078431373,0.298039215686,0.329411764706,0.282352941176,0.18431372549,0.203921568627,0.16862745098,65.7,1.0,3.7
Incandescent bulb (A),Codeine,positive,0.0078431372549,0.211764705882,0.180392156863,0.43137254902,0.333333333333,0.21568627451,0.725490196078,0.56862745098,0.439215686275,0.317647058824,0.447058823529,0.521568627451,0.313725490196,0.423529411765,0.192156862745,0.474509803922,0.470588235294,0.576470588235,0.274509803922,0.690196078431,0.592156862745,0.792156862745,0.525490196078,0.0078431372549,0.219607843137,0.313725490196,0.549019607843,0.745098039216,0.36862745098,0.317647058824,0.352941176471,0.235294117647,0.333333333333,0.537254901961,0.717647058824,0.141176470588,0.803921568627,0.650980392157,0.0,0.0745098039216,0.18431372549,0.482352941176,0.203921568627,0.556862745098,0.270588235294,0.698039215686,0.262745098039,0.2,0.83137254902,0.776470588235,0.00392156862745,0.725490196078,0.349019607843,0.482352941176,0.0,0.466666666667,0.588235294118,0.827450980392,0.886274509804,0.756862745098,0.682352941176,0.737254901961,0.643137254902,0.556862745098,0.603921568627,0.521568627451,0.419607843137,0.462745098039,0.396078431373,0.298039215686,0.329411764706,0.282352941176,0.18431372549,0.203921568627,0.16862745098,19.4,-15.1,-2.1
Daylight (D65),Dimethoxy-meth HCl,negative,0.270588235294,0.156862745098,0.0666666666667,0.427450980392,0.349019607843,0.274509803922,0.717647058824,0.572549019608,0.462745098039,0.325490196078,0.478431372549,0.545098039216,0.321568627451,0.41568627451,0.192156862745,0.466666666667,0.501960784314,0.61568627451,0.352941176471,0.737254901961,0.603921568627,0.792156862745,0.462745098039,0.125490196078,0.219607843137,0.364705882353,0.588235294118,0.717647058824,0.333333333333,0.349019607843,0.317647058824,0.239215686275,0.360784313725,0.576470588235,0.721568627451,0.101960784314,0.823529411765,0.611764705882,0.00392156862745,0.078431372549,0.258823529412,0.513725490196,0.274509803922,0.572549019608,0.23137254902,0.650980392157,0.223529411765,0.219607843137,0.862745098039,0.760784313725,0.00392156862745,0.694117647059,0.345098039216,0.533333333333,0.00392156862745,0.541176470588,0.611764705882,0.870588235294,0.933333333333,0.827450980392,0.713725490196,0.772549019608,0.698039215686,0.572549019608,0.623529411765,0.556862745098,0.427450980392,0.470588235294,0.423529411765,0.294117647059,0.329411764706,0.294117647059,0.176470588235,0.196078431373,0.172549019608,19.9,14.5,19.5
Tube light (FL2),MDA HCl,positive,0.0666666666667,0.23137254902,0.2,0.458823529412,0.36862745098,0.243137254902,0.733333333333,0.592156862745,0.466666666667,0.380392156863,0.462745098039,0.564705882353,0.36862745098,0.447058823529,0.207843137255,0.490196078431,0.486274509804,0.619607843137,0.443137254902,0.698039215686,0.603921568627,0.819607843137,0.564705882353,0.0078431372549,0.270588235294,0.325490196078,0.603921568627,0.713725490196,0.388235294118,0.364705882353,0.329411764706,0.250980392157,0.388235294118,0.623529411765,0.741176470588,0.0274509803922,0.827450980392,0.686274509804,0.00392156862745,0.133333333333,0.196078431373,0.541176470588,0.352941176471,0.580392156863,0.254901960784,0.619607843137,0.282352941176,0.227450980392,0.866666666667,0.807843137255,0.0,0.662745098039,0.360784313725,0.541176470588,0.0705882352941,0.478431372549,0.611764705882,0.898039215686,0.913725490196,0.807843137255,0.752941176471,0.772549019608,0.686274509804,0.61568627451,0.63137254902,0.564705882353,0.474509803922,0.490196078431,0.435294117647,0.345098039216,0.356862745098,0.321568627451,0.219607843137,0.227450980392,0.196078431373,19.2,-17.6,-1.7
Tube light (FL2),Hydrocodone tartrate,positive,0.0078431372549,0.321568627451,0.309803921569,0.458823529412,0.36862745098,0.243137254902,0.733333333333,0.592156862745,0.466666666667,0.380392156863,0.462745098039,0.564705882353,0.36862745098,0.447058823529,0.207843137255,0.490196078431,0.486274509804,0.619607843137,0.443137254902,0.698039215686,0.603921568627,0.819607843137,0.564705882353,0.0078431372549,0.270588235294,0.325490196078,0.603921568627,0.713725490196,0.388235294118,0.364705882353,0.329411764706,0.250980392157,0.388235294118,0.623529411765,0.741176470588,0.0274509803922,0.827450980392,0.686274509804,0.00392156862745,0.133333333333,0.196078431373,0.541176470588,0.352941176471,0.580392156863,0.254901960784,0.619607843137,0.282352941176,0.227450980392,0.866666666667,0.807843137255,0.0,0.662745098039,0.360784313725,0.541176470588,0.0705882352941,0.478431372549,0.611764705882,0.898039215686,0.913725490196,0.807843137255,0.752941176471,0.772549019608,0.686274509804,0.61568627451,0.63137254902,0.564705882353,0.474509803922,0.490196078431,0.435294117647,0.345098039216,0.356862745098,0.321568627451,0.219607843137,0.227450980392,0.196078431373,30.4,-21.5,-5.1
White LED torch (LED-B3),Morphine monohydrate,positive,0.0078431372549,0.243137254902,0.196078431373,0.439215686275,0.352941176471,0.207843137255,0.717647058824,0.592156862745,0.43137254902,0.278431372549,0.474509803922,0.592156862745,0.301960784314,0.454901960784,0.129411764706,0.439215686275,0.490196078431,0.654901960784,0.149019607843,0.737254901961,0.6,0.803921568627,0.533333333333,0.0,0.152941176471,0.325490196078,0.650980392157,0.741176470588,0.360784313725,0.337254901961,0.325490196078,0.243137254902,0.407843137255,0.517647058824,0.760784313725,0.0,0.81568627451,0.674509803922,0.0,0.0196078431373,0.18431372549,0.592156862745,0.121568627451,0.603921568627,0.105882352941,0.670588235294,0.247058823529,0.180392156863,0.827450980392,0.807843137255,0.0,0.701960784314,0.337254901961,0.560784313725,0.00392156862745,0.513725490196,0.647058823529,0.807843137255,0.921568627451,0.803921568627,0.666666666667,0.776470588235,0.686274509804,0.545098039216,0.635294117647,0.560784313725,0.419607843137,0.490196078431,0.435294117647,0.298039215686,0.352941176471,0.313725490196,0.18431372549,0.223529411765,0.192156862745,20.5,-15.6,0.5
White LED torch (LED-B3),Morphine monohydrate,positive,0.00392156862745,0.243137254902,0.196078431373,0.439215686275,0.352941176471,0.207843137255,0.717647058824,0.592156862745,0.43137254902,0.278431372549,0.474509803922,0.592156862745,0.301960784314,0.454901960784,0.129411764706,0.439215686275,0.490196078431,0.654901960784,0.149019607843,0.737254901961,0.6,0.803921568627,0.533333333333,0.0,0.152941176471,0.325490196078,0.650980392157,0.741176470588,0.360784313725,0.337254901961,0.325490196078,0.243137254902,0.407843137255,0.517647058824,0.760784313725,0.0,0.81568627451,0.674509803922,0.0,0.0196078431373,0.18431372549,0.592156862745,0.121568627451,0.603921568627,0.105882352941,0.670588235294,0.247058823529,0.180392156863,0.827450980392,0.807843137255,0.0,0.701960784314,0.337254901961,0.560784313725,0.00392156862745,0.513725490196,0.647058823529,0.807843137255,0.921568627451,0.803921568627,0.666666666667,0.776470588235,0.686274509804,0.545098039216,0.635294117647,0.560784313725,0.419607843137,0.490196078431,0.435294117647,0.298039215686,0.352941176471,0.313725490196,0.18431372549,0.223529411765,0.192156862745,20.1,-15.3,0.0
Incandescent bulb (A),Morphine monohydrate,positive,0.0117647058824,0.180392156863,0.160784313725,0.392156862745,0.298039215686,0.203921568627,0.674509803922,0.525490196078,0.43137254902,0.290196078431,0.4,0.486274509804,0.290196078431,0.380392156863,0.192156862745,0.435294117647,0.423529411765,0.545098039216,0.274509803922,0.635294117647,0.576470588235,0.741176470588,0.486274509804,0.0823529411765,0.196078431373,0.266666666667,0.513725490196,0.686274509804,0.333333333333,0.305882352941,0.309803921569,0.2,0.305882352941,0.501960784314,0.670588235294,0.227450980392,0.756862745098,0.611764705882,0.0196078431373,0.0627450980392,0.141176470588,0.443137254902,0.203921568627,0.509803921569,0.274509803922,0.643137254902,0.235294117647,0.2,0.78431372549,0.733333333333,0.0588235294118,0.670588235294,0.309803921569,0.454901960784,0.0,0.419607843137,0.560784313725,0.792156862745,0.839215686275,0.752941176471,0.647058823529,0.690196078431,0.627450980392,0.517647058824,0.556862745098,0.505882352941,0.388235294118,0.41568627451,0.380392156863,0.266666666667,0.290196078431,0.262745098039,0.160784313725,0.16862745098,0.149019607843,19.9,-16.0,-1.4
Incandescent bulb (A),Contac,negative,0.407843137255,0.337254901961,0.0901960784314,0.392156862745,0.298039215686,0.203921568627,0.674509803922,0.525490196078,0.43137254902,0.290196078431,0.4,0.486274509804,0.290196078431,0.380392156863,0.192156862745,0.435294117647,0.423529411765,0.545098039216,0.274509803922,0.635294117647,0.576470588235,0.741176470588,0.486274509804,0.0823529411765,0.196078431373,0.266666666667,0.513725490196,0.686274509804,0.333333333333,0.305882352941,0.309803921569,0.2,0.305882352941,0.501960784314,0.670588235294,0.227450980392,0.756862745098,0.611764705882,0.0196078431373,0.0627450980392,0.141176470588,0.443137254902,0.203921568627,0.509803921569,0.274509803922,0.643137254902,0.235294117647,0.2,0.78431372549,0.733333333333,0.0588235294118,0.670588235294,0.309803921569,0.454901960784,0.0,0.419607843137,0.560784313725,0.792156862745,0.839215686275,0.752941176471,0.647058823529,0.690196078431,0.627450980392,0.517647058824,0.556862745098,0.505882352941,0.388235294118,0.41568627451,0.380392156863,0.266666666667,0.290196078431,0.262745098039,0.160784313725,0.16862745098,0.149019607843,40.3,7.3,37.3
Daylight (D65),Diacetylmorphine HCl,positive,0.00392156862745,0.317647058824,0.266666666667,0.4,0.290196078431,0.21568627451,0.694117647059,0.529411764706,0.443137254902,0.294117647059,0.443137254902,0.545098039216,0.301960784314,0.392156862745,0.172549019608,0.435294117647,0.466666666667,0.611764705882,0.282352941176,0.698039215686,0.596078431373,0.776470588235,0.427450980392,0.0196078431373,0.180392156863,0.333333333333,0.588235294118,0.705882352941,0.298039215686,0.341176470588,0.309803921569,0.211764705882,0.364705882353,0.541176470588,0.686274509804,0.0,0.8,0.572549019608,0.0,0.043137254902,0.223529411765,0.521568627451,0.223529411765,0.545098039216,0.2,0.635294117647,0.18431372549,0.2,0.83137254902,0.721568627451,0.0,0.678431372549,0.305882352941,0.525490196078,0.00392156862745,0.505882352941,0.611764705882,0.823529411765,0.878431372549,0.811764705882,0.678431372549,0.729411764706,0.690196078431,0.545098039216,0.588235294118,0.552941176471,0.403921568627,0.439215686275,0.419607843137,0.282352941176,0.305882352941,0.290196078431,0.164705882353,0.18431372549,0.172549019608,33.1,-21.9,0.6
Daylight (D65),Chlorpromazine HCl,negative,0.227450980392,0.152941176471,0.156862745098,0.4,0.290196078431,0.21568627451,0.694117647059,0.529411764706,0.443137254902,0.294117647059,0.443137254902,0.545098039216,0.301960784314,0.392156862745,0.172549019608,0.435294117647,0.466666666667,0.611764705882,0.282352941176,0.698039215686,0.596078431373,0.776470588235,0.427450980392,0.0196078431373,0.180392156863,0.333333333333,0.588235294118,0.705882352941,0.298039215686,0.341176470588,0.309803921569,0.211764705882,0.364705882353,0.541176470588,0.686274509804,0.0,0.8,0.572549019608,0.0,0.043137254902,0.223529411765,0.521568627451,0.223529411765,0.545098039216,0.2,0.635294117647,0.18431372549,0.2,0.83137254902,0.721568627451,0.0,0.678431372549,0.305882352941,0.525490196078,0.00392156862745,0.505882352941,0.611764705882,0.823529411765,0.878431372549,0.811764705882,0.678431372549,0.729411764706,0.690196078431,0.545098039216,0.588235294118,0.552941176471,0.403921568627,0.439215686275,0.419607843137,0.282352941176,0.305882352941,0.290196078431,0.164705882353,0.18431372549,0.172549019608,19.7,11.3,3.2
Tube light (FL2),Codeine,positive,0.0078431372549,0.172549019608,0.117647058824,0.352941176471,0.301960784314,0.125490196078,0.643137254902,0.552941176471,0.341176470588,0.23137254902,0.41568627451,0.486274509804,0.239215686275,0.388235294118,0.043137254902,0.364705882353,0.443137254902,0.549019607843,0.211764705882,0.686274509804,0.509803921569,0.749019607843,0.513725490196,0.00392156862745,0.117647058824,0.274509803922,0.545098039216,0.643137254902,0.325490196078,0.239215686275,0.227450980392,0.196078431373,0.298039215686,0.486274509804,0.729411764706,0.00392156862745,0.752941176471,0.666666666667,0.0,0.0117647058824,0.152941176471,0.470588235294,0.160784313725,0.541176470588,0.0313725490196,0.533333333333,0.21568627451,0.101960784314,0.788235294118,0.807843137255,0.0,0.580392156863,0.301960784314,0.458823529412,0.00392156862745,0.43137254902,0.552941176471,0.78431372549,0.949019607843,0.713725490196,0.623529411765,0.772549019608,0.588235294118,0.494117647059,0.6,0.462745098039,0.349019607843,0.439215686275,0.329411764706,0.227450980392,0.294117647059,0.219607843137,0.129411764706,0.160784313725,0.117647058824,19.9,-15.7,-0.2
Tube light (FL2),Dristan,negative,0.6,0.556862745098,0.0,0.352941176471,0.301960784314,0.125490196078,0.643137254902,0.552941176471,0.341176470588,0.23137254902,0.41568627451,0.486274509804,0.239215686275,0.388235294118,0.043137254902,0.364705882353,0.443137254902,0.549019607843,0.211764705882,0.686274509804,0.509803921569,0.749019607843,0.513725490196,0.00392156862745,0.117647058824,0.274509803922,0.545098039216,0.643137254902,0.325490196078,0.239215686275,0.227450980392,0.196078431373,0.298039215686,0.486274509804,0.729411764706,0.00392156862745,0.752941176471,0.666666666667,0.0,0.0117647058824,0.152941176471,0.470588235294,0.160784313725,0.541176470588,0.0313725490196,0.533333333333,0.21568627451,0.101960784314,0.788235294118,0.807843137255,0.0,0.580392156863,0.301960784314,0.458823529412,0.00392156862745,0.43137254902,0.552941176471,0.78431372549,0.949019607843,0.713725490196,0.623529411765,0.772549019608,0.588235294118,0.494117647059,0.6,0.462745098039,0.349019607843,0.439215686275,0.329411764706,0.227450980392,0.294117647059,0.219607843137,0.129411764706,0.160784313725,0.117647058824,61.7,8.3,51.8
White LED torch (LED-B3),Diacetylmorphine HCl,positive,0.00392156862745,0.290196078431,0.243137254902,0.392156862745,0.298039215686,0.196078431373,0.686274509804,0.545098039216,0.411764705882,0.270588235294,0.41568627451,0.537254901961,0.278431372549,0.396078431373,0.152941176471,0.411764705882,0.435294117647,0.607843137255,0.254901960784,0.682352941176,0.56862745098,0.776470588235,0.486274509804,0.00392156862745,0.160784313725,0.266666666667,0.592156862745,0.701960784314,0.317647058824,0.313725490196,0.278431372549,0.192156862745,0.349019607843,0.521568627451,0.717647058824,0.0,0.78431372549,0.627450980392,0.0,0.0274509803922,0.125490196078,0.525490196078,0.196078431373,0.552941176471,0.176470588235,0.619607843137,0.211764705882,0.16862745098,0.827450980392,0.780392156863,0.00392156862745,0.658823529412,0.294117647059,0.517647058824,0.00392156862745,0.450980392157,0.596078431373,0.83137254902,0.905882352941,0.819607843137,0.670588235294,0.741176470588,0.678431372549,0.529411764706,0.592156862745,0.541176470588,0.392156862745,0.439215686275,0.4,0.262745098039,0.301960784314,0.270588235294,0.152941176471,0.172549019608,0.152941176471,31.5,-20.8,-1.0
White LED torch (LED-B3),Mescaline HCl,negative,0.462745098039,0.458823529412,0.0,0.392156862745,0.298039215686,0.196078431373,0.686274509804,0.545098039216,0.411764705882,0.270588235294,0.41568627451,0.537254901961,0.278431372549,0.396078431373,0.152941176471,0.411764705882,0.435294117647,0.607843137255,0.254901960784,0.682352941176,0.56862745098,0.776470588235,0.486274509804,0.00392156862745,0.160784313725,0.266666666667,0.592156862745,0.701960784314,0.317647058824,0.313725490196,0.278431372549,0.192156862745,0.349019607843,0.521568627451,0.717647058824,0.0,0.78431372549,0.627450980392,0.0,0.0274509803922,0.125490196078,0.525490196078,0.196078431373,0.552941176471,0.176470588235,0.619607843137,0.211764705882,0.16862745098,0.827450980392,0.780392156863,0.00392156862745,0.658823529412,0.294117647059,0.517647058824,0.00392156862745,0.450980392157,0.596078431373,0.83137254902,0.905882352941,0.819607843137,0.670588235294,0.741176470588,0.678431372549,0.529411764706,0.592156862745,0.541176470588,0.392156862745,0.439215686275,0.4,0.262745098039,0.301960784314,0.270588235294,0.152941176471,0.172549019608,0.152941176471,50.7,-2.7,47.6
Incandescent bulb (A),Doxepin HCl,negative,0.317647058824,0.16862745098,0.133333333333,0.470588235294,0.341176470588,0.254901960784,0.788235294118,0.58431372549,0.505882352941,0.349019607843,0.450980392157,0.592156862745,0.345098039216,0.439215686275,0.235294117647,0.513725490196,0.466666666667,0.647058823529,0.305882352941,0.701960784314,0.670588235294,0.870588235294,0.545098039216,0.0274509803922,0.247058823529,0.294117647059,0.623529411765,0.807843137255,0.36862745098,0.364705882353,0.38431372549,0.223529411765,0.376470588235,0.58431372549,0.745098039216,0.235294117647,0.870588235294,0.674509803922,0.0,0.0823529411765,0.149019607843,0.545098039216,0.23137254902,0.580392156863,0.337254901961,0.756862745098,0.254901960784,0.23137254902,0.909803921569,0.811764705882,0.00392156862745,0.78431372549,0.329411764706,0.545098039216,0.0,0.466666666667,0.662745098039,0.913725490196,0.925490196078,0.882352941176,0.756862745098,0.76862745098,0.741176470588,0.611764705882,0.619607843137,0.6,0.462745098039,0.470588235294,0.458823529412,0.325490196078,0.333333333333,0.321568627451,0.2,0.203921568627,0.192156862745,19.1,19.0,8.3
Incandescent bulb (A),Dimethoxy-meth HCl,negative,0.301960784314,0.18431372549,0.0666666666667,0.470588235294,0.341176470588,0.254901960784,0.788235294118,0.58431372549,0.505882352941,0.349019607843,0.450980392157,0.592156862745,0.345098039216,0.439215686275,0.235294117647,0.513725490196,0.466666666667,0.647058823529,0.305882352941,0.701960784314,0.670588235294,0.870588235294,0.545098039216,0.0274509803922,0.247058823529,0.294117647059,0.623529411765,0.807843137255,0.36862745098,0.364705882353,0.38431372549,0.223529411765,0.376470588235,0.58431372549,0.745098039216,0.235294117647,0.870588235294,0.674509803922,0.0,0.0823529411765,0.149019607843,0.545098039216,0.23137254902,0.580392156863,0.337254901961,0.756862745098,0.254901960784,0.23137254902,0.909803921569,0.811764705882,0.00392156862745,0.78431372549,0.329411764706,0.545098039216,0.0,0.466666666667,0.662745098039,0.913725490196,0.925490196078,0.882352941176,0.756862745098,0.76862745098,0.741176470588,0.611764705882,0.619607843137,0.6,0.462745098039,0.470588235294,0.458823529412,0.325490196078,0.333333333333,0.321568627451,0.2,0.203921568627,0.192156862745,19.3,14.2,19.8
Daylight (D65),Morphine monohydrate,positive,0.0078431372549,0.145098039216,0.133333333333,0.333333333333,0.2,0.164705882353,0.603921568627,0.411764705882,0.372549019608,0.203921568627,0.337254901961,0.501960784314,0.219607843137,0.305882352941,0.109803921569,0.356862745098,0.352941176471,0.580392156863,0.105882352941,0.580392156863,0.552941176471,0.690196078431,0.309803921569,0.0,0.0941176470588,0.219607843137,0.549019607843,0.627450980392,0.16862745098,0.274509803922,0.243137254902,0.129411764706,0.313725490196,0.443137254902,0.576470588235,0.0,0.729411764706,0.462745098039,0.00392156862745,0.0156862745098,0.121568627451,0.478431372549,0.0823529411765,0.443137254902,0.113725490196,0.572549019608,0.0392156862745,0.121568627451,0.745098039216,0.596078431373,0.0,0.607843137255,0.164705882353,0.482352941176,0.0,0.4,0.56862745098,0.717647058824,0.733333333333,0.764705882353,0.580392156863,0.596078431373,0.639215686275,0.450980392157,0.466666666667,0.501960784314,0.325490196078,0.337254901961,0.364705882353,0.211764705882,0.223529411765,0.250980392157,0.117647058824,0.121568627451,0.137254901961,20.4,-13.9,0.9
Daylight (D65),Morphine monohydrate,positive,0.0078431372549,0.145098039216,0.133333333333,0.333333333333,0.2,0.164705882353,0.603921568627,0.411764705882,0.372549019608,0.203921568627,0.337254901961,0.501960784314,0.219607843137,0.305882352941,0.109803921569,0.356862745098,0.352941176471,0.580392156863,0.105882352941,0.580392156863,0.552941176471,0.690196078431,0.309803921569,0.0,0.0941176470588,0.219607843137,0.549019607843,0.627450980392,0.16862745098,0.274509803922,0.243137254902,0.129411764706,0.313725490196,0.443137254902,0.576470588235,0.0,0.729411764706,0.462745098039,0.00392156862745,0.0156862745098,0.121568627451,0.478431372549,0.0823529411765,0.443137254902,0.113725490196,0.572549019608,0.0392156862745,0.121568627451,0.745098039216,0.596078431373,0.0,0.607843137255,0.164705882353,0.482352941176,0.0,0.4,0.56862745098,0.717647058824,0.733333333333,0.764705882353,0.580392156863,0.596078431373,0.639215686275,0.450980392157,0.466666666667,0.501960784314,0.325490196078,0.337254901961,0.364705882353,0.211764705882,0.223529411765,0.250980392157,0.117647058824,0.121568627451,0.137254901961,20.4,-13.9,1.6
Tube light (FL2),Mescaline HCl,negative,0.505882352941,0.462745098039,0.0,0.423529411765,0.294117647059,0.160784313725,0.756862745098,0.537254901961,0.407843137255,0.309803921569,0.396078431373,0.576470588235,0.305882352941,0.396078431373,0.0862745098039,0.450980392157,0.411764705882,0.647058823529,0.325490196078,0.678431372549,0.607843137255,0.870588235294,0.498039215686,0.0,0.2,0.235294117647,0.639215686275,0.749019607843,0.286274509804,0.290196078431,0.282352941176,0.172549019608,0.364705882353,0.592156862745,0.733333333333,0.00392156862745,0.878431372549,0.654901960784,0.0,0.0588235294118,0.0745098039216,0.564705882353,0.243137254902,0.549019607843,0.0901960784314,0.627450980392,0.180392156863,0.121568627451,0.917647058824,0.807843137255,0.0,0.682352941176,0.243137254902,0.541176470588,0.0,0.419607843137,0.650980392157,0.945098039216,0.925490196078,0.850980392157,0.760784313725,0.752941176471,0.701960784314,0.6,0.592156862745,0.552941176471,0.435294117647,0.43137254902,0.403921568627,0.294117647059,0.294117647059,0.274509803922,0.164705882353,0.164705882353,0.149019607843,50.9,-3.5,43.5
Tube light (FL2),Dimethoxy-meth HCl,negative,0.258823529412,0.145098039216,0.0156862745098,0.423529411765,0.294117647059,0.160784313725,0.756862745098,0.537254901961,0.407843137255,0.309803921569,0.396078431373,0.576470588235,0.305882352941,0.396078431373,0.0862745098039,0.450980392157,0.411764705882,0.647058823529,0.325490196078,0.678431372549,0.607843137255,0.870588235294,0.498039215686,0.0,0.2,0.235294117647,0.639215686275,0.749019607843,0.286274509804,0.290196078431,0.282352941176,0.172549019608,0.364705882353,0.592156862745,0.733333333333,0.00392156862745,0.878431372549,0.654901960784,0.0,0.0588235294118,0.0745098039216,0.564705882353,0.243137254902,0.549019607843,0.0901960784314,0.627450980392,0.180392156863,0.121568627451,0.917647058824,0.807843137255,0.0,0.682352941176,0.243137254902,0.541176470588,0.0,0.419607843137,0.650980392157,0.945098039216,0.925490196078,0.850980392157,0.760784313725,0.752941176471,0.701960784314,0.6,0.592156862745,0.552941176471,0.435294117647,0.43137254902,0.403921568627,0.294117647059,0.294117647059,0.274509803922,0.164705882353,0.164705882353,0.149019607843,19.9,13.8,17.9
White LED torch (LED-B3),Hydrocodone tartrate,positive,0.0,0.345098039216,0.349019607843,0.466666666667,0.356862745098,0.270588235294,0.756862745098,0.592156862745,0.498039215686,0.376470588235,0.474509803922,0.596078431373,0.364705882353,0.454901960784,0.235294117647,0.509803921569,0.490196078431,0.658823529412,0.411764705882,0.721568627451,0.639215686275,0.823529411765,0.541176470588,0.0901960784314,0.266666666667,0.317647058824,0.639215686275,0.756862745098,0.380392156863,0.388235294118,0.352941176471,0.247058823529,0.407843137255,0.619607843137,0.752941176471,0.141176470588,0.854901960784,0.674509803922,0.0,0.105882352941,0.172549019608,0.572549019608,0.325490196078,0.596078431373,0.282352941176,0.678431372549,0.270588235294,0.258823529412,0.886274509804,0.803921568627,0.0,0.725490196078,0.352941176471,0.572549019608,0.0078431372549,0.505882352941,0.643137254902,0.894117647059,0.901960784314,0.847058823529,0.752941176471,0.764705882353,0.729411764706,0.623529411765,0.635294117647,0.607843137255,0.482352941176,0.490196078431,0.470588235294,0.349019607843,0.356862745098,0.345098039216,0.223529411765,0.223529411765,0.21568627451,31.8,-21.5,-6.2
White LED torch (LED-B3),Hydrocodone tartrate,positive,0.0,0.345098039216,0.345098039216,0.466666666667,0.356862745098,0.270588235294,0.756862745098,0.592156862745,0.498039215686,0.376470588235,0.474509803922,0.596078431373,0.364705882353,0.454901960784,0.235294117647,0.509803921569,0.490196078431,0.658823529412,0.411764705882,0.721568627451,0.639215686275,0.823529411765,0.541176470588,0.0901960784314,0.266666666667,0.317647058824,0.639215686275,0.756862745098,0.380392156863,0.388235294118,0.352941176471,0.247058823529,0.407843137255,0.619607843137,0.752941176471,0.141176470588,0.854901960784,0.674509803922,0.0,0.105882352941,0.172549019608,0.572549019608,0.325490196078,0.596078431373,0.282352941176,0.678431372549,0.270588235294,0.258823529412,0.886274509804,0.803921568627,0.0,0.725490196078,0.352941176471,0.572549019608,0.0078431372549,0.505882352941,0.643137254902,0.894117647059,0.901960784314,0.847058823529,0.752941176471,0.764705882353,0.729411764706,0.623529411765,0.635294117647,0.607843137255,0.482352941176,0.490196078431,0.470588235294,0.349019607843,0.356862745098,0.345098039216,0.223529411765,0.223529411765,0.21568627451,31.3,-21.7,-5.6
Incandescent bulb (A),Dristan,negative,0.733333333333,0.603921568627,0.0941176470588,0.494117647059,0.372549019608,0.290196078431,0.803921568627,0.611764705882,0.545098039216,0.380392156863,0.474509803922,0.607843137255,0.376470588235,0.462745098039,0.278431372549,0.537254901961,0.494117647059,0.662745098039,0.360784313725,0.717647058824,0.690196078431,0.874509803922,0.576470588235,0.125490196078,0.274509803922,0.325490196078,0.635294117647,0.81568627451,0.4,0.4,0.403921568627,0.254901960784,0.403921568627,0.611764705882,0.760784313725,0.309803921569,0.878431372549,0.694117647059,0.0274509803922,0.117647058824,0.176470588235,0.564705882353,0.286274509804,0.603921568627,0.372549019608,0.76862745098,0.290196078431,0.278431372549,0.909803921569,0.823529411765,0.105882352941,0.792156862745,0.36862745098,0.564705882353,0.0,0.490196078431,0.678431372549,0.925490196078,0.929411764706,0.898039215686,0.772549019608,0.780392156863,0.760784313725,0.63137254902,0.639215686275,0.627450980392,0.490196078431,0.498039215686,0.486274509804,0.352941176471,0.360784313725,0.349019607843,0.223529411765,0.227450980392,0.21568627451,60.2,7.4,63.0
Incandescent bulb (A),Hydrocodone tartrate,positive,0.0,0.329411764706,0.349019607843,0.494117647059,0.372549019608,0.290196078431,0.803921568627,0.611764705882,0.545098039216,0.380392156863,0.474509803922,0.607843137255,0.376470588235,0.462745098039,0.278431372549,0.537254901961,0.494117647059,0.662745098039,0.360784313725,0.717647058824,0.690196078431,0.874509803922,0.576470588235,0.125490196078,0.274509803922,0.325490196078,0.635294117647,0.81568627451,0.4,0.4,0.403921568627,0.254901960784,0.403921568627,0.611764705882,0.760784313725,0.309803921569,0.878431372549,0.694117647059,0.0274509803922,0.117647058824,0.176470588235,0.564705882353,0.286274509804,0.603921568627,0.372549019608,0.76862745098,0.290196078431,0.278431372549,0.909803921569,0.823529411765,0.105882352941,0.792156862745,0.36862745098,0.564705882353,0.0,0.490196078431,0.678431372549,0.925490196078,0.929411764706,0.898039215686,0.772549019608,0.780392156863,0.760784313725,0.63137254902,0.639215686275,0.627450980392,0.490196078431,0.498039215686,0.486274509804,0.352941176471,0.360784313725,0.349019607843,0.223529411765,0.227450980392,0.21568627451,30.8,-18.5,-6.2
Daylight (D65),MDA HCl,positive,0.0235294117647,0.23137254902,0.207843137255,0.427450980392,0.317647058824,0.258823529412,0.709803921569,0.556862745098,0.490196078431,0.309803921569,0.470588235294,0.596078431373,0.325490196078,0.419607843137,0.219607843137,0.458823529412,0.486274509804,0.666666666667,0.301960784314,0.713725490196,0.647058823529,0.796078431373,0.458823529412,0.0627450980392,0.2,0.349019607843,0.639215686275,0.721568627451,0.321568627451,0.38431372549,0.333333333333,0.235294117647,0.403921568627,0.560784313725,0.705882352941,0.0627450980392,0.811764705882,0.6,0.00392156862745,0.0392156862745,0.239215686275,0.56862745098,0.243137254902,0.56862745098,0.258823529412,0.662745098039,0.207843137255,0.239215686275,0.835294117647,0.737254901961,0.0,0.694117647059,0.325490196078,0.572549019608,0.0,0.529411764706,0.654901960784,0.83137254902,0.886274509804,0.866666666667,0.686274509804,0.741176470588,0.741176470588,0.560784313725,0.607843137255,0.607843137255,0.427450980392,0.466666666667,0.462745098039,0.301960784314,0.333333333333,0.333333333333,0.188235294118,0.203921568627,0.207843137255,20.2,-18.3,0.2
Daylight (D65),Diacetylmorphine HCl,positive,0.00392156862745,0.345098039216,0.309803921569,0.427450980392,0.317647058824,0.258823529412,0.709803921569,0.556862745098,0.490196078431,0.309803921569,0.470588235294,0.596078431373,0.325490196078,0.419607843137,0.219607843137,0.458823529412,0.486274509804,0.666666666667,0.301960784314,0.713725490196,0.647058823529,0.796078431373,0.458823529412,0.0627450980392,0.2,0.349019607843,0.639215686275,0.721568627451,0.321568627451,0.38431372549,0.333333333333,0.235294117647,0.403921568627,0.560784313725,0.705882352941,0.0627450980392,0.811764705882,0.6,0.00392156862745,0.0392156862745,0.239215686275,0.56862745098,0.243137254902,0.56862745098,0.258823529412,0.662745098039,0.207843137255,0.239215686275,0.835294117647,0.737254901961,0.0,0.694117647059,0.325490196078,0.572549019608,0.0,0.529411764706,0.654901960784,0.83137254902,0.886274509804,0.866666666667,0.686274509804,0.741176470588,0.741176470588,0.560784313725,0.607843137255,0.607843137255,0.427450980392,0.466666666667,0.462745098039,0.301960784314,0.333333333333,0.333333333333,0.188235294118,0.203921568627,0.207843137255,32.5,-22.3,-0.6
Tube light (FL2),Dristan,negative,0.670588235294,0.549019607843,0.0,0.392156862745,0.290196078431,0.16862745098,0.713725490196,0.533333333333,0.4,0.309803921569,0.392156862745,0.525490196078,0.301960784314,0.380392156863,0.125490196078,0.435294117647,0.41568627451,0.596078431373,0.360784313725,0.662745098039,0.576470588235,0.81568627451,0.494117647059,0.00392156862745,0.203921568627,0.239215686275,0.580392156863,0.694117647059,0.301960784314,0.290196078431,0.262745098039,0.176470588235,0.329411764706,0.580392156863,0.713725490196,0.0,0.835294117647,0.647058823529,0.00392156862745,0.0666666666667,0.105882352941,0.501960784314,0.270588235294,0.525490196078,0.16862745098,0.580392156863,0.196078431373,0.149019607843,0.874509803922,0.78431372549,0.0,0.635294117647,0.270588235294,0.498039215686,0.0078431372549,0.407843137255,0.596078431373,0.898039215686,0.898039215686,0.796078431373,0.725490196078,0.729411764706,0.662745098039,0.572549019608,0.576470588235,0.517647058824,0.41568627451,0.419607843137,0.380392156863,0.278431372549,0.282352941176,0.258823529412,0.156862745098,0.156862745098,0.137254901961,61.5,7.7,54.8
Tube light (FL2),LSD,negative,0.109803921569,0.160784313725,0.125490196078,0.392156862745,0.290196078431,0.16862745098,0.713725490196,0.533333333333,0.4,0.309803921569,0.392156862745,0.525490196078,0.301960784314,0.380392156863,0.125490196078,0.435294117647,0.41568627451,0.596078431373,0.360784313725,0.662745098039,0.576470588235,0.81568627451,0.494117647059,0.00392156862745,0.203921568627,0.239215686275,0.580392156863,0.694117647059,0.301960784314,0.290196078431,0.262745098039,0.176470588235,0.329411764706,0.580392156863,0.713725490196,0.0,0.835294117647,0.647058823529,0.00392156862745,0.0666666666667,0.105882352941,0.501960784314,0.270588235294,0.525490196078,0.16862745098,0.580392156863,0.196078431373,0.149019607843,0.874509803922,0.78431372549,0.0,0.635294117647,0.270588235294,0.498039215686,0.0078431372549,0.407843137255,0.596078431373,0.898039215686,0.898039215686,0.796078431373,0.725490196078,0.729411764706,0.662745098039,0.572549019608,0.576470588235,0.517647058824,0.41568627451,0.419607843137,0.380392156863,0.278431372549,0.282352941176,0.258823529412,0.156862745098,0.156862745098,0.137254901961,19.5,-8.1,1.8
White LED torch (LED-B3),Hydrocodone tartrate,positive,0.00392156862745,0.235294117647,0.250980392157,0.372549019608,0.250980392157,0.2,0.690196078431,0.482352941176,0.43137254902,0.294117647059,0.349019607843,0.525490196078,0.286274509804,0.345098039216,0.18431372549,0.423529411765,0.36862745098,0.596078431373,0.345098039216,0.619607843137,0.588235294118,0.76862745098,0.43137254902,0.105882352941,0.188235294118,0.196078431373,0.564705882353,0.682352941176,0.266666666667,0.317647058824,0.266666666667,0.145098039216,0.325490196078,0.549019607843,0.658823529412,0.172549019608,0.8,0.576470588235,0.0313725490196,0.0627450980392,0.0509803921569,0.486274509804,0.250980392157,0.486274509804,0.227450980392,0.596078431373,0.172549019608,0.188235294118,0.843137254902,0.717647058824,0.0156862745098,0.643137254902,0.23137254902,0.501960784314,0.0196078431373,0.38431372549,0.580392156863,0.862745098039,0.819607843137,0.835294117647,0.694117647059,0.658823529412,0.690196078431,0.545098039216,0.517647058824,0.545098039216,0.392156862745,0.376470588235,0.396078431373,0.258823529412,0.250980392157,0.266666666667,0.145098039216,0.133333333333,0.145098039216,30.4,-21.0,-4.9
White LED torch (LED-B3),Morphine monohydrate,positive,0.0235294117647,0.152941176471,0.149019607843,0.372549019608,0.250980392157,0.2,0.690196078431,0.482352941176,0.43137254902,0.294117647059,0.349019607843,0.525490196078,0.286274509804,0.345098039216,0.18431372549,0.423529411765,0.36862745098,0.596078431373,0.345098039216,0.619607843137,0.588235294118,0.76862745098,0.43137254902,0.105882352941,0.188235294118,0.196078431373,0.564705882353,0.682352941176,0.266666666667,0.317647058824,0.266666666667,0.145098039216,0.325490196078,0.549019607843,0.658823529412,0.172549019608,0.8,0.576470588235,0.0313725490196,0.0627450980392,0.0509803921569,0.486274509804,0.250980392157,0.486274509804,0.227450980392,0.596078431373,0.172549019608,0.188235294118,0.843137254902,0.717647058824,0.0156862745098,0.643137254902,0.23137254902,0.501960784314,0.0196078431373,0.38431372549,0.580392156863,0.862745098039,0.819607843137,0.835294117647,0.694117647059,0.658823529412,0.690196078431,0.545098039216,0.517647058824,0.545098039216,0.392156862745,0.376470588235,0.396078431373,0.258823529412,0.250980392157,0.266666666667,0.145098039216,0.133333333333,0.145098039216,19.8,-15.4,-1.1
Incandescent bulb (A),Mace5,negative,0.356862745098,0.36862745098,0.21568627451,0.458823529412,0.341176470588,0.235294117647,0.741176470588,0.564705882353,0.470588235294,0.337254901961,0.454901960784,0.556862745098,0.337254901961,0.435294117647,0.211764705882,0.498039215686,0.474509803922,0.61568627451,0.290196078431,0.690196078431,0.627450980392,0.8,0.525490196078,0.0078431372549,0.243137254902,0.317647058824,0.588235294118,0.76862745098,0.372549019608,0.345098039216,0.380392156863,0.243137254902,0.36862745098,0.556862745098,0.725490196078,0.164705882353,0.827450980392,0.658823529412,0.00392156862745,0.0862745098039,0.180392156863,0.517647058824,0.223529411765,0.56862745098,0.301960784314,0.725490196078,0.262745098039,0.219607843137,0.847058823529,0.776470588235,0.0,0.752941176471,0.349019607843,0.517647058824,0.0,0.482352941176,0.63137254902,0.839215686275,0.870588235294,0.780392156863,0.705882352941,0.737254901961,0.678431372549,0.58431372549,0.61568627451,0.564705882353,0.447058823529,0.478431372549,0.435294117647,0.329411764706,0.349019607843,0.321568627451,0.211764705882,0.223529411765,0.196078431373,30.8,-4.2,25.8
Incandescent bulb (A),Codeine,positive,0.0078431372549,0.235294117647,0.211764705882,0.458823529412,0.341176470588,0.235294117647,0.741176470588,0.564705882353,0.470588235294,0.337254901961,0.454901960784,0.556862745098,0.337254901961,0.435294117647,0.211764705882,0.498039215686,0.474509803922,0.61568627451,0.290196078431,0.690196078431,0.627450980392,0.8,0.525490196078,0.0078431372549,0.243137254902,0.317647058824,0.588235294118,0.76862745098,0.372549019608,0.345098039216,0.380392156863,0.243137254902,0.36862745098,0.556862745098,0.725490196078,0.164705882353,0.827450980392,0.658823529412,0.00392156862745,0.0862745098039,0.180392156863,0.517647058824,0.223529411765,0.56862745098,0.301960784314,0.725490196078,0.262745098039,0.219607843137,0.847058823529,0.776470588235,0.0,0.752941176471,0.349019607843,0.517647058824,0.0,0.482352941176,0.63137254902,0.839215686275,0.870588235294,0.780392156863,0.705882352941,0.737254901961,0.678431372549,0.58431372549,0.61568627451,0.564705882353,0.447058823529,0.478431372549,0.435294117647,0.329411764706,0.349019607843,0.321568627451,0.211764705882,0.223529411765,0.196078431373,19.6,-16.4,-3.0
Daylight (D65),Doxepin HCl,negative,0.266666666667,0.125490196078,0.149019607843,0.4,0.286274509804,0.239215686275,0.694117647059,0.529411764706,0.474509803922,0.305882352941,0.435294117647,0.564705882353,0.313725490196,0.388235294118,0.211764705882,0.443137254902,0.458823529412,0.635294117647,0.333333333333,0.686274509804,0.627450980392,0.772549019608,0.435294117647,0.141176470588,0.2,0.317647058824,0.607843137255,0.698039215686,0.298039215686,0.364705882353,0.309803921569,0.207843137255,0.36862745098,0.556862745098,0.682352941176,0.172549019608,0.796078431373,0.572549019608,0.0156862745098,0.0588235294118,0.207843137255,0.533333333333,0.258823529412,0.541176470588,0.258823529412,0.635294117647,0.192156862745,0.223529411765,0.83137254902,0.717647058824,0.00392156862745,0.670588235294,0.301960784314,0.545098039216,0.0,0.494117647059,0.623529411765,0.839215686275,0.874509803922,0.862745098039,0.690196078431,0.721568627451,0.725490196078,0.552941176471,0.580392156863,0.588235294118,0.411764705882,0.43137254902,0.443137254902,0.286274509804,0.305882352941,0.309803921569,0.16862745098,0.176470588235,0.180392156863,19.5,19.4,5.2
Daylight (D65),Morphine monohydrate,positive,0.0274509803922,0.2,0.18431372549,0.4,0.286274509804,0.239215686275,0.694117647059,0.529411764706,0.474509803922,0.305882352941,0.435294117647,0.564705882353,0.313725490196,0.388235294118,0.211764705882,0.443137254902,0.458823529412,0.635294117647,0.333333333333,0.686274509804,0.627450980392,0.772549019608,0.435294117647,0.141176470588,0.2,0.317647058824,0.607843137255,0.698039215686,0.298039215686,0.364705882353,0.309803921569,0.207843137255,0.36862745098,0.556862745098,0.682352941176,0.172549019608,0.796078431373,0.572549019608,0.0156862745098,0.0588235294118,0.207843137255,0.533333333333,0.258823529412,0.541176470588,0.258823529412,0.635294117647,0.192156862745,0.223529411765,0.83137254902,0.717647058824,0.00392156862745,0.670588235294,0.301960784314,0.545098039216,0.0,0.494117647059,0.623529411765,0.839215686275,0.874509803922,0.862745098039,0.690196078431,0.721568627451,0.725490196078,0.552941176471,0.580392156863,0.588235294118,0.411764705882,0.43137254902,0.443137254902,0.286274509804,0.305882352941,0.309803921569,0.16862745098,0.176470588235,0.180392156863,20.1,-16.4,-0.7
Tube light (FL2),Contac,negative,0.43137254902,0.392156862745,0.0117647058824,0.4,0.337254901961,0.203921568627,0.690196078431,0.580392156863,0.427450980392,0.309803921569,0.443137254902,0.533333333333,0.313725490196,0.427450980392,0.172549019608,0.435294117647,0.478431372549,0.603921568627,0.372549019608,0.713725490196,0.588235294118,0.76862745098,0.545098039216,0.0,0.203921568627,0.298039215686,0.576470588235,0.674509803922,0.36862745098,0.321568627451,0.282352941176,0.227450980392,0.349019607843,0.572549019608,0.749019607843,0.0078431372549,0.803921568627,0.698039215686,0.00392156862745,0.0588235294118,0.172549019608,0.501960784314,0.286274509804,0.560784313725,0.21568627451,0.56862745098,0.258823529412,0.192156862745,0.83137254902,0.823529411765,0.00392156862745,0.623529411765,0.345098039216,0.517647058824,0.00392156862745,0.470588235294,0.603921568627,0.839215686275,0.925490196078,0.780392156863,0.694117647059,0.772549019608,0.662745098039,0.564705882353,0.623529411765,0.533333333333,0.423529411765,0.474509803922,0.403921568627,0.294117647059,0.337254901961,0.282352941176,0.176470588235,0.2,0.16862745098,40.6,5.4,42.3
Tube light (FL2),Morphine monohydrate,positive,0.6,0.694117647059,0.58431372549,0.4,0.337254901961,0.203921568627,0.690196078431,0.580392156863,0.427450980392,0.309803921569,0.443137254902,0.533333333333,0.313725490196,0.427450980392,0.172549019608,0.435294117647,0.478431372549,0.603921568627,0.372549019608,0.713725490196,0.588235294118,0.76862745098,0.545098039216,0.0,0.203921568627,0.298039215686,0.576470588235,0.674509803922,0.36862745098,0.321568627451,0.282352941176,0.227450980392,0.349019607843,0.572549019608,0.749019607843,0.0078431372549,0.803921568627,0.698039215686,0.00392156862745,0.0588235294118,0.172549019608,0.501960784314,0.286274509804,0.560784313725,0.21568627451,0.56862745098,0.258823529412,0.192156862745,0.83137254902,0.823529411765,0.00392156862745,0.623529411765,0.345098039216,0.517647058824,0.00392156862745,0.470588235294,0.603921568627,0.839215686275,0.925490196078,0.780392156863,0.694117647059,0.772549019608,0.662745098039,0.564705882353,0.623529411765,0.533333333333,0.423529411765,0.474509803922,0.403921568627,0.294117647059,0.337254901961,0.282352941176,0.176470588235,0.2,0.16862745098,40.5,-5.9,0.3
White LED torch (LED-B3),Mescaline HCl,negative,0.501960784314,0.466666666667,0.0,0.419607843137,0.290196078431,0.219607843137,0.741176470588,0.537254901961,0.454901960784,0.309803921569,0.403921568627,0.588235294118,0.305882352941,0.396078431373,0.18431372549,0.454901960784,0.41568627451,0.654901960784,0.317647058824,0.678431372549,0.627450980392,0.839215686275,0.474509803922,0.0,0.196078431373,0.235294117647,0.639215686275,0.745098039216,0.294117647059,0.345098039216,0.305882352941,0.172549019608,0.376470588235,0.56862745098,0.717647058824,0.0078431372549,0.843137254902,0.623529411765,0.0,0.0549019607843,0.0666666666667,0.560784313725,0.239215686275,0.545098039216,0.223529411765,0.658823529412,0.188235294118,0.192156862745,0.882352941176,0.772549019608,0.0,0.701960784314,0.254901960784,0.556862745098,0.0,0.435294117647,0.643137254902,0.890196078431,0.886274509804,0.878431372549,0.725490196078,0.725490196078,0.733333333333,0.576470588235,0.576470588235,0.58431372549,0.423529411765,0.427450980392,0.435294117647,0.286274509804,0.290196078431,0.301960784314,0.16862745098,0.16862745098,0.172549019608,51.7,-4.5,48.8
White LED torch (LED-B3),Morphine monohydrate,positive,0.0196078431373,0.18431372549,0.176470588235,0.419607843137,0.290196078431,0.219607843137,0.741176470588,0.537254901961,0.454901960784,0.309803921569,0.403921568627,0.588235294118,0.305882352941,0.396078431373,0.18431372549,0.454901960784,0.41568627451,0.654901960784,0.317647058824,0.678431372549,0.627450980392,0.839215686275,0.474509803922,0.0,0.196078431373,0.235294117647,0.639215686275,0.745098039216,0.294117647059,0.345098039216,0.305882352941,0.172549019608,0.376470588235,0.56862745098,0.717647058824,0.0078431372549,0.843137254902,0.623529411765,0.0,0.0549019607843,0.0666666666667,0.560784313725,0.239215686275,0.545098039216,0.223529411765,0.658823529412,0.188235294118,0.192156862745,0.882352941176,0.772549019608,0.0,0.701960784314,0.254901960784,0.556862745098,0.0,0.435294117647,0.643137254902,0.890196078431,0.886274509804,0.878431372549,0.725490196078,0.725490196078,0.733333333333,0.576470588235,0.576470588235,0.58431372549,0.423529411765,0.427450980392,0.435294117647,0.286274509804,0.290196078431,0.301960784314,0.16862745098,0.16862745098,0.172549019608,19.7,-15.6,-1.0
Incandescent bulb (A),Codeine,positive,0.00392156862745,0.2,0.164705882353,0.435294117647,0.309803921569,0.160784313725,0.756862745098,0.545098039216,0.403921568627,0.290196078431,0.423529411765,0.521568627451,0.298039215686,0.407843137255,0.105882352941,0.470588235294,0.447058823529,0.58431372549,0.149019607843,0.682352941176,0.58431372549,0.83137254902,0.498039215686,0.0,0.2,0.286274509804,0.572549019608,0.78431372549,0.317647058824,0.270588235294,0.352941176471,0.203921568627,0.333333333333,0.517647058824,0.713725490196,0.0,0.843137254902,0.639215686275,0.00392156862745,0.0470588235294,0.152941176471,0.505882352941,0.0862745098039,0.552941176471,0.2,0.737254901961,0.196078431373,0.117647058824,0.858823529412,0.772549019608,0.0,0.76862745098,0.290196078431,0.482352941176,0.0,0.454901960784,0.607843137255,0.854901960784,0.894117647059,0.756862745098,0.698039215686,0.737254901961,0.639215686275,0.556862745098,0.596078431373,0.501960784314,0.41568627451,0.450980392157,0.38431372549,0.286274509804,0.313725490196,0.266666666667,0.176470588235,0.188235294118,0.152941176471,19.7,-14.0,-1.8
Incandescent bulb (A),Exedrine,negative,0.58431372549,0.552941176471,0.235294117647,0.435294117647,0.309803921569,0.160784313725,0.756862745098,0.545098039216,0.403921568627,0.290196078431,0.423529411765,0.521568627451,0.298039215686,0.407843137255,0.105882352941,0.470588235294,0.447058823529,0.58431372549,0.149019607843,0.682352941176,0.58431372549,0.83137254902,0.498039215686,0.0,0.2,0.286274509804,0.572549019608,0.78431372549,0.317647058824,0.270588235294,0.352941176471,0.203921568627,0.333333333333,0.517647058824,0.713725490196,0.0,0.843137254902,0.639215686275,0.00392156862745,0.0470588235294,0.152941176471,0.505882352941,0.0862745098039,0.552941176471,0.2,0.737254901961,0.196078431373,0.117647058824,0.858823529412,0.772549019608,0.0,0.76862745098,0.290196078431,0.482352941176,0.0,0.454901960784,0.607843137255,0.854901960784,0.894117647059,0.756862745098,0.698039215686,0.737254901961,0.639215686275,0.556862745098,0.596078431373,0.501960784314,0.41568627451,0.450980392157,0.38431372549,0.286274509804,0.313725490196,0.266666666667,0.176470588235,0.188235294118,0.152941176471,60.3,-1.1,35.2
Daylight (D65),Hydrocodone tartrate,positive,0.00392156862745,0.286274509804,0.282352941176,0.380392156863,0.278431372549,0.227450980392,0.654901960784,0.525490196078,0.450980392157,0.235294117647,0.423529411765,0.564705882353,0.262745098039,0.380392156863,0.18431372549,0.38431372549,0.450980392157,0.63137254902,0.172549019608,0.682352941176,0.619607843137,0.749019607843,0.423529411765,0.0156862745098,0.113725490196,0.309803921569,0.611764705882,0.666666666667,0.286274509804,0.341176470588,0.278431372549,0.196078431373,0.360784313725,0.490196078431,0.674509803922,0.0156862745098,0.752941176471,0.564705882353,0.0,0.0117647058824,0.2,0.533333333333,0.152941176471,0.537254901961,0.21568627451,0.607843137255,0.176470588235,0.192156862745,0.788235294118,0.713725490196,0.0,0.635294117647,0.286274509804,0.537254901961,0.0,0.482352941176,0.61568627451,0.772549019608,0.878431372549,0.858823529412,0.623529411765,0.721568627451,0.709803921569,0.494117647059,0.572549019608,0.56862745098,0.360784313725,0.427450980392,0.419607843137,0.239215686275,0.294117647059,0.294117647059,0.141176470588,0.164705882353,0.164705882353,31.6,-17.9,-3.5
Daylight (D65),Dimethoxy-meth HCl,negative,0.235294117647,0.129411764706,0.0470588235294,0.380392156863,0.278431372549,0.227450980392,0.654901960784,0.525490196078,0.450980392157,0.235294117647,0.423529411765,0.564705882353,0.262745098039,0.380392156863,0.18431372549,0.38431372549,0.450980392157,0.63137254902,0.172549019608,0.682352941176,0.619607843137,0.749019607843,0.423529411765,0.0156862745098,0.113725490196,0.309803921569,0.611764705882,0.666666666667,0.286274509804,0.341176470588,0.278431372549,0.196078431373,0.360784313725,0.490196078431,0.674509803922,0.0156862745098,0.752941176471,0.564705882353,0.0,0.0117647058824,0.2,0.533333333333,0.152941176471,0.537254901961,0.21568627451,0.607843137255,0.176470588235,0.192156862745,0.788235294118,0.713725490196,0.0,0.635294117647,0.286274509804,0.537254901961,0.0,0.482352941176,0.61568627451,0.772549019608,0.878431372549,0.858823529412,0.623529411765,0.721568627451,0.709803921569,0.494117647059,0.572549019608,0.56862745098,0.360784313725,0.427450980392,0.419607843137,0.239215686275,0.294117647059,0.294117647059,0.141176470588,0.164705882353,0.164705882353,20.5,14.4,18.1
Tube light (FL2),Hydrocodone tartrate,positive,0.0,0.345098039216,0.364705882353,0.482352941176,0.36862745098,0.266666666667,0.776470588235,0.6,0.505882352941,0.396078431373,0.466666666667,0.635294117647,0.388235294118,0.470588235294,0.227450980392,0.521568627451,0.490196078431,0.698039215686,0.447058823529,0.729411764706,0.682352941176,0.862745098039,0.56862745098,0.0,0.282352941176,0.309803921569,0.678431372549,0.76862745098,0.38431372549,0.392156862745,0.356862745098,0.247058823529,0.439215686275,0.654901960784,0.772549019608,0.00392156862745,0.890196078431,0.717647058824,0.0,0.129411764706,0.145098039216,0.607843137255,0.352941176471,0.603921568627,0.278431372549,0.662745098039,0.278431372549,0.247058823529,0.917647058824,0.835294117647,0.0,0.717647058824,0.345098039216,0.603921568627,0.0196078431373,0.490196078431,0.701960784314,0.929411764706,0.921568627451,0.874509803922,0.78431372549,0.776470588235,0.756862745098,0.647058823529,0.643137254902,0.623529411765,0.505882352941,0.501960784314,0.486274509804,0.36862745098,0.36862745098,0.356862745098,0.239215686275,0.239215686275,0.227450980392,31.1,-21.4,-5.8
Tube light (FL2),Diacetylmorphine HCl,positive,0.0,0.352941176471,0.352941176471,0.482352941176,0.36862745098,0.266666666667,0.776470588235,0.6,0.505882352941,0.396078431373,0.466666666667,0.635294117647,0.388235294118,0.470588235294,0.227450980392,0.521568627451,0.490196078431,0.698039215686,0.447058823529,0.729411764706,0.682352941176,0.862745098039,0.56862745098,0.0,0.282352941176,0.309803921569,0.678431372549,0.76862745098,0.38431372549,0.392156862745,0.356862745098,0.247058823529,0.439215686275,0.654901960784,0.772549019608,0.00392156862745,0.890196078431,0.717647058824,0.0,0.129411764706,0.145098039216,0.607843137255,0.352941176471,0.603921568627,0.278431372549,0.662745098039,0.278431372549,0.247058823529,0.917647058824,0.835294117647,0.0,0.717647058824,0.345098039216,0.603921568627,0.0196078431373,0.490196078431,0.701960784314,0.929411764706,0.921568627451,0.874509803922,0.78431372549,0.776470588235,0.756862745098,0.647058823529,0.643137254902,0.623529411765,0.505882352941,0.501960784314,0.486274509804,0.36862745098,0.36862745098,0.356862745098,0.239215686275,0.239215686275,0.227450980392,31.2,-22.3,-4.4
White LED torch (LED-B3),Codeine,positive,0.0117647058824,0.192156862745,0.152941176471,0.376470588235,0.286274509804,0.156862745098,0.654901960784,0.517647058824,0.352941176471,0.227450980392,0.407843137255,0.509803921569,0.254901960784,0.392156862745,0.0666666666667,0.38431372549,0.43137254902,0.580392156863,0.101960784314,0.674509803922,0.525490196078,0.741176470588,0.454901960784,0.00392156862745,0.121568627451,0.266666666667,0.56862745098,0.678431372549,0.290196078431,0.266666666667,0.274509803922,0.188235294118,0.337254901961,0.466666666667,0.698039215686,0.0,0.764705882353,0.603921568627,0.0,0.0156862745098,0.133333333333,0.509803921569,0.078431372549,0.529411764706,0.0352941176471,0.603921568627,0.18431372549,0.117647058824,0.776470588235,0.741176470588,0.0,0.643137254902,0.274509803922,0.482352941176,0.0,0.450980392157,0.572549019608,0.749019607843,0.847058823529,0.721568627451,0.607843137255,0.701960784314,0.6,0.482352941176,0.564705882353,0.490196078431,0.360784313725,0.427450980392,0.364705882353,0.250980392157,0.298039215686,0.250980392157,0.149019607843,0.172549019608,0.145098039216,20.6,-13.6,-0.6
Incandescent bulb (A),Oxycodone HCl,negative,0.498039215686,0.474509803922,0.00392156862745,0.423529411765,0.309803921569,0.152941176471,0.76862745098,0.58431372549,0.372549019608,0.309803921569,0.439215686275,0.458823529412,0.298039215686,0.4,0.113725490196,0.478431372549,0.470588235294,0.513725490196,0.298039215686,0.721568627451,0.525490196078,0.854901960784,0.525490196078,0.0,0.211764705882,0.305882352941,0.494117647059,0.780392156863,0.352941176471,0.262745098039,0.333333333333,0.211764705882,0.274509803922,0.556862745098,0.749019607843,0.0156862745098,0.866666666667,0.666666666667,0.0,0.0745098039216,0.188235294118,0.423529411765,0.219607843137,0.560784313725,0.192156862745,0.725490196078,0.235294117647,0.152941176471,0.905882352941,0.823529411765,0.0,0.764705882353,0.337254901961,0.427450980392,0.0,0.470588235294,0.533333333333,0.921568627451,0.980392156863,0.717647058824,0.741176470588,0.792156862745,0.58431372549,0.580392156863,0.623529411765,0.458823529412,0.419607843137,0.454901960784,0.333333333333,0.282352941176,0.305882352941,0.21568627451,0.156862745098,0.16862745098,0.113725490196,51.1,-3.1,48.8
Incandescent bulb (A),Mescaline HCl,negative,0.498039215686,0.474509803922,0.00392156862745,0.423529411765,0.309803921569,0.152941176471,0.76862745098,0.58431372549,0.372549019608,0.309803921569,0.439215686275,0.458823529412,0.298039215686,0.4,0.113725490196,0.478431372549,0.470588235294,0.513725490196,0.298039215686,0.721568627451,0.525490196078,0.854901960784,0.525490196078,0.0,0.211764705882,0.305882352941,0.494117647059,0.780392156863,0.352941176471,0.262745098039,0.333333333333,0.211764705882,0.274509803922,0.556862745098,0.749019607843,0.0156862745098,0.866666666667,0.666666666667,0.0,0.0745098039216,0.188235294118,0.423529411765,0.219607843137,0.560784313725,0.192156862745,0.725490196078,0.235294117647,0.152941176471,0.905882352941,0.823529411765,0.0,0.764705882353,0.337254901961,0.427450980392,0.0,0.470588235294,0.533333333333,0.921568627451,0.980392156863,0.717647058824,0.741176470588,0.792156862745,0.58431372549,0.580392156863,0.623529411765,0.458823529412,0.419607843137,0.454901960784,0.333333333333,0.282352941176,0.305882352941,0.21568627451,0.156862745098,0.16862745098,0.113725490196,51.1,-3.1,48.8
Daylight (D65),Dimethoxy-meth HCl,negative,0.235294117647,0.129411764706,0.0549019607843,0.388235294118,0.286274509804,0.227450980392,0.694117647059,0.552941176471,0.466666666667,0.274509803922,0.443137254902,0.56862745098,0.282352941176,0.388235294118,0.188235294118,0.423529411765,0.466666666667,0.643137254902,0.298039215686,0.721568627451,0.627450980392,0.780392156863,0.443137254902,0.117647058824,0.172549019608,0.321568627451,0.607843137255,0.701960784314,0.301960784314,0.352941176471,0.290196078431,0.203921568627,0.352941176471,0.545098039216,0.709803921569,0.141176470588,0.811764705882,0.592156862745,0.0078431372549,0.0313725490196,0.207843137255,0.525490196078,0.227450980392,0.549019607843,0.239215686275,0.635294117647,0.192156862745,0.207843137255,0.850980392157,0.752941176471,0.00392156862745,0.666666666667,0.309803921569,0.541176470588,0.0,0.505882352941,0.619607843137,0.847058823529,0.933333333333,0.886274509804,0.686274509804,0.760784313725,0.737254901961,0.537254901961,0.596078431373,0.576470588235,0.392156862745,0.439215686275,0.423529411765,0.258823529412,0.301960784314,0.286274509804,0.145098039216,0.164705882353,0.160784313725,20.6,13.1,18.2
Daylight (D65),Diacetylmorphine HCl,positive,0.0,0.309803921569,0.266666666667,0.388235294118,0.286274509804,0.227450980392,0.694117647059,0.552941176471,0.466666666667,0.274509803922,0.443137254902,0.56862745098,0.282352941176,0.388235294118,0.188235294118,0.423529411765,0.466666666667,0.643137254902,0.298039215686,0.721568627451,0.627450980392,0.780392156863,0.443137254902,0.117647058824,0.172549019608,0.321568627451,0.607843137255,0.701960784314,0.301960784314,0.352941176471,0.290196078431,0.203921568627,0.352941176471,0.545098039216,0.709803921569,0.141176470588,0.811764705882,0.592156862745,0.0078431372549,0.0313725490196,0.207843137255,0.525490196078,0.227450980392,0.549019607843,0.239215686275,0.635294117647,0.192156862745,0.207843137255,0.850980392157,0.752941176471,0.00392156862745,0.666666666667,0.309803921569,0.541176470588,0.0,0.505882352941,0.619607843137,0.847058823529,0.933333333333,0.886274509804,0.686274509804,0.760784313725,0.737254901961,0.537254901961,0.596078431373,0.576470588235,0.392156862745,0.439215686275,0.423529411765,0.258823529412,0.301960784314,0.286274509804,0.145098039216,0.164705882353,0.160784313725,32.9,-22.0,-0.7
Tube light (FL2),Propoxyphene HCl,negative,0.305882352941,0.164705882353,0.0392156862745,0.4,0.325490196078,0.207843137255,0.666666666667,0.545098039216,0.43137254902,0.298039215686,0.41568627451,0.556862745098,0.298039215686,0.411764705882,0.160784313725,0.419607843137,0.435294117647,0.619607843137,0.317647058824,0.658823529412,0.592156862745,0.756862745098,0.509803921569,0.00392156862745,0.192156862745,0.270588235294,0.603921568627,0.666666666667,0.341176470588,0.325490196078,0.282352941176,0.211764705882,0.372549019608,0.541176470588,0.701960784314,0.00392156862745,0.760784313725,0.647058823529,0.0,0.0509803921569,0.129411764706,0.533333333333,0.254901960784,0.537254901961,0.207843137255,0.56862745098,0.243137254902,0.18431372549,0.792156862745,0.76862745098,0.0,0.61568627451,0.301960784314,0.529411764706,0.0078431372549,0.43137254902,0.623529411765,0.796078431373,0.854901960784,0.780392156863,0.658823529412,0.709803921569,0.670588235294,0.541176470588,0.580392156863,0.545098039216,0.41568627451,0.443137254902,0.41568627451,0.294117647059,0.317647058824,0.294117647059,0.176470588235,0.196078431373,0.176470588235,19.3,24.1,23.3
Tube light (FL2),Propoxyphene HCl,negative,0.309803921569,0.160784313725,0.0470588235294,0.4,0.325490196078,0.207843137255,0.666666666667,0.545098039216,0.43137254902,0.298039215686,0.41568627451,0.556862745098,0.298039215686,0.411764705882,0.160784313725,0.419607843137,0.435294117647,0.619607843137,0.317647058824,0.658823529412,0.592156862745,0.756862745098,0.509803921569,0.00392156862745,0.192156862745,0.270588235294,0.603921568627,0.666666666667,0.341176470588,0.325490196078,0.282352941176,0.211764705882,0.372549019608,0.541176470588,0.701960784314,0.00392156862745,0.760784313725,0.647058823529,0.0,0.0509803921569,0.129411764706,0.533333333333,0.254901960784,0.537254901961,0.207843137255,0.56862745098,0.243137254902,0.18431372549,0.792156862745,0.76862745098,0.0,0.61568627451,0.301960784314,0.529411764706,0.0078431372549,0.43137254902,0.623529411765,0.796078431373,0.854901960784,0.780392156863,0.658823529412,0.709803921569,0.670588235294,0.541176470588,0.580392156863,0.545098039216,0.41568627451,0.443137254902,0.41568627451,0.294117647059,0.317647058824,0.294117647059,0.176470588235,0.196078431373,0.176470588235,19.2,25.5,22.5
White LED torch (LED-B3),Diacetylmorphine HCl,positive,0.00392156862745,0.341176470588,0.305882352941,0.435294117647,0.341176470588,0.239215686275,0.741176470588,0.6,0.474509803922,0.262745098039,0.462745098039,0.63137254902,0.290196078431,0.454901960784,0.164705882353,0.439215686275,0.478431372549,0.709803921569,0.109803921569,0.749019607843,0.658823529412,0.843137254902,0.533333333333,0.00392156862745,0.129411764706,0.294117647059,0.701960784314,0.76862745098,0.349019607843,0.364705882353,0.321568627451,0.219607843137,0.43137254902,0.533333333333,0.78431372549,0.0,0.850980392157,0.694117647059,0.00392156862745,0.0117647058824,0.121568627451,0.627450980392,0.0941176470588,0.61568627451,0.180392156863,0.690196078431,0.23137254902,0.196078431373,0.862745098039,0.843137254902,0.0,0.721568627451,0.313725490196,0.607843137255,0.0,0.505882352941,0.698039215686,0.843137254902,0.964705882353,0.905882352941,0.682352941176,0.8,0.760784313725,0.556862745098,0.647058823529,0.619607843137,0.41568627451,0.490196078431,0.470588235294,0.290196078431,0.349019607843,0.337254901961,0.172549019608,0.211764705882,0.2,31.7,-17.5,0.3
White LED torch (LED-B3),Oxycodone HCl,negative,0.509803921569,0.521568627451,0.0,0.435294117647,0.341176470588,0.239215686275,0.741176470588,0.6,0.474509803922,0.262745098039,0.462745098039,0.63137254902,0.290196078431,0.454901960784,0.164705882353,0.439215686275,0.478431372549,0.709803921569,0.109803921569,0.749019607843,0.658823529412,0.843137254902,0.533333333333,0.00392156862745,0.129411764706,0.294117647059,0.701960784314,0.76862745098,0.349019607843,0.364705882353,0.321568627451,0.219607843137,0.43137254902,0.533333333333,0.78431372549,0.0,0.850980392157,0.694117647059,0.00392156862745,0.0117647058824,0.121568627451,0.627450980392,0.0941176470588,0.61568627451,0.180392156863,0.690196078431,0.23137254902,0.196078431373,0.862745098039,0.843137254902,0.0,0.721568627451,0.313725490196,0.607843137255,0.0,0.505882352941,0.698039215686,0.843137254902,0.964705882353,0.905882352941,0.682352941176,0.8,0.760784313725,0.556862745098,0.647058823529,0.619607843137,0.41568627451,0.490196078431,0.470588235294,0.290196078431,0.349019607843,0.337254901961,0.172549019608,0.211764705882,0.2,51.5,-2.6,45.9
Incandescent bulb (A),Dimethoxy-meth HCl,negative,0.21568627451,0.133333333333,0.0392156862745,0.364705882353,0.270588235294,0.180392156863,0.658823529412,0.498039215686,0.419607843137,0.250980392157,0.36862745098,0.470588235294,0.250980392157,0.352941176471,0.176470588235,0.4,0.392156862745,0.537254901961,0.243137254902,0.607843137255,0.564705882353,0.729411764706,0.462745098039,0.0745098039216,0.164705882353,0.23137254902,0.501960784314,0.670588235294,0.305882352941,0.290196078431,0.274509803922,0.172549019608,0.282352941176,0.478431372549,0.650980392157,0.21568627451,0.745098039216,0.588235294118,0.0117647058824,0.043137254902,0.109803921569,0.43137254902,0.176470588235,0.486274509804,0.258823529412,0.619607843137,0.211764705882,0.176470588235,0.772549019608,0.721568627451,0.0588235294118,0.654901960784,0.278431372549,0.435294117647,0.00392156862745,0.38431372549,0.545098039216,0.78431372549,0.835294117647,0.764705882353,0.627450980392,0.674509803922,0.63137254902,0.494117647059,0.533333333333,0.498039215686,0.360784313725,0.388235294118,0.356862745098,0.235294117647,0.262745098039,0.235294117647,0.133333333333,0.145098039216,0.125490196078,20.1,13.7,15.1
Incandescent bulb (A),Opium,negative,0.137254901961,0.145098039216,0.0823529411765,0.364705882353,0.270588235294,0.180392156863,0.658823529412,0.498039215686,0.419607843137,0.250980392157,0.36862745098,0.470588235294,0.250980392157,0.352941176471,0.176470588235,0.4,0.392156862745,0.537254901961,0.243137254902,0.607843137255,0.564705882353,0.729411764706,0.462745098039,0.0745098039216,0.164705882353,0.23137254902,0.501960784314,0.670588235294,0.305882352941,0.290196078431,0.274509803922,0.172549019608,0.282352941176,0.478431372549,0.650980392157,0.21568627451,0.745098039216,0.588235294118,0.0117647058824,0.043137254902,0.109803921569,0.43137254902,0.176470588235,0.486274509804,0.258823529412,0.619607843137,0.211764705882,0.176470588235,0.772549019608,0.721568627451,0.0588235294118,0.654901960784,0.278431372549,0.435294117647,0.00392156862745,0.38431372549,0.545098039216,0.78431372549,0.835294117647,0.764705882353,0.627450980392,0.674509803922,0.63137254902,0.494117647059,0.533333333333,0.498039215686,0.360784313725,0.388235294118,0.356862745098,0.235294117647,0.262745098039,0.235294117647,0.133333333333,0.145098039216,0.125490196078,19.9,-2.4,8.5
Daylight (D65),Contac,negative,0.619607843137,0.686274509804,0.505882352941,0.396078431373,0.301960784314,0.192156862745,0.674509803922,0.560784313725,0.403921568627,0.180392156863,0.474509803922,0.564705882353,0.250980392157,0.411764705882,0.0745098039216,0.376470588235,0.494117647059,0.635294117647,0.00392156862745,0.733333333333,0.572549019608,0.788235294118,0.447058823529,0.00392156862745,0.0392156862745,0.352941176471,0.623529411765,0.713725490196,0.301960784314,0.313725490196,0.290196078431,0.219607843137,0.36862745098,0.466666666667,0.725490196078,0.0,0.788235294118,0.592156862745,0.0,0.00392156862745,0.243137254902,0.556862745098,0.0078431372549,0.576470588235,0.0235294117647,0.654901960784,0.172549019608,0.145098039216,0.796078431373,0.756862745098,0.0,0.674509803922,0.305882352941,0.541176470588,0.0,0.533333333333,0.619607843137,0.752941176471,0.937254901961,0.803921568627,0.607843137255,0.776470588235,0.670588235294,0.486274509804,0.623529411765,0.545098039216,0.360784313725,0.466666666667,0.407843137255,0.239215686275,0.325490196078,0.278431372549,0.137254901961,0.192156862745,0.164705882353,66.6,0.8,20.0
Daylight (D65),Morphine monohydrate,positive,0.00392156862745,0.21568627451,0.160784313725,0.396078431373,0.301960784314,0.192156862745,0.674509803922,0.560784313725,0.403921568627,0.180392156863,0.474509803922,0.564705882353,0.250980392157,0.411764705882,0.0745098039216,0.376470588235,0.494117647059,0.635294117647,0.00392156862745,0.733333333333,0.572549019608,0.788235294118,0.447058823529,0.00392156862745,0.0392156862745,0.352941176471,0.623529411765,0.713725490196,0.301960784314,0.313725490196,0.290196078431,0.219607843137,0.36862745098,0.466666666667,0.725490196078,0.0,0.788235294118,0.592156862745,0.0,0.00392156862745,0.243137254902,0.556862745098,0.0078431372549,0.576470588235,0.0235294117647,0.654901960784,0.172549019608,0.145098039216,0.796078431373,0.756862745098,0.0,0.674509803922,0.305882352941,0.541176470588,0.0,0.533333333333,0.619607843137,0.752941176471,0.937254901961,0.803921568627,0.607843137255,0.776470588235,0.670588235294,0.486274509804,0.623529411765,0.545098039216,0.360784313725,0.466666666667,0.407843137255,0.239215686275,0.325490196078,0.278431372549,0.137254901961,0.192156862745,0.164705882353,21.1,-12.8,1.6
Tube light (FL2),Diacetylmorphine HCl,positive,0.0,0.282352941176,0.227450980392,0.364705882353,0.298039215686,0.121568627451,0.63137254902,0.525490196078,0.321568627451,0.250980392157,0.407843137255,0.478431372549,0.258823529412,0.388235294118,0.0352941176471,0.376470588235,0.43137254902,0.537254901961,0.23137254902,0.650980392157,0.490196078431,0.721568627451,0.486274509804,0.0,0.145098039216,0.278431372549,0.533333333333,0.635294117647,0.317647058824,0.243137254902,0.250980392157,0.203921568627,0.313725490196,0.490196078431,0.686274509804,0.0,0.733333333333,0.627450980392,0.00392156862745,0.0274509803922,0.160784313725,0.474509803922,0.180392156863,0.521568627451,0.0196078431373,0.541176470588,0.21568627451,0.101960784314,0.752941176471,0.749019607843,0.0,0.58431372549,0.301960784314,0.454901960784,0.0,0.43137254902,0.541176470588,0.745098039216,0.854901960784,0.654901960784,0.611764705882,0.709803921569,0.552941176471,0.494117647059,0.572549019608,0.443137254902,0.372549019608,0.43137254902,0.333333333333,0.254901960784,0.301960784314,0.23137254902,0.145098039216,0.180392156863,0.125490196078,30.9,-18.0,-3.7
Tube light (FL2),Opium,negative,0.152941176471,0.18431372549,0.0509803921569,0.364705882353,0.298039215686,0.121568627451,0.63137254902,0.525490196078,0.321568627451,0.250980392157,0.407843137255,0.478431372549,0.258823529412,0.388235294118,0.0352941176471,0.376470588235,0.43137254902,0.537254901961,0.23137254902,0.650980392157,0.490196078431,0.721568627451,0.486274509804,0.0,0.145098039216,0.278431372549,0.533333333333,0.635294117647,0.317647058824,0.243137254902,0.250980392157,0.203921568627,0.313725490196,0.490196078431,0.686274509804,0.0,0.733333333333,0.627450980392,0.00392156862745,0.0274509803922,0.160784313725,0.474509803922,0.180392156863,0.521568627451,0.0196078431373,0.541176470588,0.21568627451,0.101960784314,0.752941176471,0.749019607843,0.0,0.58431372549,0.301960784314,0.454901960784,0.0,0.43137254902,0.541176470588,0.745098039216,0.854901960784,0.654901960784,0.611764705882,0.709803921569,0.552941176471,0.494117647059,0.572549019608,0.443137254902,0.372549019608,0.43137254902,0.333333333333,0.254901960784,0.301960784314,0.23137254902,0.145098039216,0.180392156863,0.125490196078,19.7,-2.5,12.8
White LED torch (LED-B3),Diacetylmorphine HCl,positive,0.0,0.325490196078,0.250980392157,0.396078431373,0.337254901961,0.207843137255,0.686274509804,0.603921568627,0.419607843137,0.278431372549,0.466666666667,0.529411764706,0.290196078431,0.435294117647,0.164705882353,0.41568627451,0.494117647059,0.592156862745,0.270588235294,0.737254901961,0.560784313725,0.772549019608,0.541176470588,0.00392156862745,0.160784313725,0.329411764706,0.576470588235,0.686274509804,0.376470588235,0.325490196078,0.286274509804,0.235294117647,0.341176470588,0.521568627451,0.764705882353,0.0,0.780392156863,0.678431372549,0.0,0.0235294117647,0.196078431373,0.505882352941,0.211764705882,0.592156862745,0.188235294118,0.61568627451,0.262745098039,0.192156862745,0.811764705882,0.827450980392,0.0,0.647058823529,0.356862745098,0.505882352941,0.00392156862745,0.501960784314,0.576470588235,0.819607843137,0.972549019608,0.788235294118,0.662745098039,0.8,0.650980392157,0.529411764706,0.643137254902,0.525490196078,0.388235294118,0.482352941176,0.396078431373,0.270588235294,0.337254901961,0.274509803922,0.156862745098,0.2,0.156862745098,31.6,-20.4,-1.5
White LED torch (LED-B3),Diacetylmorphine HCl,positive,0.0,0.325490196078,0.247058823529,0.396078431373,0.337254901961,0.207843137255,0.686274509804,0.603921568627,0.419607843137,0.278431372549,0.466666666667,0.529411764706,0.290196078431,0.435294117647,0.164705882353,0.41568627451,0.494117647059,0.592156862745,0.270588235294,0.737254901961,0.560784313725,0.772549019608,0.541176470588,0.00392156862745,0.160784313725,0.329411764706,0.576470588235,0.686274509804,0.376470588235,0.325490196078,0.286274509804,0.235294117647,0.341176470588,0.521568627451,0.764705882353,0.0,0.780392156863,0.678431372549,0.0,0.0235294117647,0.196078431373,0.505882352941,0.211764705882,0.592156862745,0.188235294118,0.61568627451,0.262745098039,0.192156862745,0.811764705882,0.827450980392,0.0,0.647058823529,0.356862745098,0.505882352941,0.00392156862745,0.501960784314,0.576470588235,0.819607843137,0.972549019608,0.788235294118,0.662745098039,0.8,0.650980392157,0.529411764706,0.643137254902,0.525490196078,0.388235294118,0.482352941176,0.396078431373,0.270588235294,0.337254901961,0.274509803922,0.156862745098,0.2,0.156862745098,31.9,-21.1,-0.4
Incandescent bulb (A),Contac,negative,0.466666666667,0.396078431373,0.00392156862745,0.447058823529,0.352941176471,0.172549019608,0.752941176471,0.6,0.38431372549,0.321568627451,0.478431372549,0.486274509804,0.317647058824,0.443137254902,0.113725490196,0.486274509804,0.501960784314,0.545098039216,0.262745098039,0.725490196078,0.545098039216,0.827450980392,0.549019607843,0.0,0.227450980392,0.349019607843,0.533333333333,0.776470588235,0.38431372549,0.282352941176,0.360784313725,0.254901960784,0.313725490196,0.549019607843,0.749019607843,0.0,0.835294117647,0.678431372549,0.0,0.0705882352941,0.227450980392,0.470588235294,0.188235294118,0.588235294118,0.196078431373,0.729411764706,0.270588235294,0.156862745098,0.858823529412,0.811764705882,0.0,0.752941176471,0.376470588235,0.450980392157,0.00392156862745,0.501960784314,0.560784313725,0.858823529412,0.945098039216,0.694117647059,0.709803921569,0.788235294118,0.596078431373,0.56862745098,0.639215686275,0.474509803922,0.435294117647,0.486274509804,0.36862745098,0.309803921569,0.349019607843,0.254901960784,0.196078431373,0.211764705882,0.149019607843,41.2,6.0,40.4
Incandescent bulb (A),Codeine,positive,0.00392156862745,0.227450980392,0.160784313725,0.447058823529,0.352941176471,0.172549019608,0.752941176471,0.6,0.38431372549,0.321568627451,0.478431372549,0.486274509804,0.317647058824,0.443137254902,0.113725490196,0.486274509804,0.501960784314,0.545098039216,0.262745098039,0.725490196078,0.545098039216,0.827450980392,0.549019607843,0.0,0.227450980392,0.349019607843,0.533333333333,0.776470588235,0.38431372549,0.282352941176,0.360784313725,0.254901960784,0.313725490196,0.549019607843,0.749019607843,0.0,0.835294117647,0.678431372549,0.0,0.0705882352941,0.227450980392,0.470588235294,0.188235294118,0.588235294118,0.196078431373,0.729411764706,0.270588235294,0.156862745098,0.858823529412,0.811764705882,0.0,0.752941176471,0.376470588235,0.450980392157,0.00392156862745,0.501960784314,0.560784313725,0.858823529412,0.945098039216,0.694117647059,0.709803921569,0.788235294118,0.596078431373,0.56862745098,0.639215686275,0.474509803922,0.435294117647,0.486274509804,0.36862745098,0.309803921569,0.349019607843,0.254901960784,0.196078431373,0.211764705882,0.149019607843,20.5,-16.8,-1.2
Daylight (D65),Morphine monohydrate,positive,0.0196078431373,0.227450980392,0.172549019608,0.443137254902,0.301960784314,0.196078431373,0.756862745098,0.549019607843,0.41568627451,0.309803921569,0.470588235294,0.572549019608,0.325490196078,0.41568627451,0.0862745098039,0.478431372549,0.494117647059,0.643137254902,0.254901960784,0.737254901961,0.592156862745,0.850980392157,0.427450980392,0.0,0.196078431373,0.356862745098,0.63137254902,0.780392156863,0.282352941176,0.325490196078,0.349019607843,0.227450980392,0.380392156863,0.576470588235,0.721568627451,0.00392156862745,0.882352941176,0.588235294118,0.0,0.043137254902,0.247058823529,0.560784313725,0.2,0.576470588235,0.043137254902,0.713725490196,0.137254901961,0.160784313725,0.901960784314,0.745098039216,0.0,0.752941176471,0.298039215686,0.552941176471,0.0,0.545098039216,0.635294117647,0.886274509804,0.909803921569,0.8,0.729411764706,0.760784313725,0.678431372549,0.592156862745,0.61568627451,0.552941176471,0.447058823529,0.466666666667,0.411764705882,0.309803921569,0.329411764706,0.294117647059,0.188235294118,0.196078431373,0.176470588235,20.5,-16.1,1.0
Daylight (D65),Morphine monohydrate,positive,0.0156862745098,0.227450980392,0.176470588235,0.443137254902,0.301960784314,0.196078431373,0.756862745098,0.549019607843,0.41568627451,0.309803921569,0.470588235294,0.572549019608,0.325490196078,0.41568627451,0.0862745098039,0.478431372549,0.494117647059,0.643137254902,0.254901960784,0.737254901961,0.592156862745,0.850980392157,0.427450980392,0.0,0.196078431373,0.356862745098,0.63137254902,0.780392156863,0.282352941176,0.325490196078,0.349019607843,0.227450980392,0.380392156863,0.576470588235,0.721568627451,0.00392156862745,0.882352941176,0.588235294118,0.0,0.043137254902,0.247058823529,0.560784313725,0.2,0.576470588235,0.043137254902,0.713725490196,0.137254901961,0.160784313725,0.901960784314,0.745098039216,0.0,0.752941176471,0.298039215686,0.552941176471,0.0,0.545098039216,0.635294117647,0.886274509804,0.909803921569,0.8,0.729411764706,0.760784313725,0.678431372549,0.592156862745,0.61568627451,0.552941176471,0.447058823529,0.466666666667,0.411764705882,0.309803921569,0.329411764706,0.294117647059,0.188235294118,0.196078431373,0.176470588235,20.5,-16.2,0.9
Tube light (FL2),Morphine monohydrate,positive,0.0117647058824,0.192156862745,0.152941176471,0.360784313725,0.313725490196,0.164705882353,0.635294117647,0.552941176471,0.376470588235,0.239215686275,0.419607843137,0.509803921569,0.254901960784,0.403921568627,0.0901960784314,0.36862745098,0.447058823529,0.576470588235,0.21568627451,0.678431372549,0.545098039216,0.729411764706,0.517647058824,0.0,0.125490196078,0.282352941176,0.564705882353,0.635294117647,0.337254901961,0.282352941176,0.235294117647,0.207843137255,0.329411764706,0.482352941176,0.717647058824,0.0,0.729411764706,0.658823529412,0.0,0.0156862745098,0.152941176471,0.498039215686,0.164705882353,0.541176470588,0.105882352941,0.533333333333,0.235294117647,0.137254901961,0.760784313725,0.788235294118,0.00392156862745,0.580392156863,0.317647058824,0.486274509804,0.0,0.443137254902,0.576470588235,0.749019607843,0.901960784314,0.729411764706,0.607843137255,0.745098039216,0.61568627451,0.486274509804,0.6,0.490196078431,0.352941176471,0.443137254902,0.364705882353,0.247058823529,0.313725490196,0.250980392157,0.141176470588,0.18431372549,0.137254901961,20.3,-13.3,-2.4
Tube light (FL2),Sugar,negative,0.713725490196,0.850980392157,0.00392156862745,0.360784313725,0.313725490196,0.164705882353,0.635294117647,0.552941176471,0.376470588235,0.239215686275,0.419607843137,0.509803921569,0.254901960784,0.403921568627,0.0901960784314,0.36862745098,0.447058823529,0.576470588235,0.21568627451,0.678431372549,0.545098039216,0.729411764706,0.517647058824,0.0,0.125490196078,0.282352941176,0.564705882353,0.635294117647,0.337254901961,0.282352941176,0.235294117647,0.207843137255,0.329411764706,0.482352941176,0.717647058824,0.0,0.729411764706,0.658823529412,0.0,0.0156862745098,0.152941176471,0.498039215686,0.164705882353,0.541176470588,0.105882352941,0.533333333333,0.235294117647,0.137254901961,0.760784313725,0.788235294118,0.00392156862745,0.580392156863,0.317647058824,0.486274509804,0.0,0.443137254902,0.576470588235,0.749019607843,0.901960784314,0.729411764706,0.607843137255,0.745098039216,0.61568627451,0.486274509804,0.6,0.490196078431,0.352941176471,0.443137254902,0.364705882353,0.247058823529,0.313725490196,0.250980392157,0.141176470588,0.18431372549,0.137254901961,86.3,-14.9,68.1
White LED torch (LED-B3),Codeine,positive,0.0352941176471,0.196078431373,0.188235294118,0.411764705882,0.305882352941,0.239215686275,0.686274509804,0.525490196078,0.454901960784,0.321568627451,0.403921568627,0.549019607843,0.321568627451,0.396078431373,0.219607843137,0.443137254902,0.419607843137,0.611764705882,0.352941176471,0.643137254902,0.592156862745,0.760784313725,0.478431372549,0.0941176470588,0.21568627451,0.258823529412,0.588235294118,0.682352941176,0.321568627451,0.356862745098,0.305882352941,0.2,0.36862745098,0.549019607843,0.670588235294,0.164705882353,0.772549019608,0.6,0.0078431372549,0.078431372549,0.109803921569,0.525490196078,0.274509803922,0.533333333333,0.254901960784,0.611764705882,0.227450980392,0.23137254902,0.803921568627,0.725490196078,0.0,0.643137254902,0.290196078431,0.521568627451,0.0078431372549,0.43137254902,0.588235294118,0.819607843137,0.823529411765,0.803921568627,0.678431372549,0.686274509804,0.682352941176,0.552941176471,0.560784313725,0.556862745098,0.419607843137,0.427450980392,0.423529411765,0.298039215686,0.301960784314,0.305882352941,0.180392156863,0.18431372549,0.18431372549,19.4,-16.7,-1.6
White LED torch (LED-B3),Hydrocodone tartrate,positive,0.00392156862745,0.282352941176,0.294117647059,0.411764705882,0.305882352941,0.239215686275,0.686274509804,0.525490196078,0.454901960784,0.321568627451,0.403921568627,0.549019607843,0.321568627451,0.396078431373,0.219607843137,0.443137254902,0.419607843137,0.611764705882,0.352941176471,0.643137254902,0.592156862745,0.760784313725,0.478431372549,0.0941176470588,0.21568627451,0.258823529412,0.588235294118,0.682352941176,0.321568627451,0.356862745098,0.305882352941,0.2,0.36862745098,0.549019607843,0.670588235294,0.164705882353,0.772549019608,0.6,0.0078431372549,0.078431372549,0.109803921569,0.525490196078,0.274509803922,0.533333333333,0.254901960784,0.611764705882,0.227450980392,0.23137254902,0.803921568627,0.725490196078,0.0,0.643137254902,0.290196078431,0.521568627451,0.0078431372549,0.43137254902,0.588235294118,0.819607843137,0.823529411765,0.803921568627,0.678431372549,0.686274509804,0.682352941176,0.552941176471,0.560784313725,0.556862745098,0.419607843137,0.427450980392,0.423529411765,0.298039215686,0.301960784314,0.305882352941,0.180392156863,0.18431372549,0.18431372549,30.7,-21.5,-4.5
Incandescent bulb (A),Hydrocodone tartrate,positive,0.0,0.286274509804,0.250980392157,0.43137254902,0.298039215686,0.125490196078,0.78431372549,0.556862745098,0.36862745098,0.278431372549,0.427450980392,0.501960784314,0.286274509804,0.403921568627,0.0627450980392,0.474509803922,0.454901960784,0.572549019608,0.109803921569,0.713725490196,0.564705882353,0.878431372549,0.498039215686,0.0,0.180392156863,0.282352941176,0.552941176471,0.81568627451,0.309803921569,0.227450980392,0.337254901961,0.196078431373,0.305882352941,0.525490196078,0.749019607843,0.0,0.886274509804,0.658823529412,0.0,0.0352941176471,0.152941176471,0.482352941176,0.0588235294118,0.560784313725,0.133333333333,0.760784313725,0.176470588235,0.0549019607843,0.909803921569,0.811764705882,0.0,0.796078431373,0.286274509804,0.454901960784,0.0,0.458823529412,0.6,0.901960784314,0.952941176471,0.745098039216,0.721568627451,0.772549019608,0.61568627451,0.56862745098,0.607843137255,0.486274509804,0.411764705882,0.447058823529,0.352941176471,0.274509803922,0.301960784314,0.239215686275,0.156862745098,0.16862745098,0.121568627451,31.7,-14.4,-4.7
Incandescent bulb (A),Codeine,positive,0.00392156862745,0.18431372549,0.141176470588,0.43137254902,0.298039215686,0.125490196078,0.78431372549,0.556862745098,0.36862745098,0.278431372549,0.427450980392,0.501960784314,0.286274509804,0.403921568627,0.0627450980392,0.474509803922,0.454901960784,0.572549019608,0.109803921569,0.713725490196,0.564705882353,0.878431372549,0.498039215686,0.0,0.180392156863,0.282352941176,0.552941176471,0.81568627451,0.309803921569,0.227450980392,0.337254901961,0.196078431373,0.305882352941,0.525490196078,0.749019607843,0.0,0.886274509804,0.658823529412,0.0,0.0352941176471,0.152941176471,0.482352941176,0.0588235294118,0.560784313725,0.133333333333,0.760784313725,0.176470588235,0.0549019607843,0.909803921569,0.811764705882,0.0,0.796078431373,0.286274509804,0.454901960784,0.0,0.458823529412,0.6,0.901960784314,0.952941176471,0.745098039216,0.721568627451,0.772549019608,0.61568627451,0.56862745098,0.607843137255,0.486274509804,0.411764705882,0.447058823529,0.352941176471,0.274509803922,0.301960784314,0.239215686275,0.156862745098,0.16862745098,0.121568627451,20.3,-11.7,-1.4
Daylight (D65),MDA HCl,positive,0.0078431372549,0.196078431373,0.172549019608,0.376470588235,0.274509803922,0.211764705882,0.63137254902,0.501960784314,0.435294117647,0.192156862745,0.419607843137,0.564705882353,0.243137254902,0.372549019608,0.149019607843,0.364705882353,0.435294117647,0.63137254902,0.0196078431373,0.662745098039,0.596078431373,0.729411764706,0.403921568627,0.00392156862745,0.0588235294118,0.305882352941,0.611764705882,0.662745098039,0.262745098039,0.329411764706,0.278431372549,0.192156862745,0.372549019608,0.447058823529,0.654901960784,0.0,0.733333333333,0.541176470588,0.00392156862745,0.00392156862745,0.196078431373,0.545098039216,0.0470588235294,0.521568627451,0.152941176471,0.603921568627,0.149019607843,0.176470588235,0.749019607843,0.682352941176,0.0,0.627450980392,0.262745098039,0.537254901961,0.0,0.474509803922,0.619607843137,0.709803921569,0.83137254902,0.811764705882,0.576470588235,0.686274509804,0.690196078431,0.462745098039,0.549019607843,0.552941176471,0.341176470588,0.41568627451,0.41568627451,0.235294117647,0.290196078431,0.294117647059,0.133333333333,0.172549019608,0.172549019608,20.7,-12.6,1.1
Daylight (D65),Hydrocodone tartrate,positive,0.0,0.290196078431,0.286274509804,0.376470588235,0.274509803922,0.211764705882,0.63137254902,0.501960784314,0.435294117647,0.192156862745,0.419607843137,0.564705882353,0.243137254902,0.372549019608,0.149019607843,0.364705882353,0.435294117647,0.63137254902,0.0196078431373,0.662745098039,0.596078431373,0.729411764706,0.403921568627,0.00392156862745,0.0588235294118,0.305882352941,0.611764705882,0.662745098039,0.262745098039,0.329411764706,0.278431372549,0.192156862745,0.372549019608,0.447058823529,0.654901960784,0.0,0.733333333333,0.541176470588,0.00392156862745,0.00392156862745,0.196078431373,0.545098039216,0.0470588235294,0.521568627451,0.152941176471,0.603921568627,0.149019607843,0.176470588235,0.749019607843,0.682352941176,0.0,0.627450980392,0.262745098039,0.537254901961,0.0,0.474509803922,0.619607843137,0.709803921569,0.83137254902,0.811764705882,0.576470588235,0.686274509804,0.690196078431,0.462745098039,0.549019607843,0.552941176471,0.341176470588,0.41568627451,0.41568627451,0.235294117647,0.290196078431,0.294117647059,0.133333333333,0.172549019608,0.172549019608,32.6,-15.0,-2.5
Tube light (FL2),Sugar,negative,0.803921568627,0.839215686275,0.0,0.447058823529,0.36862745098,0.235294117647,0.709803921569,0.592156862745,0.443137254902,0.360784313725,0.470588235294,0.549019607843,0.352941176471,0.447058823529,0.192156862745,0.470588235294,0.490196078431,0.603921568627,0.407843137255,0.698039215686,0.580392156863,0.792156862745,0.560784313725,0.00392156862745,0.254901960784,0.337254901961,0.592156862745,0.694117647059,0.388235294118,0.341176470588,0.317647058824,0.258823529412,0.372549019608,0.6,0.733333333333,0.0078431372549,0.8,0.682352941176,0.0,0.113725490196,0.207843137255,0.533333333333,0.329411764706,0.580392156863,0.23137254902,0.596078431373,0.286274509804,0.21568627451,0.83137254902,0.8,0.0,0.643137254902,0.364705882353,0.525490196078,0.0274509803922,0.482352941176,0.592156862745,0.862745098039,0.905882352941,0.772549019608,0.725490196078,0.764705882353,0.658823529412,0.592156862745,0.627450980392,0.541176470588,0.458823529412,0.490196078431,0.423529411765,0.333333333333,0.356862745098,0.301960784314,0.211764705882,0.227450980392,0.188235294118,84.4,-13.8,71.7
Tube light (FL2),Opium,negative,0.21568627451,0.227450980392,0.113725490196,0.447058823529,0.36862745098,0.235294117647,0.709803921569,0.592156862745,0.443137254902,0.360784313725,0.470588235294,0.549019607843,0.352941176471,0.447058823529,0.192156862745,0.470588235294,0.490196078431,0.603921568627,0.407843137255,0.698039215686,0.580392156863,0.792156862745,0.560784313725,0.00392156862745,0.254901960784,0.337254901961,0.592156862745,0.694117647059,0.388235294118,0.341176470588,0.317647058824,0.258823529412,0.372549019608,0.6,0.733333333333,0.0078431372549,0.8,0.682352941176,0.0,0.113725490196,0.207843137255,0.533333333333,0.329411764706,0.580392156863,0.23137254902,0.596078431373,0.286274509804,0.21568627451,0.83137254902,0.8,0.0,0.643137254902,0.364705882353,0.525490196078,0.0274509803922,0.482352941176,0.592156862745,0.862745098039,0.905882352941,0.772549019608,0.725490196078,0.764705882353,0.658823529412,0.592156862745,0.627450980392,0.541176470588,0.458823529412,0.490196078431,0.423529411765,0.333333333333,0.356862745098,0.301960784314,0.211764705882,0.227450980392,0.188235294118,19.1,-2.9,14.5
White LED torch (LED-B3),Doxepin HCl,negative,0.219607843137,0.105882352941,0.0901960784314,0.352941176471,0.258823529412,0.164705882353,0.643137254902,0.490196078431,0.36862745098,0.247058823529,0.36862745098,0.478431372549,0.250980392157,0.349019607843,0.125490196078,0.376470588235,0.388235294118,0.541176470588,0.250980392157,0.623529411765,0.513725490196,0.721568627451,0.435294117647,0.0,0.145098039216,0.23137254902,0.529411764706,0.639215686275,0.270588235294,0.270588235294,0.243137254902,0.156862745098,0.298039215686,0.482352941176,0.650980392157,0.0,0.733333333333,0.56862745098,0.0,0.0352941176471,0.101960784314,0.462745098039,0.18431372549,0.490196078431,0.152941176471,0.560784313725,0.176470588235,0.149019607843,0.76862745098,0.709803921569,0.0,0.6,0.254901960784,0.454901960784,0.0,0.403921568627,0.533333333333,0.780392156863,0.835294117647,0.745098039216,0.627450980392,0.678431372549,0.611764705882,0.486274509804,0.529411764706,0.478431372549,0.352941176471,0.38431372549,0.349019607843,0.23137254902,0.254901960784,0.23137254902,0.125490196078,0.141176470588,0.121568627451,20.0,20.2,6.3
Incandescent bulb (A),Diacetylmorphine HCl,positive,0.0,0.270588235294,0.2,0.380392156863,0.274509803922,0.0941176470588,0.670588235294,0.501960784314,0.294117647059,0.235294117647,0.392156862745,0.43137254902,0.239215686275,0.36862745098,0.0274509803922,0.407843137255,0.41568627451,0.486274509804,0.0235294117647,0.639215686275,0.466666666667,0.749019607843,0.454901960784,0.00392156862745,0.149019607843,0.266666666667,0.482352941176,0.701960784314,0.286274509804,0.18431372549,0.305882352941,0.18431372549,0.262745098039,0.439215686275,0.666666666667,0.0,0.756862745098,0.58431372549,0.0,0.0313725490196,0.156862745098,0.41568627451,0.0196078431373,0.505882352941,0.0588235294118,0.658823529412,0.172549019608,0.043137254902,0.764705882353,0.717647058824,0.00392156862745,0.690196078431,0.270588235294,0.388235294118,0.0,0.41568627451,0.501960784314,0.756862745098,0.839215686275,0.607843137255,0.603921568627,0.690196078431,0.505882352941,0.478431372549,0.549019607843,0.4,0.356862745098,0.407843137255,0.298039215686,0.243137254902,0.278431372549,0.196078431373,0.141176470588,0.156862745098,0.0980392156863,32.6,-15.4,-2.1
Incandescent bulb (A),Contac,negative,0.388235294118,0.317647058824,0.0,0.380392156863,0.274509803922,0.0941176470588,0.670588235294,0.501960784314,0.294117647059,0.235294117647,0.392156862745,0.43137254902,0.239215686275,0.36862745098,0.0274509803922,0.407843137255,0.41568627451,0.486274509804,0.0235294117647,0.639215686275,0.466666666667,0.749019607843,0.454901960784,0.00392156862745,0.149019607843,0.266666666667,0.482352941176,0.701960784314,0.286274509804,0.18431372549,0.305882352941,0.18431372549,0.262745098039,0.439215686275,0.666666666667,0.0,0.756862745098,0.58431372549,0.0,0.0313725490196,0.156862745098,0.41568627451,0.0196078431373,0.505882352941,0.0588235294118,0.658823529412,0.172549019608,0.043137254902,0.764705882353,0.717647058824,0.00392156862745,0.690196078431,0.270588235294,0.388235294118,0.0,0.41568627451,0.501960784314,0.756862745098,0.839215686275,0.607843137255,0.603921568627,0.690196078431,0.505882352941,0.478431372549,0.549019607843,0.4,0.356862745098,0.407843137255,0.298039215686,0.243137254902,0.278431372549,0.196078431373,0.141176470588,0.156862745098,0.0980392156863,40.8,6.5,33.4
Daylight (D65),Mescaline HCl,negative,0.858823529412,0.921568627451,0.76862745098,0.482352941176,0.372549019608,0.290196078431,0.776470588235,0.63137254902,0.537254901961,0.317647058824,0.537254901961,0.666666666667,0.349019607843,0.482352941176,0.23137254902,0.490196078431,0.556862745098,0.737254901961,0.227450980392,0.796078431373,0.705882352941,0.878431372549,0.521568627451,0.0,0.176470588235,0.411764705882,0.725490196078,0.796078431373,0.372549019608,0.427450980392,0.380392156863,0.278431372549,0.466666666667,0.588235294118,0.78431372549,0.00392156862745,0.874509803922,0.662745098039,0.0,0.0156862745098,0.290196078431,0.654901960784,0.207843137255,0.647058823529,0.250980392157,0.737254901961,0.243137254902,0.258823529412,0.894117647059,0.819607843137,0.0,0.760784313725,0.372549019608,0.639215686275,0.0,0.596078431373,0.721568627451,0.874509803922,0.976470588235,0.933333333333,0.729411764706,0.827450980392,0.803921568627,0.6,0.682352941176,0.662745098039,0.458823529412,0.529411764706,0.517647058824,0.333333333333,0.388235294118,0.376470588235,0.211764705882,0.247058823529,0.243137254902,85.3,-4.5,20.8
Daylight (D65),Opium,negative,0.21568627451,0.243137254902,0.149019607843,0.482352941176,0.372549019608,0.290196078431,0.776470588235,0.63137254902,0.537254901961,0.317647058824,0.537254901961,0.666666666667,0.349019607843,0.482352941176,0.23137254902,0.490196078431,0.556862745098,0.737254901961,0.227450980392,0.796078431373,0.705882352941,0.878431372549,0.521568627451,0.0,0.176470588235,0.411764705882,0.725490196078,0.796078431373,0.372549019608,0.427450980392,0.380392156863,0.278431372549,0.466666666667,0.588235294118,0.78431372549,0.00392156862745,0.874509803922,0.662745098039,0.0,0.0156862745098,0.290196078431,0.654901960784,0.207843137255,0.647058823529,0.250980392157,0.737254901961,0.243137254902,0.258823529412,0.894117647059,0.819607843137,0.0,0.760784313725,0.372549019608,0.639215686275,0.0,0.596078431373,0.721568627451,0.874509803922,0.976470588235,0.933333333333,0.729411764706,0.827450980392,0.803921568627,0.6,0.682352941176,0.662745098039,0.458823529412,0.529411764706,0.517647058824,0.333333333333,0.388235294118,0.376470588235,0.211764705882,0.247058823529,0.243137254902,19.2,-4.3,16.0
Tube light (FL2),Diacetylmorphine HCl,positive,0.0,0.227450980392,0.211764705882,0.341176470588,0.247058823529,0.152941176471,0.623529411765,0.462745098039,0.352941176471,0.270588235294,0.333333333333,0.462745098039,0.258823529412,0.333333333333,0.113725490196,0.380392156863,0.360784313725,0.521568627451,0.321568627451,0.588235294118,0.505882352941,0.705882352941,0.427450980392,0.00392156862745,0.16862745098,0.203921568627,0.498039215686,0.607843137255,0.262745098039,0.254901960784,0.223529411765,0.149019607843,0.286274509804,0.517647058824,0.627450980392,0.0,0.737254901961,0.572549019608,0.0,0.0549019607843,0.0862745098039,0.427450980392,0.243137254902,0.454901960784,0.156862745098,0.501960784314,0.172549019608,0.129411764706,0.772549019608,0.698039215686,0.0,0.552941176471,0.239215686275,0.435294117647,0.0156862745098,0.360784313725,0.525490196078,0.788235294118,0.788235294118,0.701960784314,0.639215686275,0.643137254902,0.588235294118,0.498039215686,0.505882352941,0.454901960784,0.360784313725,0.36862745098,0.329411764706,0.243137254902,0.247058823529,0.227450980392,0.133333333333,0.129411764706,0.113725490196,30.3,-22.5,-3.3
Tube light (FL2),Contac,negative,0.36862745098,0.298039215686,0.0,0.341176470588,0.247058823529,0.152941176471,0.623529411765,0.462745098039,0.352941176471,0.270588235294,0.333333333333,0.462745098039,0.258823529412,0.333333333333,0.113725490196,0.380392156863,0.360784313725,0.521568627451,0.321568627451,0.588235294118,0.505882352941,0.705882352941,0.427450980392,0.00392156862745,0.16862745098,0.203921568627,0.498039215686,0.607843137255,0.262745098039,0.254901960784,0.223529411765,0.149019607843,0.286274509804,0.517647058824,0.627450980392,0.0,0.737254901961,0.572549019608,0.0,0.0549019607843,0.0862745098039,0.427450980392,0.243137254902,0.454901960784,0.156862745098,0.501960784314,0.172549019608,0.129411764706,0.772549019608,0.698039215686,0.0,0.552941176471,0.239215686275,0.435294117647,0.0156862745098,0.360784313725,0.525490196078,0.788235294118,0.788235294118,0.701960784314,0.639215686275,0.643137254902,0.588235294118,0.498039215686,0.505882352941,0.454901960784,0.360784313725,0.36862745098,0.329411764706,0.243137254902,0.247058823529,0.227450980392,0.133333333333,0.129411764706,0.113725490196,41.0,6.4,38.0
White LED torch (LED-B3),Codeine,positive,0.0117647058824,0.180392156863,0.16862745098,0.4,0.294117647059,0.219607843137,0.729411764706,0.552941176471,0.470588235294,0.286274509804,0.407843137255,0.588235294118,0.294117647059,0.4,0.2,0.43137254902,0.427450980392,0.662745098039,0.301960784314,0.701960784314,0.647058823529,0.827450980392,0.498039215686,0.0196078431373,0.172549019608,0.239215686275,0.639215686275,0.729411764706,0.309803921569,0.349019607843,0.286274509804,0.176470588235,0.36862745098,0.556862745098,0.741176470588,0.0901960784314,0.839215686275,0.647058823529,0.0,0.0313725490196,0.078431372549,0.556862745098,0.23137254902,0.556862745098,0.243137254902,0.647058823529,0.207843137255,0.203921568627,0.878431372549,0.807843137255,0.0,0.686274509804,0.274509803922,0.556862745098,0.0,0.443137254902,0.647058823529,0.890196078431,0.933333333333,0.917647058824,0.713725490196,0.752941176471,0.756862745098,0.560784313725,0.592156862745,0.6,0.411764705882,0.43137254902,0.439215686275,0.270588235294,0.294117647059,0.298039215686,0.156862745098,0.160784313725,0.16862745098,20.0,-16.1,-0.0
Incandescent bulb (A),Propoxyphene HCl,negative,0.352941176471,0.172549019608,0.0549019607843,0.443137254902,0.341176470588,0.235294117647,0.721568627451,0.556862745098,0.462745098039,0.317647058824,0.439215686275,0.552941176471,0.321568627451,0.427450980392,0.211764705882,0.474509803922,0.458823529412,0.603921568627,0.250980392157,0.666666666667,0.61568627451,0.792156862745,0.521568627451,0.0156862745098,0.227450980392,0.305882352941,0.58431372549,0.741176470588,0.360784313725,0.337254901961,0.364705882353,0.23137254902,0.364705882353,0.529411764706,0.701960784314,0.164705882353,0.788235294118,0.639215686275,0.0,0.0705882352941,0.16862745098,0.521568627451,0.192156862745,0.552941176471,0.305882352941,0.698039215686,0.258823529412,0.21568627451,0.811764705882,0.756862745098,0.0,0.721568627451,0.333333333333,0.505882352941,0.0,0.458823529412,0.623529411765,0.811764705882,0.854901960784,0.788235294118,0.674509803922,0.717647058824,0.674509803922,0.552941176471,0.592156862745,0.549019607843,0.423529411765,0.462745098039,0.427450980392,0.309803921569,0.333333333333,0.309803921569,0.2,0.211764705882,0.192156862745,18.9,27.1,23.1
Daylight (D65),MDA HCl,positive,0.0274509803922,0.239215686275,0.2,0.407843137255,0.325490196078,0.254901960784,0.650980392157,0.556862745098,0.462745098039,0.294117647059,0.466666666667,0.549019607843,0.309803921569,0.41568627451,0.21568627451,0.423529411765,0.490196078431,0.607843137255,0.282352941176,0.682352941176,0.592156862745,0.721568627451,0.462745098039,0.101960784314,0.18431372549,0.364705882353,0.588235294118,0.658823529412,0.341176470588,0.364705882353,0.317647058824,0.254901960784,0.376470588235,0.521568627451,0.674509803922,0.0862745098039,0.729411764706,0.58431372549,0.0,0.0352941176471,0.262745098039,0.525490196078,0.235294117647,0.552941176471,0.250980392157,0.607843137255,0.239215686275,0.239215686275,0.756862745098,0.709803921569,0.00392156862745,0.635294117647,0.349019607843,0.529411764706,0.00392156862745,0.513725490196,0.596078431373,0.752941176471,0.847058823529,0.78431372549,0.63137254902,0.717647058824,0.670588235294,0.513725490196,0.592156862745,0.549019607843,0.4,0.458823529412,0.43137254902,0.290196078431,0.341176470588,0.313725490196,0.180392156863,0.21568627451,0.2,19.8,-17.6,-0.2
Daylight (D65),Diacetylmorphine HCl,positive,0.0,0.345098039216,0.290196078431,0.407843137255,0.325490196078,0.254901960784,0.650980392157,0.556862745098,0.462745098039,0.294117647059,0.466666666667,0.549019607843,0.309803921569,0.41568627451,0.21568627451,0.423529411765,0.490196078431,0.607843137255,0.282352941176,0.682352941176,0.592156862745,0.721568627451,0.462745098039,0.101960784314,0.18431372549,0.364705882353,0.588235294118,0.658823529412,0.341176470588,0.364705882353,0.317647058824,0.254901960784,0.376470588235,0.521568627451,0.674509803922,0.0862745098039,0.729411764706,0.58431372549,0.0,0.0352941176471,0.262745098039,0.525490196078,0.235294117647,0.552941176471,0.250980392157,0.607843137255,0.239215686275,0.239215686275,0.756862745098,0.709803921569,0.00392156862745,0.635294117647,0.349019607843,0.529411764706,0.00392156862745,0.513725490196,0.596078431373,0.752941176471,0.847058823529,0.78431372549,0.63137254902,0.717647058824,0.670588235294,0.513725490196,0.592156862745,0.549019607843,0.4,0.458823529412,0.43137254902,0.290196078431,0.341176470588,0.313725490196,0.180392156863,0.21568627451,0.2,32.5,-22.8,-0.1
Tube light (FL2),Hydrocodone tartrate,positive,0.00392156862745,0.364705882353,0.305882352941,0.462745098039,0.4,0.196078431373,0.745098039216,0.662745098039,0.41568627451,0.345098039216,0.525490196078,0.556862745098,0.349019607843,0.494117647059,0.101960784314,0.478431372549,0.556862745098,0.619607843137,0.360784313725,0.788235294118,0.576470588235,0.843137254902,0.61568627451,0.00392156862745,0.23137254902,0.388235294118,0.619607843137,0.741176470588,0.43137254902,0.329411764706,0.325490196078,0.290196078431,0.38431372549,0.603921568627,0.819607843137,0.00392156862745,0.847058823529,0.756862745098,0.00392156862745,0.0588235294118,0.258823529412,0.556862745098,0.294117647059,0.639215686275,0.0980392156863,0.639215686275,0.313725490196,0.188235294118,0.878431372549,0.890196078431,0.0,0.686274509804,0.41568627451,0.537254901961,0.0,0.545098039216,0.619607843137,0.882352941176,1.0,0.764705882353,0.737254901961,0.854901960784,0.650980392157,0.603921568627,0.705882352941,0.529411764706,0.466666666667,0.545098039216,0.407843137255,0.337254901961,0.396078431373,0.298039215686,0.211764705882,0.250980392157,0.18431372549,30.5,-19.9,-7.1
Tube light (FL2),Morphine monohydrate,positive,0.0313725490196,0.262745098039,0.192156862745,0.462745098039,0.4,0.196078431373,0.745098039216,0.662745098039,0.41568627451,0.345098039216,0.525490196078,0.556862745098,0.349019607843,0.494117647059,0.101960784314,0.478431372549,0.556862745098,0.619607843137,0.360784313725,0.788235294118,0.576470588235,0.843137254902,0.61568627451,0.00392156862745,0.23137254902,0.388235294118,0.619607843137,0.741176470588,0.43137254902,0.329411764706,0.325490196078,0.290196078431,0.38431372549,0.603921568627,0.819607843137,0.00392156862745,0.847058823529,0.756862745098,0.00392156862745,0.0588235294118,0.258823529412,0.556862745098,0.294117647059,0.639215686275,0.0980392156863,0.639215686275,0.313725490196,0.188235294118,0.878431372549,0.890196078431,0.0,0.686274509804,0.41568627451,0.537254901961,0.0,0.545098039216,0.619607843137,0.882352941176,1.0,0.764705882353,0.737254901961,0.854901960784,0.650980392157,0.603921568627,0.705882352941,0.529411764706,0.466666666667,0.545098039216,0.407843137255,0.337254901961,0.396078431373,0.298039215686,0.211764705882,0.250980392157,0.18431372549,19.6,-18.4,-0.7
White LED torch (LED-B3),Diacetylmorphine HCl,positive,0.00392156862745,0.36862745098,0.325490196078,0.478431372549,0.360784313725,0.250980392157,0.776470588235,0.6,0.478431372549,0.349019607843,0.482352941176,0.619607843137,0.352941176471,0.470588235294,0.196078431373,0.505882352941,0.498039215686,0.690196078431,0.329411764706,0.741176470588,0.643137254902,0.862745098039,0.541176470588,0.0,0.235294117647,0.329411764706,0.682352941176,0.792156862745,0.364705882353,0.376470588235,0.364705882353,0.250980392157,0.439215686275,0.6,0.772549019608,0.0,0.870588235294,0.686274509804,0.00392156862745,0.0705882352941,0.172549019608,0.61568627451,0.258823529412,0.61568627451,0.203921568627,0.717647058824,0.258823529412,0.227450980392,0.898039215686,0.819607843137,0.0,0.752941176471,0.341176470588,0.6,0.0,0.525490196078,0.674509803922,0.894117647059,0.929411764706,0.854901960784,0.745098039216,0.788235294118,0.733333333333,0.619607843137,0.650980392157,0.607843137255,0.478431372549,0.505882352941,0.474509803922,0.345098039216,0.372549019608,0.345098039216,0.227450980392,0.235294117647,0.219607843137,31.9,-22.4,-1.6
Incandescent bulb (A),Dristan,negative,0.756862745098,0.576470588235,0.0,0.490196078431,0.341176470588,0.149019607843,0.835294117647,0.596078431373,0.372549019608,0.360784313725,0.478431372549,0.498039215686,0.352941176471,0.443137254902,0.0666666666667,0.541176470588,0.498039215686,0.560784313725,0.317647058824,0.737254901961,0.541176470588,0.921568627451,0.537254901961,0.0,0.262745098039,0.341176470588,0.552941176471,0.858823529412,0.360784313725,0.254901960784,0.392156862745,0.239215686275,0.313725490196,0.607843137255,0.764705882353,0.0,0.921568627451,0.678431372549,0.0,0.113725490196,0.21568627451,0.490196078431,0.23137254902,0.596078431373,0.145098039216,0.807843137255,0.227450980392,0.117647058824,0.964705882353,0.827450980392,0.0,0.839215686275,0.341176470588,0.458823529412,0.0,0.505882352941,0.580392156863,0.980392156863,0.976470588235,0.713725490196,0.807843137255,0.807843137255,0.6,0.643137254902,0.647058823529,0.482352941176,0.482352941176,0.486274509804,0.360784313725,0.333333333333,0.341176470588,0.247058823529,0.203921568627,0.203921568627,0.137254901961,60.5,8.3,50.5
Incandescent bulb (A),Opium,negative,0.203921568627,0.203921568627,0.0627450980392,0.490196078431,0.341176470588,0.149019607843,0.835294117647,0.596078431373,0.372549019608,0.360784313725,0.478431372549,0.498039215686,0.352941176471,0.443137254902,0.0666666666667,0.541176470588,0.498039215686,0.560784313725,0.317647058824,0.737254901961,0.541176470588,0.921568627451,0.537254901961,0.0,0.262745098039,0.341176470588,0.552941176471,0.858823529412,0.360784313725,0.254901960784,0.392156862745,0.239215686275,0.313725490196,0.607843137255,0.764705882353,0.0,0.921568627451,0.678431372549,0.0,0.113725490196,0.21568627451,0.490196078431,0.23137254902,0.596078431373,0.145098039216,0.807843137255,0.227450980392,0.117647058824,0.964705882353,0.827450980392,0.0,0.839215686275,0.341176470588,0.458823529412,0.0,0.505882352941,0.580392156863,0.980392156863,0.976470588235,0.713725490196,0.807843137255,0.807843137255,0.6,0.643137254902,0.647058823529,0.482352941176,0.482352941176,0.486274509804,0.360784313725,0.333333333333,0.341176470588,0.247058823529,0.203921568627,0.203921568627,0.137254901961,19.6,-2.8,12.6
Daylight (D65),Chlorpromazine HCl,negative,0.250980392157,0.180392156863,0.180392156863,0.447058823529,0.333333333333,0.262745098039,0.749019607843,0.6,0.513725490196,0.317647058824,0.498039215686,0.627450980392,0.329411764706,0.443137254902,0.21568627451,0.466666666667,0.517647058824,0.690196078431,0.294117647059,0.756862745098,0.670588235294,0.843137254902,0.494117647059,0.043137254902,0.196078431373,0.376470588235,0.678431372549,0.764705882353,0.341176470588,0.4,0.345098039216,0.247058823529,0.419607843137,0.580392156863,0.752941176471,0.0274509803922,0.847058823529,0.635294117647,0.00392156862745,0.0313725490196,0.258823529412,0.596078431373,0.247058823529,0.611764705882,0.258823529412,0.698039215686,0.223529411765,0.243137254902,0.886274509804,0.796078431373,0.0,0.725490196078,0.349019607843,0.6,0.0078431372549,0.560784313725,0.678431372549,0.890196078431,0.976470588235,0.925490196078,0.729411764706,0.811764705882,0.78431372549,0.588235294118,0.654901960784,0.635294117647,0.443137254902,0.498039215686,0.482352941176,0.313725490196,0.352941176471,0.349019607843,0.192156862745,0.21568627451,0.207843137255,19.1,11.3,2.9
Tube light (FL2),LSD,negative,0.113725490196,0.219607843137,0.160784313725,0.41568627451,0.352941176471,0.180392156863,0.690196078431,0.588235294118,0.407843137255,0.274509803922,0.458823529412,0.56862745098,0.294117647059,0.447058823529,0.0941176470588,0.411764705882,0.482352941176,0.635294117647,0.23137254902,0.717647058824,0.588235294118,0.78431372549,0.549019607843,0.0,0.152941176471,0.313725490196,0.627450980392,0.694117647059,0.36862745098,0.313725490196,0.282352941176,0.239215686275,0.38431372549,0.525490196078,0.756862745098,0.0,0.788235294118,0.694117647059,0.0,0.0235294117647,0.172549019608,0.556862745098,0.188235294118,0.580392156863,0.0941176470588,0.596078431373,0.254901960784,0.152941176471,0.803921568627,0.819607843137,0.0,0.635294117647,0.337254901961,0.537254901961,0.0,0.478431372549,0.635294117647,0.78431372549,0.917647058824,0.760784313725,0.650980392157,0.76862745098,0.650980392157,0.533333333333,0.63137254902,0.525490196078,0.407843137255,0.482352941176,0.407843137255,0.282352941176,0.345098039216,0.294117647059,0.176470588235,0.211764705882,0.176470588235,19.0,-10.2,2.6
Tube light (FL2),Hydrocodone tartrate,positive,0.00392156862745,0.317647058824,0.301960784314,0.41568627451,0.352941176471,0.180392156863,0.690196078431,0.588235294118,0.407843137255,0.274509803922,0.458823529412,0.56862745098,0.294117647059,0.447058823529,0.0941176470588,0.411764705882,0.482352941176,0.635294117647,0.23137254902,0.717647058824,0.588235294118,0.78431372549,0.549019607843,0.0,0.152941176471,0.313725490196,0.627450980392,0.694117647059,0.36862745098,0.313725490196,0.282352941176,0.239215686275,0.38431372549,0.525490196078,0.756862745098,0.0,0.788235294118,0.694117647059,0.0,0.0235294117647,0.172549019608,0.556862745098,0.188235294118,0.580392156863,0.0941176470588,0.596078431373,0.254901960784,0.152941176471,0.803921568627,0.819607843137,0.0,0.635294117647,0.337254901961,0.537254901961,0.0,0.478431372549,0.635294117647,0.78431372549,0.917647058824,0.760784313725,0.650980392157,0.76862745098,0.650980392157,0.533333333333,0.63137254902,0.525490196078,0.407843137255,0.482352941176,0.407843137255,0.282352941176,0.345098039216,0.294117647059,0.176470588235,0.211764705882,0.176470588235,30.6,-17.2,-6.1
White LED torch (LED-B3),Dimethoxy-meth HCl,negative,0.270588235294,0.176470588235,0.0313725490196,0.403921568627,0.325490196078,0.196078431373,0.701960784314,0.580392156863,0.41568627451,0.266666666667,0.458823529412,0.556862745098,0.286274509804,0.435294117647,0.137254901961,0.427450980392,0.482352941176,0.627450980392,0.21568627451,0.737254901961,0.588235294118,0.792156862745,0.517647058824,0.0,0.149019607843,0.305882352941,0.61568627451,0.717647058824,0.349019607843,0.321568627451,0.294117647059,0.223529411765,0.36862745098,0.525490196078,0.764705882353,0.00392156862745,0.81568627451,0.678431372549,0.0,0.0156862745098,0.16862745098,0.545098039216,0.164705882353,0.588235294118,0.141176470588,0.643137254902,0.239215686275,0.172549019608,0.835294117647,0.823529411765,0.00392156862745,0.682352941176,0.333333333333,0.537254901961,0.0,0.501960784314,0.619607843137,0.81568627451,0.941176470588,0.8,0.670588235294,0.78431372549,0.674509803922,0.537254901961,0.63137254902,0.545098039216,0.403921568627,0.474509803922,0.411764705882,0.278431372549,0.337254901961,0.290196078431,0.164705882353,0.2,0.16862745098,20.2,13.5,21.8
White LED torch (LED-B3),Dristan,negative,0.678431372549,0.596078431373,0.00392156862745,0.403921568627,0.325490196078,0.196078431373,0.701960784314,0.580392156863,0.41568627451,0.266666666667,0.458823529412,0.556862745098,0.286274509804,0.435294117647,0.137254901961,0.427450980392,0.482352941176,0.627450980392,0.21568627451,0.737254901961,0.588235294118,0.792156862745,0.517647058824,0.0,0.149019607843,0.305882352941,0.61568627451,0.717647058824,0.349019607843,0.321568627451,0.294117647059,0.223529411765,0.36862745098,0.525490196078,0.764705882353,0.00392156862745,0.81568627451,0.678431372549,0.0,0.0156862745098,0.16862745098,0.545098039216,0.164705882353,0.588235294118,0.141176470588,0.643137254902,0.239215686275,0.172549019608,0.835294117647,0.823529411765,0.00392156862745,0.682352941176,0.333333333333,0.537254901961,0.0,0.501960784314,0.619607843137,0.81568627451,0.941176470588,0.8,0.670588235294,0.78431372549,0.674509803922,0.537254901961,0.63137254902,0.545098039216,0.403921568627,0.474509803922,0.411764705882,0.278431372549,0.337254901961,0.290196078431,0.164705882353,0.2,0.16862745098,62.7,8.8,54.9
Incandescent bulb (A),Mescaline HCl,negative,0.501960784314,0.478431372549,0.0,0.435294117647,0.305882352941,0.188235294118,0.772549019608,0.556862745098,0.435294117647,0.286274509804,0.419607843137,0.556862745098,0.294117647059,0.407843137255,0.156862745098,0.470588235294,0.443137254902,0.61568627451,0.180392156863,0.698039215686,0.63137254902,0.866666666667,0.509803921569,0.0,0.192156862745,0.266666666667,0.596078431373,0.803921568627,0.321568627451,0.294117647059,0.337254901961,0.192156862745,0.333333333333,0.537254901961,0.741176470588,0.0117647058824,0.870588235294,0.658823529412,0.0,0.043137254902,0.125490196078,0.513725490196,0.113725490196,0.556862745098,0.243137254902,0.749019607843,0.2,0.141176470588,0.901960784314,0.803921568627,0.0,0.78431372549,0.286274509804,0.501960784314,0.0,0.447058823529,0.63137254902,0.894117647059,0.933333333333,0.839215686275,0.713725490196,0.756862745098,0.690196078431,0.56862745098,0.6,0.541176470588,0.41568627451,0.447058823529,0.403921568627,0.282352941176,0.301960784314,0.274509803922,0.160784313725,0.172549019608,0.149019607843,51.3,-3.1,48.0
Incandescent bulb (A),Diacetylmorphine HCl,positive,0.0,0.290196078431,0.274509803922,0.435294117647,0.305882352941,0.188235294118,0.772549019608,0.556862745098,0.435294117647,0.286274509804,0.419607843137,0.556862745098,0.294117647059,0.407843137255,0.156862745098,0.470588235294,0.443137254902,0.61568627451,0.180392156863,0.698039215686,0.63137254902,0.866666666667,0.509803921569,0.0,0.192156862745,0.266666666667,0.596078431373,0.803921568627,0.321568627451,0.294117647059,0.337254901961,0.192156862745,0.333333333333,0.537254901961,0.741176470588,0.0117647058824,0.870588235294,0.658823529412,0.0,0.043137254902,0.125490196078,0.513725490196,0.113725490196,0.556862745098,0.243137254902,0.749019607843,0.2,0.141176470588,0.901960784314,0.803921568627,0.0,0.78431372549,0.286274509804,0.501960784314,0.0,0.447058823529,0.63137254902,0.894117647059,0.933333333333,0.839215686275,0.713725490196,0.756862745098,0.690196078431,0.56862745098,0.6,0.541176470588,0.41568627451,0.447058823529,0.403921568627,0.282352941176,0.301960784314,0.274509803922,0.160784313725,0.172549019608,0.149019607843,32.4,-15.8,-2.8
Daylight (D65),Codeine,positive,0.0156862745098,0.207843137255,0.172549019608,0.411764705882,0.305882352941,0.23137254902,0.717647058824,0.572549019608,0.470588235294,0.298039215686,0.470588235294,0.572549019608,0.309803921569,0.411764705882,0.192156862745,0.447058823529,0.494117647059,0.647058823529,0.301960784314,0.737254901961,0.627450980392,0.807843137255,0.462745098039,0.0666666666667,0.18431372549,0.349019607843,0.619607843137,0.725490196078,0.321568627451,0.352941176471,0.309803921569,0.223529411765,0.372549019608,0.556862745098,0.725490196078,0.0470588235294,0.823529411765,0.607843137255,0.00392156862745,0.0352941176471,0.235294117647,0.545098039216,0.235294117647,0.572549019608,0.23137254902,0.654901960784,0.2,0.211764705882,0.858823529412,0.764705882353,0.00392156862745,0.690196078431,0.329411764706,0.549019607843,0.0,0.525490196078,0.63137254902,0.858823529412,0.941176470588,0.866666666667,0.698039215686,0.776470588235,0.729411764706,0.556862745098,0.619607843137,0.580392156863,0.411764705882,0.462745098039,0.43137254902,0.278431372549,0.317647058824,0.298039215686,0.160784313725,0.18431372549,0.172549019608,20.3,-15.6,0.3
Daylight (D65),Dristan,negative,0.670588235294,0.525490196078,0.00392156862745,0.411764705882,0.305882352941,0.23137254902,0.717647058824,0.572549019608,0.470588235294,0.298039215686,0.470588235294,0.572549019608,0.309803921569,0.411764705882,0.192156862745,0.447058823529,0.494117647059,0.647058823529,0.301960784314,0.737254901961,0.627450980392,0.807843137255,0.462745098039,0.0666666666667,0.18431372549,0.349019607843,0.619607843137,0.725490196078,0.321568627451,0.352941176471,0.309803921569,0.223529411765,0.372549019608,0.556862745098,0.725490196078,0.0470588235294,0.823529411765,0.607843137255,0.00392156862745,0.0352941176471,0.235294117647,0.545098039216,0.235294117647,0.572549019608,0.23137254902,0.654901960784,0.2,0.211764705882,0.858823529412,0.764705882353,0.00392156862745,0.690196078431,0.329411764706,0.549019607843,0.0,0.525490196078,0.63137254902,0.858823529412,0.941176470588,0.866666666667,0.698039215686,0.776470588235,0.729411764706,0.556862745098,0.619607843137,0.580392156863,0.411764705882,0.462745098039,0.43137254902,0.278431372549,0.317647058824,0.298039215686,0.160784313725,0.18431372549,0.172549019608,60.6,9.0,59.1
Tube light (FL2),Codeine,positive,0.0352941176471,0.160784313725,0.156862745098,0.356862745098,0.278431372549,0.196078431373,0.635294117647,0.498039215686,0.423529411765,0.286274509804,0.360784313725,0.517647058824,0.286274509804,0.360784313725,0.18431372549,0.396078431373,0.380392156863,0.576470588235,0.349019607843,0.603921568627,0.580392156863,0.713725490196,0.470588235294,0.0274509803922,0.18431372549,0.219607843137,0.552941176471,0.61568627451,0.301960784314,0.313725490196,0.239215686275,0.16862745098,0.321568627451,0.529411764706,0.654901960784,0.133333333333,0.733333333333,0.603921568627,0.00392156862745,0.0588235294118,0.078431372549,0.470588235294,0.258823529412,0.490196078431,0.239215686275,0.513725490196,0.207843137255,0.18431372549,0.764705882353,0.717647058824,0.0,0.56862745098,0.266666666667,0.486274509804,0.0156862745098,0.376470588235,0.56862745098,0.792156862745,0.811764705882,0.788235294118,0.643137254902,0.662745098039,0.647058823529,0.513725490196,0.529411764706,0.525490196078,0.38431372549,0.392156862745,0.388235294118,0.262745098039,0.270588235294,0.266666666667,0.152941176471,0.152941176471,0.152941176471,19.8,-17.5,-1.3
Tube light (FL2),MDA HCl,positive,0.0352941176471,0.160784313725,0.156862745098,0.356862745098,0.278431372549,0.196078431373,0.635294117647,0.498039215686,0.423529411765,0.286274509804,0.360784313725,0.517647058824,0.286274509804,0.360784313725,0.18431372549,0.396078431373,0.380392156863,0.576470588235,0.349019607843,0.603921568627,0.580392156863,0.713725490196,0.470588235294,0.0274509803922,0.18431372549,0.219607843137,0.552941176471,0.61568627451,0.301960784314,0.313725490196,0.239215686275,0.16862745098,0.321568627451,0.529411764706,0.654901960784,0.133333333333,0.733333333333,0.603921568627,0.00392156862745,0.0588235294118,0.078431372549,0.470588235294,0.258823529412,0.490196078431,0.239215686275,0.513725490196,0.207843137255,0.18431372549,0.764705882353,0.717647058824,0.0,0.56862745098,0.266666666667,0.486274509804,0.0156862745098,0.376470588235,0.56862745098,0.792156862745,0.811764705882,0.788235294118,0.643137254902,0.662745098039,0.647058823529,0.513725490196,0.529411764706,0.525490196078,0.38431372549,0.392156862745,0.388235294118,0.262745098039,0.270588235294,0.266666666667,0.152941176471,0.152941176471,0.152941176471,19.8,-17.5,-1.3
White LED torch (LED-B3),MDA HCl,positive,0.0156862745098,0.192156862745,0.145098039216,0.43137254902,0.309803921569,0.172549019608,0.760784313725,0.560784313725,0.388235294118,0.317647058824,0.439215686275,0.529411764706,0.317647058824,0.411764705882,0.101960784314,0.466666666667,0.458823529412,0.596078431373,0.321568627451,0.709803921569,0.545098039216,0.850980392157,0.490196078431,0.0,0.207843137255,0.294117647059,0.588235294118,0.760784313725,0.317647058824,0.294117647059,0.309803921569,0.203921568627,0.341176470588,0.576470588235,0.737254901961,0.0,0.854901960784,0.639215686275,0.0,0.0666666666667,0.160784313725,0.521568627451,0.239215686275,0.564705882353,0.0862745098039,0.670588235294,0.2,0.149019607843,0.894117647059,0.788235294118,0.0,0.713725490196,0.294117647059,0.501960784314,0.0,0.470588235294,0.572549019608,0.905882352941,0.925490196078,0.76862745098,0.737254901961,0.760784313725,0.639215686275,0.588235294118,0.603921568627,0.505882352941,0.43137254902,0.447058823529,0.372549019608,0.294117647059,0.305882352941,0.254901960784,0.16862745098,0.172549019608,0.145098039216,20.1,-14.8,-0.3
White LED torch (LED-B3),Hydrocodone tartrate,positive,0.0,0.286274509804,0.250980392157,0.43137254902,0.309803921569,0.172549019608,0.760784313725,0.560784313725,0.388235294118,0.317647058824,0.439215686275,0.529411764706,0.317647058824,0.411764705882,0.101960784314,0.466666666667,0.458823529412,0.596078431373,0.321568627451,0.709803921569,0.545098039216,0.850980392157,0.490196078431,0.0,0.207843137255,0.294117647059,0.588235294118,0.760784313725,0.317647058824,0.294117647059,0.309803921569,0.203921568627,0.341176470588,0.576470588235,0.737254901961,0.0,0.854901960784,0.639215686275,0.0,0.0666666666667,0.160784313725,0.521568627451,0.239215686275,0.564705882353,0.0862745098039,0.670588235294,0.2,0.149019607843,0.894117647059,0.788235294118,0.0,0.713725490196,0.294117647059,0.501960784314,0.0,0.470588235294,0.572549019608,0.905882352941,0.925490196078,0.76862745098,0.737254901961,0.760784313725,0.639215686275,0.588235294118,0.603921568627,0.505882352941,0.43137254902,0.447058823529,0.372549019608,0.294117647059,0.305882352941,0.254901960784,0.16862745098,0.172549019608,0.145098039216,31.0,-18.1,-5.1
Incandescent bulb (A),Codeine,positive,0.0,0.180392156863,0.137254901961,0.435294117647,0.282352941176,0.113725490196,0.792156862745,0.529411764706,0.352941176471,0.294117647059,0.41568627451,0.498039215686,0.294117647059,0.396078431373,0.0549019607843,0.498039215686,0.439215686275,0.56862745098,0.188235294118,0.701960784314,0.560784313725,0.878431372549,0.470588235294,0.0,0.196078431373,0.270588235294,0.541176470588,0.827450980392,0.282352941176,0.21568627451,0.352941176471,0.18431372549,0.301960784314,0.552941176471,0.733333333333,0.00392156862745,0.905882352941,0.639215686275,0.0,0.0588235294118,0.137254901961,0.470588235294,0.113725490196,0.541176470588,0.117647058824,0.76862745098,0.141176470588,0.043137254902,0.933333333333,0.788235294118,0.0,0.811764705882,0.262745098039,0.447058823529,0.0,0.454901960784,0.592156862745,0.917647058824,0.905882352941,0.717647058824,0.737254901961,0.741176470588,0.596078431373,0.58431372549,0.588235294118,0.466666666667,0.423529411765,0.43137254902,0.345098039216,0.282352941176,0.294117647059,0.227450980392,0.160784313725,0.164705882353,0.113725490196,20.5,-11.6,-2.1
Incandescent bulb (A),Dimethoxy-meth HCl,negative,0.278431372549,0.141176470588,0.0156862745098,0.435294117647,0.282352941176,0.113725490196,0.792156862745,0.529411764706,0.352941176471,0.294117647059,0.41568627451,0.498039215686,0.294117647059,0.396078431373,0.0549019607843,0.498039215686,0.439215686275,0.56862745098,0.188235294118,0.701960784314,0.560784313725,0.878431372549,0.470588235294,0.0,0.196078431373,0.270588235294,0.541176470588,0.827450980392,0.282352941176,0.21568627451,0.352941176471,0.18431372549,0.301960784314,0.552941176471,0.733333333333,0.00392156862745,0.905882352941,0.639215686275,0.0,0.0588235294118,0.137254901961,0.470588235294,0.113725490196,0.541176470588,0.117647058824,0.76862745098,0.141176470588,0.043137254902,0.933333333333,0.788235294118,0.0,0.811764705882,0.262745098039,0.447058823529,0.0,0.454901960784,0.592156862745,0.917647058824,0.905882352941,0.717647058824,0.737254901961,0.741176470588,0.596078431373,0.58431372549,0.588235294118,0.466666666667,0.423529411765,0.43137254902,0.345098039216,0.282352941176,0.294117647059,0.227450980392,0.160784313725,0.164705882353,0.113725490196,20.5,14.1,13.5
Daylight (D65),Hydrocodone tartrate,positive,0.0,0.298039215686,0.286274509804,0.41568627451,0.290196078431,0.239215686275,0.694117647059,0.513725490196,0.454901960784,0.305882352941,0.43137254902,0.552941176471,0.313725490196,0.38431372549,0.196078431373,0.439215686275,0.443137254902,0.61568627451,0.298039215686,0.654901960784,0.588235294118,0.76862745098,0.419607843137,0.0274509803922,0.203921568627,0.321568627451,0.596078431373,0.694117647059,0.286274509804,0.345098039216,0.317647058824,0.207843137255,0.372549019608,0.533333333333,0.650980392157,0.0235294117647,0.764705882353,0.541176470588,0.0,0.0627450980392,0.21568627451,0.529411764706,0.239215686275,0.529411764706,0.219607843137,0.63137254902,0.176470588235,0.211764705882,0.803921568627,0.678431372549,0.0,0.658823529412,0.282352941176,0.529411764706,0.0,0.482352941176,0.603921568627,0.807843137255,0.827450980392,0.803921568627,0.666666666667,0.690196078431,0.682352941176,0.537254901961,0.556862745098,0.552941176471,0.407843137255,0.423529411765,0.419607843137,0.286274509804,0.301960784314,0.305882352941,0.176470588235,0.18431372549,0.180392156863,31.3,-21.6,-2.3
Incandescent bulb (A),Contac,negative,0.419607843137,0.313725490196,0.0941176470588,0.423529411765,0.294117647059,0.254901960784,0.709803921569,0.490196078431,0.447058823529,0.313725490196,0.364705882353,0.498039215686,0.298039215686,0.356862745098,0.207843137255,0.454901960784,0.380392156863,0.556862745098,0.321568627451,0.596078431373,0.58431372549,0.772549019608,0.454901960784,0.113725490196,0.223529411765,0.23137254902,0.525490196078,0.713725490196,0.298039215686,0.313725490196,0.317647058824,0.172549019608,0.309803921569,0.533333333333,0.635294117647,0.247058823529,0.78431372549,0.572549019608,0.0392156862745,0.0980392156863,0.0980392156863,0.454901960784,0.239215686275,0.482352941176,0.290196078431,0.662745098039,0.2,0.203921568627,0.823529411765,0.698039215686,0.113725490196,0.698039215686,0.262745098039,0.462745098039,0.00392156862745,0.380392156863,0.56862745098,0.847058823529,0.792156862745,0.780392156863,0.686274509804,0.650980392157,0.647058823529,0.549019607843,0.517647058824,0.517647058824,0.403921568627,0.38431372549,0.38431372549,0.282352941176,0.266666666667,0.262745098039,0.164705882353,0.152941176471,0.149019607843,40.7,6.2,37.9
Incandescent bulb (A),Codeine,positive,0.0117647058824,0.160784313725,0.160784313725,0.423529411765,0.294117647059,0.254901960784,0.709803921569,0.490196078431,0.447058823529,0.313725490196,0.364705882353,0.498039215686,0.298039215686,0.356862745098,0.207843137255,0.454901960784,0.380392156863,0.556862745098,0.321568627451,0.596078431373,0.58431372549,0.772549019608,0.454901960784,0.113725490196,0.223529411765,0.23137254902,0.525490196078,0.713725490196,0.298039215686,0.313725490196,0.317647058824,0.172549019608,0.309803921569,0.533333333333,0.635294117647,0.247058823529,0.78431372549,0.572549019608,0.0392156862745,0.0980392156863,0.0980392156863,0.454901960784,0.239215686275,0.482352941176,0.290196078431,0.662745098039,0.2,0.203921568627,0.823529411765,0.698039215686,0.113725490196,0.698039215686,0.262745098039,0.462745098039,0.00392156862745,0.380392156863,0.56862745098,0.847058823529,0.792156862745,0.780392156863,0.686274509804,0.650980392157,0.647058823529,0.549019607843,0.517647058824,0.517647058824,0.403921568627,0.38431372549,0.38431372549,0.282352941176,0.266666666667,0.262745098039,0.164705882353,0.152941176471,0.149019607843,19.6,-14.6,-2.1
Daylight (D65),Dimethoxy-meth HCl,negative,0.286274509804,0.192156862745,0.0666666666667,0.41568627451,0.360784313725,0.247058823529,0.690196078431,0.635294117647,0.482352941176,0.250980392157,0.541176470588,0.592156862745,0.294117647059,0.474509803922,0.192156862745,0.423529411765,0.572549019608,0.662745098039,0.109803921569,0.807843137255,0.635294117647,0.780392156863,0.525490196078,0.0117647058824,0.0901960784314,0.423529411765,0.643137254902,0.717647058824,0.396078431373,0.380392156863,0.313725490196,0.286274509804,0.407843137255,0.521568627451,0.788235294118,0.0,0.796078431373,0.678431372549,0.0,0.00392156862745,0.309803921569,0.56862745098,0.145098039216,0.635294117647,0.21568627451,0.658823529412,0.274509803922,0.235294117647,0.819607843137,0.83137254902,0.0,0.690196078431,0.411764705882,0.576470588235,0.00392156862745,0.603921568627,0.658823529412,0.780392156863,1.0,0.854901960784,0.639215686275,0.850980392157,0.725490196078,0.521568627451,0.694117647059,0.588235294118,0.396078431373,0.533333333333,0.454901960784,0.278431372549,0.380392156863,0.329411764706,0.172549019608,0.239215686275,0.2,19.7,15.1,22.7
Tube light (FL2),Codeine,positive,0.0274509803922,0.196078431373,0.192156862745,0.41568627451,0.321568627451,0.227450980392,0.709803921569,0.560784313725,0.482352941176,0.309803921569,0.411764705882,0.6,0.309803921569,0.41568627451,0.196078431373,0.439215686275,0.43137254902,0.674509803922,0.341176470588,0.686274509804,0.662745098039,0.803921568627,0.529411764706,0.00392156862745,0.192156862745,0.243137254902,0.650980392157,0.705882352941,0.333333333333,0.352941176471,0.282352941176,0.192156862745,0.392156862745,0.576470588235,0.741176470588,0.0078431372549,0.827450980392,0.678431372549,0.0,0.0470588235294,0.0666666666667,0.56862745098,0.262745098039,0.552941176471,0.250980392157,0.592156862745,0.23137254902,0.2,0.854901960784,0.811764705882,0.00392156862745,0.643137254902,0.290196078431,0.56862745098,0.0,0.427450980392,0.674509803922,0.862745098039,0.898039215686,0.886274509804,0.705882352941,0.741176470588,0.745098039216,0.56862745098,0.596078431373,0.6,0.423529411765,0.447058823529,0.454901960784,0.294117647059,0.309803921569,0.317647058824,0.172549019608,0.18431372549,0.188235294118,19.5,-16.6,-0.7
Tube light (FL2),Mescaline HCl,negative,0.498039215686,0.494117647059,0.0,0.41568627451,0.321568627451,0.227450980392,0.709803921569,0.560784313725,0.482352941176,0.309803921569,0.411764705882,0.6,0.309803921569,0.41568627451,0.196078431373,0.439215686275,0.43137254902,0.674509803922,0.341176470588,0.686274509804,0.662745098039,0.803921568627,0.529411764706,0.00392156862745,0.192156862745,0.243137254902,0.650980392157,0.705882352941,0.333333333333,0.352941176471,0.282352941176,0.192156862745,0.392156862745,0.576470588235,0.741176470588,0.0078431372549,0.827450980392,0.678431372549,0.0,0.0470588235294,0.0666666666667,0.56862745098,0.262745098039,0.552941176471,0.250980392157,0.592156862745,0.23137254902,0.2,0.854901960784,0.811764705882,0.00392156862745,0.643137254902,0.290196078431,0.56862745098,0.0,0.427450980392,0.674509803922,0.862745098039,0.898039215686,0.886274509804,0.705882352941,0.741176470588,0.745098039216,0.56862745098,0.596078431373,0.6,0.423529411765,0.447058823529,0.454901960784,0.294117647059,0.309803921569,0.317647058824,0.172549019608,0.18431372549,0.188235294118,51.2,-4.5,49.8
White LED torch (LED-B3),Hydrocodone tartrate,positive,0.0,0.262745098039,0.250980392157,0.376470588235,0.274509803922,0.149019607843,0.682352941176,0.509803921569,0.356862745098,0.219607843137,0.396078431373,0.537254901961,0.243137254902,0.380392156863,0.0549019607843,0.38431372549,0.407843137255,0.603921568627,0.0509803921569,0.662745098039,0.541176470588,0.780392156863,0.447058823529,0.0,0.105882352941,0.243137254902,0.603921568627,0.705882352941,0.262745098039,0.266666666667,0.266666666667,0.16862745098,0.345098039216,0.466666666667,0.698039215686,0.0,0.780392156863,0.596078431373,0.0,0.0156862745098,0.0941176470588,0.533333333333,0.0392156862745,0.529411764706,0.0196078431373,0.623529411765,0.149019607843,0.0941176470588,0.8,0.749019607843,0.00392156862745,0.654901960784,0.235294117647,0.501960784314,0.00392156862745,0.43137254902,0.592156862745,0.780392156863,0.870588235294,0.76862745098,0.627450980392,0.705882352941,0.639215686275,0.494117647059,0.560784313725,0.505882352941,0.360784313725,0.411764705882,0.372549019608,0.239215686275,0.278431372549,0.250980392157,0.133333333333,0.152941176471,0.137254901961,31.6,-14.4,-4.2
White LED torch (LED-B3),Contac,negative,0.392156862745,0.321568627451,0.0,0.376470588235,0.274509803922,0.149019607843,0.682352941176,0.509803921569,0.356862745098,0.219607843137,0.396078431373,0.537254901961,0.243137254902,0.380392156863,0.0549019607843,0.38431372549,0.407843137255,0.603921568627,0.0509803921569,0.662745098039,0.541176470588,0.780392156863,0.447058823529,0.0,0.105882352941,0.243137254902,0.603921568627,0.705882352941,0.262745098039,0.266666666667,0.266666666667,0.16862745098,0.345098039216,0.466666666667,0.698039215686,0.0,0.780392156863,0.596078431373,0.0,0.0156862745098,0.0941176470588,0.533333333333,0.0392156862745,0.529411764706,0.0196078431373,0.623529411765,0.149019607843,0.0941176470588,0.8,0.749019607843,0.00392156862745,0.654901960784,0.235294117647,0.501960784314,0.00392156862745,0.43137254902,0.592156862745,0.780392156863,0.870588235294,0.76862745098,0.627450980392,0.705882352941,0.639215686275,0.494117647059,0.560784313725,0.505882352941,0.360784313725,0.411764705882,0.372549019608,0.239215686275,0.278431372549,0.250980392157,0.133333333333,0.152941176471,0.137254901961,40.3,6.0,35.5
Incandescent bulb (A),Mace5,negative,0.309803921569,0.305882352941,0.149019607843,0.466666666667,0.341176470588,0.266666666667,0.776470588235,0.564705882353,0.525490196078,0.349019607843,0.435294117647,0.596078431373,0.349019607843,0.435294117647,0.254901960784,0.513725490196,0.454901960784,0.662745098039,0.321568627451,0.682352941176,0.686274509804,0.843137254902,0.533333333333,0.0705882352941,0.254901960784,0.278431372549,0.63137254902,0.788235294118,0.360784313725,0.380392156863,0.38431372549,0.223529411765,0.388235294118,0.58431372549,0.725490196078,0.286274509804,0.854901960784,0.662745098039,0.0078431372549,0.0941176470588,0.121568627451,0.552941176471,0.247058823529,0.564705882353,0.356862745098,0.745098039216,0.254901960784,0.250980392157,0.882352941176,0.78431372549,0.043137254902,0.772549019608,0.317647058824,0.556862745098,0.00392156862745,0.454901960784,0.678431372549,0.890196078431,0.874509803922,0.882352941176,0.737254901961,0.733333333333,0.749019607843,0.603921568627,0.603921568627,0.611764705882,0.462745098039,0.462745098039,0.470588235294,0.329411764706,0.333333333333,0.341176470588,0.211764705882,0.207843137255,0.211764705882,30.3,-4.2,25.3
Daylight (D65),Dristan,negative,0.694117647059,0.494117647059,0.0,0.43137254902,0.286274509804,0.223529411765,0.756862745098,0.533333333333,0.458823529412,0.329411764706,0.439215686275,0.572549019608,0.321568627451,0.388235294118,0.176470588235,0.478431372549,0.458823529412,0.647058823529,0.341176470588,0.701960784314,0.619607843137,0.843137254902,0.423529411765,0.0078431372549,0.21568627451,0.321568627451,0.623529411765,0.756862745098,0.274509803922,0.349019607843,0.329411764706,0.196078431373,0.36862745098,0.588235294118,0.690196078431,0.00392156862745,0.858823529412,0.564705882353,0.0,0.0705882352941,0.207843137255,0.545098039216,0.262745098039,0.545098039216,0.207843137255,0.682352941176,0.149019607843,0.203921568627,0.901960784314,0.721568627451,0.0,0.721568627451,0.274509803922,0.545098039216,0.0,0.498039215686,0.627450980392,0.913725490196,0.894117647059,0.870588235294,0.745098039216,0.729411764706,0.717647058824,0.588235294118,0.58431372549,0.576470588235,0.439215686275,0.435294117647,0.427450980392,0.298039215686,0.298039215686,0.290196078431,0.176470588235,0.16862745098,0.16862745098,60.4,8.0,57.7
Daylight (D65),Dristan,negative,0.698039215686,0.498039215686,0.0,0.43137254902,0.286274509804,0.223529411765,0.756862745098,0.533333333333,0.458823529412,0.329411764706,0.439215686275,0.572549019608,0.321568627451,0.388235294118,0.176470588235,0.478431372549,0.458823529412,0.647058823529,0.341176470588,0.701960784314,0.619607843137,0.843137254902,0.423529411765,0.0078431372549,0.21568627451,0.321568627451,0.623529411765,0.756862745098,0.274509803922,0.349019607843,0.329411764706,0.196078431373,0.36862745098,0.588235294118,0.690196078431,0.00392156862745,0.858823529412,0.564705882353,0.0,0.0705882352941,0.207843137255,0.545098039216,0.262745098039,0.545098039216,0.207843137255,0.682352941176,0.149019607843,0.203921568627,0.901960784314,0.721568627451,0.0,0.721568627451,0.274509803922,0.545098039216,0.0,0.498039215686,0.627450980392,0.913725490196,0.894117647059,0.870588235294,0.745098039216,0.729411764706,0.717647058824,0.588235294118,0.58431372549,0.576470588235,0.439215686275,0.435294117647,0.427450980392,0.298039215686,0.298039215686,0.290196078431,0.176470588235,0.16862745098,0.16862745098,60.4,8.0,57.7
Tube light (FL2),Exedrine,negative,0.611764705882,0.639215686275,0.23137254902,0.458823529412,0.388235294118,0.196078431373,0.741176470588,0.639215686275,0.41568627451,0.352941176471,0.505882352941,0.552941176471,0.352941176471,0.478431372549,0.113725490196,0.482352941176,0.533333333333,0.61568627451,0.380392156863,0.760784313725,0.56862745098,0.835294117647,0.596078431373,0.00392156862745,0.239215686275,0.36862745098,0.607843137255,0.733333333333,0.411764705882,0.325490196078,0.325490196078,0.278431372549,0.376470588235,0.607843137255,0.792156862745,0.0,0.843137254902,0.733333333333,0.0,0.078431372549,0.243137254902,0.545098039216,0.305882352941,0.619607843137,0.121568627451,0.63137254902,0.298039215686,0.18431372549,0.874509803922,0.858823529412,0.0,0.678431372549,0.396078431373,0.529411764706,0.0,0.529411764706,0.611764705882,0.886274509804,0.98431372549,0.756862745098,0.741176470588,0.827450980392,0.643137254902,0.607843137255,0.678431372549,0.529411764706,0.466666666667,0.525490196078,0.407843137255,0.333333333333,0.380392156863,0.294117647059,0.211764705882,0.239215686275,0.180392156863,60.6,-4.4,36.8
Tube light (FL2),Propoxyphene HCl,negative,0.682352941176,0.709803921569,0.521568627451,0.458823529412,0.388235294118,0.196078431373,0.741176470588,0.639215686275,0.41568627451,0.352941176471,0.505882352941,0.552941176471,0.352941176471,0.478431372549,0.113725490196,0.482352941176,0.533333333333,0.61568627451,0.380392156863,0.760784313725,0.56862745098,0.835294117647,0.596078431373,0.00392156862745,0.239215686275,0.36862745098,0.607843137255,0.733333333333,0.411764705882,0.325490196078,0.325490196078,0.278431372549,0.376470588235,0.607843137255,0.792156862745,0.0,0.843137254902,0.733333333333,0.0,0.078431372549,0.243137254902,0.545098039216,0.305882352941,0.619607843137,0.121568627451,0.63137254902,0.298039215686,0.18431372549,0.874509803922,0.858823529412,0.0,0.678431372549,0.396078431373,0.529411764706,0.0,0.529411764706,0.611764705882,0.886274509804,0.98431372549,0.756862745098,0.741176470588,0.827450980392,0.643137254902,0.607843137255,0.678431372549,0.529411764706,0.466666666667,0.525490196078,0.407843137255,0.333333333333,0.380392156863,0.294117647059,0.211764705882,0.239215686275,0.180392156863,45.2,8.8,10.2
White LED torch (LED-B3),Contac,negative,0.419607843137,0.352941176471,0.0,0.411764705882,0.313725490196,0.0941176470588,0.733333333333,0.580392156863,0.286274509804,0.254901960784,0.458823529412,0.490196078431,0.266666666667,0.419607843137,0.0,0.419607843137,0.478431372549,0.560784313725,0.129411764706,0.737254901961,0.466666666667,0.843137254902,0.498039215686,0.00392156862745,0.141176470588,0.321568627451,0.572549019608,0.752941176471,0.321568627451,0.223529411765,0.294117647059,0.21568627451,0.321568627451,0.509803921569,0.756862745098,0.0,0.83137254902,0.654901960784,0.0,0.0156862745098,0.188235294118,0.509803921569,0.0862745098039,0.588235294118,0.00392156862745,0.666666666667,0.196078431373,0.0549019607843,0.862745098039,0.81568627451,0.0,0.705882352941,0.309803921569,0.474509803922,0.00392156862745,0.498039215686,0.552941176471,0.854901960784,0.980392156863,0.682352941176,0.690196078431,0.8,0.56862745098,0.545098039216,0.635294117647,0.450980392157,0.4,0.466666666667,0.325490196078,0.266666666667,0.317647058824,0.21568627451,0.152941176471,0.180392156863,0.117647058824,40.5,5.7,33.4
White LED torch (LED-B3),Dristan,negative,0.670588235294,0.560784313725,0.0,0.411764705882,0.313725490196,0.0941176470588,0.733333333333,0.580392156863,0.286274509804,0.254901960784,0.458823529412,0.490196078431,0.266666666667,0.419607843137,0.0,0.419607843137,0.478431372549,0.560784313725,0.129411764706,0.737254901961,0.466666666667,0.843137254902,0.498039215686,0.00392156862745,0.141176470588,0.321568627451,0.572549019608,0.752941176471,0.321568627451,0.223529411765,0.294117647059,0.21568627451,0.321568627451,0.509803921569,0.756862745098,0.0,0.83137254902,0.654901960784,0.0,0.0156862745098,0.188235294118,0.509803921569,0.0862745098039,0.588235294118,0.00392156862745,0.666666666667,0.196078431373,0.0549019607843,0.862745098039,0.81568627451,0.0,0.705882352941,0.309803921569,0.474509803922,0.00392156862745,0.498039215686,0.552941176471,0.854901960784,0.980392156863,0.682352941176,0.690196078431,0.8,0.56862745098,0.545098039216,0.635294117647,0.450980392157,0.4,0.466666666667,0.325490196078,0.266666666667,0.317647058824,0.21568627451,0.152941176471,0.180392156863,0.117647058824,61.2,9.0,46.5
Incandescent bulb (A),Mescaline HCl,negative,0.521568627451,0.501960784314,0.0,0.450980392157,0.317647058824,0.211764705882,0.796078431373,0.576470588235,0.478431372549,0.290196078431,0.435294117647,0.6,0.301960784314,0.427450980392,0.180392156863,0.490196078431,0.454901960784,0.670588235294,0.117647058824,0.725490196078,0.690196078431,0.882352941176,0.521568627451,0.0,0.188235294118,0.270588235294,0.635294117647,0.83137254902,0.329411764706,0.317647058824,0.360784313725,0.2,0.36862745098,0.537254901961,0.76862745098,0.0235294117647,0.894117647059,0.686274509804,0.00392156862745,0.0274509803922,0.109803921569,0.549019607843,0.0705882352941,0.576470588235,0.274509803922,0.772549019608,0.2,0.164705882353,0.913725490196,0.83137254902,0.0,0.807843137255,0.286274509804,0.541176470588,0.0,0.458823529412,0.690196078431,0.894117647059,0.937254901961,0.882352941176,0.725490196078,0.76862745098,0.737254901961,0.576470588235,0.61568627451,0.592156862745,0.423529411765,0.454901960784,0.435294117647,0.290196078431,0.313725490196,0.298039215686,0.172549019608,0.180392156863,0.16862745098,51.7,-3.1,49.7
Incandescent bulb (A),Diacetylmorphine HCl,positive,0.0,0.301960784314,0.301960784314,0.450980392157,0.317647058824,0.211764705882,0.796078431373,0.576470588235,0.478431372549,0.290196078431,0.435294117647,0.6,0.301960784314,0.427450980392,0.180392156863,0.490196078431,0.454901960784,0.670588235294,0.117647058824,0.725490196078,0.690196078431,0.882352941176,0.521568627451,0.0,0.188235294118,0.270588235294,0.635294117647,0.83137254902,0.329411764706,0.317647058824,0.360784313725,0.2,0.36862745098,0.537254901961,0.76862745098,0.0235294117647,0.894117647059,0.686274509804,0.00392156862745,0.0274509803922,0.109803921569,0.549019607843,0.0705882352941,0.576470588235,0.274509803922,0.772549019608,0.2,0.164705882353,0.913725490196,0.83137254902,0.0,0.807843137255,0.286274509804,0.541176470588,0.0,0.458823529412,0.690196078431,0.894117647059,0.937254901961,0.882352941176,0.725490196078,0.76862745098,0.737254901961,0.576470588235,0.61568627451,0.592156862745,0.423529411765,0.454901960784,0.435294117647,0.290196078431,0.313725490196,0.298039215686,0.172549019608,0.180392156863,0.16862745098,32.3,-15.3,-3.4
Daylight (D65),Codeine,positive,0.0313725490196,0.239215686275,0.207843137255,0.462745098039,0.333333333333,0.258823529412,0.772549019608,0.592156862745,0.501960784314,0.356862745098,0.494117647059,0.603921568627,0.360784313725,0.443137254902,0.219607843137,0.501960784314,0.517647058824,0.666666666667,0.36862745098,0.752941176471,0.654901960784,0.854901960784,0.482352941176,0.0588235294118,0.243137254902,0.376470588235,0.654901960784,0.772549019608,0.341176470588,0.392156862745,0.356862745098,0.254901960784,0.407843137255,0.61568627451,0.737254901961,0.0274509803922,0.870588235294,0.627450980392,0.00392156862745,0.0823529411765,0.262745098039,0.576470588235,0.290196078431,0.6,0.250980392157,0.701960784314,0.219607843137,0.243137254902,0.901960784314,0.76862745098,0.0,0.741176470588,0.349019607843,0.58431372549,0.00392156862745,0.549019607843,0.662745098039,0.917647058824,0.941176470588,0.886274509804,0.752941176471,0.792156862745,0.749019607843,0.619607843137,0.639215686275,0.61568627451,0.466666666667,0.486274509804,0.462745098039,0.333333333333,0.352941176471,0.337254901961,0.207843137255,0.21568627451,0.203921568627,19.8,-17.8,-1.2
Tube light (FL2),Contac,negative,0.419607843137,0.337254901961,0.0,0.4,0.290196078431,0.164705882353,0.698039215686,0.517647058824,0.38431372549,0.301960784314,0.388235294118,0.525490196078,0.298039215686,0.380392156863,0.0980392156863,0.427450980392,0.403921568627,0.588235294118,0.333333333333,0.643137254902,0.556862745098,0.8,0.478431372549,0.0,0.2,0.243137254902,0.580392156863,0.686274509804,0.290196078431,0.282352941176,0.270588235294,0.176470588235,0.337254901961,0.556862745098,0.686274509804,0.0,0.803921568627,0.619607843137,0.0,0.0705882352941,0.101960784314,0.509803921569,0.254901960784,0.517647058824,0.121568627451,0.576470588235,0.192156862745,0.133333333333,0.839215686275,0.752941176471,0.0,0.627450980392,0.258823529412,0.494117647059,0.00392156862745,0.403921568627,0.592156862745,0.862745098039,0.858823529412,0.764705882353,0.698039215686,0.701960784314,0.635294117647,0.556862745098,0.560784313725,0.505882352941,0.411764705882,0.41568627451,0.372549019608,0.278431372549,0.286274509804,0.258823529412,0.160784313725,0.160784313725,0.141176470588,40.6,6.6,37.0
Tube light (FL2),Exedrine,negative,0.560784313725,0.525490196078,0.203921568627,0.4,0.290196078431,0.164705882353,0.698039215686,0.517647058824,0.38431372549,0.301960784314,0.388235294118,0.525490196078,0.298039215686,0.380392156863,0.0980392156863,0.427450980392,0.403921568627,0.588235294118,0.333333333333,0.643137254902,0.556862745098,0.8,0.478431372549,0.0,0.2,0.243137254902,0.580392156863,0.686274509804,0.290196078431,0.282352941176,0.270588235294,0.176470588235,0.337254901961,0.556862745098,0.686274509804,0.0,0.803921568627,0.619607843137,0.0,0.0705882352941,0.101960784314,0.509803921569,0.254901960784,0.517647058824,0.121568627451,0.576470588235,0.192156862745,0.133333333333,0.839215686275,0.752941176471,0.0,0.627450980392,0.258823529412,0.494117647059,0.00392156862745,0.403921568627,0.592156862745,0.862745098039,0.858823529412,0.764705882353,0.698039215686,0.701960784314,0.635294117647,0.556862745098,0.560784313725,0.505882352941,0.411764705882,0.41568627451,0.372549019608,0.278431372549,0.286274509804,0.258823529412,0.160784313725,0.160784313725,0.141176470588,59.7,-2.2,36.9
White LED torch (LED-B3),Oxycodone HCl,negative,0.490196078431,0.466666666667,0.0,0.392156862745,0.290196078431,0.192156862745,0.721568627451,0.552941176471,0.411764705882,0.298039215686,0.419607843137,0.525490196078,0.294117647059,0.396078431373,0.156862745098,0.435294117647,0.447058823529,0.596078431373,0.333333333333,0.705882352941,0.572549019608,0.807843137255,0.486274509804,0.0117647058824,0.18431372549,0.270588235294,0.56862745098,0.717647058824,0.317647058824,0.305882352941,0.282352941176,0.188235294118,0.329411764706,0.560784313725,0.733333333333,0.0156862745098,0.839215686275,0.647058823529,0.0,0.0509803921569,0.137254901961,0.494117647059,0.243137254902,0.545098039216,0.188235294118,0.627450980392,0.207843137255,0.176470588235,0.870588235294,0.8,0.0,0.678431372549,0.298039215686,0.498039215686,0.0,0.458823529412,0.576470588235,0.882352941176,0.925490196078,0.8,0.705882352941,0.752941176471,0.666666666667,0.556862745098,0.592156862745,0.525490196078,0.407843137255,0.43137254902,0.376470588235,0.270588235294,0.290196078431,0.258823529412,0.152941176471,0.160784313725,0.141176470588,51.6,-3.6,49.2
White LED torch (LED-B3),Dristan,negative,0.678431372549,0.549019607843,0.0,0.392156862745,0.290196078431,0.192156862745,0.721568627451,0.552941176471,0.411764705882,0.298039215686,0.419607843137,0.525490196078,0.294117647059,0.396078431373,0.156862745098,0.435294117647,0.447058823529,0.596078431373,0.333333333333,0.705882352941,0.572549019608,0.807843137255,0.486274509804,0.0117647058824,0.18431372549,0.270588235294,0.56862745098,0.717647058824,0.317647058824,0.305882352941,0.282352941176,0.188235294118,0.329411764706,0.560784313725,0.733333333333,0.0156862745098,0.839215686275,0.647058823529,0.0,0.0509803921569,0.137254901961,0.494117647059,0.243137254902,0.545098039216,0.188235294118,0.627450980392,0.207843137255,0.176470588235,0.870588235294,0.8,0.0,0.678431372549,0.298039215686,0.498039215686,0.0,0.458823529412,0.576470588235,0.882352941176,0.925490196078,0.8,0.705882352941,0.752941176471,0.666666666667,0.556862745098,0.592156862745,0.525490196078,0.407843137255,0.43137254902,0.376470588235,0.270588235294,0.290196078431,0.258823529412,0.152941176471,0.160784313725,0.141176470588,61.6,9.0,58.2
Incandescent bulb (A),Dristan,negative,0.745098039216,0.58431372549,0.0235294117647,0.482352941176,0.341176470588,0.266666666667,0.8,0.576470588235,0.533333333333,0.345098039216,0.443137254902,0.623529411765,0.345098039216,0.439215686275,0.250980392157,0.521568627451,0.462745098039,0.686274509804,0.290196078431,0.705882352941,0.713725490196,0.882352941176,0.541176470588,0.0196078431373,0.243137254902,0.278431372549,0.658823529412,0.823529411765,0.356862745098,0.380392156863,0.388235294118,0.219607843137,0.4,0.588235294118,0.752941176471,0.258823529412,0.890196078431,0.682352941176,0.0,0.0745098039216,0.105882352941,0.580392156863,0.21568627451,0.58431372549,0.356862745098,0.772549019608,0.243137254902,0.239215686275,0.917647058824,0.81568627451,0.00392156862745,0.803921568627,0.317647058824,0.572549019608,0.0,0.462745098039,0.705882352941,0.917647058824,0.913725490196,0.925490196078,0.756862745098,0.760784313725,0.776470588235,0.61568627451,0.619607843137,0.635294117647,0.466666666667,0.470588235294,0.486274509804,0.333333333333,0.337254901961,0.352941176471,0.207843137255,0.203921568627,0.207843137255,60.9,9.4,59.5
Incandescent bulb (A),Mescaline HCl,negative,0.545098039216,0.509803921569,0.0549019607843,0.482352941176,0.341176470588,0.266666666667,0.8,0.576470588235,0.533333333333,0.345098039216,0.443137254902,0.623529411765,0.345098039216,0.439215686275,0.250980392157,0.521568627451,0.462745098039,0.686274509804,0.290196078431,0.705882352941,0.713725490196,0.882352941176,0.541176470588,0.0196078431373,0.243137254902,0.278431372549,0.658823529412,0.823529411765,0.356862745098,0.380392156863,0.388235294118,0.219607843137,0.4,0.588235294118,0.752941176471,0.258823529412,0.890196078431,0.682352941176,0.0,0.0745098039216,0.105882352941,0.580392156863,0.21568627451,0.58431372549,0.356862745098,0.772549019608,0.243137254902,0.239215686275,0.917647058824,0.81568627451,0.00392156862745,0.803921568627,0.317647058824,0.572549019608,0.0,0.462745098039,0.705882352941,0.917647058824,0.913725490196,0.925490196078,0.756862745098,0.760784313725,0.776470588235,0.61568627451,0.619607843137,0.635294117647,0.466666666667,0.470588235294,0.486274509804,0.333333333333,0.337254901961,0.352941176471,0.207843137255,0.203921568627,0.207843137255,50.9,-3.4,52.5
Daylight (D65),Exedrine,negative,0.521568627451,0.556862745098,0.219607843137,0.403921568627,0.329411764706,0.2,0.658823529412,0.572549019608,0.403921568627,0.196078431373,0.494117647059,0.549019607843,0.262745098039,0.43137254902,0.0862745098039,0.380392156863,0.509803921569,0.611764705882,0.00392156862745,0.729411764706,0.552941176471,0.756862745098,0.462745098039,0.0,0.0470588235294,0.38431372549,0.607843137255,0.690196078431,0.333333333333,0.321568627451,0.305882352941,0.254901960784,0.376470588235,0.462745098039,0.713725490196,0.0,0.752941176471,0.596078431373,0.0,0.00392156862745,0.278431372549,0.545098039216,0.0274509803922,0.580392156863,0.0352941176471,0.639215686275,0.211764705882,0.164705882353,0.760784313725,0.737254901961,0.00392156862745,0.654901960784,0.345098039216,0.525490196078,0.00392156862745,0.545098039216,0.596078431373,0.713725490196,0.901960784314,0.749019607843,0.588235294118,0.760784313725,0.639215686275,0.478431372549,0.623529411765,0.521568627451,0.364705882353,0.478431372549,0.396078431373,0.254901960784,0.345098039216,0.286274509804,0.152941176471,0.211764705882,0.172549019608,60.4,-2.7,37.2
Daylight (D65),Diacetylmorphine HCl,positive,0.0,0.349019607843,0.258823529412,0.403921568627,0.329411764706,0.2,0.658823529412,0.572549019608,0.403921568627,0.196078431373,0.494117647059,0.549019607843,0.262745098039,0.43137254902,0.0862745098039,0.380392156863,0.509803921569,0.611764705882,0.00392156862745,0.729411764706,0.552941176471,0.756862745098,0.462745098039,0.0,0.0470588235294,0.38431372549,0.607843137255,0.690196078431,0.333333333333,0.321568627451,0.305882352941,0.254901960784,0.376470588235,0.462745098039,0.713725490196,0.0,0.752941176471,0.596078431373,0.0,0.00392156862745,0.278431372549,0.545098039216,0.0274509803922,0.580392156863,0.0352941176471,0.639215686275,0.211764705882,0.164705882353,0.760784313725,0.737254901961,0.00392156862745,0.654901960784,0.345098039216,0.525490196078,0.00392156862745,0.545098039216,0.596078431373,0.713725490196,0.901960784314,0.749019607843,0.588235294118,0.760784313725,0.639215686275,0.478431372549,0.623529411765,0.521568627451,0.364705882353,0.478431372549,0.396078431373,0.254901960784,0.345098039216,0.286274509804,0.152941176471,0.211764705882,0.172549019608,32.7,-16.9,1.7
Tube light (FL2),Codeine,positive,0.0470588235294,0.207843137255,0.192156862745,0.407843137255,0.341176470588,0.239215686275,0.678431372549,0.552941176471,0.462745098039,0.329411764706,0.423529411765,0.545098039216,0.325490196078,0.411764705882,0.219607843137,0.435294117647,0.443137254902,0.603921568627,0.376470588235,0.654901960784,0.6,0.756862745098,0.533333333333,0.0196078431373,0.223529411765,0.286274509804,0.588235294118,0.658823529412,0.360784313725,0.349019607843,0.290196078431,0.227450980392,0.372549019608,0.564705882353,0.698039215686,0.125490196078,0.756862745098,0.643137254902,0.0,0.0862745098039,0.141176470588,0.525490196078,0.305882352941,0.545098039216,0.270588235294,0.564705882353,0.262745098039,0.23137254902,0.8,0.76862745098,0.00392156862745,0.603921568627,0.325490196078,0.529411764706,0.0235294117647,0.435294117647,0.6,0.823529411765,0.866666666667,0.803921568627,0.686274509804,0.725490196078,0.682352941176,0.564705882353,0.58431372549,0.560784313725,0.43137254902,0.450980392157,0.427450980392,0.305882352941,0.325490196078,0.309803921569,0.196078431373,0.203921568627,0.192156862745,19.2,-18.1,-0.9
Tube light (FL2),Dristan,negative,0.627450980392,0.552941176471,0.0,0.407843137255,0.341176470588,0.239215686275,0.678431372549,0.552941176471,0.462745098039,0.329411764706,0.423529411765,0.545098039216,0.325490196078,0.411764705882,0.219607843137,0.435294117647,0.443137254902,0.603921568627,0.376470588235,0.654901960784,0.6,0.756862745098,0.533333333333,0.0196078431373,0.223529411765,0.286274509804,0.588235294118,0.658823529412,0.360784313725,0.349019607843,0.290196078431,0.227450980392,0.372549019608,0.564705882353,0.698039215686,0.125490196078,0.756862745098,0.643137254902,0.0,0.0862745098039,0.141176470588,0.525490196078,0.305882352941,0.545098039216,0.270588235294,0.564705882353,0.262745098039,0.23137254902,0.8,0.76862745098,0.00392156862745,0.603921568627,0.325490196078,0.529411764706,0.0235294117647,0.435294117647,0.6,0.823529411765,0.866666666667,0.803921568627,0.686274509804,0.725490196078,0.682352941176,0.564705882353,0.58431372549,0.560784313725,0.43137254902,0.450980392157,0.427450980392,0.305882352941,0.325490196078,0.309803921569,0.196078431373,0.203921568627,0.192156862745,60.5,6.2,61.2
White LED torch (LED-B3),Mescaline HCl,negative,0.501960784314,0.478431372549,0.0,0.43137254902,0.321568627451,0.223529411765,0.705882352941,0.545098039216,0.427450980392,0.321568627451,0.439215686275,0.549019607843,0.321568627451,0.419607843137,0.176470588235,0.458823529412,0.454901960784,0.611764705882,0.321568627451,0.674509803922,0.576470588235,0.780392156863,0.490196078431,0.0078431372549,0.21568627451,0.294117647059,0.603921568627,0.709803921569,0.333333333333,0.337254901961,0.325490196078,0.219607843137,0.380392156863,0.552941176471,0.698039215686,0.0,0.796078431373,0.623529411765,0.0,0.0705882352941,0.156862745098,0.541176470588,0.250980392157,0.552941176471,0.18431372549,0.639215686275,0.23137254902,0.203921568627,0.81568627451,0.741176470588,0.0,0.678431372549,0.305882352941,0.525490196078,0.0,0.470588235294,0.603921568627,0.81568627451,0.847058823529,0.764705882353,0.678431372549,0.709803921569,0.658823529412,0.556862745098,0.58431372549,0.545098039216,0.427450980392,0.450980392157,0.423529411765,0.309803921569,0.329411764706,0.301960784314,0.196078431373,0.203921568627,0.188235294118,51.5,-3.6,48.9
White LED torch (LED-B3),LSD,negative,0.133333333333,0.211764705882,0.172549019608,0.43137254902,0.321568627451,0.223529411765,0.705882352941,0.545098039216,0.427450980392,0.321568627451,0.439215686275,0.549019607843,0.321568627451,0.419607843137,0.176470588235,0.458823529412,0.454901960784,0.611764705882,0.321568627451,0.674509803922,0.576470588235,0.780392156863,0.490196078431,0.0078431372549,0.21568627451,0.294117647059,0.603921568627,0.709803921569,0.333333333333,0.337254901961,0.325490196078,0.219607843137,0.380392156863,0.552941176471,0.698039215686,0.0,0.796078431373,0.623529411765,0.0,0.0705882352941,0.156862745098,0.541176470588,0.250980392157,0.552941176471,0.18431372549,0.639215686275,0.23137254902,0.203921568627,0.81568627451,0.741176470588,0.0,0.678431372549,0.305882352941,0.525490196078,0.0,0.470588235294,0.603921568627,0.81568627451,0.847058823529,0.764705882353,0.678431372549,0.709803921569,0.658823529412,0.556862745098,0.58431372549,0.545098039216,0.427450980392,0.450980392157,0.423529411765,0.309803921569,0.329411764706,0.301960784314,0.196078431373,0.203921568627,0.188235294118,19.3,-10.3,2.5
Incandescent bulb (A),Morphine monohydrate,positive,0.0156862745098,0.227450980392,0.156862745098,0.474509803922,0.345098039216,0.152941176471,0.780392156863,0.564705882353,0.352941176471,0.36862745098,0.462745098039,0.470588235294,0.356862745098,0.43137254902,0.0745098039216,0.525490196078,0.482352941176,0.513725490196,0.341176470588,0.686274509804,0.498039215686,0.843137254902,0.513725490196,0.0,0.278431372549,0.345098039216,0.517647058824,0.788235294118,0.356862745098,0.258823529412,0.396078431373,0.250980392157,0.309803921569,0.58431372549,0.705882352941,0.00392156862745,0.847058823529,0.63137254902,0.0,0.141176470588,0.23137254902,0.466666666667,0.258823529412,0.564705882353,0.133333333333,0.745098039216,0.243137254902,0.137254901961,0.870588235294,0.756862745098,0.00392156862745,0.772549019608,0.345098039216,0.43137254902,0.00392156862745,0.490196078431,0.537254901961,0.894117647059,0.878431372549,0.639215686275,0.745098039216,0.737254901961,0.537254901961,0.603921568627,0.607843137255,0.443137254902,0.466666666667,0.470588235294,0.337254901961,0.337254901961,0.341176470588,0.247058823529,0.219607843137,0.21568627451,0.137254901961,19.4,-17.2,-2.6
Incandescent bulb (A),Chlorpromazine HCl,negative,0.286274509804,0.188235294118,0.105882352941,0.474509803922,0.345098039216,0.152941176471,0.780392156863,0.564705882353,0.352941176471,0.36862745098,0.462745098039,0.470588235294,0.356862745098,0.43137254902,0.0745098039216,0.525490196078,0.482352941176,0.513725490196,0.341176470588,0.686274509804,0.498039215686,0.843137254902,0.513725490196,0.0,0.278431372549,0.345098039216,0.517647058824,0.788235294118,0.356862745098,0.258823529412,0.396078431373,0.250980392157,0.309803921569,0.58431372549,0.705882352941,0.00392156862745,0.847058823529,0.63137254902,0.0,0.141176470588,0.23137254902,0.466666666667,0.258823529412,0.564705882353,0.133333333333,0.745098039216,0.243137254902,0.137254901961,0.870588235294,0.756862745098,0.00392156862745,0.772549019608,0.345098039216,0.43137254902,0.00392156862745,0.490196078431,0.537254901961,0.894117647059,0.878431372549,0.639215686275,0.745098039216,0.737254901961,0.537254901961,0.603921568627,0.607843137255,0.443137254902,0.466666666667,0.470588235294,0.337254901961,0.337254901961,0.341176470588,0.247058823529,0.219607843137,0.21568627451,0.137254901961,19.3,11.4,6.1
Daylight (D65),Mace5,negative,0.219607843137,0.274509803922,0.043137254902,0.36862745098,0.309803921569,0.219607843137,0.623529411765,0.564705882353,0.443137254902,0.16862745098,0.466666666667,0.560784313725,0.235294117647,0.403921568627,0.156862745098,0.345098039216,0.486274509804,0.627450980392,0.00392156862745,0.713725490196,0.592156862745,0.721568627451,0.458823529412,0.0,0.0235294117647,0.352941176471,0.611764705882,0.647058823529,0.325490196078,0.341176470588,0.270588235294,0.23137254902,0.36862745098,0.435294117647,0.705882352941,0.00392156862745,0.713725490196,0.592156862745,0.0,0.0,0.243137254902,0.545098039216,0.0313725490196,0.564705882353,0.172549019608,0.6,0.211764705882,0.192156862745,0.733333333333,0.741176470588,0.0,0.611764705882,0.325490196078,0.533333333333,0.0,0.517647058824,0.607843137255,0.690196078431,0.917647058824,0.823529411765,0.556862745098,0.756862745098,0.690196078431,0.443137254902,0.607843137255,0.552941176471,0.329411764706,0.458823529412,0.41568627451,0.223529411765,0.321568627451,0.298039215686,0.125490196078,0.192156862745,0.172549019608,30.3,-5.3,28.6
Tube light (FL2),Dimethoxy-meth HCl,negative,0.274509803922,0.180392156863,0.0392156862745,0.427450980392,0.329411764706,0.207843137255,0.721568627451,0.572549019608,0.43137254902,0.341176470588,0.435294117647,0.545098039216,0.333333333333,0.419607843137,0.164705882353,0.462745098039,0.462745098039,0.603921568627,0.403921568627,0.694117647059,0.588235294118,0.807843137255,0.537254901961,0.0,0.23137254902,0.290196078431,0.58431372549,0.705882352941,0.349019607843,0.329411764706,0.294117647059,0.219607843137,0.356862745098,0.6,0.733333333333,0.0078431372549,0.827450980392,0.678431372549,0.0,0.0941176470588,0.156862745098,0.517647058824,0.309803921569,0.556862745098,0.207843137255,0.596078431373,0.247058823529,0.188235294118,0.870588235294,0.803921568627,0.00392156862745,0.647058823529,0.325490196078,0.517647058824,0.0274509803922,0.450980392157,0.603921568627,0.890196078431,0.909803921569,0.792156862745,0.733333333333,0.752941176471,0.666666666667,0.592156862745,0.611764705882,0.533333333333,0.443137254902,0.458823529412,0.4,0.309803921569,0.321568627451,0.286274509804,0.18431372549,0.192156862745,0.164705882353,20.0,14.3,20.3
Tube light (FL2),Dristan,negative,0.682352941176,0.580392156863,0.00392156862745,0.427450980392,0.329411764706,0.207843137255,0.721568627451,0.572549019608,0.43137254902,0.341176470588,0.435294117647,0.545098039216,0.333333333333,0.419607843137,0.164705882353,0.462745098039,0.462745098039,0.603921568627,0.403921568627,0.694117647059,0.588235294118,0.807843137255,0.537254901961,0.0,0.23137254902,0.290196078431,0.58431372549,0.705882352941,0.349019607843,0.329411764706,0.294117647059,0.219607843137,0.356862745098,0.6,0.733333333333,0.0078431372549,0.827450980392,0.678431372549,0.0,0.0941176470588,0.156862745098,0.517647058824,0.309803921569,0.556862745098,0.207843137255,0.596078431373,0.247058823529,0.188235294118,0.870588235294,0.803921568627,0.00392156862745,0.647058823529,0.325490196078,0.517647058824,0.0274509803922,0.450980392157,0.603921568627,0.890196078431,0.909803921569,0.792156862745,0.733333333333,0.752941176471,0.666666666667,0.592156862745,0.611764705882,0.533333333333,0.443137254902,0.458823529412,0.4,0.309803921569,0.321568627451,0.286274509804,0.18431372549,0.192156862745,0.164705882353,61.4,7.9,56.4
White LED torch (LED-B3),Morphine monohydrate,positive,0.00392156862745,0.176470588235,0.117647058824,0.305882352941,0.290196078431,0.105882352941,0.564705882353,0.541176470588,0.305882352941,0.0666666666667,0.41568627451,0.478431372549,0.156862745098,0.388235294118,0.0274509803922,0.270588235294,0.447058823529,0.537254901961,0.00392156862745,0.690196078431,0.474509803922,0.662745098039,0.470588235294,0.0,0.0078431372549,0.278431372549,0.533333333333,0.596078431373,0.309803921569,0.235294117647,0.207843137255,0.196078431373,0.309803921569,0.325490196078,0.709803921569,0.0,0.658823529412,0.627450980392,0.0,0.00392156862745,0.152941176471,0.466666666667,0.0,0.533333333333,0.0,0.533333333333,0.207843137255,0.078431372549,0.654901960784,0.760784313725,0.00392156862745,0.552941176471,0.301960784314,0.447058823529,0.0,0.454901960784,0.521568627451,0.588235294118,0.894117647059,0.658823529412,0.470588235294,0.725490196078,0.556862745098,0.360784313725,0.580392156863,0.435294117647,0.258823529412,0.427450980392,0.317647058824,0.172549019608,0.286274509804,0.21568627451,0.0862745098039,0.164705882353,0.117647058824,20.6,-9.0,1.0
White LED torch (LED-B3),Morphine monohydrate,positive,0.00392156862745,0.176470588235,0.113725490196,0.305882352941,0.290196078431,0.105882352941,0.564705882353,0.541176470588,0.305882352941,0.0666666666667,0.41568627451,0.478431372549,0.156862745098,0.388235294118,0.0274509803922,0.270588235294,0.447058823529,0.537254901961,0.00392156862745,0.690196078431,0.474509803922,0.662745098039,0.470588235294,0.0,0.0078431372549,0.278431372549,0.533333333333,0.596078431373,0.309803921569,0.235294117647,0.207843137255,0.196078431373,0.309803921569,0.325490196078,0.709803921569,0.0,0.658823529412,0.627450980392,0.0,0.00392156862745,0.152941176471,0.466666666667,0.0,0.533333333333,0.0,0.533333333333,0.207843137255,0.078431372549,0.654901960784,0.760784313725,0.00392156862745,0.552941176471,0.301960784314,0.447058823529,0.0,0.454901960784,0.521568627451,0.588235294118,0.894117647059,0.658823529412,0.470588235294,0.725490196078,0.556862745098,0.360784313725,0.580392156863,0.435294117647,0.258823529412,0.427450980392,0.317647058824,0.172549019608,0.286274509804,0.21568627451,0.0862745098039,0.164705882353,0.117647058824,20.5,-9.6,2.3
Incandescent bulb (A),Hydrocodone tartrate,positive,0.0,0.254901960784,0.239215686275,0.388235294118,0.286274509804,0.180392156863,0.698039215686,0.521568627451,0.4,0.282352941176,0.396078431373,0.458823529412,0.282352941176,0.372549019608,0.160784313725,0.435294117647,0.419607843137,0.513725490196,0.278431372549,0.639215686275,0.541176470588,0.764705882353,0.478431372549,0.0352941176471,0.192156862745,0.262745098039,0.494117647059,0.705882352941,0.321568627451,0.278431372549,0.301960784314,0.192156862745,0.278431372549,0.513725490196,0.674509803922,0.160784313725,0.780392156863,0.611764705882,0.0,0.0666666666667,0.149019607843,0.423529411765,0.203921568627,0.505882352941,0.239215686275,0.654901960784,0.219607843137,0.176470588235,0.81568627451,0.741176470588,0.00392156862745,0.682352941176,0.301960784314,0.427450980392,0.00392156862745,0.41568627451,0.529411764706,0.827450980392,0.866666666667,0.729411764706,0.666666666667,0.705882352941,0.607843137255,0.525490196078,0.564705882353,0.470588235294,0.38431372549,0.41568627451,0.349019607843,0.258823529412,0.282352941176,0.239215686275,0.149019607843,0.160784313725,0.129411764706,31.0,-17.2,-5.9
Incandescent bulb (A),Contac,negative,0.407843137255,0.329411764706,0.0588235294118,0.388235294118,0.286274509804,0.180392156863,0.698039215686,0.521568627451,0.4,0.282352941176,0.396078431373,0.458823529412,0.282352941176,0.372549019608,0.160784313725,0.435294117647,0.419607843137,0.513725490196,0.278431372549,0.639215686275,0.541176470588,0.764705882353,0.478431372549,0.0352941176471,0.192156862745,0.262745098039,0.494117647059,0.705882352941,0.321568627451,0.278431372549,0.301960784314,0.192156862745,0.278431372549,0.513725490196,0.674509803922,0.160784313725,0.780392156863,0.611764705882,0.0,0.0666666666667,0.149019607843,0.423529411765,0.203921568627,0.505882352941,0.239215686275,0.654901960784,0.219607843137,0.176470588235,0.81568627451,0.741176470588,0.00392156862745,0.682352941176,0.301960784314,0.427450980392,0.00392156862745,0.41568627451,0.529411764706,0.827450980392,0.866666666667,0.729411764706,0.666666666667,0.705882352941,0.607843137255,0.525490196078,0.564705882353,0.470588235294,0.38431372549,0.41568627451,0.349019607843,0.258823529412,0.282352941176,0.239215686275,0.149019607843,0.160784313725,0.129411764706,40.6,7.5,37.0
Daylight (D65),Dristan,negative,0.639215686275,0.541176470588,0.00392156862745,0.411764705882,0.345098039216,0.247058823529,0.674509803922,0.58431372549,0.462745098039,0.305882352941,0.494117647059,0.549019607843,0.321568627451,0.435294117647,0.207843137255,0.439215686275,0.517647058824,0.611764705882,0.294117647059,0.725490196078,0.588235294118,0.749019607843,0.486274509804,0.0745098039216,0.188235294118,0.392156862745,0.588235294118,0.678431372549,0.364705882353,0.360784313725,0.321568627451,0.270588235294,0.372549019608,0.533333333333,0.705882352941,0.0274509803922,0.760784313725,0.607843137255,0.0,0.043137254902,0.286274509804,0.521568627451,0.247058823529,0.576470588235,0.23137254902,0.623529411765,0.250980392157,0.235294117647,0.780392156863,0.737254901961,0.0,0.650980392157,0.372549019608,0.529411764706,0.0,0.545098039216,0.596078431373,0.780392156863,0.894117647059,0.776470588235,0.650980392157,0.749019607843,0.662745098039,0.533333333333,0.623529411765,0.549019607843,0.411764705882,0.482352941176,0.427450980392,0.294117647059,0.352941176471,0.309803921569,0.188235294118,0.223529411765,0.192156862745,61.2,9.1,59.9
Daylight (D65),Morphine monohydrate,positive,0.0274509803922,0.243137254902,0.196078431373,0.411764705882,0.345098039216,0.247058823529,0.674509803922,0.58431372549,0.462745098039,0.305882352941,0.494117647059,0.549019607843,0.321568627451,0.435294117647,0.207843137255,0.439215686275,0.517647058824,0.611764705882,0.294117647059,0.725490196078,0.588235294118,0.749019607843,0.486274509804,0.0745098039216,0.188235294118,0.392156862745,0.588235294118,0.678431372549,0.364705882353,0.360784313725,0.321568627451,0.270588235294,0.372549019608,0.533333333333,0.705882352941,0.0274509803922,0.760784313725,0.607843137255,0.0,0.043137254902,0.286274509804,0.521568627451,0.247058823529,0.576470588235,0.23137254902,0.623529411765,0.250980392157,0.235294117647,0.780392156863,0.737254901961,0.0,0.650980392157,0.372549019608,0.529411764706,0.0,0.545098039216,0.596078431373,0.780392156863,0.894117647059,0.776470588235,0.650980392157,0.749019607843,0.662745098039,0.533333333333,0.623529411765,0.549019607843,0.411764705882,0.482352941176,0.427450980392,0.294117647059,0.352941176471,0.309803921569,0.188235294118,0.223529411765,0.192156862745,19.5,-18.0,-1.4
Tube light (FL2),Diacetylmorphine HCl,positive,0.0,0.325490196078,0.294117647059,0.439215686275,0.360784313725,0.23137254902,0.698039215686,0.580392156863,0.439215686275,0.352941176471,0.458823529412,0.545098039216,0.349019607843,0.439215686275,0.18431372549,0.462745098039,0.478431372549,0.6,0.392156862745,0.682352941176,0.576470588235,0.780392156863,0.549019607843,0.0,0.247058823529,0.329411764706,0.596078431373,0.682352941176,0.380392156863,0.349019607843,0.313725490196,0.254901960784,0.376470588235,0.58431372549,0.725490196078,0.00392156862745,0.788235294118,0.666666666667,0.00392156862745,0.101960784314,0.2,0.533333333333,0.325490196078,0.56862745098,0.23137254902,0.592156862745,0.282352941176,0.21568627451,0.819607843137,0.78431372549,0.00392156862745,0.635294117647,0.356862745098,0.521568627451,0.0156862745098,0.470588235294,0.6,0.843137254902,0.886274509804,0.764705882353,0.709803921569,0.749019607843,0.654901960784,0.58431372549,0.619607843137,0.537254901961,0.447058823529,0.482352941176,0.419607843137,0.325490196078,0.352941176471,0.313725490196,0.211764705882,0.223529411765,0.196078431373,30.4,-22.6,-3.3
Tube light (FL2),Codeine,positive,0.0549019607843,0.23137254902,0.196078431373,0.439215686275,0.360784313725,0.23137254902,0.698039215686,0.580392156863,0.439215686275,0.352941176471,0.458823529412,0.545098039216,0.349019607843,0.439215686275,0.18431372549,0.462745098039,0.478431372549,0.6,0.392156862745,0.682352941176,0.576470588235,0.780392156863,0.549019607843,0.0,0.247058823529,0.329411764706,0.596078431373,0.682352941176,0.380392156863,0.349019607843,0.313725490196,0.254901960784,0.376470588235,0.58431372549,0.725490196078,0.00392156862745,0.788235294118,0.666666666667,0.00392156862745,0.101960784314,0.2,0.533333333333,0.325490196078,0.56862745098,0.23137254902,0.592156862745,0.282352941176,0.21568627451,0.819607843137,0.78431372549,0.00392156862745,0.635294117647,0.356862745098,0.521568627451,0.0156862745098,0.470588235294,0.6,0.843137254902,0.886274509804,0.764705882353,0.709803921569,0.749019607843,0.654901960784,0.58431372549,0.619607843137,0.537254901961,0.447058823529,0.482352941176,0.419607843137,0.325490196078,0.352941176471,0.313725490196,0.211764705882,0.223529411765,0.196078431373,19.5,-18.6,-0.3
White LED torch (LED-B3),MDA HCl,positive,0.0078431372549,0.2,0.188235294118,0.439215686275,0.298039215686,0.223529411765,0.76862745098,0.541176470588,0.462745098039,0.305882352941,0.41568627451,0.623529411765,0.313725490196,0.41568627451,0.160784313725,0.470588235294,0.427450980392,0.698039215686,0.262745098039,0.701960784314,0.658823529412,0.862745098039,0.474509803922,0.00392156862745,0.192156862745,0.235294117647,0.686274509804,0.78431372549,0.282352941176,0.345098039216,0.325490196078,0.176470588235,0.407843137255,0.572549019608,0.741176470588,0.00392156862745,0.882352941176,0.639215686275,0.0,0.0392156862745,0.0509803921569,0.603921568627,0.192156862745,0.56862745098,0.180392156863,0.698039215686,0.164705882353,0.176470588235,0.901960784314,0.788235294118,0.0,0.741176470588,0.23137254902,0.592156862745,0.0,0.454901960784,0.686274509804,0.898039215686,0.890196078431,0.901960784314,0.733333333333,0.733333333333,0.752941176471,0.588235294118,0.592156862745,0.607843137255,0.435294117647,0.439215686275,0.454901960784,0.301960784314,0.305882352941,0.321568627451,0.180392156863,0.176470588235,0.18431372549,20.0,-15.4,-0.2
White LED torch (LED-B3),Morphine monohydrate,positive,0.0078431372549,0.2,0.192156862745,0.439215686275,0.298039215686,0.223529411765,0.76862745098,0.541176470588,0.462745098039,0.305882352941,0.41568627451,0.623529411765,0.313725490196,0.41568627451,0.160784313725,0.470588235294,0.427450980392,0.698039215686,0.262745098039,0.701960784314,0.658823529412,0.862745098039,0.474509803922,0.00392156862745,0.192156862745,0.235294117647,0.686274509804,0.78431372549,0.282352941176,0.345098039216,0.325490196078,0.176470588235,0.407843137255,0.572549019608,0.741176470588,0.00392156862745,0.882352941176,0.639215686275,0.0,0.0392156862745,0.0509803921569,0.603921568627,0.192156862745,0.56862745098,0.180392156863,0.698039215686,0.164705882353,0.176470588235,0.901960784314,0.788235294118,0.0,0.741176470588,0.23137254902,0.592156862745,0.0,0.454901960784,0.686274509804,0.898039215686,0.890196078431,0.901960784314,0.733333333333,0.733333333333,0.752941176471,0.588235294118,0.592156862745,0.607843137255,0.435294117647,0.439215686275,0.454901960784,0.301960784314,0.305882352941,0.321568627451,0.180392156863,0.176470588235,0.18431372549,20.1,-15.2,-0.7
Incandescent bulb (A),Exedrine,negative,0.576470588235,0.537254901961,0.0235294117647,0.443137254902,0.301960784314,0.0705882352941,0.76862745098,0.541176470588,0.266666666667,0.298039215686,0.43137254902,0.447058823529,0.294117647059,0.4,0.0117647058824,0.474509803922,0.450980392157,0.498039215686,0.16862745098,0.682352941176,0.458823529412,0.850980392157,0.478431372549,0.0,0.203921568627,0.305882352941,0.498039215686,0.792156862745,0.305882352941,0.156862745098,0.349019607843,0.203921568627,0.270588235294,0.517647058824,0.705882352941,0.0,0.843137254902,0.611764705882,0.0,0.0627450980392,0.188235294118,0.443137254902,0.101960784314,0.545098039216,0.0196078431373,0.733333333333,0.172549019608,0.0196078431373,0.870588235294,0.756862745098,0.00392156862745,0.772549019608,0.286274509804,0.396078431373,0.0,0.462745098039,0.517647058824,0.870588235294,0.898039215686,0.592156862745,0.705882352941,0.737254901961,0.501960784314,0.560784313725,0.588235294118,0.388235294118,0.41568627451,0.439215686275,0.290196078431,0.286274509804,0.301960784314,0.196078431373,0.16862745098,0.176470588235,0.101960784314,59.6,-2.7,42.1
Incandescent bulb (A),Propoxyphene HCl,negative,0.329411764706,0.117647058824,0.0117647058824,0.443137254902,0.301960784314,0.0705882352941,0.76862745098,0.541176470588,0.266666666667,0.298039215686,0.43137254902,0.447058823529,0.294117647059,0.4,0.0117647058824,0.474509803922,0.450980392157,0.498039215686,0.16862745098,0.682352941176,0.458823529412,0.850980392157,0.478431372549,0.0,0.203921568627,0.305882352941,0.498039215686,0.792156862745,0.305882352941,0.156862745098,0.349019607843,0.203921568627,0.270588235294,0.517647058824,0.705882352941,0.0,0.843137254902,0.611764705882,0.0,0.0627450980392,0.188235294118,0.443137254902,0.101960784314,0.545098039216,0.0196078431373,0.733333333333,0.172549019608,0.0196078431373,0.870588235294,0.756862745098,0.00392156862745,0.772549019608,0.286274509804,0.396078431373,0.0,0.462745098039,0.517647058824,0.870588235294,0.898039215686,0.592156862745,0.705882352941,0.737254901961,0.501960784314,0.560784313725,0.588235294118,0.388235294118,0.41568627451,0.439215686275,0.290196078431,0.286274509804,0.301960784314,0.196078431373,0.16862745098,0.176470588235,0.101960784314,19.5,24.9,15.0
Daylight (D65),Morphine monohydrate,positive,0.0117647058824,0.2,0.180392156863,0.380392156863,0.290196078431,0.223529411765,0.639215686275,0.517647058824,0.439215686275,0.23137254902,0.43137254902,0.552941176471,0.266666666667,0.380392156863,0.172549019608,0.380392156863,0.447058823529,0.619607843137,0.125490196078,0.662745098039,0.592156862745,0.721568627451,0.419607843137,0.00392156862745,0.101960784314,0.317647058824,0.603921568627,0.658823529412,0.286274509804,0.333333333333,0.286274509804,0.207843137255,0.364705882353,0.470588235294,0.654901960784,0.0,0.729411764706,0.552941176471,0.0,0.0117647058824,0.211764705882,0.537254901961,0.129411764706,0.529411764706,0.196078431373,0.603921568627,0.176470588235,0.196078431373,0.752941176471,0.686274509804,0.00392156862745,0.623529411765,0.286274509804,0.525490196078,0.0,0.482352941176,0.611764705882,0.733333333333,0.839215686275,0.811764705882,0.596078431373,0.694117647059,0.678431372549,0.482352941176,0.560784313725,0.552941176471,0.360784313725,0.423529411765,0.419607843137,0.247058823529,0.301960784314,0.298039215686,0.145098039216,0.180392156863,0.18431372549,20.0,-14.5,1.0
Daylight (D65),Opium,negative,0.152941176471,0.176470588235,0.101960784314,0.380392156863,0.290196078431,0.223529411765,0.639215686275,0.517647058824,0.439215686275,0.23137254902,0.43137254902,0.552941176471,0.266666666667,0.380392156863,0.172549019608,0.380392156863,0.447058823529,0.619607843137,0.125490196078,0.662745098039,0.592156862745,0.721568627451,0.419607843137,0.00392156862745,0.101960784314,0.317647058824,0.603921568627,0.658823529412,0.286274509804,0.333333333333,0.286274509804,0.207843137255,0.364705882353,0.470588235294,0.654901960784,0.0,0.729411764706,0.552941176471,0.0,0.0117647058824,0.211764705882,0.537254901961,0.129411764706,0.529411764706,0.196078431373,0.603921568627,0.176470588235,0.196078431373,0.752941176471,0.686274509804,0.00392156862745,0.623529411765,0.286274509804,0.525490196078,0.0,0.482352941176,0.611764705882,0.733333333333,0.839215686275,0.811764705882,0.596078431373,0.694117647059,0.678431372549,0.482352941176,0.560784313725,0.552941176471,0.360784313725,0.423529411765,0.419607843137,0.247058823529,0.301960784314,0.298039215686,0.145098039216,0.180392156863,0.18431372549,19.4,-3.0,16.2
Tube light (FL2),Codeine,positive,0.0156862745098,0.2,0.156862745098,0.4,0.333333333333,0.164705882353,0.701960784314,0.596078431373,0.388235294118,0.274509803922,0.450980392157,0.541176470588,0.286274509804,0.427450980392,0.0823529411765,0.41568627451,0.478431372549,0.611764705882,0.274509803922,0.729411764706,0.56862745098,0.811764705882,0.552941176471,0.0,0.156862745098,0.301960784314,0.6,0.698039215686,0.352941176471,0.290196078431,0.266666666667,0.21568627451,0.349019607843,0.545098039216,0.772549019608,0.0,0.81568627451,0.701960784314,0.0,0.0274509803922,0.164705882353,0.533333333333,0.211764705882,0.580392156863,0.0862745098039,0.58431372549,0.243137254902,0.141176470588,0.847058823529,0.847058823529,0.00392156862745,0.639215686275,0.329411764706,0.513725490196,0.00392156862745,0.466666666667,0.607843137255,0.850980392157,0.980392156863,0.78431372549,0.690196078431,0.803921568627,0.654901960784,0.545098039216,0.639215686275,0.517647058824,0.403921568627,0.474509803922,0.380392156863,0.270588235294,0.325490196078,0.262745098039,0.152941176471,0.192156862745,0.145098039216,19.7,-13.6,-1.9
Tube light (FL2),Hydrocodone tartrate,positive,0.627450980392,0.803921568627,0.650980392157,0.4,0.333333333333,0.164705882353,0.701960784314,0.596078431373,0.388235294118,0.274509803922,0.450980392157,0.541176470588,0.286274509804,0.427450980392,0.0823529411765,0.41568627451,0.478431372549,0.611764705882,0.274509803922,0.729411764706,0.56862745098,0.811764705882,0.552941176471,0.0,0.156862745098,0.301960784314,0.6,0.698039215686,0.352941176471,0.290196078431,0.266666666667,0.21568627451,0.349019607843,0.545098039216,0.772549019608,0.0,0.81568627451,0.701960784314,0.0,0.0274509803922,0.164705882353,0.533333333333,0.211764705882,0.580392156863,0.0862745098039,0.58431372549,0.243137254902,0.141176470588,0.847058823529,0.847058823529,0.00392156862745,0.639215686275,0.329411764706,0.513725490196,0.00392156862745,0.466666666667,0.607843137255,0.850980392157,0.980392156863,0.78431372549,0.690196078431,0.803921568627,0.654901960784,0.545098039216,0.639215686275,0.517647058824,0.403921568627,0.474509803922,0.380392156863,0.270588235294,0.325490196078,0.262745098039,0.152941176471,0.192156862745,0.145098039216,68.1,-8.6,0.9
White LED torch (LED-B3),Codeine,positive,0.0078431372549,0.203921568627,0.160784313725,0.376470588235,0.317647058824,0.196078431373,0.639215686275,0.552941176471,0.4,0.239215686275,0.435294117647,0.517647058824,0.262745098039,0.411764705882,0.149019607843,0.380392156863,0.454901960784,0.580392156863,0.188235294118,0.678431372549,0.545098039216,0.725490196078,0.498039215686,0.00392156862745,0.129411764706,0.301960784314,0.56862745098,0.650980392157,0.341176470588,0.313725490196,0.270588235294,0.219607843137,0.345098039216,0.474509803922,0.705882352941,0.0,0.721568627451,0.627450980392,0.0,0.0117647058824,0.172549019608,0.509803921569,0.152941176471,0.552941176471,0.164705882353,0.58431372549,0.239215686275,0.176470588235,0.745098039216,0.760784313725,0.00392156862745,0.607843137255,0.321568627451,0.498039215686,0.0,0.462745098039,0.564705882353,0.737254901961,0.882352941176,0.749019607843,0.6,0.729411764706,0.635294117647,0.482352941176,0.592156862745,0.505882352941,0.364705882353,0.447058823529,0.388235294118,0.250980392157,0.317647058824,0.270588235294,0.149019607843,0.188235294118,0.156862745098,20.0,-14.9,-0.5
White LED torch (LED-B3),Codeine,positive,0.0078431372549,0.203921568627,0.160784313725,0.376470588235,0.317647058824,0.196078431373,0.639215686275,0.552941176471,0.4,0.239215686275,0.435294117647,0.517647058824,0.262745098039,0.411764705882,0.149019607843,0.380392156863,0.454901960784,0.580392156863,0.188235294118,0.678431372549,0.545098039216,0.725490196078,0.498039215686,0.00392156862745,0.129411764706,0.301960784314,0.56862745098,0.650980392157,0.341176470588,0.313725490196,0.270588235294,0.219607843137,0.345098039216,0.474509803922,0.705882352941,0.0,0.721568627451,0.627450980392,0.0,0.0117647058824,0.172549019608,0.509803921569,0.152941176471,0.552941176471,0.164705882353,0.58431372549,0.239215686275,0.176470588235,0.745098039216,0.760784313725,0.00392156862745,0.607843137255,0.321568627451,0.498039215686,0.0,0.462745098039,0.564705882353,0.737254901961,0.882352941176,0.749019607843,0.6,0.729411764706,0.635294117647,0.482352941176,0.592156862745,0.505882352941,0.364705882353,0.447058823529,0.388235294118,0.250980392157,0.317647058824,0.270588235294,0.149019607843,0.188235294118,0.156862745098,20.0,-14.9,-0.5
Incandescent bulb (A),Hydrocodone tartrate,positive,0.0,0.278431372549,0.286274509804,0.443137254902,0.301960784314,0.207843137255,0.760784313725,0.533333333333,0.450980392157,0.329411764706,0.403921568627,0.529411764706,0.321568627451,0.392156862745,0.188235294118,0.490196078431,0.423529411765,0.588235294118,0.309803921569,0.654901960784,0.607843137255,0.839215686275,0.486274509804,0.00392156862745,0.235294117647,0.262745098039,0.564705882353,0.780392156863,0.317647058824,0.317647058824,0.352941176471,0.192156862745,0.333333333333,0.564705882353,0.694117647059,0.145098039216,0.847058823529,0.619607843137,0.0,0.0941176470588,0.129411764706,0.494117647059,0.223529411765,0.533333333333,0.274509803922,0.725490196078,0.207843137255,0.188235294118,0.878431372549,0.749019607843,0.0,0.760784313725,0.286274509804,0.486274509804,0.00392156862745,0.427450980392,0.607843137255,0.894117647059,0.858823529412,0.8,0.725490196078,0.709803921569,0.666666666667,0.58431372549,0.56862745098,0.533333333333,0.439215686275,0.427450980392,0.407843137255,0.301960784314,0.298039215686,0.278431372549,0.18431372549,0.176470588235,0.160784313725,31.5,-17.8,-5.9
Incandescent bulb (A),Hydrocodone tartrate,positive,0.0,0.278431372549,0.286274509804,0.443137254902,0.301960784314,0.207843137255,0.760784313725,0.533333333333,0.450980392157,0.329411764706,0.403921568627,0.529411764706,0.321568627451,0.392156862745,0.188235294118,0.490196078431,0.423529411765,0.588235294118,0.309803921569,0.654901960784,0.607843137255,0.839215686275,0.486274509804,0.00392156862745,0.235294117647,0.262745098039,0.564705882353,0.780392156863,0.317647058824,0.317647058824,0.352941176471,0.192156862745,0.333333333333,0.564705882353,0.694117647059,0.145098039216,0.847058823529,0.619607843137,0.0,0.0941176470588,0.129411764706,0.494117647059,0.223529411765,0.533333333333,0.274509803922,0.725490196078,0.207843137255,0.188235294118,0.878431372549,0.749019607843,0.0,0.760784313725,0.286274509804,0.486274509804,0.00392156862745,0.427450980392,0.607843137255,0.894117647059,0.858823529412,0.8,0.725490196078,0.709803921569,0.666666666667,0.58431372549,0.56862745098,0.533333333333,0.439215686275,0.427450980392,0.407843137255,0.301960784314,0.298039215686,0.278431372549,0.18431372549,0.176470588235,0.160784313725,31.5,-17.8,-5.9
