Daylight (D65),Oxycodone HCl,positive,0.513725490196,0.494117647059,0.58431372549,0.38431372549,0.266666666667,0.223529411765,0.705882352941,0.517647058824,0.462745098039,0.313725490196,0.41568627451,0.545098039216,0.301960784314,0.360784313725,0.192156862745,0.450980392157,0.439215686275,0.623529411765,0.352941176471,0.678431372549,0.61568627451,0.78431372549,0.411764705882,0.152941176471,0.207843137255,0.294117647059,0.580392156863,0.705882352941,0.282352941176,0.345098039216,0.290196078431,0.188235294118,0.341176470588,0.556862745098,0.666666666667,0.192156862745,0.803921568627,0.556862745098,0.0823529411765,0.078431372549,0.188235294118,0.501960784314,0.274509803922,0.521568627451,0.247058823529,0.63137254902,0.172549019608,0.207843137255,0.854901960784,0.705882352941,0.0352941176471,0.666666666667,0.278431372549,0.521568627451,0.0235294117647,0.470588235294,0.603921568627,0.874509803922,0.874509803922,0.866666666667,0.709803921569,0.709803921569,0.709803921569,0.556862745098,0.564705882353,0.560784313725,0.403921568627,0.411764705882,0.407843137255,0.274509803922,0.282352941176,0.278431372549,0.152941176471,0.152941176471,0.152941176471,60.6,6.4,-10.9
Daylight (D65),Morphine monohydrate,positive,0.333333333333,0.164705882353,0.301960784314,0.38431372549,0.266666666667,0.223529411765,0.705882352941,0.517647058824,0.462745098039,0.313725490196,0.41568627451,0.545098039216,0.301960784314,0.360784313725,0.192156862745,0.450980392157,0.439215686275,0.623529411765,0.352941176471,0.678431372549,0.61568627451,0.78431372549,0.411764705882,0.152941176471,0.207843137255,0.294117647059,0.580392156863,0.705882352941,0.282352941176,0.345098039216,0.290196078431,0.188235294118,0.341176470588,0.556862745098,0.666666666667,0.192156862745,0.803921568627,0.556862745098,0.0823529411765,0.078431372549,0.188235294118,0.501960784314,0.274509803922,0.521568627451,0.247058823529,0.63137254902,0.172549019608,0.207843137255,0.854901960784,0.705882352941,0.0352941176471,0.666666666667,0.278431372549,0.521568627451,0.0235294117647,0.470588235294,0.603921568627,0.874509803922,0.874509803922,0.866666666667,0.709803921569,0.709803921569,0.709803921569,0.556862745098,0.564705882353,0.560784313725,0.403921568627,0.411764705882,0.407843137255,0.274509803922,0.282352941176,0.278431372549,0.152941176471,0.152941176471,0.152941176471,29.4,25.7,-12.9
Tube light (FL2),Meperidine HCl,negative,0.435294117647,0.301960784314,0.0196078431373,0.458823529412,0.36862745098,0.247058823529,0.745098039216,0.61568627451,0.494117647059,0.345098039216,0.470588235294,0.623529411765,0.349019607843,0.462745098039,0.207843137255,0.466666666667,0.490196078431,0.686274509804,0.36862745098,0.733333333333,0.662745098039,0.839215686275,0.580392156863,0.0,0.219607843137,0.309803921569,0.674509803922,0.741176470588,0.388235294118,0.376470588235,0.321568627451,0.243137254902,0.423529411765,0.603921568627,0.788235294118,0.00392156862745,0.847058823529,0.725490196078,0.0,0.0588235294118,0.152941176471,0.6,0.301960784314,0.607843137255,0.258823529412,0.63137254902,0.282352941176,0.227450980392,0.882352941176,0.858823529412,0.00392156862745,0.682352941176,0.349019607843,0.596078431373,0.0,0.486274509804,0.686274509804,0.886274509804,0.952941176471,0.878431372549,0.737254901961,0.8,0.756862745098,0.603921568627,0.654901960784,0.61568627451,0.466666666667,0.505882352941,0.474509803922,0.337254901961,0.360784313725,0.345098039216,0.207843137255,0.227450980392,0.211764705882,30.4,18.3,36.0
Tube light (FL2),d-Amphetamine HCl,negative,0.866666666667,0.552941176471,0.0,0.458823529412,0.36862745098,0.247058823529,0.745098039216,0.61568627451,0.494117647059,0.345098039216,0.470588235294,0.623529411765,0.349019607843,0.462745098039,0.207843137255,0.466666666667,0.490196078431,0.686274509804,0.36862745098,0.733333333333,0.662745098039,0.839215686275,0.580392156863,0.0,0.219607843137,0.309803921569,0.674509803922,0.741176470588,0.388235294118,0.376470588235,0.321568627451,0.243137254902,0.423529411765,0.603921568627,0.788235294118,0.00392156862745,0.847058823529,0.725490196078,0.0,0.0588235294118,0.152941176471,0.6,0.301960784314,0.607843137255,0.258823529412,0.63137254902,0.282352941176,0.227450980392,0.882352941176,0.858823529412,0.00392156862745,0.682352941176,0.349019607843,0.596078431373,0.0,0.486274509804,0.686274509804,0.886274509804,0.952941176471,0.878431372549,0.737254901961,0.8,0.756862745098,0.603921568627,0.654901960784,0.61568627451,0.466666666667,0.505882352941,0.474509803922,0.337254901961,0.360784313725,0.345098039216,0.207843137255,0.227450980392,0.211764705882,60.5,43.2,58.0
White LED torch (LED-B3),Chlorpromazine HCl,positive,0.352941176471,0.141176470588,0.258823529412,0.352941176471,0.270588235294,0.156862745098,0.654901960784,0.517647058824,0.360784313725,0.247058823529,0.392156862745,0.474509803922,0.250980392157,0.364705882353,0.113725490196,0.38431372549,0.419607843137,0.549019607843,0.247058823529,0.662745098039,0.505882352941,0.741176470588,0.458823529412,0.0,0.145098039216,0.254901960784,0.525490196078,0.662745098039,0.294117647059,0.266666666667,0.247058823529,0.176470588235,0.301960784314,0.494117647059,0.690196078431,0.0,0.764705882353,0.603921568627,0.0,0.0274509803922,0.133333333333,0.462745098039,0.180392156863,0.517647058824,0.121568627451,0.58431372549,0.188235294118,0.141176470588,0.796078431373,0.756862745098,0.0,0.623529411765,0.278431372549,0.458823529412,0.0,0.435294117647,0.533333333333,0.796078431373,0.894117647059,0.737254901961,0.643137254902,0.721568627451,0.611764705882,0.501960784314,0.564705882353,0.474509803922,0.360784313725,0.411764705882,0.345098039216,0.235294117647,0.274509803922,0.23137254902,0.133333333333,0.149019607843,0.125490196078,30.0,34.4,-11.4
White LED torch (LED-B3),Diacetylmorphine HCl,positive,0.427450980392,0.105882352941,0.203921568627,0.352941176471,0.270588235294,0.156862745098,0.654901960784,0.517647058824,0.360784313725,0.247058823529,0.392156862745,0.474509803922,0.250980392157,0.364705882353,0.113725490196,0.38431372549,0.419607843137,0.549019607843,0.247058823529,0.662745098039,0.505882352941,0.741176470588,0.458823529412,0.0,0.145098039216,0.254901960784,0.525490196078,0.662745098039,0.294117647059,0.266666666667,0.247058823529,0.176470588235,0.301960784314,0.494117647059,0.690196078431,0.0,0.764705882353,0.603921568627,0.0,0.0274509803922,0.133333333333,0.462745098039,0.180392156863,0.517647058824,0.121568627451,0.58431372549,0.188235294118,0.141176470588,0.796078431373,0.756862745098,0.0,0.623529411765,0.278431372549,0.458823529412,0.0,0.435294117647,0.533333333333,0.796078431373,0.894117647059,0.737254901961,0.643137254902,0.721568627451,0.611764705882,0.501960784314,0.564705882353,0.474509803922,0.360784313725,0.411764705882,0.345098039216,0.235294117647,0.274509803922,0.23137254902,0.133333333333,0.149019607843,0.125490196078,29.9,46.1,1.0
Incandescent bulb (A),Codeine,positive,0.243137254902,0.141176470588,0.2,0.435294117647,0.301960784314,0.152941176471,0.741176470588,0.525490196078,0.372549019608,0.298039215686,0.419607843137,0.501960784314,0.301960784314,0.396078431373,0.0980392156863,0.478431372549,0.435294117647,0.564705882353,0.192156862745,0.666666666667,0.552941176471,0.823529411765,0.474509803922,0.00392156862745,0.207843137255,0.282352941176,0.549019607843,0.76862745098,0.305882352941,0.254901960784,0.356862745098,0.196078431373,0.321568627451,0.525490196078,0.694117647059,0.0,0.827450980392,0.611764705882,0.00392156862745,0.0666666666667,0.152941176471,0.486274509804,0.121568627451,0.533333333333,0.180392156863,0.721568627451,0.18431372549,0.101960784314,0.850980392157,0.741176470588,0.00392156862745,0.756862745098,0.274509803922,0.458823529412,0.0,0.447058823529,0.580392156863,0.835294117647,0.850980392157,0.713725490196,0.686274509804,0.705882352941,0.588235294118,0.556862745098,0.572549019608,0.482352941176,0.41568627451,0.435294117647,0.356862745098,0.294117647059,0.301960784314,0.250980392157,0.176470588235,0.18431372549,0.141176470588,18.8,15.2,-11.5
Daylight (D65),Exedrine,negative,0.423529411765,0.141176470588,0.141176470588,0.376470588235,0.294117647059,0.219607843137,0.662745098039,0.549019607843,0.447058823529,0.250980392157,0.450980392157,0.545098039216,0.274509803922,0.392156862745,0.176470588235,0.396078431373,0.474509803922,0.611764705882,0.23137254902,0.709803921569,0.596078431373,0.749019607843,0.447058823529,0.0470588235294,0.137254901961,0.337254901961,0.592156862745,0.670588235294,0.309803921569,0.337254901961,0.278431372549,0.21568627451,0.352941176471,0.501960784314,0.698039215686,0.0352941176471,0.760784313725,0.58431372549,0.0,0.0156862745098,0.227450980392,0.517647058824,0.188235294118,0.549019607843,0.211764705882,0.607843137255,0.2,0.196078431373,0.792156862745,0.733333333333,0.0,0.635294117647,0.317647058824,0.521568627451,0.0,0.505882352941,0.6,0.78431372549,0.913725490196,0.83137254902,0.639215686275,0.749019607843,0.694117647059,0.505882352941,0.596078431373,0.556862745098,0.36862745098,0.443137254902,0.411764705882,0.250980392157,0.305882352941,0.282352941176,0.141176470588,0.176470588235,0.160784313725,29.7,37.6,18.6
Daylight (D65),Diacetylmorphine HCl,positive,0.447058823529,0.0862745098039,0.250980392157,0.376470588235,0.294117647059,0.219607843137,0.662745098039,0.549019607843,0.447058823529,0.250980392157,0.450980392157,0.545098039216,0.274509803922,0.392156862745,0.176470588235,0.396078431373,0.474509803922,0.611764705882,0.23137254902,0.709803921569,0.596078431373,0.749019607843,0.447058823529,0.0470588235294,0.137254901961,0.337254901961,0.592156862745,0.670588235294,0.309803921569,0.337254901961,0.278431372549,0.21568627451,0.352941176471,0.501960784314,0.698039215686,0.0352941176471,0.760784313725,0.58431372549,0.0,0.0156862745098,0.227450980392,0.517647058824,0.188235294118,0.549019607843,0.211764705882,0.607843137255,0.2,0.196078431373,0.792156862745,0.733333333333,0.0,0.635294117647,0.317647058824,0.521568627451,0.0,0.505882352941,0.6,0.78431372549,0.913725490196,0.83137254902,0.639215686275,0.749019607843,0.694117647059,0.505882352941,0.596078431373,0.556862745098,0.36862745098,0.443137254902,0.411764705882,0.250980392157,0.305882352941,0.282352941176,0.141176470588,0.176470588235,0.160784313725,29.3,47.7,-0.5
Tube light (FL2),Diacetylmorphine HCl,positive,0.427450980392,0.137254901961,0.176470588235,0.352941176471,0.278431372549,0.113725490196,0.643137254902,0.517647058824,0.305882352941,0.258823529412,0.392156862745,0.450980392157,0.258823529412,0.36862745098,0.0352941176471,0.38431372549,0.419607843137,0.521568627451,0.286274509804,0.654901960784,0.478431372549,0.737254901961,0.470588235294,0.0,0.156862745098,0.258823529412,0.505882352941,0.639215686275,0.298039215686,0.227450980392,0.235294117647,0.18431372549,0.286274509804,0.509803921569,0.690196078431,0.0,0.760784313725,0.623529411765,0.0,0.0392156862745,0.141176470588,0.439215686275,0.207843137255,0.505882352941,0.0235294117647,0.529411764706,0.196078431373,0.0941176470588,0.788235294118,0.752941176471,0.0,0.58431372549,0.286274509804,0.435294117647,0.0,0.41568627451,0.517647058824,0.792156862745,0.866666666667,0.647058823529,0.639215686275,0.709803921569,0.537254901961,0.501960784314,0.564705882353,0.423529411765,0.36862745098,0.411764705882,0.313725490196,0.247058823529,0.278431372549,0.207843137255,0.137254901961,0.156862745098,0.105882352941,30.7,45.9,4.3
Tube light (FL2),Codeine,positive,0.180392156863,0.121568627451,0.16862745098,0.352941176471,0.278431372549,0.113725490196,0.643137254902,0.517647058824,0.305882352941,0.258823529412,0.392156862745,0.450980392157,0.258823529412,0.36862745098,0.0352941176471,0.38431372549,0.419607843137,0.521568627451,0.286274509804,0.654901960784,0.478431372549,0.737254901961,0.470588235294,0.0,0.156862745098,0.258823529412,0.505882352941,0.639215686275,0.298039215686,0.227450980392,0.235294117647,0.18431372549,0.286274509804,0.509803921569,0.690196078431,0.0,0.760784313725,0.623529411765,0.0,0.0392156862745,0.141176470588,0.439215686275,0.207843137255,0.505882352941,0.0235294117647,0.529411764706,0.196078431373,0.0941176470588,0.788235294118,0.752941176471,0.0,0.58431372549,0.286274509804,0.435294117647,0.0,0.41568627451,0.517647058824,0.792156862745,0.866666666667,0.647058823529,0.639215686275,0.709803921569,0.537254901961,0.501960784314,0.564705882353,0.423529411765,0.36862745098,0.411764705882,0.313725490196,0.247058823529,0.278431372549,0.207843137255,0.137254901961,0.156862745098,0.105882352941,20.0,14.5,-10.4
White LED torch (LED-B3),Morphine monohydrate,positive,0.419607843137,0.176470588235,0.380392156863,0.486274509804,0.309803921569,0.227450980392,0.81568627451,0.549019607843,0.474509803922,0.360784313725,0.423529411765,0.627450980392,0.356862745098,0.419607843137,0.172549019608,0.521568627451,0.43137254902,0.698039215686,0.352941176471,0.705882352941,0.658823529412,0.913725490196,0.482352941176,0.0,0.247058823529,0.250980392157,0.690196078431,0.827450980392,0.282352941176,0.364705882353,0.356862745098,0.18431372549,0.423529411765,0.619607843137,0.741176470588,0.0,0.925490196078,0.635294117647,0.00392156862745,0.0941176470588,0.0627450980392,0.619607843137,0.258823529412,0.580392156863,0.188235294118,0.733333333333,0.160784313725,0.192156862745,0.956862745098,0.788235294118,0.0,0.780392156863,0.23137254902,0.603921568627,0.0,0.466666666667,0.686274509804,0.972549019608,0.894117647059,0.901960784314,0.796078431373,0.737254901961,0.756862745098,0.643137254902,0.596078431373,0.611764705882,0.486274509804,0.447058823529,0.458823529412,0.333333333333,0.317647058824,0.321568627451,0.203921568627,0.188235294118,0.192156862745,30.3,25.0,-14.0
Daylight (D65),Codeine,positive,0.219607843137,0.121568627451,0.223529411765,0.419607843137,0.270588235294,0.239215686275,0.733333333333,0.501960784314,0.470588235294,0.341176470588,0.411764705882,0.552941176471,0.333333333333,0.360784313725,0.2,0.470588235294,0.43137254902,0.627450980392,0.38431372549,0.658823529412,0.61568627451,0.807843137255,0.411764705882,0.145098039216,0.235294117647,0.298039215686,0.592156862745,0.725490196078,0.270588235294,0.352941176471,0.321568627451,0.18431372549,0.352941176471,0.592156862745,0.650980392157,0.164705882353,0.83137254902,0.541176470588,0.0196078431373,0.113725490196,0.18431372549,0.517647058824,0.298039215686,0.513725490196,0.247058823529,0.650980392157,0.160784313725,0.21568627451,0.874509803922,0.690196078431,0.0078431372549,0.698039215686,0.262745098039,0.529411764706,0.0470588235294,0.466666666667,0.607843137255,0.905882352941,0.843137254902,0.854901960784,0.737254901961,0.690196078431,0.717647058824,0.588235294118,0.552941176471,0.56862745098,0.435294117647,0.411764705882,0.427450980392,0.301960784314,0.278431372549,0.294117647059,0.172549019608,0.160784313725,0.16862745098,19.1,15.4,-11.3
Daylight (D65),Oxycodone HCl,positive,0.686274509804,0.607843137255,0.694117647059,0.419607843137,0.270588235294,0.239215686275,0.733333333333,0.501960784314,0.470588235294,0.341176470588,0.411764705882,0.552941176471,0.333333333333,0.360784313725,0.2,0.470588235294,0.43137254902,0.627450980392,0.38431372549,0.658823529412,0.61568627451,0.807843137255,0.411764705882,0.145098039216,0.235294117647,0.298039215686,0.592156862745,0.725490196078,0.270588235294,0.352941176471,0.321568627451,0.18431372549,0.352941176471,0.592156862745,0.650980392157,0.164705882353,0.83137254902,0.541176470588,0.0196078431373,0.113725490196,0.18431372549,0.517647058824,0.298039215686,0.513725490196,0.247058823529,0.650980392157,0.160784313725,0.21568627451,0.874509803922,0.690196078431,0.0078431372549,0.698039215686,0.262745098039,0.529411764706,0.0470588235294,0.466666666667,0.607843137255,0.905882352941,0.843137254902,0.854901960784,0.737254901961,0.690196078431,0.717647058824,0.588235294118,0.552941176471,0.56862745098,0.435294117647,0.411764705882,0.427450980392,0.301960784314,0.278431372549,0.294117647059,0.172549019608,0.160784313725,0.16862745098,65.3,7.6,-9.7
Tube light (FL2),Oxycodone HCl,positive,0.513725490196,0.56862745098,0.580392156863,0.419607843137,0.364705882353,0.188235294118,0.686274509804,0.6,0.403921568627,0.290196078431,0.470588235294,0.560784313725,0.309803921569,0.450980392157,0.0980392156863,0.435294117647,0.498039215686,0.627450980392,0.274509803922,0.725490196078,0.572549019608,0.78431372549,0.560784313725,0.0,0.180392156863,0.337254901961,0.619607843137,0.690196078431,0.380392156863,0.313725490196,0.298039215686,0.254901960784,0.38431372549,0.545098039216,0.764705882353,0.0078431372549,0.788235294118,0.698039215686,0.0078431372549,0.0352941176471,0.2,0.560784313725,0.23137254902,0.592156862745,0.109803921569,0.603921568627,0.274509803922,0.172549019608,0.811764705882,0.827450980392,0.0,0.643137254902,0.356862745098,0.533333333333,0.00392156862745,0.490196078431,0.623529411765,0.811764705882,0.933333333333,0.760784313725,0.670588235294,0.788235294118,0.654901960784,0.549019607843,0.647058823529,0.529411764706,0.423529411765,0.494117647059,0.411764705882,0.305882352941,0.360784313725,0.294117647059,0.18431372549,0.223529411765,0.180392156863,61.2,6.6,-11.0
Tube light (FL2),Codeine,positive,0.721568627451,0.823529411765,0.682352941176,0.419607843137,0.364705882353,0.188235294118,0.686274509804,0.6,0.403921568627,0.290196078431,0.470588235294,0.560784313725,0.309803921569,0.450980392157,0.0980392156863,0.435294117647,0.498039215686,0.627450980392,0.274509803922,0.725490196078,0.572549019608,0.78431372549,0.560784313725,0.0,0.180392156863,0.337254901961,0.619607843137,0.690196078431,0.380392156863,0.313725490196,0.298039215686,0.254901960784,0.38431372549,0.545098039216,0.764705882353,0.0078431372549,0.788235294118,0.698039215686,0.0078431372549,0.0352941176471,0.2,0.560784313725,0.23137254902,0.592156862745,0.109803921569,0.603921568627,0.274509803922,0.172549019608,0.811764705882,0.827450980392,0.0,0.643137254902,0.356862745098,0.533333333333,0.00392156862745,0.490196078431,0.623529411765,0.811764705882,0.933333333333,0.760784313725,0.670588235294,0.788235294118,0.654901960784,0.549019607843,0.647058823529,0.529411764706,0.423529411765,0.494117647059,0.411764705882,0.305882352941,0.360784313725,0.294117647059,0.18431372549,0.223529411765,0.180392156863,66.4,2.5,2.2
White LED torch (LED-B3),Codeine,positive,0.188235294118,0.0901960784314,0.211764705882,0.36862745098,0.247058823529,0.164705882353,0.678431372549,0.474509803922,0.392156862745,0.23137254902,0.356862745098,0.549019607843,0.243137254902,0.352941176471,0.109803921569,0.392156862745,0.36862745098,0.627450980392,0.137254901961,0.635294117647,0.588235294118,0.772549019608,0.41568627451,0.00392156862745,0.121568627451,0.192156862745,0.607843137255,0.694117647059,0.23137254902,0.286274509804,0.258823529412,0.137254901961,0.345098039216,0.482352941176,0.670588235294,0.00392156862745,0.796078431373,0.576470588235,0.00392156862745,0.0156862745098,0.0352941176471,0.525490196078,0.0901960784314,0.498039215686,0.105882352941,0.611764705882,0.121568627451,0.121568627451,0.81568627451,0.721568627451,0.0,0.658823529412,0.188235294118,0.525490196078,0.0,0.396078431373,0.61568627451,0.792156862745,0.819607843137,0.819607843137,0.63137254902,0.666666666667,0.674509803922,0.505882352941,0.521568627451,0.537254901961,0.364705882353,0.380392156863,0.392156862745,0.239215686275,0.254901960784,0.266666666667,0.133333333333,0.141176470588,0.141176470588,19.5,14.9,-10.9
White LED torch (LED-B3),Dristan,negative,0.286274509804,0.192156862745,0.180392156863,0.36862745098,0.247058823529,0.164705882353,0.678431372549,0.474509803922,0.392156862745,0.23137254902,0.356862745098,0.549019607843,0.243137254902,0.352941176471,0.109803921569,0.392156862745,0.36862745098,0.627450980392,0.137254901961,0.635294117647,0.588235294118,0.772549019608,0.41568627451,0.00392156862745,0.121568627451,0.192156862745,0.607843137255,0.694117647059,0.23137254902,0.286274509804,0.258823529412,0.137254901961,0.345098039216,0.482352941176,0.670588235294,0.00392156862745,0.796078431373,0.576470588235,0.00392156862745,0.0156862745098,0.0352941176471,0.525490196078,0.0901960784314,0.498039215686,0.105882352941,0.611764705882,0.121568627451,0.121568627451,0.81568627451,0.721568627451,0.0,0.658823529412,0.188235294118,0.525490196078,0.0,0.396078431373,0.61568627451,0.792156862745,0.819607843137,0.819607843137,0.63137254902,0.666666666667,0.674509803922,0.505882352941,0.521568627451,0.537254901961,0.364705882353,0.380392156863,0.392156862745,0.239215686275,0.254901960784,0.266666666667,0.133333333333,0.141176470588,0.141176470588,30.0,10.7,8.1
Incandescent bulb (A),Morphine monohydrate,positive,0.458823529412,0.247058823529,0.298039215686,0.517647058824,0.356862745098,0.141176470588,0.843137254902,0.588235294118,0.36862745098,0.392156862745,0.482352941176,0.505882352941,0.380392156863,0.450980392157,0.0509803921569,0.56862745098,0.505882352941,0.556862745098,0.349019607843,0.733333333333,0.533333333333,0.913725490196,0.529411764706,0.0,0.294117647059,0.352941176471,0.560784313725,0.862745098039,0.352941176471,0.250980392157,0.423529411765,0.254901960784,0.333333333333,0.623529411765,0.752941176471,0.00392156862745,0.921568627451,0.670588235294,0.00392156862745,0.149019607843,0.23137254902,0.505882352941,0.258823529412,0.596078431373,0.109803921569,0.811764705882,0.223529411765,0.101960784314,0.956862745098,0.796078431373,0.00392156862745,0.847058823529,0.341176470588,0.466666666667,0.00392156862745,0.517647058824,0.588235294118,0.964705882353,0.921568627451,0.670588235294,0.803921568627,0.780392156863,0.576470588235,0.658823529412,0.643137254902,0.466666666667,0.505882352941,0.494117647059,0.364705882353,0.372549019608,0.356862745098,0.258823529412,0.235294117647,0.223529411765,0.152941176471,30.4,22.4,-11.4
Daylight (D65),Propoxyphene HCl,positive,0.270588235294,0.2,0.262745098039,0.466666666667,0.341176470588,0.282352941176,0.741176470588,0.576470588235,0.513725490196,0.309803921569,0.498039215686,0.650980392157,0.345098039216,0.454901960784,0.223529411765,0.482352941176,0.509803921569,0.721568627451,0.243137254902,0.745098039216,0.686274509804,0.83137254902,0.478431372549,0.0,0.192156862745,0.372549019608,0.705882352941,0.76862745098,0.333333333333,0.407843137255,0.36862745098,0.254901960784,0.454901960784,0.572549019608,0.737254901961,0.0,0.850980392157,0.623529411765,0.0,0.0313725490196,0.258823529412,0.63137254902,0.211764705882,0.607843137255,0.250980392157,0.709803921569,0.211764705882,0.254901960784,0.866666666667,0.760784313725,0.0,0.741176470588,0.329411764706,0.627450980392,0.0,0.564705882353,0.709803921569,0.843137254902,0.898039215686,0.898039215686,0.705882352941,0.764705882353,0.776470588235,0.588235294118,0.63137254902,0.639215686275,0.454901960784,0.494117647059,0.501960784314,0.329411764706,0.36862745098,0.376470588235,0.211764705882,0.235294117647,0.243137254902,19.2,11.5,-3.4
Daylight (D65),Morphine monohydrate,positive,0.423529411765,0.235294117647,0.423529411765,0.466666666667,0.341176470588,0.282352941176,0.741176470588,0.576470588235,0.513725490196,0.309803921569,0.498039215686,0.650980392157,0.345098039216,0.454901960784,0.223529411765,0.482352941176,0.509803921569,0.721568627451,0.243137254902,0.745098039216,0.686274509804,0.83137254902,0.478431372549,0.0,0.192156862745,0.372549019608,0.705882352941,0.76862745098,0.333333333333,0.407843137255,0.36862745098,0.254901960784,0.454901960784,0.572549019608,0.737254901961,0.0,0.850980392157,0.623529411765,0.0,0.0313725490196,0.258823529412,0.63137254902,0.211764705882,0.607843137255,0.250980392157,0.709803921569,0.211764705882,0.254901960784,0.866666666667,0.760784313725,0.0,0.741176470588,0.329411764706,0.627450980392,0.0,0.564705882353,0.709803921569,0.843137254902,0.898039215686,0.898039215686,0.705882352941,0.764705882353,0.776470588235,0.588235294118,0.63137254902,0.639215686275,0.454901960784,0.494117647059,0.501960784314,0.329411764706,0.36862745098,0.376470588235,0.211764705882,0.235294117647,0.243137254902,29.9,26.6,-13.9
Tube light (FL2),Chlorpromazine HCl,positive,0.41568627451,0.211764705882,0.325490196078,0.419607843137,0.333333333333,0.23137254902,0.705882352941,0.56862745098,0.458823529412,0.349019607843,0.435294117647,0.549019607843,0.341176470588,0.423529411765,0.207843137255,0.462745098039,0.458823529412,0.61568627451,0.419607843137,0.682352941176,0.611764705882,0.78431372549,0.533333333333,0.0274509803922,0.239215686275,0.286274509804,0.588235294118,0.686274509804,0.360784313725,0.349019607843,0.298039215686,0.223529411765,0.364705882353,0.603921568627,0.725490196078,0.121568627451,0.81568627451,0.674509803922,0.0,0.101960784314,0.149019607843,0.513725490196,0.325490196078,0.549019607843,0.254901960784,0.580392156863,0.258823529412,0.21568627451,0.847058823529,0.792156862745,0.0,0.635294117647,0.333333333333,0.525490196078,0.0627450980392,0.447058823529,0.607843137255,0.866666666667,0.886274509804,0.803921568627,0.721568627451,0.737254901961,0.682352941176,0.588235294118,0.6,0.552941176471,0.447058823529,0.458823529412,0.423529411765,0.313725490196,0.325490196078,0.301960784314,0.192156862745,0.196078431373,0.180392156863,31.3,33.5,-9.2
Tube light (FL2),Oxycodone HCl,positive,0.556862745098,0.533333333333,0.58431372549,0.419607843137,0.333333333333,0.23137254902,0.705882352941,0.56862745098,0.458823529412,0.349019607843,0.435294117647,0.549019607843,0.341176470588,0.423529411765,0.207843137255,0.462745098039,0.458823529412,0.61568627451,0.419607843137,0.682352941176,0.611764705882,0.78431372549,0.533333333333,0.0274509803922,0.239215686275,0.286274509804,0.588235294118,0.686274509804,0.360784313725,0.349019607843,0.298039215686,0.223529411765,0.364705882353,0.603921568627,0.725490196078,0.121568627451,0.81568627451,0.674509803922,0.0,0.101960784314,0.149019607843,0.513725490196,0.325490196078,0.549019607843,0.254901960784,0.580392156863,0.258823529412,0.21568627451,0.847058823529,0.792156862745,0.0,0.635294117647,0.333333333333,0.525490196078,0.0627450980392,0.447058823529,0.607843137255,0.866666666667,0.886274509804,0.803921568627,0.721568627451,0.737254901961,0.682352941176,0.588235294118,0.6,0.552941176471,0.447058823529,0.458823529412,0.423529411765,0.313725490196,0.325490196078,0.301960784314,0.192156862745,0.196078431373,0.180392156863,61.6,7.4,-10.3
White LED torch (LED-B3),Oxycodone HCl,positive,0.470588235294,0.41568627451,0.545098039216,0.36862745098,0.254901960784,0.192156862745,0.666666666667,0.474509803922,0.41568627451,0.270588235294,0.349019607843,0.517647058824,0.266666666667,0.341176470588,0.160784313725,0.396078431373,0.356862745098,0.580392156863,0.282352941176,0.596078431373,0.556862745098,0.752941176471,0.423529411765,0.0078431372549,0.172549019608,0.196078431373,0.572549019608,0.666666666667,0.250980392157,0.305882352941,0.258823529412,0.141176470588,0.325490196078,0.501960784314,0.635294117647,0.0235294117647,0.752941176471,0.545098039216,0.0,0.0470588235294,0.0509803921569,0.498039215686,0.211764705882,0.482352941176,0.2,0.58431372549,0.156862745098,0.16862745098,0.796078431373,0.690196078431,0.00392156862745,0.61568627451,0.211764705882,0.490196078431,0.0,0.36862745098,0.56862745098,0.819607843137,0.8,0.807843137255,0.654901960784,0.643137254902,0.670588235294,0.513725490196,0.505882352941,0.525490196078,0.372549019608,0.36862745098,0.380392156863,0.247058823529,0.247058823529,0.254901960784,0.137254901961,0.133333333333,0.141176470588,59.7,7.6,-11.3
White LED torch (LED-B3),Oxycodone HCl,positive,0.509803921569,0.454901960784,0.580392156863,0.36862745098,0.254901960784,0.192156862745,0.666666666667,0.474509803922,0.41568627451,0.270588235294,0.349019607843,0.517647058824,0.266666666667,0.341176470588,0.160784313725,0.396078431373,0.356862745098,0.580392156863,0.282352941176,0.596078431373,0.556862745098,0.752941176471,0.423529411765,0.0078431372549,0.172549019608,0.196078431373,0.572549019608,0.666666666667,0.250980392157,0.305882352941,0.258823529412,0.141176470588,0.325490196078,0.501960784314,0.635294117647,0.0235294117647,0.752941176471,0.545098039216,0.0,0.0470588235294,0.0509803921569,0.498039215686,0.211764705882,0.482352941176,0.2,0.58431372549,0.156862745098,0.16862745098,0.796078431373,0.690196078431,0.00392156862745,0.61568627451,0.211764705882,0.490196078431,0.0,0.36862745098,0.56862745098,0.819607843137,0.8,0.807843137255,0.654901960784,0.643137254902,0.670588235294,0.513725490196,0.505882352941,0.525490196078,0.372549019608,0.36862745098,0.380392156863,0.247058823529,0.247058823529,0.254901960784,0.137254901961,0.133333333333,0.141176470588,59.8,8.1,-11.7
Incandescent bulb (A),Oxycodone HCl,positive,0.545098039216,0.494117647059,0.529411764706,0.411764705882,0.286274509804,0.18431372549,0.749019607843,0.533333333333,0.419607843137,0.313725490196,0.4,0.494117647059,0.298039215686,0.380392156863,0.160784313725,0.470588235294,0.427450980392,0.560784313725,0.305882352941,0.666666666667,0.58431372549,0.83137254902,0.482352941176,0.0196078431373,0.21568627451,0.254901960784,0.525490196078,0.764705882353,0.317647058824,0.294117647059,0.325490196078,0.180392156863,0.298039215686,0.552941176471,0.701960784314,0.164705882353,0.850980392157,0.627450980392,0.0,0.0823529411765,0.129411764706,0.447058823529,0.219607843137,0.521568627451,0.254901960784,0.705882352941,0.207843137255,0.172549019608,0.882352941176,0.772549019608,0.0,0.745098039216,0.290196078431,0.458823529412,0.0,0.423529411765,0.572549019608,0.901960784314,0.894117647059,0.796078431373,0.721568627451,0.729411764706,0.647058823529,0.56862745098,0.572549019608,0.509803921569,0.411764705882,0.41568627451,0.364705882353,0.278431372549,0.282352941176,0.250980392157,0.156862745098,0.156862745098,0.137254901961,61.0,6.3,-9.8
Incandescent bulb (A),LSD,negative,0.156862745098,0.160784313725,0.078431372549,0.411764705882,0.286274509804,0.18431372549,0.749019607843,0.533333333333,0.419607843137,0.313725490196,0.4,0.494117647059,0.298039215686,0.380392156863,0.160784313725,0.470588235294,0.427450980392,0.560784313725,0.305882352941,0.666666666667,0.58431372549,0.83137254902,0.482352941176,0.0196078431373,0.21568627451,0.254901960784,0.525490196078,0.764705882353,0.317647058824,0.294117647059,0.325490196078,0.180392156863,0.298039215686,0.552941176471,0.701960784314,0.164705882353,0.850980392157,0.627450980392,0.0,0.0823529411765,0.129411764706,0.447058823529,0.219607843137,0.521568627451,0.254901960784,0.705882352941,0.207843137255,0.172549019608,0.882352941176,0.772549019608,0.0,0.745098039216,0.290196078431,0.458823529412,0.0,0.423529411765,0.572549019608,0.901960784314,0.894117647059,0.796078431373,0.721568627451,0.729411764706,0.647058823529,0.56862745098,0.572549019608,0.509803921569,0.411764705882,0.41568627451,0.364705882353,0.278431372549,0.282352941176,0.250980392157,0.156862745098,0.156862745098,0.137254901961,19.7,-3.3,11.3
Daylight (D65),Methylphenidate HCl,negative,0.858823529412,0.741176470588,0.223529411765,0.41568627451,0.329411764706,0.239215686275,0.701960784314,0.580392156863,0.478431372549,0.21568627451,0.490196078431,0.619607843137,0.282352941176,0.439215686275,0.172549019608,0.407843137255,0.513725490196,0.698039215686,0.0156862745098,0.752941176471,0.654901960784,0.803921568627,0.470588235294,0.00392156862745,0.0627450980392,0.364705882353,0.678431372549,0.733333333333,0.325490196078,0.36862745098,0.313725490196,0.239215686275,0.41568627451,0.505882352941,0.745098039216,0.0,0.811764705882,0.623529411765,0.00392156862745,0.00392156862745,0.247058823529,0.596078431373,0.0588235294118,0.596078431373,0.180392156863,0.670588235294,0.2,0.203921568627,0.827450980392,0.772549019608,0.0,0.698039215686,0.329411764706,0.592156862745,0.0,0.549019607843,0.678431372549,0.776470588235,0.937254901961,0.874509803922,0.643137254902,0.780392156863,0.752941176471,0.513725490196,0.635294117647,0.611764705882,0.388235294118,0.482352941176,0.466666666667,0.266666666667,0.345098039216,0.333333333333,0.160784313725,0.207843137255,0.2,80.5,7.7,60.9
White LED torch (LED-B3),Exedrine,negative,0.607843137255,0.588235294118,0.443137254902,0.396078431373,0.345098039216,0.192156862745,0.662745098039,0.596078431373,0.392156862745,0.266666666667,0.470588235294,0.513725490196,0.278431372549,0.439215686275,0.129411764706,0.407843137255,0.494117647059,0.576470588235,0.219607843137,0.721568627451,0.529411764706,0.752941176471,0.533333333333,0.00392156862745,0.149019607843,0.345098039216,0.56862745098,0.678431372549,0.376470588235,0.309803921569,0.286274509804,0.247058823529,0.345098039216,0.498039215686,0.741176470588,0.0,0.749019607843,0.658823529412,0.0,0.0156862745098,0.21568627451,0.509803921569,0.172549019608,0.58431372549,0.121568627451,0.607843137255,0.266666666667,0.176470588235,0.772549019608,0.8,0.0,0.635294117647,0.360784313725,0.494117647059,0.0,0.505882352941,0.556862745098,0.764705882353,0.933333333333,0.725490196078,0.627450980392,0.776470588235,0.61568627451,0.509803921569,0.63137254902,0.498039215686,0.38431372549,0.482352941176,0.380392156863,0.270588235294,0.345098039216,0.270588235294,0.164705882353,0.211764705882,0.160784313725,49.9,19.8,12.0
White LED torch (LED-B3),d-Amphetamine HCl,negative,0.776470588235,0.498039215686,0.00392156862745,0.396078431373,0.345098039216,0.192156862745,0.662745098039,0.596078431373,0.392156862745,0.266666666667,0.470588235294,0.513725490196,0.278431372549,0.439215686275,0.129411764706,0.407843137255,0.494117647059,0.576470588235,0.219607843137,0.721568627451,0.529411764706,0.752941176471,0.533333333333,0.00392156862745,0.149019607843,0.345098039216,0.56862745098,0.678431372549,0.376470588235,0.309803921569,0.286274509804,0.247058823529,0.345098039216,0.498039215686,0.741176470588,0.0,0.749019607843,0.658823529412,0.0,0.0156862745098,0.21568627451,0.509803921569,0.172549019608,0.58431372549,0.121568627451,0.607843137255,0.266666666667,0.176470588235,0.772549019608,0.8,0.0,0.635294117647,0.360784313725,0.494117647059,0.0,0.505882352941,0.556862745098,0.764705882353,0.933333333333,0.725490196078,0.627450980392,0.776470588235,0.61568627451,0.509803921569,0.63137254902,0.498039215686,0.38431372549,0.482352941176,0.380392156863,0.270588235294,0.345098039216,0.270588235294,0.164705882353,0.211764705882,0.160784313725,59.9,40.8,59.5
Incandescent bulb (A),Codeine,positive,0.247058823529,0.129411764706,0.176470588235,0.466666666667,0.298039215686,0.129411764706,0.839215686275,0.556862745098,0.36862745098,0.325490196078,0.43137254902,0.505882352941,0.317647058824,0.407843137255,0.0588235294118,0.517647058824,0.454901960784,0.560784313725,0.274509803922,0.725490196078,0.564705882353,0.929411764706,0.490196078431,0.0,0.235294117647,0.286274509804,0.552941176471,0.862745098039,0.305882352941,0.227450980392,0.372549019608,0.2,0.305882352941,0.592156862745,0.752941176471,0.0,0.952941176471,0.658823529412,0.00392156862745,0.0862745098039,0.156862745098,0.482352941176,0.180392156863,0.564705882353,0.133333333333,0.803921568627,0.160784313725,0.0666666666667,0.988235294118,0.811764705882,0.0,0.847058823529,0.274509803922,0.454901960784,0.00392156862745,0.470588235294,0.596078431373,0.988235294118,0.952941176471,0.737254901961,0.792156862745,0.772549019608,0.61568627451,0.63137254902,0.611764705882,0.486274509804,0.458823529412,0.450980392157,0.360784313725,0.317647058824,0.305882352941,0.23137254902,0.172549019608,0.172549019608,0.125490196078,20.2,13.2,-9.7
Incandescent bulb (A),Morphine monohydrate,positive,0.403921568627,0.188235294118,0.262745098039,0.466666666667,0.298039215686,0.129411764706,0.839215686275,0.556862745098,0.36862745098,0.325490196078,0.43137254902,0.505882352941,0.317647058824,0.407843137255,0.0588235294118,0.517647058824,0.454901960784,0.560784313725,0.274509803922,0.725490196078,0.564705882353,0.929411764706,0.490196078431,0.0,0.235294117647,0.286274509804,0.552941176471,0.862745098039,0.305882352941,0.227450980392,0.372549019608,0.2,0.305882352941,0.592156862745,0.752941176471,0.0,0.952941176471,0.658823529412,0.00392156862745,0.0862745098039,0.156862745098,0.482352941176,0.180392156863,0.564705882353,0.133333333333,0.803921568627,0.160784313725,0.0666666666667,0.988235294118,0.811764705882,0.0,0.847058823529,0.274509803922,0.454901960784,0.00392156862745,0.470588235294,0.596078431373,0.988235294118,0.952941176471,0.737254901961,0.792156862745,0.772549019608,0.61568627451,0.63137254902,0.611764705882,0.486274509804,0.458823529412,0.450980392157,0.360784313725,0.317647058824,0.305882352941,0.23137254902,0.172549019608,0.172549019608,0.125490196078,30.1,22.4,-11.5
Daylight (D65),Methylphenidate HCl,negative,0.862745098039,0.729411764706,0.349019607843,0.454901960784,0.349019607843,0.274509803922,0.725490196078,0.588235294118,0.501960784314,0.329411764706,0.501960784314,0.607843137255,0.341176470588,0.450980392157,0.223529411765,0.470588235294,0.521568627451,0.670588235294,0.309803921569,0.737254901961,0.647058823529,0.803921568627,0.490196078431,0.0509803921569,0.211764705882,0.388235294118,0.650980392157,0.737254901961,0.356862745098,0.4,0.352941176471,0.266666666667,0.419607843137,0.576470588235,0.725490196078,0.0352941176471,0.81568627451,0.619607843137,0.00392156862745,0.043137254902,0.278431372549,0.58431372549,0.254901960784,0.596078431373,0.258823529412,0.678431372549,0.243137254902,0.254901960784,0.839215686275,0.760784313725,0.0,0.705882352941,0.364705882353,0.580392156863,0.00392156862745,0.556862745098,0.662745098039,0.83137254902,0.909803921569,0.862745098039,0.694117647059,0.772549019608,0.729411764706,0.576470588235,0.635294117647,0.607843137255,0.443137254902,0.494117647059,0.466666666667,0.321568627451,0.364705882353,0.349019607843,0.207843137255,0.23137254902,0.219607843137,80.1,8.0,53.5
Daylight (D65),Oxycodone HCl,positive,0.545098039216,0.564705882353,0.643137254902,0.454901960784,0.349019607843,0.274509803922,0.725490196078,0.588235294118,0.501960784314,0.329411764706,0.501960784314,0.607843137255,0.341176470588,0.450980392157,0.223529411765,0.470588235294,0.521568627451,0.670588235294,0.309803921569,0.737254901961,0.647058823529,0.803921568627,0.490196078431,0.0509803921569,0.211764705882,0.388235294118,0.650980392157,0.737254901961,0.356862745098,0.4,0.352941176471,0.266666666667,0.419607843137,0.576470588235,0.725490196078,0.0352941176471,0.81568627451,0.619607843137,0.00392156862745,0.043137254902,0.278431372549,0.58431372549,0.254901960784,0.596078431373,0.258823529412,0.678431372549,0.243137254902,0.254901960784,0.839215686275,0.760784313725,0.0,0.705882352941,0.364705882353,0.580392156863,0.00392156862745,0.556862745098,0.662745098039,0.83137254902,0.909803921569,0.862745098039,0.694117647059,0.772549019608,0.729411764706,0.576470588235,0.635294117647,0.607843137255,0.443137254902,0.494117647059,0.466666666667,0.321568627451,0.364705882353,0.349019607843,0.207843137255,0.23137254902,0.219607843137,60.3,8.2,-12.9
Tube light (FL2),Mescaline HCl,negative,0.792156862745,0.498039215686,0.0,0.411764705882,0.294117647059,0.196078431373,0.721568627451,0.525490196078,0.439215686275,0.313725490196,0.38431372549,0.580392156863,0.309803921569,0.388235294118,0.152941176471,0.439215686275,0.403921568627,0.643137254902,0.345098039216,0.650980392157,0.623529411765,0.819607843137,0.490196078431,0.0,0.203921568627,0.219607843137,0.627450980392,0.705882352941,0.294117647059,0.317647058824,0.278431372549,0.16862745098,0.364705882353,0.576470588235,0.705882352941,0.0,0.827450980392,0.635294117647,0.00392156862745,0.0627450980392,0.0588235294118,0.545098039216,0.262745098039,0.525490196078,0.196078431373,0.592156862745,0.192156862745,0.164705882353,0.866666666667,0.772549019608,0.0,0.643137254902,0.247058823529,0.537254901961,0.0,0.396078431373,0.639215686275,0.882352941176,0.862745098039,0.847058823529,0.713725490196,0.709803921569,0.701960784314,0.56862745098,0.560784313725,0.560784313725,0.419607843137,0.41568627451,0.41568627451,0.286274509804,0.282352941176,0.286274509804,0.164705882353,0.160784313725,0.160784313725,61.7,30.0,55.2
Tube light (FL2),Propoxyphene HCl,positive,0.203921568627,0.137254901961,0.176470588235,0.411764705882,0.294117647059,0.196078431373,0.721568627451,0.525490196078,0.439215686275,0.313725490196,0.38431372549,0.580392156863,0.309803921569,0.388235294118,0.152941176471,0.439215686275,0.403921568627,0.643137254902,0.345098039216,0.650980392157,0.623529411765,0.819607843137,0.490196078431,0.0,0.203921568627,0.219607843137,0.627450980392,0.705882352941,0.294117647059,0.317647058824,0.278431372549,0.16862745098,0.364705882353,0.576470588235,0.705882352941,0.0,0.827450980392,0.635294117647,0.00392156862745,0.0627450980392,0.0588235294118,0.545098039216,0.262745098039,0.525490196078,0.196078431373,0.592156862745,0.192156862745,0.164705882353,0.866666666667,0.772549019608,0.0,0.643137254902,0.247058823529,0.537254901961,0.0,0.396078431373,0.639215686275,0.882352941176,0.862745098039,0.847058823529,0.713725490196,0.709803921569,0.701960784314,0.56862745098,0.560784313725,0.560784313725,0.419607843137,0.41568627451,0.41568627451,0.286274509804,0.282352941176,0.286274509804,0.164705882353,0.160784313725,0.160784313725,19.7,9.3,-2.2
White LED torch (LED-B3),Diacetylmorphine HCl,positive,0.580392156863,0.121568627451,0.298039215686,0.486274509804,0.360784313725,0.211764705882,0.796078431373,0.603921568627,0.435294117647,0.341176470588,0.490196078431,0.603921568627,0.352941176471,0.470588235294,0.113725490196,0.501960784314,0.505882352941,0.678431372549,0.290196078431,0.760784313725,0.619607843137,0.894117647059,0.541176470588,0.0,0.227450980392,0.337254901961,0.678431372549,0.81568627451,0.352941176471,0.345098039216,0.36862745098,0.247058823529,0.419607843137,0.6,0.78431372549,0.0,0.894117647059,0.686274509804,0.0,0.0588235294118,0.192156862745,0.61568627451,0.223529411765,0.623529411765,0.0745098039216,0.733333333333,0.235294117647,0.180392156863,0.917647058824,0.835294117647,0.00392156862745,0.772549019608,0.329411764706,0.58431372549,0.0,0.533333333333,0.666666666667,0.913725490196,0.949019607843,0.827450980392,0.760784313725,0.8,0.705882352941,0.619607843137,0.654901960784,0.580392156863,0.478431372549,0.501960784314,0.447058823529,0.341176470588,0.364705882353,0.321568627451,0.219607843137,0.227450980392,0.2,29.7,48.1,1.2
White LED torch (LED-B3),Codeine,positive,0.282352941176,0.176470588235,0.282352941176,0.486274509804,0.360784313725,0.211764705882,0.796078431373,0.603921568627,0.435294117647,0.341176470588,0.490196078431,0.603921568627,0.352941176471,0.470588235294,0.113725490196,0.501960784314,0.505882352941,0.678431372549,0.290196078431,0.760784313725,0.619607843137,0.894117647059,0.541176470588,0.0,0.227450980392,0.337254901961,0.678431372549,0.81568627451,0.352941176471,0.345098039216,0.36862745098,0.247058823529,0.419607843137,0.6,0.78431372549,0.0,0.894117647059,0.686274509804,0.0,0.0588235294118,0.192156862745,0.61568627451,0.223529411765,0.623529411765,0.0745098039216,0.733333333333,0.235294117647,0.180392156863,0.917647058824,0.835294117647,0.00392156862745,0.772549019608,0.329411764706,0.58431372549,0.0,0.533333333333,0.666666666667,0.913725490196,0.949019607843,0.827450980392,0.760784313725,0.8,0.705882352941,0.619607843137,0.654901960784,0.580392156863,0.478431372549,0.501960784314,0.447058823529,0.341176470588,0.364705882353,0.321568627451,0.219607843137,0.227450980392,0.2,19.6,15.6,-12.6
Incandescent bulb (A),Methylphenidate HCl,negative,0.925490196078,0.796078431373,0.0,0.443137254902,0.349019607843,0.117647058824,0.772549019608,0.619607843137,0.325490196078,0.313725490196,0.486274509804,0.443137254902,0.309803921569,0.439215686275,0.0392156862745,0.482352941176,0.517647058824,0.494117647059,0.258823529412,0.752941176471,0.474509803922,0.854901960784,0.556862745098,0.0,0.219607843137,0.356862745098,0.490196078431,0.792156862745,0.388235294118,0.227450980392,0.352941176471,0.250980392157,0.270588235294,0.549019607843,0.776470588235,0.0,0.854901960784,0.694117647059,0.00392156862745,0.0745098039216,0.235294117647,0.43137254902,0.188235294118,0.6,0.0901960784314,0.741176470588,0.266666666667,0.113725490196,0.890196078431,0.847058823529,0.0,0.772549019608,0.380392156863,0.411764705882,0.0,0.517647058824,0.513725490196,0.905882352941,0.996078431373,0.639215686275,0.733333333333,0.835294117647,0.533333333333,0.58431372549,0.666666666667,0.419607843137,0.43137254902,0.498039215686,0.309803921569,0.294117647059,0.345098039216,0.207843137255,0.172549019608,0.203921568627,0.109803921569,78.7,8.5,63.1
Incandescent bulb (A),Aspirin,negative,0.552941176471,0.18431372549,0.0156862745098,0.443137254902,0.349019607843,0.117647058824,0.772549019608,0.619607843137,0.325490196078,0.313725490196,0.486274509804,0.443137254902,0.309803921569,0.439215686275,0.0392156862745,0.482352941176,0.517647058824,0.494117647059,0.258823529412,0.752941176471,0.474509803922,0.854901960784,0.556862745098,0.0,0.219607843137,0.356862745098,0.490196078431,0.792156862745,0.388235294118,0.227450980392,0.352941176471,0.250980392157,0.270588235294,0.549019607843,0.776470588235,0.0,0.854901960784,0.694117647059,0.00392156862745,0.0745098039216,0.235294117647,0.43137254902,0.188235294118,0.6,0.0901960784314,0.741176470588,0.266666666667,0.113725490196,0.890196078431,0.847058823529,0.0,0.772549019608,0.380392156863,0.411764705882,0.0,0.517647058824,0.513725490196,0.905882352941,0.996078431373,0.639215686275,0.733333333333,0.835294117647,0.533333333333,0.58431372549,0.666666666667,0.419607843137,0.43137254902,0.498039215686,0.309803921569,0.294117647059,0.345098039216,0.207843137255,0.172549019608,0.203921568627,0.109803921569,29.3,47.4,28.1
Daylight (D65),Codeine,positive,0.274509803922,0.207843137255,0.298039215686,0.478431372549,0.376470588235,0.286274509804,0.756862745098,0.635294117647,0.521568627451,0.341176470588,0.541176470588,0.627450980392,0.360784313725,0.482352941176,0.23137254902,0.494117647059,0.564705882353,0.694117647059,0.309803921569,0.788235294118,0.670588235294,0.847058823529,0.529411764706,0.0313725490196,0.21568627451,0.427450980392,0.682352941176,0.772549019608,0.388235294118,0.411764705882,0.372549019608,0.294117647059,0.439215686275,0.596078431373,0.776470588235,0.0117647058824,0.850980392157,0.666666666667,0.0,0.0352941176471,0.309803921569,0.611764705882,0.262745098039,0.639215686275,0.262745098039,0.713725490196,0.266666666667,0.262745098039,0.878431372549,0.807843137255,0.0,0.741176470588,0.4,0.603921568627,0.0,0.596078431373,0.682352941176,0.870588235294,0.976470588235,0.890196078431,0.733333333333,0.827450980392,0.764705882353,0.6,0.678431372549,0.63137254902,0.466666666667,0.533333333333,0.490196078431,0.337254901961,0.392156862745,0.364705882353,0.211764705882,0.250980392157,0.23137254902,19.0,17.5,-11.9
Tube light (FL2),Morphine monohydrate,positive,0.337254901961,0.203921568627,0.321568627451,0.396078431373,0.325490196078,0.152941176471,0.705882352941,0.58431372549,0.392156862745,0.243137254902,0.439215686275,0.572549019608,0.258823529412,0.427450980392,0.0509803921569,0.392156862745,0.462745098039,0.643137254902,0.145098039216,0.729411764706,0.592156862745,0.819607843137,0.545098039216,0.0,0.113725490196,0.278431372549,0.639215686275,0.709803921569,0.337254901961,0.282352941176,0.254901960784,0.203921568627,0.36862745098,0.513725490196,0.776470588235,0.0,0.81568627451,0.701960784314,0.0,0.0117647058824,0.137254901961,0.564705882353,0.121568627451,0.580392156863,0.0313725490196,0.596078431373,0.223529411765,0.109803921569,0.839215686275,0.854901960784,0.00392156862745,0.643137254902,0.301960784314,0.537254901961,0.0,0.454901960784,0.647058823529,0.83137254902,0.980392156863,0.811764705882,0.666666666667,0.796078431373,0.674509803922,0.525490196078,0.635294117647,0.533333333333,0.38431372549,0.466666666667,0.392156862745,0.254901960784,0.317647058824,0.266666666667,0.145098039216,0.180392156863,0.149019607843,30.6,24.5,-12.1
Tube light (FL2),Mace5,negative,0.658823529412,0.729411764706,0.0,0.396078431373,0.325490196078,0.152941176471,0.705882352941,0.58431372549,0.392156862745,0.243137254902,0.439215686275,0.572549019608,0.258823529412,0.427450980392,0.0509803921569,0.392156862745,0.462745098039,0.643137254902,0.145098039216,0.729411764706,0.592156862745,0.819607843137,0.545098039216,0.0,0.113725490196,0.278431372549,0.639215686275,0.709803921569,0.337254901961,0.282352941176,0.254901960784,0.203921568627,0.36862745098,0.513725490196,0.776470588235,0.0,0.81568627451,0.701960784314,0.0,0.0117647058824,0.137254901961,0.564705882353,0.121568627451,0.580392156863,0.0313725490196,0.596078431373,0.223529411765,0.109803921569,0.839215686275,0.854901960784,0.00392156862745,0.643137254902,0.301960784314,0.537254901961,0.0,0.454901960784,0.647058823529,0.83137254902,0.980392156863,0.811764705882,0.666666666667,0.796078431373,0.674509803922,0.525490196078,0.635294117647,0.533333333333,0.38431372549,0.466666666667,0.392156862745,0.254901960784,0.317647058824,0.266666666667,0.145098039216,0.180392156863,0.149019607843,71.0,-6.8,55.1
White LED torch (LED-B3),Mace5,negative,0.749019607843,0.686274509804,0.152941176471,0.458823529412,0.329411764706,0.254901960784,0.756862745098,0.564705882353,0.494117647059,0.356862745098,0.443137254902,0.596078431373,0.360784313725,0.43137254902,0.235294117647,0.501960784314,0.462745098039,0.666666666667,0.4,0.701960784314,0.639215686275,0.83137254902,0.517647058824,0.0509803921569,0.258823529412,0.286274509804,0.639215686275,0.756862745098,0.349019607843,0.376470588235,0.349019607843,0.223529411765,0.407843137255,0.61568627451,0.733333333333,0.109803921569,0.854901960784,0.654901960784,0.0,0.105882352941,0.129411764706,0.572549019608,0.313725490196,0.576470588235,0.274509803922,0.674509803922,0.243137254902,0.239215686275,0.890196078431,0.78431372549,0.0,0.717647058824,0.317647058824,0.572549019608,0.0078431372549,0.486274509804,0.647058823529,0.901960784314,0.882352941176,0.858823529412,0.749019607843,0.745098039216,0.737254901961,0.611764705882,0.607843137255,0.6,0.466666666667,0.466666666667,0.458823529412,0.337254901961,0.337254901961,0.333333333333,0.211764705882,0.207843137255,0.207843137255,71.2,-4.1,60.9
Incandescent bulb (A),Codeine,positive,0.207843137255,0.117647058824,0.18431372549,0.392156862745,0.270588235294,0.192156862745,0.690196078431,0.494117647059,0.427450980392,0.301960784314,0.36862745098,0.478431372549,0.298039215686,0.356862745098,0.196078431373,0.443137254902,0.396078431373,0.537254901961,0.313725490196,0.607843137255,0.56862745098,0.752941176471,0.454901960784,0.117647058824,0.207843137255,0.235294117647,0.501960784314,0.705882352941,0.305882352941,0.305882352941,0.309803921569,0.172549019608,0.290196078431,0.525490196078,0.647058823529,0.243137254902,0.780392156863,0.58431372549,0.0627450980392,0.0862745098039,0.113725490196,0.43137254902,0.23137254902,0.486274509804,0.274509803922,0.647058823529,0.207843137255,0.2,0.81568627451,0.705882352941,0.129411764706,0.686274509804,0.282352941176,0.454901960784,0.00392156862745,0.392156862745,0.552941176471,0.823529411765,0.807843137255,0.760784313725,0.674509803922,0.662745098039,0.635294117647,0.533333333333,0.529411764706,0.509803921569,0.396078431373,0.392156862745,0.376470588235,0.266666666667,0.270588235294,0.258823529412,0.156862745098,0.152941176471,0.141176470588,19.8,13.9,-10.4
Incandescent bulb (A),Codeine,positive,0.207843137255,0.121568627451,0.18431372549,0.392156862745,0.270588235294,0.192156862745,0.690196078431,0.494117647059,0.427450980392,0.301960784314,0.36862745098,0.478431372549,0.298039215686,0.356862745098,0.196078431373,0.443137254902,0.396078431373,0.537254901961,0.313725490196,0.607843137255,0.56862745098,0.752941176471,0.454901960784,0.117647058824,0.207843137255,0.235294117647,0.501960784314,0.705882352941,0.305882352941,0.305882352941,0.309803921569,0.172549019608,0.290196078431,0.525490196078,0.647058823529,0.243137254902,0.780392156863,0.58431372549,0.0627450980392,0.0862745098039,0.113725490196,0.43137254902,0.23137254902,0.486274509804,0.274509803922,0.647058823529,0.207843137255,0.2,0.81568627451,0.705882352941,0.129411764706,0.686274509804,0.282352941176,0.454901960784,0.00392156862745,0.392156862745,0.552941176471,0.823529411765,0.807843137255,0.760784313725,0.674509803922,0.662745098039,0.635294117647,0.533333333333,0.529411764706,0.509803921569,0.396078431373,0.392156862745,0.376470588235,0.266666666667,0.270588235294,0.258823529412,0.156862745098,0.152941176471,0.141176470588,20.1,13.7,-9.2
Daylight (D65),Methylphenidate HCl,negative,0.874509803922,0.682352941176,0.309803921569,0.403921568627,0.286274509804,0.21568627451,0.705882352941,0.529411764706,0.439215686275,0.313725490196,0.439215686275,0.529411764706,0.309803921569,0.380392156863,0.176470588235,0.447058823529,0.462745098039,0.6,0.341176470588,0.690196078431,0.588235294118,0.776470588235,0.427450980392,0.0745098039216,0.211764705882,0.329411764706,0.576470588235,0.701960784314,0.294117647059,0.333333333333,0.309803921569,0.207843137255,0.345098039216,0.560784313725,0.678431372549,0.0588235294118,0.803921568627,0.564705882353,0.00392156862745,0.0745098039216,0.223529411765,0.498039215686,0.258823529412,0.537254901961,0.21568627451,0.635294117647,0.18431372549,0.203921568627,0.835294117647,0.709803921569,0.0,0.674509803922,0.305882352941,0.513725490196,0.00392156862745,0.498039215686,0.588235294118,0.847058823529,0.874509803922,0.803921568627,0.694117647059,0.725490196078,0.674509803922,0.556862745098,0.580392156863,0.541176470588,0.411764705882,0.43137254902,0.403921568627,0.282352941176,0.301960784314,0.278431372549,0.16862745098,0.176470588235,0.164705882353,80.9,9.9,53.0
Daylight (D65),Sugar,negative,0.258823529412,0.137254901961,0.0549019607843,0.403921568627,0.286274509804,0.21568627451,0.705882352941,0.529411764706,0.439215686275,0.313725490196,0.439215686275,0.529411764706,0.309803921569,0.380392156863,0.176470588235,0.447058823529,0.462745098039,0.6,0.341176470588,0.690196078431,0.588235294118,0.776470588235,0.427450980392,0.0745098039216,0.211764705882,0.329411764706,0.576470588235,0.701960784314,0.294117647059,0.333333333333,0.309803921569,0.207843137255,0.345098039216,0.560784313725,0.678431372549,0.0588235294118,0.803921568627,0.564705882353,0.00392156862745,0.0745098039216,0.223529411765,0.498039215686,0.258823529412,0.537254901961,0.21568627451,0.635294117647,0.18431372549,0.203921568627,0.835294117647,0.709803921569,0.0,0.674509803922,0.305882352941,0.513725490196,0.00392156862745,0.498039215686,0.588235294118,0.847058823529,0.874509803922,0.803921568627,0.694117647059,0.725490196078,0.674509803922,0.556862745098,0.580392156863,0.541176470588,0.411764705882,0.43137254902,0.403921568627,0.282352941176,0.301960784314,0.278431372549,0.16862745098,0.176470588235,0.164705882353,19.8,14.0,22.1
Tube light (FL2),Mace5,negative,0.701960784314,0.764705882353,0.00392156862745,0.450980392157,0.403921568627,0.21568627451,0.721568627451,0.643137254902,0.435294117647,0.337254901961,0.517647058824,0.564705882353,0.349019607843,0.490196078431,0.141176470588,0.462745098039,0.545098039216,0.619607843137,0.360784313725,0.764705882353,0.588235294118,0.807843137255,0.607843137255,0.00392156862745,0.223529411765,0.38431372549,0.61568627451,0.713725490196,0.43137254902,0.341176470588,0.321568627451,0.294117647059,0.388235294118,0.588235294118,0.796078431373,0.0,0.81568627451,0.741176470588,0.00392156862745,0.0588235294118,0.254901960784,0.552941176471,0.290196078431,0.627450980392,0.16862745098,0.619607843137,0.317647058824,0.203921568627,0.843137254902,0.866666666667,0.00392156862745,0.662745098039,0.411764705882,0.541176470588,0.00392156862745,0.537254901961,0.623529411765,0.847058823529,0.98431372549,0.764705882353,0.709803921569,0.83137254902,0.658823529412,0.58431372549,0.686274509804,0.541176470588,0.454901960784,0.533333333333,0.423529411765,0.329411764706,0.396078431373,0.309803921569,0.211764705882,0.254901960784,0.196078431373,71.4,-7.1,58.7
Tube light (FL2),Dristan,negative,0.360784313725,0.333333333333,0.227450980392,0.450980392157,0.403921568627,0.21568627451,0.721568627451,0.643137254902,0.435294117647,0.337254901961,0.517647058824,0.564705882353,0.349019607843,0.490196078431,0.141176470588,0.462745098039,0.545098039216,0.619607843137,0.360784313725,0.764705882353,0.588235294118,0.807843137255,0.607843137255,0.00392156862745,0.223529411765,0.38431372549,0.61568627451,0.713725490196,0.43137254902,0.341176470588,0.321568627451,0.294117647059,0.388235294118,0.588235294118,0.796078431373,0.0,0.81568627451,0.741176470588,0.00392156862745,0.0588235294118,0.254901960784,0.552941176471,0.290196078431,0.627450980392,0.16862745098,0.619607843137,0.317647058824,0.203921568627,0.843137254902,0.866666666667,0.00392156862745,0.662745098039,0.411764705882,0.541176470588,0.00392156862745,0.537254901961,0.623529411765,0.847058823529,0.98431372549,0.764705882353,0.709803921569,0.83137254902,0.658823529412,0.58431372549,0.686274509804,0.541176470588,0.454901960784,0.533333333333,0.423529411765,0.329411764706,0.396078431373,0.309803921569,0.211764705882,0.254901960784,0.196078431373,30.6,9.2,8.6
White LED torch (LED-B3),Codeine,positive,0.18431372549,0.129411764706,0.16862745098,0.36862745098,0.290196078431,0.078431372549,0.666666666667,0.545098039216,0.250980392157,0.207843137255,0.43137254902,0.450980392157,0.23137254902,0.392156862745,0.00392156862745,0.372549019608,0.454901960784,0.513725490196,0.0352941176471,0.701960784314,0.423529411765,0.764705882353,0.466666666667,0.00392156862745,0.0980392156863,0.298039215686,0.525490196078,0.686274509804,0.301960784314,0.2,0.254901960784,0.2,0.290196078431,0.447058823529,0.713725490196,0.0,0.760784313725,0.61568627451,0.0,0.0078431372549,0.176470588235,0.466666666667,0.0274509803922,0.549019607843,0.00392156862745,0.607843137255,0.18431372549,0.0392156862745,0.780392156863,0.772549019608,0.0,0.639215686275,0.294117647059,0.43137254902,0.00392156862745,0.466666666667,0.501960784314,0.764705882353,0.929411764706,0.619607843137,0.61568627451,0.756862745098,0.513725490196,0.482352941176,0.596078431373,0.403921568627,0.345098039216,0.439215686275,0.290196078431,0.23137254902,0.294117647059,0.192156862745,0.129411764706,0.164705882353,0.0980392156863,20.0,14.4,-11.3
White LED torch (LED-B3),Diacetylmorphine HCl,positive,0.450980392157,0.0980392156863,0.180392156863,0.36862745098,0.290196078431,0.078431372549,0.666666666667,0.545098039216,0.250980392157,0.207843137255,0.43137254902,0.450980392157,0.23137254902,0.392156862745,0.00392156862745,0.372549019608,0.454901960784,0.513725490196,0.0352941176471,0.701960784314,0.423529411765,0.764705882353,0.466666666667,0.00392156862745,0.0980392156863,0.298039215686,0.525490196078,0.686274509804,0.301960784314,0.2,0.254901960784,0.2,0.290196078431,0.447058823529,0.713725490196,0.0,0.760784313725,0.61568627451,0.0,0.0078431372549,0.176470588235,0.466666666667,0.0274509803922,0.549019607843,0.00392156862745,0.607843137255,0.18431372549,0.0392156862745,0.780392156863,0.772549019608,0.0,0.639215686275,0.294117647059,0.43137254902,0.00392156862745,0.466666666667,0.501960784314,0.764705882353,0.929411764706,0.619607843137,0.61568627451,0.756862745098,0.513725490196,0.482352941176,0.596078431373,0.403921568627,0.345098039216,0.439215686275,0.290196078431,0.23137254902,0.294117647059,0.192156862745,0.129411764706,0.164705882353,0.0980392156863,29.6,46.8,2.6
Incandescent bulb (A),Aspirin,negative,0.525490196078,0.117647058824,0.0313725490196,0.419607843137,0.286274509804,0.180392156863,0.721568627451,0.505882352941,0.388235294118,0.298039215686,0.388235294118,0.486274509804,0.294117647059,0.36862745098,0.129411764706,0.450980392157,0.407843137255,0.541176470588,0.247058823529,0.627450980392,0.552941176471,0.8,0.454901960784,0.0,0.211764705882,0.254901960784,0.529411764706,0.749019607843,0.286274509804,0.266666666667,0.333333333333,0.180392156863,0.301960784314,0.521568627451,0.658823529412,0.0156862745098,0.811764705882,0.588235294118,0.00392156862745,0.0745098039216,0.133333333333,0.458823529412,0.176470588235,0.505882352941,0.21568627451,0.690196078431,0.180392156863,0.133333333333,0.835294117647,0.717647058824,0.0,0.725490196078,0.262745098039,0.443137254902,0.00392156862745,0.411764705882,0.564705882353,0.850980392157,0.827450980392,0.733333333333,0.686274509804,0.682352941176,0.603921568627,0.541176470588,0.545098039216,0.482352941176,0.403921568627,0.407843137255,0.352941176471,0.274509803922,0.278431372549,0.247058823529,0.160784313725,0.160784313725,0.133333333333,29.9,49.2,23.1
Incandescent bulb (A),Diacetylmorphine HCl,positive,0.494117647059,0.113725490196,0.172549019608,0.419607843137,0.286274509804,0.180392156863,0.721568627451,0.505882352941,0.388235294118,0.298039215686,0.388235294118,0.486274509804,0.294117647059,0.36862745098,0.129411764706,0.450980392157,0.407843137255,0.541176470588,0.247058823529,0.627450980392,0.552941176471,0.8,0.454901960784,0.0,0.211764705882,0.254901960784,0.529411764706,0.749019607843,0.286274509804,0.266666666667,0.333333333333,0.180392156863,0.301960784314,0.521568627451,0.658823529412,0.0156862745098,0.811764705882,0.588235294118,0.00392156862745,0.0745098039216,0.133333333333,0.458823529412,0.176470588235,0.505882352941,0.21568627451,0.690196078431,0.180392156863,0.133333333333,0.835294117647,0.717647058824,0.0,0.725490196078,0.262745098039,0.443137254902,0.00392156862745,0.411764705882,0.564705882353,0.850980392157,0.827450980392,0.733333333333,0.686274509804,0.682352941176,0.603921568627,0.541176470588,0.545098039216,0.482352941176,0.403921568627,0.407843137255,0.352941176471,0.274509803922,0.278431372549,0.247058823529,0.160784313725,0.160784313725,0.133333333333,29.1,46.1,4.1
Daylight (D65),Propoxyphene HCl,positive,0.219607843137,0.172549019608,0.196078431373,0.407843137255,0.305882352941,0.21568627451,0.674509803922,0.537254901961,0.419607843137,0.266666666667,0.454901960784,0.541176470588,0.290196078431,0.403921568627,0.141176470588,0.419607843137,0.478431372549,0.607843137255,0.2,0.694117647059,0.56862745098,0.764705882353,0.435294117647,0.0,0.149019607843,0.349019607843,0.596078431373,0.698039215686,0.301960784314,0.325490196078,0.313725490196,0.227450980392,0.36862745098,0.513725490196,0.678431372549,0.00392156862745,0.772549019608,0.56862745098,0.0,0.0235294117647,0.243137254902,0.533333333333,0.16862745098,0.549019607843,0.129411764706,0.639215686275,0.180392156863,0.18431372549,0.792156862745,0.705882352941,0.0,0.662745098039,0.309803921569,0.513725490196,0.0,0.509803921569,0.596078431373,0.780392156863,0.870588235294,0.76862745098,0.639215686275,0.721568627451,0.654901960784,0.521568627451,0.58431372549,0.533333333333,0.392156862745,0.447058823529,0.4,0.274509803922,0.317647058824,0.286274509804,0.16862745098,0.196078431373,0.172549019608,19.3,11.5,-4.2
Tube light (FL2),MDA HCl,negative,0.16862745098,0.18431372549,0.172549019608,0.466666666667,0.376470588235,0.254901960784,0.760784313725,0.61568627451,0.509803921569,0.349019607843,0.470588235294,0.643137254902,0.356862745098,0.470588235294,0.211764705882,0.486274509804,0.498039215686,0.713725490196,0.376470588235,0.745098039216,0.690196078431,0.858823529412,0.58431372549,0.00392156862745,0.23137254902,0.305882352941,0.698039215686,0.756862745098,0.388235294118,0.388235294118,0.329411764706,0.247058823529,0.439215686275,0.619607843137,0.792156862745,0.00392156862745,0.862745098039,0.729411764706,0.0,0.0627450980392,0.137254901961,0.623529411765,0.301960784314,0.61568627451,0.266666666667,0.647058823529,0.278431372549,0.23137254902,0.894117647059,0.858823529412,0.0,0.698039215686,0.349019607843,0.61568627451,0.0,0.490196078431,0.709803921569,0.901960784314,0.956862745098,0.905882352941,0.752941176471,0.803921568627,0.76862745098,0.61568627451,0.658823529412,0.635294117647,0.470588235294,0.505882352941,0.486274509804,0.333333333333,0.36862745098,0.356862745098,0.211764705882,0.23137254902,0.219607843137,14.2,-1.5,0.5
White LED torch (LED-B3),Diacetylmorphine HCl,positive,0.564705882353,0.164705882353,0.317647058824,0.486274509804,0.36862745098,0.262745098039,0.78431372549,0.611764705882,0.486274509804,0.380392156863,0.490196078431,0.607843137255,0.376470588235,0.474509803922,0.219607843137,0.521568627451,0.509803921569,0.678431372549,0.396078431373,0.749019607843,0.647058823529,0.866666666667,0.552941176471,0.0,0.266666666667,0.341176470588,0.662745098039,0.792156862745,0.38431372549,0.388235294118,0.372549019608,0.258823529412,0.423529411765,0.627450980392,0.776470588235,0.0,0.886274509804,0.690196078431,0.00392156862745,0.105882352941,0.192156862745,0.592156862745,0.309803921569,0.619607843137,0.243137254902,0.713725490196,0.270588235294,0.243137254902,0.909803921569,0.827450980392,0.0,0.749019607843,0.360784313725,0.58431372549,0.00392156862745,0.529411764706,0.662745098039,0.921568627451,0.933333333333,0.850980392157,0.772549019608,0.788235294118,0.729411764706,0.635294117647,0.650980392157,0.6,0.494117647059,0.505882352941,0.470588235294,0.360784313725,0.372549019608,0.345098039216,0.23137254902,0.235294117647,0.219607843137,29.8,47.4,-0.1
White LED torch (LED-B3),Oxycodone HCl,positive,0.611764705882,0.576470588235,0.650980392157,0.486274509804,0.36862745098,0.262745098039,0.78431372549,0.611764705882,0.486274509804,0.380392156863,0.490196078431,0.607843137255,0.376470588235,0.474509803922,0.219607843137,0.521568627451,0.509803921569,0.678431372549,0.396078431373,0.749019607843,0.647058823529,0.866666666667,0.552941176471,0.0,0.266666666667,0.341176470588,0.662745098039,0.792156862745,0.38431372549,0.388235294118,0.372549019608,0.258823529412,0.423529411765,0.627450980392,0.776470588235,0.0,0.886274509804,0.690196078431,0.00392156862745,0.105882352941,0.192156862745,0.592156862745,0.309803921569,0.619607843137,0.243137254902,0.713725490196,0.270588235294,0.243137254902,0.909803921569,0.827450980392,0.0,0.749019607843,0.360784313725,0.58431372549,0.00392156862745,0.529411764706,0.662745098039,0.921568627451,0.933333333333,0.850980392157,0.772549019608,0.788235294118,0.729411764706,0.635294117647,0.650980392157,0.6,0.494117647059,0.505882352941,0.470588235294,0.360784313725,0.372549019608,0.345098039216,0.23137254902,0.235294117647,0.219607843137,61.6,8.3,-12.4
Incandescent bulb (A),Dristan,negative,0.329411764706,0.239215686275,0.16862745098,0.41568627451,0.298039215686,0.172549019608,0.725490196078,0.529411764706,0.38431372549,0.325490196078,0.411764705882,0.462745098039,0.313725490196,0.38431372549,0.141176470588,0.482352941176,0.435294117647,0.513725490196,0.333333333333,0.650980392157,0.525490196078,0.792156862745,0.478431372549,0.00392156862745,0.235294117647,0.286274509804,0.490196078431,0.733333333333,0.325490196078,0.274509803922,0.337254901961,0.207843137255,0.286274509804,0.549019607843,0.678431372549,0.0705882352941,0.81568627451,0.607843137255,0.0,0.101960784314,0.16862745098,0.423529411765,0.239215686275,0.517647058824,0.219607843137,0.682352941176,0.219607843137,0.164705882353,0.843137254902,0.733333333333,0.0,0.721568627451,0.309803921569,0.427450980392,0.00392156862745,0.435294117647,0.525490196078,0.858823529412,0.847058823529,0.686274509804,0.701960784314,0.698039215686,0.576470588235,0.564705882353,0.564705882353,0.462745098039,0.419607843137,0.427450980392,0.345098039216,0.294117647059,0.298039215686,0.235294117647,0.172549019608,0.172549019608,0.133333333333,30.5,9.9,6.9
Incandescent bulb (A),Sugar,negative,0.270588235294,0.156862745098,0.0392156862745,0.41568627451,0.298039215686,0.172549019608,0.725490196078,0.529411764706,0.38431372549,0.325490196078,0.411764705882,0.462745098039,0.313725490196,0.38431372549,0.141176470588,0.482352941176,0.435294117647,0.513725490196,0.333333333333,0.650980392157,0.525490196078,0.792156862745,0.478431372549,0.00392156862745,0.235294117647,0.286274509804,0.490196078431,0.733333333333,0.325490196078,0.274509803922,0.337254901961,0.207843137255,0.286274509804,0.549019607843,0.678431372549,0.0705882352941,0.81568627451,0.607843137255,0.0,0.101960784314,0.16862745098,0.423529411765,0.239215686275,0.517647058824,0.219607843137,0.682352941176,0.219607843137,0.164705882353,0.843137254902,0.733333333333,0.0,0.721568627451,0.309803921569,0.427450980392,0.00392156862745,0.435294117647,0.525490196078,0.858823529412,0.847058823529,0.686274509804,0.701960784314,0.698039215686,0.576470588235,0.564705882353,0.564705882353,0.462745098039,0.419607843137,0.427450980392,0.345098039216,0.294117647059,0.298039215686,0.235294117647,0.172549019608,0.172549019608,0.133333333333,20.2,13.7,18.6
Daylight (D65),Codeine,positive,0.18431372549,0.149019607843,0.21568627451,0.352941176471,0.290196078431,0.2,0.611764705882,0.541176470588,0.41568627451,0.207843137255,0.447058823529,0.517647058824,0.247058823529,0.392156862745,0.152941176471,0.356862745098,0.474509803922,0.58431372549,0.113725490196,0.698039215686,0.560784313725,0.698039215686,0.439215686275,0.00392156862745,0.078431372549,0.341176470588,0.564705882353,0.63137254902,0.317647058824,0.317647058824,0.262745098039,0.223529411765,0.341176470588,0.454901960784,0.682352941176,0.00392156862745,0.713725490196,0.576470588235,0.00392156862745,0.0078431372549,0.235294117647,0.494117647059,0.121568627451,0.541176470588,0.176470588235,0.576470588235,0.207843137255,0.18431372549,0.737254901961,0.721568627451,0.00392156862745,0.607843137255,0.329411764706,0.501960784314,0.0,0.509803921569,0.576470588235,0.705882352941,0.886274509804,0.776470588235,0.572549019608,0.737254901961,0.650980392157,0.462745098039,0.592156862745,0.525490196078,0.337254901961,0.443137254902,0.392156862745,0.23137254902,0.309803921569,0.274509803922,0.137254901961,0.18431372549,0.160784313725,18.9,15.7,-11.7
White LED torch (LED-B3),d-Amphetamine HCl,negative,0.843137254902,0.435294117647,0.0,0.419607843137,0.305882352941,0.188235294118,0.709803921569,0.529411764706,0.396078431373,0.290196078431,0.419607843137,0.552941176471,0.294117647059,0.403921568627,0.105882352941,0.439215686275,0.43137254902,0.61568627451,0.23137254902,0.674509803922,0.564705882353,0.807843137255,0.470588235294,0.00392156862745,0.180392156863,0.270588235294,0.61568627451,0.729411764706,0.298039215686,0.305882352941,0.309803921569,0.196078431373,0.364705882353,0.529411764706,0.705882352941,0.00392156862745,0.807843137255,0.607843137255,0.00392156862745,0.043137254902,0.125490196078,0.552941176471,0.172549019608,0.549019607843,0.0901960784314,0.650980392157,0.188235294118,0.149019607843,0.827450980392,0.749019607843,0.0,0.690196078431,0.270588235294,0.529411764706,0.0,0.454901960784,0.607843137255,0.827450980392,0.858823529412,0.776470588235,0.682352941176,0.713725490196,0.654901960784,0.549019607843,0.580392156863,0.529411764706,0.41568627451,0.439215686275,0.4,0.286274509804,0.305882352941,0.282352941176,0.176470588235,0.18431372549,0.164705882353,60.5,42.0,55.9
White LED torch (LED-B3),Morphine monohydrate,positive,0.36862745098,0.18431372549,0.333333333333,0.419607843137,0.305882352941,0.188235294118,0.709803921569,0.529411764706,0.396078431373,0.290196078431,0.419607843137,0.552941176471,0.294117647059,0.403921568627,0.105882352941,0.439215686275,0.43137254902,0.61568627451,0.23137254902,0.674509803922,0.564705882353,0.807843137255,0.470588235294,0.00392156862745,0.180392156863,0.270588235294,0.61568627451,0.729411764706,0.298039215686,0.305882352941,0.309803921569,0.196078431373,0.364705882353,0.529411764706,0.705882352941,0.00392156862745,0.807843137255,0.607843137255,0.00392156862745,0.043137254902,0.125490196078,0.552941176471,0.172549019608,0.549019607843,0.0901960784314,0.650980392157,0.188235294118,0.149019607843,0.827450980392,0.749019607843,0.0,0.690196078431,0.270588235294,0.529411764706,0.0,0.454901960784,0.607843137255,0.827450980392,0.858823529412,0.776470588235,0.682352941176,0.713725490196,0.654901960784,0.549019607843,0.580392156863,0.529411764706,0.41568627451,0.439215686275,0.4,0.286274509804,0.305882352941,0.282352941176,0.176470588235,0.18431372549,0.164705882353,30.2,25.4,-13.3
Daylight (D65),Codeine,positive,0.219607843137,0.176470588235,0.247058823529,0.392156862745,0.325490196078,0.21568627451,0.647058823529,0.56862745098,0.427450980392,0.227450980392,0.482352941176,0.549019607843,0.274509803922,0.423529411765,0.152941176471,0.388235294118,0.509803921569,0.61568627451,0.0745098039216,0.725490196078,0.576470588235,0.733333333333,0.462745098039,0.00392156862745,0.0862745098039,0.376470588235,0.596078431373,0.670588235294,0.341176470588,0.337254901961,0.301960784314,0.254901960784,0.372549019608,0.478431372549,0.713725490196,0.0,0.745098039216,0.6,0.00392156862745,0.00392156862745,0.266666666667,0.533333333333,0.105882352941,0.572549019608,0.160784313725,0.619607843137,0.227450980392,0.196078431373,0.760784313725,0.741176470588,0.00392156862745,0.643137254902,0.356862745098,0.533333333333,0.00392156862745,0.541176470588,0.603921568627,0.717647058824,0.894117647059,0.772549019608,0.6,0.756862745098,0.658823529412,0.490196078431,0.619607843137,0.541176470588,0.36862745098,0.474509803922,0.41568627451,0.258823529412,0.341176470588,0.298039215686,0.156862745098,0.211764705882,0.18431372549,19.3,16.5,-11.7
Daylight (D65),Benzphetamine HCl,negative,0.317647058824,0.121568627451,0.101960784314,0.392156862745,0.325490196078,0.21568627451,0.647058823529,0.56862745098,0.427450980392,0.227450980392,0.482352941176,0.549019607843,0.274509803922,0.423529411765,0.152941176471,0.388235294118,0.509803921569,0.61568627451,0.0745098039216,0.725490196078,0.576470588235,0.733333333333,0.462745098039,0.00392156862745,0.0862745098039,0.376470588235,0.596078431373,0.670588235294,0.341176470588,0.337254901961,0.301960784314,0.254901960784,0.372549019608,0.478431372549,0.713725490196,0.0,0.745098039216,0.6,0.00392156862745,0.00392156862745,0.266666666667,0.533333333333,0.105882352941,0.572549019608,0.160784313725,0.619607843137,0.227450980392,0.196078431373,0.760784313725,0.741176470588,0.00392156862745,0.643137254902,0.356862745098,0.533333333333,0.00392156862745,0.541176470588,0.603921568627,0.717647058824,0.894117647059,0.772549019608,0.6,0.756862745098,0.658823529412,0.490196078431,0.619607843137,0.541176470588,0.36862745098,0.474509803922,0.41568627451,0.258823529412,0.341176470588,0.298039215686,0.156862745098,0.211764705882,0.18431372549,18.6,28.9,18.0
Tube light (FL2),Diacetylmorphine HCl,positive,0.501960784314,0.156862745098,0.243137254902,0.419607843137,0.333333333333,0.176470588235,0.729411764706,0.58431372549,0.41568627451,0.290196078431,0.443137254902,0.580392156863,0.301960784314,0.435294117647,0.0980392156863,0.439215686275,0.470588235294,0.654901960784,0.286274509804,0.729411764706,0.61568627451,0.83137254902,0.545098039216,0.0,0.172549019608,0.286274509804,0.639215686275,0.729411764706,0.345098039216,0.309803921569,0.282352941176,0.21568627451,0.376470588235,0.56862745098,0.776470588235,0.0,0.847058823529,0.705882352941,0.00392156862745,0.0313725490196,0.137254901961,0.560784313725,0.219607843137,0.580392156863,0.101960784314,0.61568627451,0.23137254902,0.149019607843,0.870588235294,0.847058823529,0.0,0.666666666667,0.313725490196,0.549019607843,0.00392156862745,0.466666666667,0.654901960784,0.866666666667,0.956862745098,0.81568627451,0.709803921569,0.788235294118,0.690196078431,0.56862745098,0.63137254902,0.552941176471,0.423529411765,0.474509803922,0.411764705882,0.290196078431,0.329411764706,0.286274509804,0.16862745098,0.192156862745,0.164705882353,30.6,46.5,3.6
White LED torch (LED-B3),Diacetylmorphine HCl,positive,0.525490196078,0.125490196078,0.278431372549,0.454901960784,0.333333333333,0.247058823529,0.796078431373,0.596078431373,0.490196078431,0.352941176471,0.450980392157,0.607843137255,0.345098039216,0.439215686275,0.211764705882,0.501960784314,0.474509803922,0.686274509804,0.38431372549,0.741176470588,0.662745098039,0.890196078431,0.533333333333,0.0235294117647,0.23137254902,0.290196078431,0.662745098039,0.792156862745,0.349019607843,0.372549019608,0.333333333333,0.211764705882,0.396078431373,0.627450980392,0.776470588235,0.0666666666667,0.898039215686,0.686274509804,0.0,0.078431372549,0.133333333333,0.580392156863,0.290196078431,0.6,0.250980392157,0.698039215686,0.235294117647,0.227450980392,0.941176470588,0.843137254902,0.0,0.745098039216,0.313725490196,0.580392156863,0.0,0.490196078431,0.662745098039,0.960784313725,0.964705882353,0.909803921569,0.78431372549,0.796078431373,0.760784313725,0.627450980392,0.639215686275,0.611764705882,0.466666666667,0.474509803922,0.458823529412,0.321568627451,0.329411764706,0.317647058824,0.192156862745,0.192156862745,0.18431372549,29.4,46.1,-0.3
White LED torch (LED-B3),Morphine monohydrate,positive,0.38431372549,0.203921568627,0.349019607843,0.454901960784,0.333333333333,0.247058823529,0.796078431373,0.596078431373,0.490196078431,0.352941176471,0.450980392157,0.607843137255,0.345098039216,0.439215686275,0.211764705882,0.501960784314,0.474509803922,0.686274509804,0.38431372549,0.741176470588,0.662745098039,0.890196078431,0.533333333333,0.0235294117647,0.23137254902,0.290196078431,0.662745098039,0.792156862745,0.349019607843,0.372549019608,0.333333333333,0.211764705882,0.396078431373,0.627450980392,0.776470588235,0.0666666666667,0.898039215686,0.686274509804,0.0,0.078431372549,0.133333333333,0.580392156863,0.290196078431,0.6,0.250980392157,0.698039215686,0.235294117647,0.227450980392,0.941176470588,0.843137254902,0.0,0.745098039216,0.313725490196,0.580392156863,0.0,0.490196078431,0.662745098039,0.960784313725,0.964705882353,0.909803921569,0.78431372549,0.796078431373,0.760784313725,0.627450980392,0.639215686275,0.611764705882,0.466666666667,0.474509803922,0.458823529412,0.321568627451,0.329411764706,0.317647058824,0.192156862745,0.192156862745,0.18431372549,29.9,24.0,-12.2
Incandescent bulb (A),Sugar,negative,0.305882352941,0.18431372549,0.0666666666667,0.482352941176,0.352941176471,0.247058823529,0.811764705882,0.6,0.498039215686,0.376470588235,0.462745098039,0.556862745098,0.364705882353,0.435294117647,0.23137254902,0.533333333333,0.482352941176,0.611764705882,0.388235294118,0.713725490196,0.635294117647,0.886274509804,0.552941176471,0.125490196078,0.274509803922,0.317647058824,0.58431372549,0.811764705882,0.38431372549,0.364705882353,0.380392156863,0.239215686275,0.349019607843,0.61568627451,0.749019607843,0.266666666667,0.886274509804,0.682352941176,0.0274509803922,0.129411764706,0.180392156863,0.513725490196,0.301960784314,0.58431372549,0.325490196078,0.756862745098,0.274509803922,0.243137254902,0.929411764706,0.819607843137,0.0862745098039,0.792156862745,0.356862745098,0.521568627451,0.0078431372549,0.478431372549,0.623529411765,0.964705882353,0.949019607843,0.850980392157,0.788235294118,0.78431372549,0.713725490196,0.639215686275,0.63137254902,0.580392156863,0.478431372549,0.478431372549,0.43137254902,0.333333333333,0.337254901961,0.305882352941,0.207843137255,0.203921568627,0.18431372549,19.7,13.7,22.3
Incandescent bulb (A),Morphine monohydrate,positive,0.403921568627,0.23137254902,0.313725490196,0.482352941176,0.352941176471,0.247058823529,0.811764705882,0.6,0.498039215686,0.376470588235,0.462745098039,0.556862745098,0.364705882353,0.435294117647,0.23137254902,0.533333333333,0.482352941176,0.611764705882,0.388235294118,0.713725490196,0.635294117647,0.886274509804,0.552941176471,0.125490196078,0.274509803922,0.317647058824,0.58431372549,0.811764705882,0.38431372549,0.364705882353,0.380392156863,0.239215686275,0.349019607843,0.61568627451,0.749019607843,0.266666666667,0.886274509804,0.682352941176,0.0274509803922,0.129411764706,0.180392156863,0.513725490196,0.301960784314,0.58431372549,0.325490196078,0.756862745098,0.274509803922,0.243137254902,0.929411764706,0.819607843137,0.0862745098039,0.792156862745,0.356862745098,0.521568627451,0.0078431372549,0.478431372549,0.623529411765,0.964705882353,0.949019607843,0.850980392157,0.788235294118,0.78431372549,0.713725490196,0.639215686275,0.63137254902,0.580392156863,0.478431372549,0.478431372549,0.43137254902,0.333333333333,0.337254901961,0.305882352941,0.207843137255,0.203921568627,0.18431372549,29.4,22.3,-10.6
Daylight (D65),Codeine,positive,0.247058823529,0.164705882353,0.262745098039,0.427450980392,0.309803921569,0.21568627451,0.717647058824,0.556862745098,0.439215686275,0.278431372549,0.482352941176,0.580392156863,0.305882352941,0.423529411765,0.137254901961,0.450980392157,0.505882352941,0.658823529412,0.192156862745,0.745098039216,0.611764705882,0.81568627451,0.447058823529,0.0,0.149019607843,0.364705882353,0.639215686275,0.749019607843,0.313725490196,0.349019607843,0.337254901961,0.239215686275,0.396078431373,0.549019607843,0.729411764706,0.0,0.843137254902,0.607843137255,0.0078431372549,0.0196078431373,0.250980392157,0.56862745098,0.164705882353,0.58431372549,0.129411764706,0.690196078431,0.18431372549,0.192156862745,0.862745098039,0.756862745098,0.0,0.725490196078,0.325490196078,0.572549019608,0.0,0.552941176471,0.658823529412,0.827450980392,0.913725490196,0.823529411765,0.682352941176,0.76862745098,0.709803921569,0.556862745098,0.627450980392,0.580392156863,0.427450980392,0.478431372549,0.439215686275,0.301960784314,0.345098039216,0.313725490196,0.18431372549,0.211764705882,0.188235294118,19.1,16.8,-13.0
Daylight (D65),Mace5,negative,0.713725490196,0.682352941176,0.00392156862745,0.427450980392,0.309803921569,0.21568627451,0.717647058824,0.556862745098,0.439215686275,0.278431372549,0.482352941176,0.580392156863,0.305882352941,0.423529411765,0.137254901961,0.450980392157,0.505882352941,0.658823529412,0.192156862745,0.745098039216,0.611764705882,0.81568627451,0.447058823529,0.0,0.149019607843,0.364705882353,0.639215686275,0.749019607843,0.313725490196,0.349019607843,0.337254901961,0.239215686275,0.396078431373,0.549019607843,0.729411764706,0.0,0.843137254902,0.607843137255,0.0078431372549,0.0196078431373,0.250980392157,0.56862745098,0.164705882353,0.58431372549,0.129411764706,0.690196078431,0.18431372549,0.192156862745,0.862745098039,0.756862745098,0.0,0.725490196078,0.325490196078,0.572549019608,0.0,0.552941176471,0.658823529412,0.827450980392,0.913725490196,0.823529411765,0.682352941176,0.76862745098,0.709803921569,0.556862745098,0.627450980392,0.580392156863,0.427450980392,0.478431372549,0.439215686275,0.301960784314,0.345098039216,0.313725490196,0.18431372549,0.211764705882,0.188235294118,72.6,-5.7,61.0
Tube light (FL2),Dristan,negative,0.380392156863,0.325490196078,0.21568627451,0.462745098039,0.38431372549,0.188235294118,0.752941176471,0.63137254902,0.407843137255,0.345098039216,0.505882352941,0.576470588235,0.349019607843,0.486274509804,0.0745098039216,0.482352941176,0.537254901961,0.643137254902,0.349019607843,0.772549019608,0.588235294118,0.843137254902,0.588235294118,0.0,0.227450980392,0.364705882353,0.639215686275,0.749019607843,0.403921568627,0.325490196078,0.333333333333,0.278431372549,0.396078431373,0.603921568627,0.807843137255,0.0,0.862745098039,0.741176470588,0.0,0.0666666666667,0.227450980392,0.56862745098,0.274509803922,0.623529411765,0.0666666666667,0.647058823529,0.294117647059,0.164705882353,0.882352941176,0.866666666667,0.0,0.694117647059,0.388235294118,0.552941176471,0.00392156862745,0.533333333333,0.647058823529,0.870588235294,0.96862745098,0.752941176471,0.729411764706,0.819607843137,0.647058823529,0.6,0.678431372549,0.533333333333,0.466666666667,0.525490196078,0.411764705882,0.337254901961,0.38431372549,0.298039215686,0.219607843137,0.243137254902,0.188235294118,30.6,9.7,9.6
Tube light (FL2),d-Amphetamine HCl,negative,0.894117647059,0.576470588235,0.00392156862745,0.462745098039,0.38431372549,0.188235294118,0.752941176471,0.63137254902,0.407843137255,0.345098039216,0.505882352941,0.576470588235,0.349019607843,0.486274509804,0.0745098039216,0.482352941176,0.537254901961,0.643137254902,0.349019607843,0.772549019608,0.588235294118,0.843137254902,0.588235294118,0.0,0.227450980392,0.364705882353,0.639215686275,0.749019607843,0.403921568627,0.325490196078,0.333333333333,0.278431372549,0.396078431373,0.603921568627,0.807843137255,0.0,0.862745098039,0.741176470588,0.0,0.0666666666667,0.227450980392,0.56862745098,0.274509803922,0.623529411765,0.0666666666667,0.647058823529,0.294117647059,0.164705882353,0.882352941176,0.866666666667,0.0,0.694117647059,0.388235294118,0.552941176471,0.00392156862745,0.533333333333,0.647058823529,0.870588235294,0.96862745098,0.752941176471,0.729411764706,0.819607843137,0.647058823529,0.6,0.678431372549,0.533333333333,0.466666666667,0.525490196078,0.411764705882,0.337254901961,0.38431372549,0.298039215686,0.219607843137,0.243137254902,0.188235294118,62.4,42.4,54.5
White LED torch (LED-B3),Oxycodone HCl,positive,0.56862745098,0.556862745098,0.627450980392,0.450980392157,0.337254901961,0.223529411765,0.776470588235,0.6,0.450980392157,0.325490196078,0.466666666667,0.6,0.325490196078,0.447058823529,0.164705882353,0.478431372549,0.486274509804,0.666666666667,0.309803921569,0.752941176471,0.623529411765,0.874509803922,0.537254901961,0.0,0.203921568627,0.309803921569,0.654901960784,0.780392156863,0.349019607843,0.345098039216,0.329411764706,0.223529411765,0.392156862745,0.588235294118,0.780392156863,0.00392156862745,0.882352941176,0.686274509804,0.0,0.0470588235294,0.160784313725,0.580392156863,0.235294117647,0.607843137255,0.180392156863,0.698039215686,0.235294117647,0.196078431373,0.909803921569,0.843137254902,0.0,0.737254901961,0.321568627451,0.56862745098,0.00392156862745,0.505882352941,0.650980392157,0.921568627451,0.976470588235,0.870588235294,0.752941176471,0.803921568627,0.729411764706,0.6,0.647058823529,0.58431372549,0.447058823529,0.486274509804,0.439215686275,0.309803921569,0.341176470588,0.305882352941,0.18431372549,0.203921568627,0.176470588235,60.8,8.0,-11.7
Incandescent bulb (A),Mace5,negative,0.760784313725,0.760784313725,0.0,0.509803921569,0.403921568627,0.180392156863,0.819607843137,0.658823529412,0.4,0.380392156863,0.541176470588,0.517647058824,0.376470588235,0.501960784314,0.0941176470588,0.549019607843,0.564705882353,0.572549019608,0.321568627451,0.788235294118,0.552941176471,0.898039215686,0.603921568627,0.00392156862745,0.282352941176,0.411764705882,0.56862745098,0.843137254902,0.439215686275,0.298039215686,0.423529411765,0.305882352941,0.349019607843,0.607843137255,0.807843137255,0.0,0.894117647059,0.733333333333,0.0,0.121568627451,0.286274509804,0.513725490196,0.247058823529,0.647058823529,0.16862745098,0.796078431373,0.317647058824,0.172549019608,0.921568627451,0.866666666667,0.0,0.823529411765,0.427450980392,0.486274509804,0.0,0.56862745098,0.592156862745,0.929411764706,1.0,0.701960784314,0.776470588235,0.850980392157,0.6,0.639215686275,0.701960784314,0.490196078431,0.498039215686,0.549019607843,0.380392156863,0.360784313725,0.403921568627,0.274509803922,0.235294117647,0.258823529412,0.16862745098,70.8,-5.1,56.7
Incandescent bulb (A),Mescaline HCl,negative,0.886274509804,0.6,0.0,0.509803921569,0.403921568627,0.180392156863,0.819607843137,0.658823529412,0.4,0.380392156863,0.541176470588,0.517647058824,0.376470588235,0.501960784314,0.0941176470588,0.549019607843,0.564705882353,0.572549019608,0.321568627451,0.788235294118,0.552941176471,0.898039215686,0.603921568627,0.00392156862745,0.282352941176,0.411764705882,0.56862745098,0.843137254902,0.439215686275,0.298039215686,0.423529411765,0.305882352941,0.349019607843,0.607843137255,0.807843137255,0.0,0.894117647059,0.733333333333,0.0,0.121568627451,0.286274509804,0.513725490196,0.247058823529,0.647058823529,0.16862745098,0.796078431373,0.317647058824,0.172549019608,0.921568627451,0.866666666667,0.0,0.823529411765,0.427450980392,0.486274509804,0.0,0.56862745098,0.592156862745,0.929411764706,1.0,0.701960784314,0.776470588235,0.850980392157,0.6,0.639215686275,0.701960784314,0.490196078431,0.498039215686,0.549019607843,0.380392156863,0.360784313725,0.403921568627,0.274509803922,0.235294117647,0.258823529412,0.16862745098,60.9,29.5,51.9
Tube light (FL2),Diacetylmorphine HCl,positive,0.549019607843,0.21568627451,0.313725490196,0.505882352941,0.392156862745,0.309803921569,0.807843137255,0.619607843137,0.541176470588,0.43137254902,0.478431372549,0.627450980392,0.41568627451,0.470588235294,0.270588235294,0.549019607843,0.498039215686,0.690196078431,0.521568627451,0.729411764706,0.690196078431,0.886274509804,0.592156862745,0.121568627451,0.317647058824,0.321568627451,0.662745098039,0.772549019608,0.403921568627,0.41568627451,0.364705882353,0.254901960784,0.423529411765,0.701960784314,0.776470588235,0.223529411765,0.905882352941,0.725490196078,0.00392156862745,0.176470588235,0.164705882353,0.592156862745,0.411764705882,0.607843137255,0.329411764706,0.662745098039,0.294117647059,0.270588235294,0.949019607843,0.847058823529,0.00392156862745,0.717647058824,0.364705882353,0.6,0.16862745098,0.490196078431,0.682352941176,0.980392156863,0.941176470588,0.901960784314,0.827450980392,0.792156862745,0.772549019608,0.682352941176,0.654901960784,0.63137254902,0.525490196078,0.505882352941,0.490196078431,0.38431372549,0.36862745098,0.356862745098,0.247058823529,0.235294117647,0.23137254902,30.0,48.1,0.2
Tube light (FL2),d-Methamphetamine HCl,negative,0.701960784314,0.352941176471,0.0196078431373,0.505882352941,0.392156862745,0.309803921569,0.807843137255,0.619607843137,0.541176470588,0.43137254902,0.478431372549,0.627450980392,0.41568627451,0.470588235294,0.270588235294,0.549019607843,0.498039215686,0.690196078431,0.521568627451,0.729411764706,0.690196078431,0.886274509804,0.592156862745,0.121568627451,0.317647058824,0.321568627451,0.662745098039,0.772549019608,0.403921568627,0.41568627451,0.364705882353,0.254901960784,0.423529411765,0.701960784314,0.776470588235,0.223529411765,0.905882352941,0.725490196078,0.00392156862745,0.176470588235,0.164705882353,0.592156862745,0.411764705882,0.607843137255,0.329411764706,0.662745098039,0.294117647059,0.270588235294,0.949019607843,0.847058823529,0.00392156862745,0.717647058824,0.364705882353,0.6,0.16862745098,0.490196078431,0.682352941176,0.980392156863,0.941176470588,0.901960784314,0.827450980392,0.792156862745,0.772549019608,0.682352941176,0.654901960784,0.63137254902,0.525490196078,0.505882352941,0.490196078431,0.38431372549,0.36862745098,0.356862745098,0.247058823529,0.235294117647,0.23137254902,40.5,47.6,51.0
White LED torch (LED-B3),Morphine monohydrate,positive,0.407843137255,0.235294117647,0.345098039216,0.454901960784,0.345098039216,0.2,0.749019607843,0.576470588235,0.4,0.333333333333,0.470588235294,0.549019607843,0.337254901961,0.447058823529,0.109803921569,0.486274509804,0.490196078431,0.611764705882,0.333333333333,0.721568627451,0.560784313725,0.83137254902,0.513725490196,0.0,0.227450980392,0.333333333333,0.607843137255,0.756862745098,0.349019607843,0.313725490196,0.349019607843,0.243137254902,0.380392156863,0.58431372549,0.745098039216,0.0,0.843137254902,0.650980392157,0.00392156862745,0.0705882352941,0.203921568627,0.545098039216,0.250980392157,0.58431372549,0.0745098039216,0.682352941176,0.239215686275,0.172549019608,0.862745098039,0.788235294118,0.00392156862745,0.721568627451,0.333333333333,0.529411764706,0.0,0.509803921569,0.596078431373,0.862745098039,0.894117647059,0.733333333333,0.717647058824,0.752941176471,0.63137254902,0.588235294118,0.619607843137,0.521568627451,0.458823529412,0.482352941176,0.4,0.333333333333,0.349019607843,0.290196078431,0.207843137255,0.219607843137,0.180392156863,30.7,24.5,-13.2
White LED torch (LED-B3),Oxycodone HCl,positive,0.576470588235,0.556862745098,0.580392156863,0.454901960784,0.345098039216,0.2,0.749019607843,0.576470588235,0.4,0.333333333333,0.470588235294,0.549019607843,0.337254901961,0.447058823529,0.109803921569,0.486274509804,0.490196078431,0.611764705882,0.333333333333,0.721568627451,0.560784313725,0.83137254902,0.513725490196,0.0,0.227450980392,0.333333333333,0.607843137255,0.756862745098,0.349019607843,0.313725490196,0.349019607843,0.243137254902,0.380392156863,0.58431372549,0.745098039216,0.0,0.843137254902,0.650980392157,0.00392156862745,0.0705882352941,0.203921568627,0.545098039216,0.250980392157,0.58431372549,0.0745098039216,0.682352941176,0.239215686275,0.172549019608,0.862745098039,0.788235294118,0.00392156862745,0.721568627451,0.333333333333,0.529411764706,0.0,0.509803921569,0.596078431373,0.862745098039,0.894117647059,0.733333333333,0.717647058824,0.752941176471,0.63137254902,0.588235294118,0.619607843137,0.521568627451,0.458823529412,0.482352941176,0.4,0.333333333333,0.349019607843,0.290196078431,0.207843137255,0.219607843137,0.180392156863,62.2,8.1,-12.0
Incandescent bulb (A),Dimethoxy-meth HCl,negative,0.498039215686,0.454901960784,0.0,0.41568627451,0.294117647059,0.180392156863,0.725490196078,0.529411764706,0.4,0.317647058824,0.403921568627,0.486274509804,0.305882352941,0.392156862745,0.149019607843,0.474509803922,0.435294117647,0.541176470588,0.294117647059,0.654901960784,0.556862745098,0.8,0.474509803922,0.00392156862745,0.223529411765,0.274509803922,0.513725490196,0.745098039216,0.321568627451,0.274509803922,0.341176470588,0.2,0.301960784314,0.545098039216,0.682352941176,0.043137254902,0.823529411765,0.61568627451,0.0,0.0901960784314,0.152941176471,0.454901960784,0.211764705882,0.517647058824,0.223529411765,0.694117647059,0.207843137255,0.160784313725,0.850980392157,0.741176470588,0.00392156862745,0.733333333333,0.298039215686,0.454901960784,0.00392156862745,0.435294117647,0.564705882353,0.843137254902,0.843137254902,0.709803921569,0.690196078431,0.698039215686,0.603921568627,0.556862745098,0.564705882353,0.482352941176,0.41568627451,0.427450980392,0.360784313725,0.290196078431,0.298039215686,0.247058823529,0.176470588235,0.172549019608,0.149019607843,51.2,-3.1,52.1
Incandescent bulb (A),Benzphetamine HCl,negative,0.329411764706,0.129411764706,0.0470588235294,0.41568627451,0.294117647059,0.180392156863,0.725490196078,0.529411764706,0.4,0.317647058824,0.403921568627,0.486274509804,0.305882352941,0.392156862745,0.149019607843,0.474509803922,0.435294117647,0.541176470588,0.294117647059,0.654901960784,0.556862745098,0.8,0.474509803922,0.00392156862745,0.223529411765,0.274509803922,0.513725490196,0.745098039216,0.321568627451,0.274509803922,0.341176470588,0.2,0.301960784314,0.545098039216,0.682352941176,0.043137254902,0.823529411765,0.61568627451,0.0,0.0901960784314,0.152941176471,0.454901960784,0.211764705882,0.517647058824,0.223529411765,0.694117647059,0.207843137255,0.160784313725,0.850980392157,0.741176470588,0.00392156862745,0.733333333333,0.298039215686,0.454901960784,0.00392156862745,0.435294117647,0.564705882353,0.843137254902,0.843137254902,0.709803921569,0.690196078431,0.698039215686,0.603921568627,0.556862745098,0.564705882353,0.482352941176,0.41568627451,0.427450980392,0.360784313725,0.290196078431,0.298039215686,0.247058823529,0.176470588235,0.172549019608,0.149019607843,19.7,25.2,21.5
Daylight (D65),Codeine,positive,0.203921568627,0.113725490196,0.203921568627,0.423529411765,0.266666666667,0.16862745098,0.764705882353,0.529411764706,0.388235294118,0.270588235294,0.443137254902,0.549019607843,0.290196078431,0.380392156863,0.0509803921569,0.443137254902,0.458823529412,0.619607843137,0.188235294118,0.717647058824,0.560784313725,0.870588235294,0.396078431373,0.0,0.152941176471,0.321568627451,0.619607843137,0.776470588235,0.235294117647,0.286274509804,0.309803921569,0.188235294118,0.345098039216,0.549019607843,0.701960784314,0.0,0.870588235294,0.552941176471,0.0,0.0196078431373,0.211764705882,0.541176470588,0.141176470588,0.556862745098,0.0117647058824,0.701960784314,0.0705882352941,0.105882352941,0.909803921569,0.733333333333,0.0,0.737254901961,0.247058823529,0.521568627451,0.0,0.501960784314,0.603921568627,0.913725490196,0.937254901961,0.819607843137,0.729411764706,0.760784313725,0.678431372549,0.564705882353,0.592156862745,0.529411764706,0.407843137255,0.43137254902,0.38431372549,0.270588235294,0.286274509804,0.258823529412,0.149019607843,0.156862745098,0.137254901961,19.0,15.2,-11.5
Daylight (D65),Benzphetamine HCl,negative,0.305882352941,0.0470588235294,0.0470588235294,0.423529411765,0.266666666667,0.16862745098,0.764705882353,0.529411764706,0.388235294118,0.270588235294,0.443137254902,0.549019607843,0.290196078431,0.380392156863,0.0509803921569,0.443137254902,0.458823529412,0.619607843137,0.188235294118,0.717647058824,0.560784313725,0.870588235294,0.396078431373,0.0,0.152941176471,0.321568627451,0.619607843137,0.776470588235,0.235294117647,0.286274509804,0.309803921569,0.188235294118,0.345098039216,0.549019607843,0.701960784314,0.0,0.870588235294,0.552941176471,0.0,0.0196078431373,0.211764705882,0.541176470588,0.141176470588,0.556862745098,0.0117647058824,0.701960784314,0.0705882352941,0.105882352941,0.909803921569,0.733333333333,0.0,0.737254901961,0.247058823529,0.521568627451,0.0,0.501960784314,0.603921568627,0.913725490196,0.937254901961,0.819607843137,0.729411764706,0.760784313725,0.678431372549,0.564705882353,0.592156862745,0.529411764706,0.407843137255,0.43137254902,0.38431372549,0.270588235294,0.286274509804,0.258823529412,0.149019607843,0.156862745098,0.137254901961,19.7,25.0,15.2
Tube light (FL2),Codeine,positive,0.18431372549,0.109803921569,0.180392156863,0.36862745098,0.270588235294,0.180392156863,0.666666666667,0.498039215686,0.4,0.301960784314,0.360784313725,0.490196078431,0.286274509804,0.352941176471,0.156862745098,0.411764705882,0.38431372549,0.549019607843,0.372549019608,0.61568627451,0.552941176471,0.752941176471,0.470588235294,0.0196078431373,0.192156862745,0.223529411765,0.529411764706,0.643137254902,0.290196078431,0.290196078431,0.243137254902,0.164705882353,0.301960784314,0.560784313725,0.662745098039,0.0823529411765,0.776470588235,0.607843137255,0.00392156862745,0.078431372549,0.0980392156863,0.458823529412,0.278431372549,0.486274509804,0.203921568627,0.529411764706,0.196078431373,0.164705882353,0.819607843137,0.737254901961,0.00392156862745,0.58431372549,0.258823529412,0.462745098039,0.0627450980392,0.376470588235,0.552941176471,0.854901960784,0.843137254902,0.76862745098,0.690196078431,0.682352941176,0.635294117647,0.537254901961,0.537254901961,0.498039215686,0.392156862745,0.392156862745,0.364705882353,0.262745098039,0.258823529412,0.243137254902,0.145098039216,0.145098039216,0.129411764706,19.9,14.8,-9.8
Tube light (FL2),d-Amphetamine HCl,negative,0.780392156863,0.454901960784,0.0705882352941,0.36862745098,0.270588235294,0.180392156863,0.666666666667,0.498039215686,0.4,0.301960784314,0.360784313725,0.490196078431,0.286274509804,0.352941176471,0.156862745098,0.411764705882,0.38431372549,0.549019607843,0.372549019608,0.61568627451,0.552941176471,0.752941176471,0.470588235294,0.0196078431373,0.192156862745,0.223529411765,0.529411764706,0.643137254902,0.290196078431,0.290196078431,0.243137254902,0.164705882353,0.301960784314,0.560784313725,0.662745098039,0.0823529411765,0.776470588235,0.607843137255,0.00392156862745,0.078431372549,0.0980392156863,0.458823529412,0.278431372549,0.486274509804,0.203921568627,0.529411764706,0.196078431373,0.164705882353,0.819607843137,0.737254901961,0.00392156862745,0.58431372549,0.258823529412,0.462745098039,0.0627450980392,0.376470588235,0.552941176471,0.854901960784,0.843137254902,0.76862745098,0.690196078431,0.682352941176,0.635294117647,0.537254901961,0.537254901961,0.498039215686,0.392156862745,0.392156862745,0.364705882353,0.262745098039,0.258823529412,0.243137254902,0.145098039216,0.145098039216,0.129411764706,61.3,41.8,55.3
White LED torch (LED-B3),Morphine monohydrate,positive,0.713725490196,0.678431372549,0.63137254902,0.38431372549,0.262745098039,0.149019607843,0.701960784314,0.498039215686,0.345098039216,0.262745098039,0.38431372549,0.498039215686,0.262745098039,0.36862745098,0.0588235294118,0.411764705882,0.4,0.56862745098,0.223529411765,0.654901960784,0.517647058824,0.792156862745,0.43137254902,0.0,0.164705882353,0.239215686275,0.56862745098,0.705882352941,0.258823529412,0.258823529412,0.274509803922,0.164705882353,0.321568627451,0.505882352941,0.678431372549,0.0,0.803921568627,0.576470588235,0.00392156862745,0.0313725490196,0.109803921569,0.498039215686,0.156862745098,0.517647058824,0.0313725490196,0.623529411765,0.145098039216,0.101960784314,0.827450980392,0.725490196078,0.0,0.670588235294,0.227450980392,0.470588235294,0.0,0.423529411765,0.560784313725,0.835294117647,0.850980392157,0.745098039216,0.674509803922,0.694117647059,0.611764705882,0.529411764706,0.545098039216,0.478431372549,0.38431372549,0.4,0.345098039216,0.254901960784,0.266666666667,0.239215686275,0.145098039216,0.149019607843,0.129411764706,58.2,9.9,-4.3
White LED torch (LED-B3),Propoxyphene HCl,positive,0.188235294118,0.121568627451,0.145098039216,0.38431372549,0.262745098039,0.149019607843,0.701960784314,0.498039215686,0.345098039216,0.262745098039,0.38431372549,0.498039215686,0.262745098039,0.36862745098,0.0588235294118,0.411764705882,0.4,0.56862745098,0.223529411765,0.654901960784,0.517647058824,0.792156862745,0.43137254902,0.0,0.164705882353,0.239215686275,0.56862745098,0.705882352941,0.258823529412,0.258823529412,0.274509803922,0.164705882353,0.321568627451,0.505882352941,0.678431372549,0.0,0.803921568627,0.576470588235,0.00392156862745,0.0313725490196,0.109803921569,0.498039215686,0.156862745098,0.517647058824,0.0313725490196,0.623529411765,0.145098039216,0.101960784314,0.827450980392,0.725490196078,0.0,0.670588235294,0.227450980392,0.470588235294,0.0,0.423529411765,0.560784313725,0.835294117647,0.850980392157,0.745098039216,0.674509803922,0.694117647059,0.611764705882,0.529411764706,0.545098039216,0.478431372549,0.38431372549,0.4,0.345098039216,0.254901960784,0.266666666667,0.239215686275,0.145098039216,0.149019607843,0.129411764706,20.0,9.6,-2.3
Incandescent bulb (A),Morphine monohydrate,positive,0.364705882353,0.207843137255,0.301960784314,0.427450980392,0.329411764706,0.211764705882,0.760784313725,0.588235294118,0.474509803922,0.290196078431,0.443137254902,0.556862745098,0.290196078431,0.423529411765,0.192156862745,0.462745098039,0.466666666667,0.619607843137,0.203921568627,0.717647058824,0.643137254902,0.847058823529,0.545098039216,0.00392156862745,0.18431372549,0.290196078431,0.592156862745,0.780392156863,0.364705882353,0.325490196078,0.333333333333,0.21568627451,0.341176470588,0.529411764706,0.760784313725,0.156862745098,0.847058823529,0.682352941176,0.0,0.0352941176471,0.152941176471,0.513725490196,0.149019607843,0.580392156863,0.282352941176,0.729411764706,0.247058823529,0.196078431373,0.878431372549,0.835294117647,0.00392156862745,0.760784313725,0.329411764706,0.509803921569,0.00392156862745,0.458823529412,0.639215686275,0.874509803922,0.964705882353,0.866666666667,0.705882352941,0.788235294118,0.713725490196,0.560784313725,0.627450980392,0.56862745098,0.411764705882,0.462745098039,0.423529411765,0.278431372549,0.317647058824,0.286274509804,0.160784313725,0.180392156863,0.164705882353,29.5,22.6,-11.2
Incandescent bulb (A),d-Methamphetamine HCl,negative,0.666666666667,0.290196078431,0.0,0.427450980392,0.329411764706,0.211764705882,0.760784313725,0.588235294118,0.474509803922,0.290196078431,0.443137254902,0.556862745098,0.290196078431,0.423529411765,0.192156862745,0.462745098039,0.466666666667,0.619607843137,0.203921568627,0.717647058824,0.643137254902,0.847058823529,0.545098039216,0.00392156862745,0.18431372549,0.290196078431,0.592156862745,0.780392156863,0.364705882353,0.325490196078,0.333333333333,0.21568627451,0.341176470588,0.529411764706,0.760784313725,0.156862745098,0.847058823529,0.682352941176,0.0,0.0352941176471,0.152941176471,0.513725490196,0.149019607843,0.580392156863,0.282352941176,0.729411764706,0.247058823529,0.196078431373,0.878431372549,0.835294117647,0.00392156862745,0.760784313725,0.329411764706,0.509803921569,0.00392156862745,0.458823529412,0.639215686275,0.874509803922,0.964705882353,0.866666666667,0.705882352941,0.788235294118,0.713725490196,0.560784313725,0.627450980392,0.56862745098,0.411764705882,0.462745098039,0.423529411765,0.278431372549,0.317647058824,0.286274509804,0.160784313725,0.180392156863,0.164705882353,40.4,45.6,37.7
Daylight (D65),LSD,negative,0.180392156863,0.196078431373,0.101960784314,0.41568627451,0.290196078431,0.207843137255,0.694117647059,0.521568627451,0.41568627451,0.270588235294,0.447058823529,0.545098039216,0.301960784314,0.396078431373,0.129411764706,0.43137254902,0.462745098039,0.611764705882,0.203921568627,0.690196078431,0.572549019608,0.772549019608,0.411764705882,0.00392156862745,0.156862745098,0.337254901961,0.603921568627,0.713725490196,0.282352941176,0.329411764706,0.321568627451,0.219607843137,0.372549019608,0.517647058824,0.674509803922,0.0,0.788235294118,0.560784313725,0.0,0.0313725490196,0.235294117647,0.537254901961,0.164705882353,0.541176470588,0.101960784314,0.650980392157,0.156862745098,0.172549019608,0.811764705882,0.698039215686,0.0,0.682352941176,0.290196078431,0.533333333333,0.0,0.509803921569,0.603921568627,0.78431372549,0.843137254902,0.76862745098,0.650980392157,0.705882352941,0.650980392157,0.529411764706,0.576470588235,0.529411764706,0.4,0.439215686275,0.407843137255,0.278431372549,0.313725490196,0.294117647059,0.172549019608,0.192156862745,0.176470588235,19.7,-3.5,13.2
Tube light (FL2),d-Methamphetamine HCl,negative,0.556862745098,0.235294117647,0.0,0.352941176471,0.250980392157,0.156862745098,0.639215686275,0.462745098039,0.364705882353,0.286274509804,0.341176470588,0.466666666667,0.282352941176,0.337254901961,0.125490196078,0.4,0.36862745098,0.529411764706,0.352941176471,0.588235294118,0.517647058824,0.713725490196,0.43137254902,0.0,0.188235294118,0.211764705882,0.501960784314,0.619607843137,0.266666666667,0.262745098039,0.243137254902,0.156862745098,0.298039215686,0.537254901961,0.63137254902,0.00392156862745,0.756862745098,0.576470588235,0.0,0.0745098039216,0.0901960784314,0.439215686275,0.262745098039,0.462745098039,0.16862745098,0.521568627451,0.176470588235,0.145098039216,0.792156862745,0.690196078431,0.00392156862745,0.572549019608,0.243137254902,0.447058823529,0.0352941176471,0.364705882353,0.541176470588,0.811764705882,0.780392156863,0.705882352941,0.654901960784,0.643137254902,0.58431372549,0.521568627451,0.509803921569,0.466666666667,0.38431372549,0.372549019608,0.345098039216,0.258823529412,0.254901960784,0.235294117647,0.145098039216,0.141176470588,0.125490196078,42.1,46.7,40.1
Tube light (FL2),Aspirin,negative,0.450980392157,0.125490196078,0.0666666666667,0.352941176471,0.250980392157,0.156862745098,0.639215686275,0.462745098039,0.364705882353,0.286274509804,0.341176470588,0.466666666667,0.282352941176,0.337254901961,0.125490196078,0.4,0.36862745098,0.529411764706,0.352941176471,0.588235294118,0.517647058824,0.713725490196,0.43137254902,0.0,0.188235294118,0.211764705882,0.501960784314,0.619607843137,0.266666666667,0.262745098039,0.243137254902,0.156862745098,0.298039215686,0.537254901961,0.63137254902,0.00392156862745,0.756862745098,0.576470588235,0.0,0.0745098039216,0.0901960784314,0.439215686275,0.262745098039,0.462745098039,0.16862745098,0.521568627451,0.176470588235,0.145098039216,0.792156862745,0.690196078431,0.00392156862745,0.572549019608,0.243137254902,0.447058823529,0.0352941176471,0.364705882353,0.541176470588,0.811764705882,0.780392156863,0.705882352941,0.654901960784,0.643137254902,0.58431372549,0.521568627451,0.509803921569,0.466666666667,0.38431372549,0.372549019608,0.345098039216,0.258823529412,0.254901960784,0.235294117647,0.145098039216,0.141176470588,0.125490196078,31.1,49.2,23.9
White LED torch (LED-B3),Oxycodone HCl,positive,0.58431372549,0.529411764706,0.627450980392,0.462745098039,0.321568627451,0.219607843137,0.776470588235,0.560784313725,0.443137254902,0.345098039216,0.447058823529,0.596078431373,0.345098039216,0.43137254902,0.160784313725,0.498039215686,0.458823529412,0.662745098039,0.341176470588,0.713725490196,0.619607843137,0.866666666667,0.494117647059,0.0,0.23137254902,0.286274509804,0.650980392157,0.78431372549,0.317647058824,0.345098039216,0.345098039216,0.211764705882,0.4,0.6,0.745098039216,0.0,0.882352941176,0.650980392157,0.0,0.078431372549,0.129411764706,0.580392156863,0.254901960784,0.576470588235,0.16862745098,0.701960784314,0.2,0.188235294118,0.905882352941,0.792156862745,0.0,0.745098039216,0.286274509804,0.564705882353,0.0,0.486274509804,0.654901960784,0.909803921569,0.898039215686,0.83137254902,0.749019607843,0.749019607843,0.701960784314,0.607843137255,0.607843137255,0.576470588235,0.462745098039,0.458823529412,0.439215686275,0.325490196078,0.325490196078,0.309803921569,0.2,0.196078431373,0.18431372549,61.5,7.7,-12.0
Incandescent bulb (A),Oxycodone HCl,positive,0.576470588235,0.564705882353,0.505882352941,0.439215686275,0.329411764706,0.176470588235,0.780392156863,0.6,0.396078431373,0.333333333333,0.462745098039,0.474509803922,0.321568627451,0.423529411765,0.137254901961,0.498039215686,0.490196078431,0.533333333333,0.337254901961,0.737254901961,0.549019607843,0.862745098039,0.541176470588,0.0,0.235294117647,0.329411764706,0.509803921569,0.792156862745,0.376470588235,0.282352941176,0.352941176471,0.23137254902,0.290196078431,0.580392156863,0.764705882353,0.0588235294118,0.874509803922,0.690196078431,0.0,0.0980392156863,0.2,0.439215686275,0.243137254902,0.576470588235,0.219607843137,0.733333333333,0.258823529412,0.176470588235,0.913725490196,0.839215686275,0.0,0.776470588235,0.360784313725,0.447058823529,0.0,0.494117647059,0.549019607843,0.941176470588,0.988235294118,0.737254901961,0.756862745098,0.807843137255,0.603921568627,0.6,0.643137254902,0.478431372549,0.439215686275,0.474509803922,0.352941176471,0.298039215686,0.329411764706,0.239215686275,0.176470588235,0.188235294118,0.133333333333,61.1,6.6,-10.3
Incandescent bulb (A),MDA HCl,negative,0.133333333333,0.141176470588,0.0901960784314,0.439215686275,0.329411764706,0.176470588235,0.780392156863,0.6,0.396078431373,0.333333333333,0.462745098039,0.474509803922,0.321568627451,0.423529411765,0.137254901961,0.498039215686,0.490196078431,0.533333333333,0.337254901961,0.737254901961,0.549019607843,0.862745098039,0.541176470588,0.0,0.235294117647,0.329411764706,0.509803921569,0.792156862745,0.376470588235,0.282352941176,0.352941176471,0.23137254902,0.290196078431,0.580392156863,0.764705882353,0.0588235294118,0.874509803922,0.690196078431,0.0,0.0980392156863,0.2,0.439215686275,0.243137254902,0.576470588235,0.219607843137,0.733333333333,0.258823529412,0.176470588235,0.913725490196,0.839215686275,0.0,0.776470588235,0.360784313725,0.447058823529,0.0,0.494117647059,0.549019607843,0.941176470588,0.988235294118,0.737254901961,0.756862745098,0.807843137255,0.603921568627,0.6,0.643137254902,0.478431372549,0.439215686275,0.474509803922,0.352941176471,0.298039215686,0.329411764706,0.239215686275,0.176470588235,0.188235294118,0.133333333333,14.8,-1.8,2.5
Daylight (D65),Morphine monohydrate,positive,0.619607843137,0.639215686275,0.643137254902,0.392156862745,0.294117647059,0.211764705882,0.690196078431,0.549019607843,0.447058823529,0.243137254902,0.454901960784,0.564705882353,0.274509803922,0.396078431373,0.156862745098,0.407843137255,0.474509803922,0.643137254902,0.156862745098,0.717647058824,0.607843137255,0.780392156863,0.435294117647,0.00392156862745,0.117647058824,0.333333333333,0.619607843137,0.705882352941,0.294117647059,0.329411764706,0.290196078431,0.207843137255,0.36862745098,0.509803921569,0.705882352941,0.0,0.792156862745,0.58431372549,0.00392156862745,0.0078431372549,0.219607843137,0.541176470588,0.145098039216,0.556862745098,0.172549019608,0.639215686275,0.176470588235,0.180392156863,0.823529411765,0.741176470588,0.0,0.670588235294,0.301960784314,0.541176470588,0.00392156862745,0.509803921569,0.623529411765,0.807843137255,0.921568627451,0.850980392157,0.647058823529,0.756862745098,0.709803921569,0.513725490196,0.596078431373,0.560784313725,0.376470588235,0.447058823529,0.41568627451,0.254901960784,0.305882352941,0.290196078431,0.145098039216,0.176470588235,0.164705882353,64.8,8.2,-2.9
Daylight (D65),Chlorpromazine HCl,positive,0.392156862745,0.145098039216,0.321568627451,0.392156862745,0.294117647059,0.211764705882,0.690196078431,0.549019607843,0.447058823529,0.243137254902,0.454901960784,0.564705882353,0.274509803922,0.396078431373,0.156862745098,0.407843137255,0.474509803922,0.643137254902,0.156862745098,0.717647058824,0.607843137255,0.780392156863,0.435294117647,0.00392156862745,0.117647058824,0.333333333333,0.619607843137,0.705882352941,0.294117647059,0.329411764706,0.290196078431,0.207843137255,0.36862745098,0.509803921569,0.705882352941,0.0,0.792156862745,0.58431372549,0.00392156862745,0.0078431372549,0.219607843137,0.541176470588,0.145098039216,0.556862745098,0.172549019608,0.639215686275,0.176470588235,0.180392156863,0.823529411765,0.741176470588,0.0,0.670588235294,0.301960784314,0.541176470588,0.00392156862745,0.509803921569,0.623529411765,0.807843137255,0.921568627451,0.850980392157,0.647058823529,0.756862745098,0.709803921569,0.513725490196,0.596078431373,0.560784313725,0.376470588235,0.447058823529,0.41568627451,0.254901960784,0.305882352941,0.290196078431,0.145098039216,0.176470588235,0.164705882353,29.2,36.5,-12.1
Tube light (FL2),Mace5,negative,0.725490196078,0.745098039216,0.0,0.478431372549,0.4,0.2,0.756862745098,0.643137254902,0.41568627451,0.36862745098,0.517647058824,0.552941176471,0.36862745098,0.486274509804,0.101960784314,0.498039215686,0.545098039216,0.607843137255,0.4,0.760784313725,0.560784313725,0.839215686275,0.6,0.0,0.262745098039,0.388235294118,0.611764705882,0.741176470588,0.419607843137,0.325490196078,0.341176470588,0.294117647059,0.388235294118,0.619607843137,0.796078431373,0.0,0.839215686275,0.729411764706,0.00392156862745,0.0980392156863,0.262745098039,0.549019607843,0.317647058824,0.63137254902,0.101960784314,0.643137254902,0.309803921569,0.188235294118,0.870588235294,0.854901960784,0.0,0.682352941176,0.403921568627,0.529411764706,0.0,0.537254901961,0.611764705882,0.894117647059,0.980392156863,0.737254901961,0.749019607843,0.827450980392,0.635294117647,0.611764705882,0.682352941176,0.525490196078,0.474509803922,0.533333333333,0.403921568627,0.345098039216,0.392156862745,0.298039215686,0.227450980392,0.254901960784,0.192156862745,70.3,-5.6,55.7
Tube light (FL2),Propoxyphene HCl,positive,0.266666666667,0.23137254902,0.203921568627,0.478431372549,0.4,0.2,0.756862745098,0.643137254902,0.41568627451,0.36862745098,0.517647058824,0.552941176471,0.36862745098,0.486274509804,0.101960784314,0.498039215686,0.545098039216,0.607843137255,0.4,0.760784313725,0.560784313725,0.839215686275,0.6,0.0,0.262745098039,0.388235294118,0.611764705882,0.741176470588,0.419607843137,0.325490196078,0.341176470588,0.294117647059,0.388235294118,0.619607843137,0.796078431373,0.0,0.839215686275,0.729411764706,0.00392156862745,0.0980392156863,0.262745098039,0.549019607843,0.317647058824,0.63137254902,0.101960784314,0.643137254902,0.309803921569,0.188235294118,0.870588235294,0.854901960784,0.0,0.682352941176,0.403921568627,0.529411764706,0.0,0.537254901961,0.611764705882,0.894117647059,0.980392156863,0.737254901961,0.749019607843,0.827450980392,0.635294117647,0.611764705882,0.682352941176,0.525490196078,0.474509803922,0.533333333333,0.403921568627,0.345098039216,0.392156862745,0.298039215686,0.227450980392,0.254901960784,0.192156862745,19.9,10.2,-1.5
White LED torch (LED-B3),Morphine monohydrate,positive,0.407843137255,0.23137254902,0.36862745098,0.462745098039,0.356862745098,0.211764705882,0.756862745098,0.596078431373,0.423529411765,0.309803921569,0.482352941176,0.592156862745,0.325490196078,0.462745098039,0.109803921569,0.470588235294,0.501960784314,0.654901960784,0.235294117647,0.745098039216,0.596078431373,0.850980392157,0.537254901961,0.0,0.196078431373,0.337254901961,0.658823529412,0.776470588235,0.356862745098,0.337254901961,0.349019607843,0.247058823529,0.407843137255,0.560784313725,0.76862745098,0.0,0.847058823529,0.678431372549,0.0,0.0352941176471,0.192156862745,0.596078431373,0.18431372549,0.611764705882,0.0745098039216,0.701960784314,0.239215686275,0.176470588235,0.862745098039,0.81568627451,0.0,0.733333333333,0.333333333333,0.564705882353,0.0,0.521568627451,0.643137254902,0.858823529412,0.937254901961,0.8,0.713725490196,0.78431372549,0.682352941176,0.58431372549,0.643137254902,0.560784313725,0.447058823529,0.498039215686,0.43137254902,0.317647058824,0.360784313725,0.313725490196,0.2,0.223529411765,0.196078431373,30.1,25.2,-13.4
White LED torch (LED-B3),Exedrine,negative,0.525490196078,0.207843137255,0.113725490196,0.462745098039,0.356862745098,0.211764705882,0.756862745098,0.596078431373,0.423529411765,0.309803921569,0.482352941176,0.592156862745,0.325490196078,0.462745098039,0.109803921569,0.470588235294,0.501960784314,0.654901960784,0.235294117647,0.745098039216,0.596078431373,0.850980392157,0.537254901961,0.0,0.196078431373,0.337254901961,0.658823529412,0.776470588235,0.356862745098,0.337254901961,0.349019607843,0.247058823529,0.407843137255,0.560784313725,0.76862745098,0.0,0.847058823529,0.678431372549,0.0,0.0352941176471,0.192156862745,0.596078431373,0.18431372549,0.611764705882,0.0745098039216,0.701960784314,0.239215686275,0.176470588235,0.862745098039,0.81568627451,0.0,0.733333333333,0.333333333333,0.564705882353,0.0,0.521568627451,0.643137254902,0.858823529412,0.937254901961,0.8,0.713725490196,0.78431372549,0.682352941176,0.58431372549,0.643137254902,0.560784313725,0.447058823529,0.498039215686,0.43137254902,0.317647058824,0.360784313725,0.313725490196,0.2,0.223529411765,0.196078431373,29.8,37.5,28.5
Incandescent bulb (A),MDA HCl,negative,0.109803921569,0.105882352941,0.0745098039216,0.4,0.270588235294,0.133333333333,0.717647058824,0.501960784314,0.349019607843,0.290196078431,0.38431372549,0.439215686275,0.282352941176,0.356862745098,0.0901960784314,0.443137254902,0.403921568627,0.498039215686,0.250980392157,0.627450980392,0.494117647059,0.792156862745,0.450980392157,0.0,0.2,0.258823529412,0.482352941176,0.733333333333,0.290196078431,0.235294117647,0.313725490196,0.180392156863,0.266666666667,0.513725490196,0.658823529412,0.0078431372549,0.8,0.580392156863,0.00392156862745,0.0745098039216,0.145098039216,0.419607843137,0.176470588235,0.501960784314,0.16862745098,0.678431372549,0.180392156863,0.113725490196,0.839215686275,0.721568627451,0.0,0.713725490196,0.270588235294,0.403921568627,0.0,0.411764705882,0.513725490196,0.854901960784,0.850980392157,0.678431372549,0.686274509804,0.690196078431,0.556862745098,0.545098039216,0.545098039216,0.435294117647,0.396078431373,0.403921568627,0.321568627451,0.266666666667,0.270588235294,0.21568627451,0.149019607843,0.149019607843,0.109803921569,15.0,-0.2,-0.3
Incandescent bulb (A),Codeine,positive,0.203921568627,0.113725490196,0.156862745098,0.4,0.270588235294,0.133333333333,0.717647058824,0.501960784314,0.349019607843,0.290196078431,0.38431372549,0.439215686275,0.282352941176,0.356862745098,0.0901960784314,0.443137254902,0.403921568627,0.498039215686,0.250980392157,0.627450980392,0.494117647059,0.792156862745,0.450980392157,0.0,0.2,0.258823529412,0.482352941176,0.733333333333,0.290196078431,0.235294117647,0.313725490196,0.180392156863,0.266666666667,0.513725490196,0.658823529412,0.0078431372549,0.8,0.580392156863,0.00392156862745,0.0745098039216,0.145098039216,0.419607843137,0.176470588235,0.501960784314,0.16862745098,0.678431372549,0.180392156863,0.113725490196,0.839215686275,0.721568627451,0.0,0.713725490196,0.270588235294,0.403921568627,0.0,0.411764705882,0.513725490196,0.854901960784,0.850980392157,0.678431372549,0.686274509804,0.690196078431,0.556862745098,0.545098039216,0.545098039216,0.435294117647,0.396078431373,0.403921568627,0.321568627451,0.266666666667,0.270588235294,0.21568627451,0.149019607843,0.149019607843,0.109803921569,19.6,13.0,-9.5
Daylight (D65),Methylphenidate HCl,negative,0.909803921569,0.701960784314,0.301960784314,0.41568627451,0.286274509804,0.219607843137,0.713725490196,0.529411764706,0.443137254902,0.313725490196,0.447058823529,0.556862745098,0.317647058824,0.396078431373,0.176470588235,0.462745098039,0.470588235294,0.63137254902,0.325490196078,0.705882352941,0.611764705882,0.788235294118,0.419607843137,0.0156862745098,0.203921568627,0.325490196078,0.596078431373,0.721568627451,0.290196078431,0.341176470588,0.321568627451,0.211764705882,0.36862745098,0.572549019608,0.690196078431,0.0078431372549,0.83137254902,0.576470588235,0.00392156862745,0.0588235294118,0.21568627451,0.521568627451,0.247058823529,0.537254901961,0.203921568627,0.654901960784,0.172549019608,0.2,0.854901960784,0.713725490196,0.0,0.698039215686,0.301960784314,0.537254901961,0.0,0.505882352941,0.619607843137,0.847058823529,0.862745098039,0.807843137255,0.694117647059,0.713725490196,0.686274509804,0.560784313725,0.580392156863,0.556862745098,0.419607843137,0.435294117647,0.41568627451,0.294117647059,0.305882352941,0.294117647059,0.172549019608,0.180392156863,0.16862745098,82.8,8.5,56.4
Daylight (D65),Exedrine,negative,0.474509803922,0.125490196078,0.145098039216,0.41568627451,0.286274509804,0.219607843137,0.713725490196,0.529411764706,0.443137254902,0.313725490196,0.447058823529,0.556862745098,0.317647058824,0.396078431373,0.176470588235,0.462745098039,0.470588235294,0.63137254902,0.325490196078,0.705882352941,0.611764705882,0.788235294118,0.419607843137,0.0156862745098,0.203921568627,0.325490196078,0.596078431373,0.721568627451,0.290196078431,0.341176470588,0.321568627451,0.211764705882,0.36862745098,0.572549019608,0.690196078431,0.0078431372549,0.83137254902,0.576470588235,0.00392156862745,0.0588235294118,0.21568627451,0.521568627451,0.247058823529,0.537254901961,0.203921568627,0.654901960784,0.172549019608,0.2,0.854901960784,0.713725490196,0.0,0.698039215686,0.301960784314,0.537254901961,0.0,0.505882352941,0.619607843137,0.847058823529,0.862745098039,0.807843137255,0.694117647059,0.713725490196,0.686274509804,0.560784313725,0.580392156863,0.556862745098,0.419607843137,0.435294117647,0.41568627451,0.294117647059,0.305882352941,0.294117647059,0.172549019608,0.180392156863,0.16862745098,30.2,37.3,19.0
Tube light (FL2),Methylphenidate HCl,negative,0.874509803922,0.807843137255,0.0,0.43137254902,0.360784313725,0.18431372549,0.713725490196,0.603921568627,0.411764705882,0.294117647059,0.470588235294,0.580392156863,0.309803921569,0.454901960784,0.0862745098039,0.435294117647,0.494117647059,0.650980392157,0.262745098039,0.737254901961,0.596078431373,0.819607843137,0.564705882353,0.0,0.16862745098,0.321568627451,0.643137254902,0.721568627451,0.372549019608,0.317647058824,0.298039215686,0.243137254902,0.392156862745,0.552941176471,0.776470588235,0.0,0.823529411765,0.709803921569,0.00392156862745,0.0235294117647,0.180392156863,0.576470588235,0.207843137255,0.6,0.0823529411765,0.619607843137,0.262745098039,0.152941176471,0.839215686275,0.847058823529,0.0,0.658823529412,0.345098039216,0.549019607843,0.0,0.490196078431,0.647058823529,0.83137254902,0.952941176471,0.788235294118,0.690196078431,0.796078431373,0.666666666667,0.556862745098,0.650980392157,0.545098039216,0.423529411765,0.494117647059,0.41568627451,0.298039215686,0.352941176471,0.298039215686,0.18431372549,0.219607843137,0.180392156863,80.1,8.5,61.6
Tube light (FL2),Mescaline HCl,negative,0.796078431373,0.572549019608,0.0,0.43137254902,0.360784313725,0.18431372549,0.713725490196,0.603921568627,0.411764705882,0.294117647059,0.470588235294,0.580392156863,0.309803921569,0.454901960784,0.0862745098039,0.435294117647,0.494117647059,0.650980392157,0.262745098039,0.737254901961,0.596078431373,0.819607843137,0.564705882353,0.0,0.16862745098,0.321568627451,0.643137254902,0.721568627451,0.372549019608,0.317647058824,0.298039215686,0.243137254902,0.392156862745,0.552941176471,0.776470588235,0.0,0.823529411765,0.709803921569,0.00392156862745,0.0235294117647,0.180392156863,0.576470588235,0.207843137255,0.6,0.0823529411765,0.619607843137,0.262745098039,0.152941176471,0.839215686275,0.847058823529,0.0,0.658823529412,0.345098039216,0.549019607843,0.0,0.490196078431,0.647058823529,0.83137254902,0.952941176471,0.788235294118,0.690196078431,0.796078431373,0.666666666667,0.556862745098,0.650980392157,0.545098039216,0.423529411765,0.494117647059,0.41568627451,0.298039215686,0.352941176471,0.298039215686,0.18431372549,0.219607843137,0.180392156863,61.6,31.2,52.6
White LED torch (LED-B3),Codeine,positive,0.623529411765,0.588235294118,0.572549019608,0.486274509804,0.349019607843,0.262745098039,0.764705882353,0.580392156863,0.478431372549,0.388235294118,0.462745098039,0.588235294118,0.376470588235,0.447058823529,0.219607843137,0.517647058824,0.482352941176,0.650980392157,0.411764705882,0.701960784314,0.61568627451,0.850980392157,0.521568627451,0.0117647058824,0.286274509804,0.317647058824,0.643137254902,0.772549019608,0.352941176471,0.376470588235,0.372549019608,0.239215686275,0.407843137255,0.619607843137,0.729411764706,0.0196078431373,0.854901960784,0.647058823529,0.00392156862745,0.137254901961,0.16862745098,0.576470588235,0.325490196078,0.58431372549,0.243137254902,0.690196078431,0.250980392157,0.243137254902,0.882352941176,0.772549019608,0.0,0.729411764706,0.333333333333,0.56862745098,0.0156862745098,0.498039215686,0.63137254902,0.905882352941,0.878431372549,0.81568627451,0.756862745098,0.741176470588,0.698039215686,0.63137254902,0.61568627451,0.580392156863,0.482352941176,0.482352941176,0.450980392157,0.352941176471,0.349019607843,0.333333333333,0.227450980392,0.223529411765,0.211764705882,33.9,8.2,-4.7
White LED torch (LED-B3),Morphine monohydrate,positive,0.419607843137,0.235294117647,0.376470588235,0.486274509804,0.349019607843,0.262745098039,0.764705882353,0.580392156863,0.478431372549,0.388235294118,0.462745098039,0.588235294118,0.376470588235,0.447058823529,0.219607843137,0.517647058824,0.482352941176,0.650980392157,0.411764705882,0.701960784314,0.61568627451,0.850980392157,0.521568627451,0.0117647058824,0.286274509804,0.317647058824,0.643137254902,0.772549019608,0.352941176471,0.376470588235,0.372549019608,0.239215686275,0.407843137255,0.619607843137,0.729411764706,0.0196078431373,0.854901960784,0.647058823529,0.00392156862745,0.137254901961,0.16862745098,0.576470588235,0.325490196078,0.58431372549,0.243137254902,0.690196078431,0.250980392157,0.243137254902,0.882352941176,0.772549019608,0.0,0.729411764706,0.333333333333,0.56862745098,0.0156862745098,0.498039215686,0.63137254902,0.905882352941,0.878431372549,0.81568627451,0.756862745098,0.741176470588,0.698039215686,0.63137254902,0.61568627451,0.580392156863,0.482352941176,0.482352941176,0.450980392157,0.352941176471,0.349019607843,0.333333333333,0.227450980392,0.223529411765,0.211764705882,30.7,24.6,-13.0
Incandescent bulb (A),Dristan,negative,0.349019607843,0.262745098039,0.192156862745,0.454901960784,0.329411764706,0.192156862745,0.78431372549,0.580392156863,0.427450980392,0.325490196078,0.450980392157,0.529411764706,0.321568627451,0.423529411765,0.160784313725,0.498039215686,0.474509803922,0.588235294118,0.282352941176,0.717647058824,0.6,0.862745098039,0.529411764706,0.0,0.227450980392,0.305882352941,0.564705882353,0.8,0.352941176471,0.298039215686,0.360784313725,0.223529411765,0.329411764706,0.56862745098,0.749019607843,0.0196078431373,0.874509803922,0.670588235294,0.0,0.078431372549,0.176470588235,0.494117647059,0.203921568627,0.572549019608,0.243137254902,0.749019607843,0.239215686275,0.172549019608,0.905882352941,0.811764705882,0.0,0.78431372549,0.329411764706,0.486274509804,0.00392156862745,0.474509803922,0.607843137255,0.909803921569,0.937254901961,0.78431372549,0.741176470588,0.772549019608,0.654901960784,0.592156862745,0.619607843137,0.525490196078,0.443137254902,0.466666666667,0.392156862745,0.305882352941,0.325490196078,0.270588235294,0.18431372549,0.196078431373,0.156862745098,30.0,10.3,6.8
Incandescent bulb (A),Morphine monohydrate,positive,0.392156862745,0.219607843137,0.294117647059,0.454901960784,0.329411764706,0.192156862745,0.78431372549,0.580392156863,0.427450980392,0.325490196078,0.450980392157,0.529411764706,0.321568627451,0.423529411765,0.160784313725,0.498039215686,0.474509803922,0.588235294118,0.282352941176,0.717647058824,0.6,0.862745098039,0.529411764706,0.0,0.227450980392,0.305882352941,0.564705882353,0.8,0.352941176471,0.298039215686,0.360784313725,0.223529411765,0.329411764706,0.56862745098,0.749019607843,0.0196078431373,0.874509803922,0.670588235294,0.0,0.078431372549,0.176470588235,0.494117647059,0.203921568627,0.572549019608,0.243137254902,0.749019607843,0.239215686275,0.172549019608,0.905882352941,0.811764705882,0.0,0.78431372549,0.329411764706,0.486274509804,0.00392156862745,0.474509803922,0.607843137255,0.909803921569,0.937254901961,0.78431372549,0.741176470588,0.772549019608,0.654901960784,0.592156862745,0.619607843137,0.525490196078,0.443137254902,0.466666666667,0.392156862745,0.305882352941,0.325490196078,0.270588235294,0.18431372549,0.196078431373,0.156862745098,29.7,23.0,-11.5
Daylight (D65),d-Amphetamine HCl,negative,0.745098039216,0.403921568627,0.0941176470588,0.36862745098,0.305882352941,0.207843137255,0.627450980392,0.549019607843,0.419607843137,0.223529411765,0.454901960784,0.525490196078,0.258823529412,0.392156862745,0.152941176471,0.372549019608,0.478431372549,0.58431372549,0.129411764706,0.694117647059,0.552941176471,0.705882352941,0.439215686275,0.00392156862745,0.0980392156863,0.349019607843,0.56862745098,0.639215686275,0.321568627451,0.317647058824,0.278431372549,0.23137254902,0.349019607843,0.458823529412,0.678431372549,0.00392156862745,0.713725490196,0.572549019608,0.0,0.0117647058824,0.243137254902,0.501960784314,0.133333333333,0.541176470588,0.16862745098,0.588235294118,0.207843137255,0.18431372549,0.737254901961,0.713725490196,0.0,0.611764705882,0.325490196078,0.501960784314,0.0,0.509803921569,0.572549019608,0.709803921569,0.878431372549,0.76862745098,0.580392156863,0.729411764706,0.639215686275,0.466666666667,0.588235294118,0.517647058824,0.349019607843,0.443137254902,0.392156862745,0.235294117647,0.313725490196,0.278431372549,0.141176470588,0.188235294118,0.164705882353,60.2,41.5,56.0
Daylight (D65),Mescaline HCl,negative,0.705882352941,0.439215686275,0.00392156862745,0.36862745098,0.305882352941,0.207843137255,0.627450980392,0.549019607843,0.419607843137,0.223529411765,0.454901960784,0.525490196078,0.258823529412,0.392156862745,0.152941176471,0.372549019608,0.478431372549,0.58431372549,0.129411764706,0.694117647059,0.552941176471,0.705882352941,0.439215686275,0.00392156862745,0.0980392156863,0.349019607843,0.56862745098,0.639215686275,0.321568627451,0.317647058824,0.278431372549,0.23137254902,0.349019607843,0.458823529412,0.678431372549,0.00392156862745,0.713725490196,0.572549019608,0.0,0.0117647058824,0.243137254902,0.501960784314,0.133333333333,0.541176470588,0.16862745098,0.588235294118,0.207843137255,0.18431372549,0.737254901961,0.713725490196,0.0,0.611764705882,0.325490196078,0.501960784314,0.0,0.509803921569,0.572549019608,0.709803921569,0.878431372549,0.76862745098,0.580392156863,0.729411764706,0.639215686275,0.466666666667,0.588235294118,0.517647058824,0.349019607843,0.443137254902,0.392156862745,0.235294117647,0.313725490196,0.278431372549,0.141176470588,0.188235294118,0.164705882353,60.8,32.0,59.7
Tube light (FL2),Codeine,positive,0.2,0.109803921569,0.211764705882,0.396078431373,0.286274509804,0.192156862745,0.713725490196,0.525490196078,0.439215686275,0.294117647059,0.380392156863,0.564705882353,0.290196078431,0.38431372549,0.149019607843,0.43137254902,0.4,0.635294117647,0.337254901961,0.654901960784,0.619607843137,0.823529411765,0.498039215686,0.0,0.188235294118,0.21568627451,0.619607843137,0.701960784314,0.294117647059,0.313725490196,0.266666666667,0.164705882353,0.352941176471,0.572549019608,0.709803921569,0.00392156862745,0.83137254902,0.647058823529,0.00392156862745,0.0549019607843,0.0588235294118,0.541176470588,0.254901960784,0.525490196078,0.2,0.588235294118,0.188235294118,0.164705882353,0.870588235294,0.78431372549,0.00392156862745,0.635294117647,0.250980392157,0.533333333333,0.00392156862745,0.396078431373,0.63137254902,0.890196078431,0.886274509804,0.866666666667,0.717647058824,0.717647058824,0.709803921569,0.56862745098,0.56862745098,0.560784313725,0.411764705882,0.41568627451,0.411764705882,0.274509803922,0.282352941176,0.278431372549,0.156862745098,0.156862745098,0.152941176471,19.9,14.4,-9.7
Tube light (FL2),Sugar,negative,0.498039215686,0.454901960784,0.41568627451,0.396078431373,0.286274509804,0.192156862745,0.713725490196,0.525490196078,0.439215686275,0.294117647059,0.380392156863,0.564705882353,0.290196078431,0.38431372549,0.149019607843,0.43137254902,0.4,0.635294117647,0.337254901961,0.654901960784,0.619607843137,0.823529411765,0.498039215686,0.0,0.188235294118,0.21568627451,0.619607843137,0.701960784314,0.294117647059,0.313725490196,0.266666666667,0.164705882353,0.352941176471,0.572549019608,0.709803921569,0.00392156862745,0.83137254902,0.647058823529,0.00392156862745,0.0549019607843,0.0588235294118,0.541176470588,0.254901960784,0.525490196078,0.2,0.588235294118,0.188235294118,0.164705882353,0.870588235294,0.78431372549,0.00392156862745,0.635294117647,0.250980392157,0.533333333333,0.00392156862745,0.396078431373,0.63137254902,0.890196078431,0.886274509804,0.866666666667,0.717647058824,0.717647058824,0.709803921569,0.56862745098,0.56862745098,0.560784313725,0.411764705882,0.41568627451,0.411764705882,0.274509803922,0.282352941176,0.278431372549,0.156862745098,0.156862745098,0.152941176471,36.7,6.3,10.5
White LED torch (LED-B3),Diacetylmorphine HCl,positive,0.478431372549,0.0627450980392,0.227450980392,0.38431372549,0.282352941176,0.145098039216,0.690196078431,0.529411764706,0.356862745098,0.235294117647,0.411764705882,0.533333333333,0.254901960784,0.392156862745,0.0588235294118,0.396078431373,0.427450980392,0.607843137255,0.101960784314,0.690196078431,0.545098039216,0.792156862745,0.458823529412,0.0,0.121568627451,0.254901960784,0.596078431373,0.709803921569,0.286274509804,0.270588235294,0.270588235294,0.180392156863,0.345098039216,0.486274509804,0.721568627451,0.00392156862745,0.8,0.619607843137,0.0,0.0117647058824,0.121568627451,0.525490196078,0.0705882352941,0.545098039216,0.0235294117647,0.63137254902,0.172549019608,0.101960784314,0.819607843137,0.772549019608,0.0,0.670588235294,0.262745098039,0.509803921569,0.00392156862745,0.450980392157,0.596078431373,0.8,0.898039215686,0.764705882353,0.643137254902,0.737254901961,0.635294117647,0.509803921569,0.58431372549,0.505882352941,0.376470588235,0.43137254902,0.376470588235,0.250980392157,0.290196078431,0.254901960784,0.141176470588,0.16862745098,0.137254901961,29.4,47.5,1.6
White LED torch (LED-B3),Propoxyphene HCl,positive,0.525490196078,0.564705882353,0.494117647059,0.38431372549,0.282352941176,0.145098039216,0.690196078431,0.529411764706,0.356862745098,0.235294117647,0.411764705882,0.533333333333,0.254901960784,0.392156862745,0.0588235294118,0.396078431373,0.427450980392,0.607843137255,0.101960784314,0.690196078431,0.545098039216,0.792156862745,0.458823529412,0.0,0.121568627451,0.254901960784,0.596078431373,0.709803921569,0.286274509804,0.270588235294,0.270588235294,0.180392156863,0.345098039216,0.486274509804,0.721568627451,0.00392156862745,0.8,0.619607843137,0.0,0.0117647058824,0.121568627451,0.525490196078,0.0705882352941,0.545098039216,0.0235294117647,0.63137254902,0.172549019608,0.101960784314,0.819607843137,0.772549019608,0.0,0.670588235294,0.262745098039,0.509803921569,0.00392156862745,0.450980392157,0.596078431373,0.8,0.898039215686,0.764705882353,0.643137254902,0.737254901961,0.635294117647,0.509803921569,0.58431372549,0.505882352941,0.376470588235,0.43137254902,0.376470588235,0.250980392157,0.290196078431,0.254901960784,0.141176470588,0.16862745098,0.137254901961,37.4,3.6,1.0
Incandescent bulb (A),Diacetylmorphine HCl,positive,0.572549019608,0.137254901961,0.262745098039,0.482352941176,0.309803921569,0.262745098039,0.796078431373,0.517647058824,0.509803921569,0.396078431373,0.4,0.580392156863,0.380392156863,0.403921568627,0.258823529412,0.552941176471,0.419607843137,0.639215686275,0.419607843137,0.643137254902,0.670588235294,0.858823529412,0.486274509804,0.133333333333,0.301960784314,0.250980392157,0.6,0.807843137255,0.317647058824,0.376470588235,0.403921568627,0.196078431373,0.376470588235,0.63137254902,0.686274509804,0.305882352941,0.886274509804,0.619607843137,0.0588235294118,0.160784313725,0.0823529411765,0.529411764706,0.321568627451,0.529411764706,0.349019607843,0.756862745098,0.211764705882,0.254901960784,0.921568627451,0.737254901961,0.152941176471,0.8,0.274509803922,0.545098039216,0.0470588235294,0.423529411765,0.658823529412,0.937254901961,0.807843137255,0.850980392157,0.78431372549,0.682352941176,0.725490196078,0.643137254902,0.560784313725,0.596078431373,0.498039215686,0.43137254902,0.462745098039,0.356862745098,0.305882352941,0.333333333333,0.23137254902,0.192156862745,0.207843137255,29.6,46.3,1.2
Incandescent bulb (A),Oxycodone HCl,positive,0.623529411765,0.490196078431,0.619607843137,0.482352941176,0.309803921569,0.262745098039,0.796078431373,0.517647058824,0.509803921569,0.396078431373,0.4,0.580392156863,0.380392156863,0.403921568627,0.258823529412,0.552941176471,0.419607843137,0.639215686275,0.419607843137,0.643137254902,0.670588235294,0.858823529412,0.486274509804,0.133333333333,0.301960784314,0.250980392157,0.6,0.807843137255,0.317647058824,0.376470588235,0.403921568627,0.196078431373,0.376470588235,0.63137254902,0.686274509804,0.305882352941,0.886274509804,0.619607843137,0.0588235294118,0.160784313725,0.0823529411765,0.529411764706,0.321568627451,0.529411764706,0.349019607843,0.756862745098,0.211764705882,0.254901960784,0.921568627451,0.737254901961,0.152941176471,0.8,0.274509803922,0.545098039216,0.0470588235294,0.423529411765,0.658823529412,0.937254901961,0.807843137255,0.850980392157,0.78431372549,0.682352941176,0.725490196078,0.643137254902,0.560784313725,0.596078431373,0.498039215686,0.43137254902,0.462745098039,0.356862745098,0.305882352941,0.333333333333,0.23137254902,0.192156862745,0.207843137255,61.5,6.4,-10.2
Daylight (D65),Diacetylmorphine HCl,positive,0.470588235294,0.0745098039216,0.294117647059,0.411764705882,0.305882352941,0.270588235294,0.701960784314,0.549019607843,0.521568627451,0.313725490196,0.447058823529,0.6,0.317647058824,0.407843137255,0.247058823529,0.447058823529,0.466666666667,0.674509803922,0.333333333333,0.690196078431,0.662745098039,0.776470588235,0.458823529412,0.2,0.2,0.325490196078,0.647058823529,0.701960784314,0.321568627451,0.396078431373,0.317647058824,0.21568627451,0.396078431373,0.560784313725,0.694117647059,0.250980392157,0.796078431373,0.592156862745,0.121568627451,0.0470588235294,0.207843137255,0.572549019608,0.274509803922,0.556862745098,0.309803921569,0.639215686275,0.219607843137,0.258823529412,0.83137254902,0.737254901961,0.0705882352941,0.670588235294,0.313725490196,0.576470588235,0.0,0.498039215686,0.658823529412,0.850980392157,0.890196078431,0.925490196078,0.698039215686,0.737254901961,0.776470588235,0.560784313725,0.596078431373,0.63137254902,0.419607843137,0.447058823529,0.470588235294,0.298039215686,0.317647058824,0.341176470588,0.172549019608,0.192156862745,0.207843137255,27.8,50.1,-1.9
Daylight (D65),Oxycodone HCl,positive,0.521568627451,0.517647058824,0.650980392157,0.411764705882,0.305882352941,0.270588235294,0.701960784314,0.549019607843,0.521568627451,0.313725490196,0.447058823529,0.6,0.317647058824,0.407843137255,0.247058823529,0.447058823529,0.466666666667,0.674509803922,0.333333333333,0.690196078431,0.662745098039,0.776470588235,0.458823529412,0.2,0.2,0.325490196078,0.647058823529,0.701960784314,0.321568627451,0.396078431373,0.317647058824,0.21568627451,0.396078431373,0.560784313725,0.694117647059,0.250980392157,0.796078431373,0.592156862745,0.121568627451,0.0470588235294,0.207843137255,0.572549019608,0.274509803922,0.556862745098,0.309803921569,0.639215686275,0.219607843137,0.258823529412,0.83137254902,0.737254901961,0.0705882352941,0.670588235294,0.313725490196,0.576470588235,0.0,0.498039215686,0.658823529412,0.850980392157,0.890196078431,0.925490196078,0.698039215686,0.737254901961,0.776470588235,0.560784313725,0.596078431373,0.63137254902,0.419607843137,0.447058823529,0.470588235294,0.298039215686,0.317647058824,0.341176470588,0.172549019608,0.192156862745,0.207843137255,60.2,7.8,-11.8
Tube light (FL2),Mescaline HCl,negative,0.792156862745,0.580392156863,0.0,0.423529411765,0.352941176471,0.188235294118,0.698039215686,0.592156862745,0.407843137255,0.317647058824,0.470588235294,0.545098039216,0.321568627451,0.450980392157,0.125490196078,0.447058823529,0.501960784314,0.61568627451,0.337254901961,0.729411764706,0.580392156863,0.78431372549,0.556862745098,0.0,0.2,0.329411764706,0.596078431373,0.694117647059,0.38431372549,0.317647058824,0.301960784314,0.250980392157,0.372549019608,0.56862745098,0.764705882353,0.0,0.811764705882,0.709803921569,0.0,0.0588235294118,0.2,0.529411764706,0.262745098039,0.58431372549,0.145098039216,0.596078431373,0.274509803922,0.180392156863,0.83137254902,0.827450980392,0.0,0.647058823529,0.364705882353,0.525490196078,0.0,0.494117647059,0.619607843137,0.819607843137,0.921568627451,0.745098039216,0.682352941176,0.776470588235,0.635294117647,0.564705882353,0.639215686275,0.525490196078,0.435294117647,0.494117647059,0.403921568627,0.309803921569,0.356862745098,0.290196078431,0.192156862745,0.223529411765,0.176470588235,63.1,32.1,54.7
Tube light (FL2),MDA HCl,negative,0.149019607843,0.176470588235,0.133333333333,0.423529411765,0.352941176471,0.188235294118,0.698039215686,0.592156862745,0.407843137255,0.317647058824,0.470588235294,0.545098039216,0.321568627451,0.450980392157,0.125490196078,0.447058823529,0.501960784314,0.61568627451,0.337254901961,0.729411764706,0.580392156863,0.78431372549,0.556862745098,0.0,0.2,0.329411764706,0.596078431373,0.694117647059,0.38431372549,0.317647058824,0.301960784314,0.250980392157,0.372549019608,0.56862745098,0.764705882353,0.0,0.811764705882,0.709803921569,0.0,0.0588235294118,0.2,0.529411764706,0.262745098039,0.58431372549,0.145098039216,0.596078431373,0.274509803922,0.180392156863,0.83137254902,0.827450980392,0.0,0.647058823529,0.364705882353,0.525490196078,0.0,0.494117647059,0.619607843137,0.819607843137,0.921568627451,0.745098039216,0.682352941176,0.776470588235,0.635294117647,0.564705882353,0.639215686275,0.525490196078,0.435294117647,0.494117647059,0.403921568627,0.309803921569,0.356862745098,0.290196078431,0.192156862745,0.223529411765,0.176470588235,13.8,-1.1,1.5
Incandescent bulb (A),Morphine monohydrate,positive,0.4,0.227450980392,0.305882352941,0.450980392157,0.329411764706,0.21568627451,0.737254901961,0.541176470588,0.443137254902,0.356862745098,0.427450980392,0.513725490196,0.345098039216,0.411764705882,0.2,0.501960784314,0.450980392157,0.560784313725,0.345098039216,0.654901960784,0.580392156863,0.796078431373,0.498039215686,0.0196078431373,0.262745098039,0.301960784314,0.541176470588,0.749019607843,0.349019607843,0.321568627451,0.372549019608,0.23137254902,0.337254901961,0.56862745098,0.682352941176,0.16862745098,0.811764705882,0.623529411765,0.00392156862745,0.125490196078,0.176470588235,0.478431372549,0.266666666667,0.537254901961,0.282352941176,0.701960784314,0.243137254902,0.207843137255,0.843137254902,0.733333333333,0.0,0.733333333333,0.325490196078,0.478431372549,0.00392156862745,0.454901960784,0.576470588235,0.847058823529,0.83137254902,0.733333333333,0.709803921569,0.698039215686,0.623529411765,0.58431372549,0.576470588235,0.517647058824,0.450980392157,0.443137254902,0.396078431373,0.325490196078,0.325490196078,0.286274509804,0.203921568627,0.203921568627,0.180392156863,30.0,22.7,-11.3
Incandescent bulb (A),Oxycodone HCl,positive,0.564705882353,0.513725490196,0.541176470588,0.450980392157,0.329411764706,0.21568627451,0.737254901961,0.541176470588,0.443137254902,0.356862745098,0.427450980392,0.513725490196,0.345098039216,0.411764705882,0.2,0.501960784314,0.450980392157,0.560784313725,0.345098039216,0.654901960784,0.580392156863,0.796078431373,0.498039215686,0.0196078431373,0.262745098039,0.301960784314,0.541176470588,0.749019607843,0.349019607843,0.321568627451,0.372549019608,0.23137254902,0.337254901961,0.56862745098,0.682352941176,0.16862745098,0.811764705882,0.623529411765,0.00392156862745,0.125490196078,0.176470588235,0.478431372549,0.266666666667,0.537254901961,0.282352941176,0.701960784314,0.243137254902,0.207843137255,0.843137254902,0.733333333333,0.0,0.733333333333,0.325490196078,0.478431372549,0.00392156862745,0.454901960784,0.576470588235,0.847058823529,0.83137254902,0.733333333333,0.709803921569,0.698039215686,0.623529411765,0.58431372549,0.576470588235,0.517647058824,0.450980392157,0.443137254902,0.396078431373,0.325490196078,0.325490196078,0.286274509804,0.203921568627,0.203921568627,0.180392156863,61.5,5.8,-10.0
Daylight (D65),Sugar,negative,0.247058823529,0.129411764706,0.0274509803922,0.396078431373,0.294117647059,0.2,0.690196078431,0.552941176471,0.435294117647,0.21568627451,0.458823529412,0.572549019608,0.258823529412,0.4,0.117647058824,0.388235294118,0.478431372549,0.643137254902,0.0313725490196,0.729411764706,0.603921568627,0.796078431373,0.439215686275,0.0,0.0705882352941,0.337254901961,0.63137254902,0.713725490196,0.290196078431,0.321568627451,0.290196078431,0.207843137255,0.36862745098,0.490196078431,0.717647058824,0.00392156862745,0.8,0.588235294118,0.0,0.00392156862745,0.223529411765,0.552941176471,0.0666666666667,0.56862745098,0.105882352941,0.650980392157,0.156862745098,0.160784313725,0.823529411765,0.749019607843,0.0,0.678431372549,0.294117647059,0.545098039216,0.00392156862745,0.517647058824,0.635294117647,0.792156862745,0.941176470588,0.850980392157,0.635294117647,0.76862745098,0.701960784314,0.501960784314,0.611764705882,0.556862745098,0.364705882353,0.447058823529,0.411764705882,0.243137254902,0.305882352941,0.286274509804,0.137254901961,0.176470588235,0.160784313725,19.9,15.6,19.7
Daylight (D65),Meperidine HCl,negative,0.36862745098,0.196078431373,0.0078431372549,0.396078431373,0.294117647059,0.2,0.690196078431,0.552941176471,0.435294117647,0.21568627451,0.458823529412,0.572549019608,0.258823529412,0.4,0.117647058824,0.388235294118,0.478431372549,0.643137254902,0.0313725490196,0.729411764706,0.603921568627,0.796078431373,0.439215686275,0.0,0.0705882352941,0.337254901961,0.63137254902,0.713725490196,0.290196078431,0.321568627451,0.290196078431,0.207843137255,0.36862745098,0.490196078431,0.717647058824,0.00392156862745,0.8,0.588235294118,0.0,0.00392156862745,0.223529411765,0.552941176471,0.0666666666667,0.56862745098,0.105882352941,0.650980392157,0.156862745098,0.160784313725,0.823529411765,0.749019607843,0.0,0.678431372549,0.294117647059,0.545098039216,0.00392156862745,0.517647058824,0.635294117647,0.792156862745,0.941176470588,0.850980392157,0.635294117647,0.76862745098,0.701960784314,0.501960784314,0.611764705882,0.556862745098,0.364705882353,0.447058823529,0.411764705882,0.243137254902,0.305882352941,0.286274509804,0.137254901961,0.176470588235,0.160784313725,30.0,19.4,31.8
Tube light (FL2),Sugar,negative,0.250980392157,0.180392156863,0.0196078431373,0.380392156863,0.321568627451,0.160784313725,0.650980392157,0.556862745098,0.36862745098,0.266666666667,0.43137254902,0.517647058824,0.278431372549,0.411764705882,0.078431372549,0.396078431373,0.454901960784,0.58431372549,0.254901960784,0.678431372549,0.537254901961,0.745098039216,0.517647058824,0.0,0.152941176471,0.294117647059,0.56862745098,0.650980392157,0.341176470588,0.282352941176,0.262745098039,0.21568627451,0.345098039216,0.513725490196,0.717647058824,0.00392156862745,0.752941176471,0.658823529412,0.0,0.0274509803922,0.16862745098,0.505882352941,0.2,0.545098039216,0.0862745098039,0.556862745098,0.235294117647,0.141176470588,0.776470588235,0.780392156863,0.00392156862745,0.603921568627,0.317647058824,0.494117647059,0.0,0.447058823529,0.580392156863,0.772549019608,0.886274509804,0.713725490196,0.63137254902,0.737254901961,0.607843137255,0.509803921569,0.6,0.486274509804,0.38431372549,0.450980392157,0.372549019608,0.266666666667,0.321568627451,0.258823529412,0.156862745098,0.192156862745,0.152941176471,20.1,14.0,24.9
Tube light (FL2),Methylphenidate HCl,negative,0.807843137255,0.749019607843,0.0,0.380392156863,0.321568627451,0.160784313725,0.650980392157,0.556862745098,0.36862745098,0.266666666667,0.43137254902,0.517647058824,0.278431372549,0.411764705882,0.078431372549,0.396078431373,0.454901960784,0.58431372549,0.254901960784,0.678431372549,0.537254901961,0.745098039216,0.517647058824,0.0,0.152941176471,0.294117647059,0.56862745098,0.650980392157,0.341176470588,0.282352941176,0.262745098039,0.21568627451,0.345098039216,0.513725490196,0.717647058824,0.00392156862745,0.752941176471,0.658823529412,0.0,0.0274509803922,0.16862745098,0.505882352941,0.2,0.545098039216,0.0862745098039,0.556862745098,0.235294117647,0.141176470588,0.776470588235,0.780392156863,0.00392156862745,0.603921568627,0.317647058824,0.494117647059,0.0,0.447058823529,0.580392156863,0.772549019608,0.886274509804,0.713725490196,0.63137254902,0.737254901961,0.607843137255,0.509803921569,0.6,0.486274509804,0.38431372549,0.450980392157,0.372549019608,0.266666666667,0.321568627451,0.258823529412,0.156862745098,0.192156862745,0.152941176471,80.5,7.6,63.5
Incandescent bulb (A),Codeine,positive,0.203921568627,0.121568627451,0.160784313725,0.38431372549,0.266666666667,0.152941176471,0.686274509804,0.498039215686,0.36862745098,0.282352941176,0.380392156863,0.43137254902,0.278431372549,0.360784313725,0.129411764706,0.439215686275,0.407843137255,0.498039215686,0.278431372549,0.627450980392,0.509803921569,0.752941176471,0.450980392157,0.00392156862745,0.196078431373,0.254901960784,0.462745098039,0.698039215686,0.305882352941,0.247058823529,0.305882352941,0.180392156863,0.266666666667,0.509803921569,0.658823529412,0.078431372549,0.78431372549,0.588235294118,0.0,0.0745098039216,0.141176470588,0.4,0.2,0.490196078431,0.203921568627,0.647058823529,0.203921568627,0.149019607843,0.81568627451,0.721568627451,0.0,0.694117647059,0.290196078431,0.407843137255,0.0,0.411764705882,0.513725490196,0.823529411765,0.83137254902,0.678431372549,0.662745098039,0.682352941176,0.564705882353,0.525490196078,0.541176470588,0.443137254902,0.388235294118,0.4,0.325490196078,0.262745098039,0.274509803922,0.219607843137,0.149019607843,0.152941176471,0.117647058824,20.3,12.9,-8.6
Incandescent bulb (A),Diacetylmorphine HCl,positive,0.466666666667,0.137254901961,0.164705882353,0.38431372549,0.266666666667,0.152941176471,0.686274509804,0.498039215686,0.36862745098,0.282352941176,0.380392156863,0.43137254902,0.278431372549,0.360784313725,0.129411764706,0.439215686275,0.407843137255,0.498039215686,0.278431372549,0.627450980392,0.509803921569,0.752941176471,0.450980392157,0.00392156862745,0.196078431373,0.254901960784,0.462745098039,0.698039215686,0.305882352941,0.247058823529,0.305882352941,0.180392156863,0.266666666667,0.509803921569,0.658823529412,0.078431372549,0.78431372549,0.588235294118,0.0,0.0745098039216,0.141176470588,0.4,0.2,0.490196078431,0.203921568627,0.647058823529,0.203921568627,0.149019607843,0.81568627451,0.721568627451,0.0,0.694117647059,0.290196078431,0.407843137255,0.0,0.411764705882,0.513725490196,0.823529411765,0.83137254902,0.678431372549,0.662745098039,0.682352941176,0.564705882353,0.525490196078,0.541176470588,0.443137254902,0.388235294118,0.4,0.325490196078,0.262745098039,0.274509803922,0.219607843137,0.149019607843,0.152941176471,0.117647058824,30.2,44.7,3.5
Daylight (D65),Diacetylmorphine HCl,positive,0.462745098039,0.0117647058824,0.235294117647,0.372549019608,0.270588235294,0.180392156863,0.674509803922,0.525490196078,0.403921568627,0.18431372549,0.435294117647,0.552941176471,0.235294117647,0.376470588235,0.0901960784314,0.36862745098,0.450980392157,0.627450980392,0.00392156862745,0.709803921569,0.580392156863,0.780392156863,0.403921568627,0.00392156862745,0.0509803921569,0.309803921569,0.61568627451,0.705882352941,0.254901960784,0.301960784314,0.274509803922,0.18431372549,0.349019607843,0.466666666667,0.698039215686,0.0,0.792156862745,0.564705882353,0.0,0.00392156862745,0.2,0.541176470588,0.0274509803922,0.545098039216,0.0509803921569,0.635294117647,0.125490196078,0.133333333333,0.811764705882,0.729411764706,0.0,0.666666666667,0.262745098039,0.533333333333,0.0,0.494117647059,0.623529411765,0.776470588235,0.913725490196,0.835294117647,0.61568627451,0.741176470588,0.690196078431,0.482352941176,0.588235294118,0.545098039216,0.345098039216,0.427450980392,0.396078431373,0.227450980392,0.286274509804,0.266666666667,0.125490196078,0.160784313725,0.149019607843,30.4,45.9,2.4
Daylight (D65),Meperidine HCl,negative,0.360784313725,0.180392156863,0.0,0.372549019608,0.270588235294,0.180392156863,0.674509803922,0.525490196078,0.403921568627,0.18431372549,0.435294117647,0.552941176471,0.235294117647,0.376470588235,0.0901960784314,0.36862745098,0.450980392157,0.627450980392,0.00392156862745,0.709803921569,0.580392156863,0.780392156863,0.403921568627,0.00392156862745,0.0509803921569,0.309803921569,0.61568627451,0.705882352941,0.254901960784,0.301960784314,0.274509803922,0.18431372549,0.349019607843,0.466666666667,0.698039215686,0.0,0.792156862745,0.564705882353,0.0,0.00392156862745,0.2,0.541176470588,0.0274509803922,0.545098039216,0.0509803921569,0.635294117647,0.125490196078,0.133333333333,0.811764705882,0.729411764706,0.0,0.666666666667,0.262745098039,0.533333333333,0.0,0.494117647059,0.623529411765,0.776470588235,0.913725490196,0.835294117647,0.61568627451,0.741176470588,0.690196078431,0.482352941176,0.588235294118,0.545098039216,0.345098039216,0.427450980392,0.396078431373,0.227450980392,0.286274509804,0.266666666667,0.125490196078,0.160784313725,0.149019607843,30.2,19.9,32.7
Tube light (FL2),Chlorpromazine HCl,positive,0.450980392157,0.211764705882,0.337254901961,0.450980392157,0.356862745098,0.176470588235,0.737254901961,0.588235294118,0.403921568627,0.333333333333,0.466666666667,0.572549019608,0.333333333333,0.450980392157,0.0705882352941,0.466666666667,0.486274509804,0.635294117647,0.329411764706,0.721568627451,0.58431372549,0.839215686275,0.552941176471,0.0,0.219607843137,0.325490196078,0.639215686275,0.741176470588,0.364705882353,0.309803921569,0.321568627451,0.239215686275,0.392156862745,0.588235294118,0.756862745098,0.0,0.839215686275,0.690196078431,0.0,0.0627450980392,0.18431372549,0.572549019608,0.258823529412,0.592156862745,0.0627450980392,0.639215686275,0.254901960784,0.152941176471,0.862745098039,0.81568627451,0.0,0.682352941176,0.333333333333,0.545098039216,0.00392156862745,0.490196078431,0.639215686275,0.866666666667,0.925490196078,0.764705882353,0.721568627451,0.772549019608,0.654901960784,0.592156862745,0.635294117647,0.537254901961,0.454901960784,0.490196078431,0.411764705882,0.325490196078,0.352941176471,0.294117647059,0.207843137255,0.219607843137,0.180392156863,30.8,34.1,-9.6
Tube light (FL2),MDA HCl,negative,0.156862745098,0.176470588235,0.133333333333,0.450980392157,0.356862745098,0.176470588235,0.737254901961,0.588235294118,0.403921568627,0.333333333333,0.466666666667,0.572549019608,0.333333333333,0.450980392157,0.0705882352941,0.466666666667,0.486274509804,0.635294117647,0.329411764706,0.721568627451,0.58431372549,0.839215686275,0.552941176471,0.0,0.219607843137,0.325490196078,0.639215686275,0.741176470588,0.364705882353,0.309803921569,0.321568627451,0.239215686275,0.392156862745,0.588235294118,0.756862745098,0.0,0.839215686275,0.690196078431,0.0,0.0627450980392,0.18431372549,0.572549019608,0.258823529412,0.592156862745,0.0627450980392,0.639215686275,0.254901960784,0.152941176471,0.862745098039,0.81568627451,0.0,0.682352941176,0.333333333333,0.545098039216,0.00392156862745,0.490196078431,0.639215686275,0.866666666667,0.925490196078,0.764705882353,0.721568627451,0.772549019608,0.654901960784,0.592156862745,0.635294117647,0.537254901961,0.454901960784,0.490196078431,0.411764705882,0.325490196078,0.352941176471,0.294117647059,0.207843137255,0.219607843137,0.180392156863,13.8,-1.9,1.6
Incandescent bulb (A),Oxycodone HCl,positive,0.58431372549,0.513725490196,0.560784313725,0.458823529412,0.313725490196,0.211764705882,0.796078431373,0.556862745098,0.450980392157,0.356862745098,0.423529411765,0.541176470588,0.337254901961,0.407843137255,0.18431372549,0.517647058824,0.443137254902,0.6,0.341176470588,0.682352941176,0.619607843137,0.874509803922,0.509803921569,0.00392156862745,0.250980392157,0.282352941176,0.56862745098,0.807843137255,0.329411764706,0.317647058824,0.364705882353,0.203921568627,0.333333333333,0.592156862745,0.717647058824,0.149019607843,0.886274509804,0.643137254902,0.00392156862745,0.113725490196,0.145098039216,0.494117647059,0.250980392157,0.552941176471,0.282352941176,0.752941176471,0.21568627451,0.192156862745,0.929411764706,0.780392156863,0.0,0.796078431373,0.301960784314,0.490196078431,0.0,0.447058823529,0.61568627451,0.945098039216,0.894117647059,0.819607843137,0.76862745098,0.741176470588,0.678431372549,0.611764705882,0.6,0.541176470588,0.454901960784,0.443137254902,0.4,0.313725490196,0.309803921569,0.290196078431,0.188235294118,0.180392156863,0.160784313725,60.5,6.4,-9.9
Incandescent bulb (A),Mescaline HCl,negative,0.866666666667,0.509803921569,0.0,0.458823529412,0.313725490196,0.211764705882,0.796078431373,0.556862745098,0.450980392157,0.356862745098,0.423529411765,0.541176470588,0.337254901961,0.407843137255,0.18431372549,0.517647058824,0.443137254902,0.6,0.341176470588,0.682352941176,0.619607843137,0.874509803922,0.509803921569,0.00392156862745,0.250980392157,0.282352941176,0.56862745098,0.807843137255,0.329411764706,0.317647058824,0.364705882353,0.203921568627,0.333333333333,0.592156862745,0.717647058824,0.149019607843,0.886274509804,0.643137254902,0.00392156862745,0.113725490196,0.145098039216,0.494117647059,0.250980392157,0.552941176471,0.282352941176,0.752941176471,0.21568627451,0.192156862745,0.929411764706,0.780392156863,0.0,0.796078431373,0.301960784314,0.490196078431,0.0,0.447058823529,0.61568627451,0.945098039216,0.894117647059,0.819607843137,0.76862745098,0.741176470588,0.678431372549,0.611764705882,0.6,0.541176470588,0.454901960784,0.443137254902,0.4,0.313725490196,0.309803921569,0.290196078431,0.188235294118,0.180392156863,0.160784313725,61.0,28.9,55.3
Daylight (D65),Morphine monohydrate,positive,0.274509803922,0.16862745098,0.305882352941,0.329411764706,0.262745098039,0.18431372549,0.596078431373,0.513725490196,0.407843137255,0.105882352941,0.419607843137,0.537254901961,0.2,0.364705882353,0.113725490196,0.301960784314,0.439215686275,0.611764705882,0.0,0.674509803922,0.572549019608,0.701960784314,0.407843137255,0.0078431372549,0.0117647058824,0.301960784314,0.596078431373,0.63137254902,0.270588235294,0.298039215686,0.235294117647,0.188235294118,0.345098039216,0.388235294118,0.670588235294,0.00392156862745,0.698039215686,0.552941176471,0.00392156862745,0.00392156862745,0.196078431373,0.525490196078,0.0078431372549,0.529411764706,0.105882352941,0.580392156863,0.156862745098,0.149019607843,0.717647058824,0.709803921569,0.0,0.592156862745,0.274509803922,0.517647058824,0.0,0.478431372549,0.6,0.662745098039,0.894117647059,0.823529411765,0.525490196078,0.729411764706,0.682352941176,0.41568627451,0.572549019608,0.537254901961,0.294117647059,0.423529411765,0.396078431373,0.192156862745,0.282352941176,0.270588235294,0.0980392156863,0.156862745098,0.152941176471,29.2,26.1,-13.9
Daylight (D65),Chlorpromazine HCl,positive,0.337254901961,0.121568627451,0.301960784314,0.329411764706,0.262745098039,0.18431372549,0.596078431373,0.513725490196,0.407843137255,0.105882352941,0.419607843137,0.537254901961,0.2,0.364705882353,0.113725490196,0.301960784314,0.439215686275,0.611764705882,0.0,0.674509803922,0.572549019608,0.701960784314,0.407843137255,0.0078431372549,0.0117647058824,0.301960784314,0.596078431373,0.63137254902,0.270588235294,0.298039215686,0.235294117647,0.188235294118,0.345098039216,0.388235294118,0.670588235294,0.00392156862745,0.698039215686,0.552941176471,0.00392156862745,0.00392156862745,0.196078431373,0.525490196078,0.0078431372549,0.529411764706,0.105882352941,0.580392156863,0.156862745098,0.149019607843,0.717647058824,0.709803921569,0.0,0.592156862745,0.274509803922,0.517647058824,0.0,0.478431372549,0.6,0.662745098039,0.894117647059,0.823529411765,0.525490196078,0.729411764706,0.682352941176,0.41568627451,0.572549019608,0.537254901961,0.294117647059,0.423529411765,0.396078431373,0.192156862745,0.282352941176,0.270588235294,0.0980392156863,0.156862745098,0.152941176471,28.9,36.9,-12.4
Tube light (FL2),d-Amphetamine HCl,negative,0.796078431373,0.513725490196,0.0,0.396078431373,0.337254901961,0.117647058824,0.670588235294,0.576470588235,0.325490196078,0.247058823529,0.450980392157,0.513725490196,0.274509803922,0.427450980392,0.0117647058824,0.392156862745,0.478431372549,0.572549019608,0.172549019608,0.705882352941,0.509803921569,0.776470588235,0.533333333333,0.0,0.133333333333,0.313725490196,0.580392156863,0.678431372549,0.349019607843,0.247058823529,0.266666666667,0.23137254902,0.337254901961,0.498039215686,0.741176470588,0.0,0.764705882353,0.670588235294,0.0,0.0156862745098,0.192156862745,0.525490196078,0.145098039216,0.572549019608,0.00392156862745,0.576470588235,0.239215686275,0.0862745098039,0.788235294118,0.807843137255,0.0,0.619607843137,0.329411764706,0.482352941176,0.0,0.474509803922,0.580392156863,0.772549019608,0.933333333333,0.674509803922,0.639215686275,0.772549019608,0.576470588235,0.513725490196,0.623529411765,0.462745098039,0.380392156863,0.474509803922,0.349019607843,0.262745098039,0.333333333333,0.239215686275,0.156862745098,0.2,0.137254901961,61.4,41.5,51.1
Tube light (FL2),Aspirin,negative,0.494117647059,0.172549019608,0.0156862745098,0.396078431373,0.337254901961,0.117647058824,0.670588235294,0.576470588235,0.325490196078,0.247058823529,0.450980392157,0.513725490196,0.274509803922,0.427450980392,0.0117647058824,0.392156862745,0.478431372549,0.572549019608,0.172549019608,0.705882352941,0.509803921569,0.776470588235,0.533333333333,0.0,0.133333333333,0.313725490196,0.580392156863,0.678431372549,0.349019607843,0.247058823529,0.266666666667,0.23137254902,0.337254901961,0.498039215686,0.741176470588,0.0,0.764705882353,0.670588235294,0.0,0.0156862745098,0.192156862745,0.525490196078,0.145098039216,0.572549019608,0.00392156862745,0.576470588235,0.239215686275,0.0862745098039,0.788235294118,0.807843137255,0.0,0.619607843137,0.329411764706,0.482352941176,0.0,0.474509803922,0.580392156863,0.772549019608,0.933333333333,0.674509803922,0.639215686275,0.772549019608,0.576470588235,0.513725490196,0.623529411765,0.462745098039,0.380392156863,0.474509803922,0.349019607843,0.262745098039,0.333333333333,0.239215686275,0.156862745098,0.2,0.137254901961,29.4,48.6,33.4
White LED torch (LED-B3),LSD,negative,0.227450980392,0.219607843137,0.145098039216,0.474509803922,0.333333333333,0.270588235294,0.745098039216,0.552941176471,0.498039215686,0.349019607843,0.435294117647,0.63137254902,0.356862745098,0.435294117647,0.235294117647,0.490196078431,0.443137254902,0.694117647059,0.333333333333,0.678431372549,0.666666666667,0.83137254902,0.498039215686,0.0078431372549,0.247058823529,0.262745098039,0.686274509804,0.760784313725,0.325490196078,0.4,0.360784313725,0.211764705882,0.447058823529,0.58431372549,0.713725490196,0.0117647058824,0.835294117647,0.63137254902,0.0,0.0862745098039,0.0627450980392,0.623529411765,0.274509803922,0.572549019608,0.274509803922,0.690196078431,0.223529411765,0.247058823529,0.862745098039,0.756862745098,0.0,0.721568627451,0.274509803922,0.607843137255,0.0,0.466666666667,0.686274509804,0.866666666667,0.835294117647,0.878431372549,0.721568627451,0.709803921569,0.752941176471,0.596078431373,0.592156862745,0.623529411765,0.462745098039,0.458823529412,0.490196078431,0.337254901961,0.333333333333,0.364705882353,0.219607843137,0.21568627451,0.235294117647,19.1,-2.1,15.8
White LED torch (LED-B3),Morphine monohydrate,positive,0.41568627451,0.203921568627,0.403921568627,0.474509803922,0.333333333333,0.270588235294,0.745098039216,0.552941176471,0.498039215686,0.349019607843,0.435294117647,0.63137254902,0.356862745098,0.435294117647,0.235294117647,0.490196078431,0.443137254902,0.694117647059,0.333333333333,0.678431372549,0.666666666667,0.83137254902,0.498039215686,0.0078431372549,0.247058823529,0.262745098039,0.686274509804,0.760784313725,0.325490196078,0.4,0.360784313725,0.211764705882,0.447058823529,0.58431372549,0.713725490196,0.0117647058824,0.835294117647,0.63137254902,0.0,0.0862745098039,0.0627450980392,0.623529411765,0.274509803922,0.572549019608,0.274509803922,0.690196078431,0.223529411765,0.247058823529,0.862745098039,0.756862745098,0.0,0.721568627451,0.274509803922,0.607843137255,0.0,0.466666666667,0.686274509804,0.866666666667,0.835294117647,0.878431372549,0.721568627451,0.709803921569,0.752941176471,0.596078431373,0.592156862745,0.623529411765,0.462745098039,0.458823529412,0.490196078431,0.337254901961,0.333333333333,0.364705882353,0.219607843137,0.21568627451,0.235294117647,30.1,26.0,-12.5
Incandescent bulb (A),LSD,negative,0.2,0.207843137255,0.0509803921569,0.462745098039,0.325490196078,0.078431372549,0.760784313725,0.552941176471,0.278431372549,0.333333333333,0.458823529412,0.439215686275,0.333333333333,0.423529411765,0.0156862745098,0.501960784314,0.482352941176,0.498039215686,0.250980392157,0.698039215686,0.462745098039,0.839215686275,0.494117647059,0.0,0.239215686275,0.337254901961,0.498039215686,0.792156862745,0.337254901961,0.192156862745,0.376470588235,0.239215686275,0.294117647059,0.541176470588,0.713725490196,0.00392156862745,0.843137254902,0.627450980392,0.0,0.0941176470588,0.223529411765,0.450980392157,0.176470588235,0.560784313725,0.0235294117647,0.745098039216,0.21568627451,0.043137254902,0.866666666667,0.760784313725,0.00392156862745,0.772549019608,0.329411764706,0.407843137255,0.00392156862745,0.490196078431,0.521568627451,0.858823529412,0.886274509804,0.580392156863,0.717647058824,0.741176470588,0.490196078431,0.576470588235,0.603921568627,0.392156862745,0.443137254902,0.462745098039,0.305882352941,0.317647058824,0.333333333333,0.207843137255,0.196078431373,0.203921568627,0.113725490196,19.9,-3.4,12.0
Incandescent bulb (A),Propoxyphene HCl,positive,0.250980392157,0.180392156863,0.133333333333,0.462745098039,0.325490196078,0.078431372549,0.760784313725,0.552941176471,0.278431372549,0.333333333333,0.458823529412,0.439215686275,0.333333333333,0.423529411765,0.0156862745098,0.501960784314,0.482352941176,0.498039215686,0.250980392157,0.698039215686,0.462745098039,0.839215686275,0.494117647059,0.0,0.239215686275,0.337254901961,0.498039215686,0.792156862745,0.337254901961,0.192156862745,0.376470588235,0.239215686275,0.294117647059,0.541176470588,0.713725490196,0.00392156862745,0.843137254902,0.627450980392,0.0,0.0941176470588,0.223529411765,0.450980392157,0.176470588235,0.560784313725,0.0235294117647,0.745098039216,0.21568627451,0.043137254902,0.866666666667,0.760784313725,0.00392156862745,0.772549019608,0.329411764706,0.407843137255,0.00392156862745,0.490196078431,0.521568627451,0.858823529412,0.886274509804,0.580392156863,0.717647058824,0.741176470588,0.490196078431,0.576470588235,0.603921568627,0.392156862745,0.443137254902,0.462745098039,0.305882352941,0.317647058824,0.333333333333,0.207843137255,0.196078431373,0.203921568627,0.113725490196,19.9,8.9,-1.9
Daylight (D65),Diacetylmorphine HCl,positive,0.454901960784,0.113725490196,0.247058823529,0.392156862745,0.301960784314,0.207843137255,0.666666666667,0.549019607843,0.41568627451,0.294117647059,0.462745098039,0.490196078431,0.301960784314,0.396078431373,0.16862745098,0.427450980392,0.486274509804,0.560784313725,0.321568627451,0.701960784314,0.541176470588,0.741176470588,0.447058823529,0.0823529411765,0.196078431373,0.360784313725,0.537254901961,0.670588235294,0.325490196078,0.317647058824,0.298039215686,0.235294117647,0.325490196078,0.533333333333,0.682352941176,0.0352941176471,0.760784313725,0.580392156863,0.0,0.0627450980392,0.254901960784,0.474509803922,0.250980392157,0.545098039216,0.192156862745,0.603921568627,0.21568627451,0.2,0.796078431373,0.721568627451,0.00392156862745,0.643137254902,0.345098039216,0.486274509804,0.00392156862745,0.517647058824,0.549019607843,0.811764705882,0.898039215686,0.749019607843,0.662745098039,0.741176470588,0.63137254902,0.529411764706,0.6,0.505882352941,0.4,0.450980392157,0.380392156863,0.274509803922,0.313725490196,0.270588235294,0.160784313725,0.18431372549,0.156862745098,29.5,48.3,-0.3
Tube light (FL2),Meperidine HCl,negative,0.392156862745,0.250980392157,0.0156862745098,0.407843137255,0.305882352941,0.207843137255,0.717647058824,0.545098039216,0.447058823529,0.329411764706,0.403921568627,0.560784313725,0.325490196078,0.4,0.180392156863,0.458823529412,0.43137254902,0.635294117647,0.392156862745,0.674509803922,0.619607843137,0.8,0.505882352941,0.00392156862745,0.219607843137,0.247058823529,0.6,0.694117647059,0.325490196078,0.329411764706,0.282352941176,0.192156862745,0.364705882353,0.596078431373,0.717647058824,0.0078431372549,0.83137254902,0.662745098039,0.0,0.0823529411765,0.101960784314,0.521568627451,0.294117647059,0.533333333333,0.223529411765,0.58431372549,0.219607843137,0.188235294118,0.862745098039,0.78431372549,0.0,0.643137254902,0.290196078431,0.533333333333,0.0156862745098,0.423529411765,0.627450980392,0.870588235294,0.874509803922,0.819607843137,0.717647058824,0.717647058824,0.686274509804,0.576470588235,0.576470588235,0.556862745098,0.43137254902,0.435294117647,0.41568627451,0.298039215686,0.301960784314,0.290196078431,0.176470588235,0.176470588235,0.164705882353,30.9,18.4,31.4
Tube light (FL2),Oxycodone HCl,positive,0.698039215686,0.666666666667,0.717647058824,0.407843137255,0.305882352941,0.207843137255,0.717647058824,0.545098039216,0.447058823529,0.329411764706,0.403921568627,0.560784313725,0.325490196078,0.4,0.180392156863,0.458823529412,0.43137254902,0.635294117647,0.392156862745,0.674509803922,0.619607843137,0.8,0.505882352941,0.00392156862745,0.219607843137,0.247058823529,0.6,0.694117647059,0.325490196078,0.329411764706,0.282352941176,0.192156862745,0.364705882353,0.596078431373,0.717647058824,0.0078431372549,0.83137254902,0.662745098039,0.0,0.0823529411765,0.101960784314,0.521568627451,0.294117647059,0.533333333333,0.223529411765,0.58431372549,0.219607843137,0.188235294118,0.862745098039,0.78431372549,0.0,0.643137254902,0.290196078431,0.533333333333,0.0156862745098,0.423529411765,0.627450980392,0.870588235294,0.874509803922,0.819607843137,0.717647058824,0.717647058824,0.686274509804,0.576470588235,0.576470588235,0.556862745098,0.43137254902,0.435294117647,0.41568627451,0.298039215686,0.301960784314,0.290196078431,0.176470588235,0.176470588235,0.164705882353,67.0,6.1,-8.8
White LED torch (LED-B3),Diacetylmorphine HCl,positive,0.529411764706,0.0705882352941,0.247058823529,0.443137254902,0.305882352941,0.180392156863,0.776470588235,0.549019607843,0.396078431373,0.321568627451,0.435294117647,0.552941176471,0.321568627451,0.41568627451,0.0901960784314,0.478431372549,0.450980392157,0.623529411765,0.309803921569,0.713725490196,0.56862745098,0.870588235294,0.482352941176,0.0,0.211764705882,0.282352941176,0.619607843137,0.780392156863,0.301960784314,0.301960784314,0.321568627451,0.2,0.364705882353,0.58431372549,0.737254901961,0.00392156862745,0.886274509804,0.639215686275,0.0,0.0666666666667,0.141176470588,0.549019607843,0.223529411765,0.56862745098,0.0588235294118,0.694117647059,0.176470588235,0.141176470588,0.909803921569,0.788235294118,0.0,0.733333333333,0.274509803922,0.529411764706,0.0,0.478431372549,0.61568627451,0.917647058824,0.909803921569,0.788235294118,0.741176470588,0.749019607843,0.666666666667,0.596078431373,0.6,0.529411764706,0.443137254902,0.447058823529,0.396078431373,0.305882352941,0.309803921569,0.278431372549,0.180392156863,0.180392156863,0.160784313725,29.5,46.8,2.1
White LED torch (LED-B3),Chlorpromazine HCl,positive,0.447058823529,0.145098039216,0.313725490196,0.443137254902,0.305882352941,0.180392156863,0.776470588235,0.549019607843,0.396078431373,0.321568627451,0.435294117647,0.552941176471,0.321568627451,0.41568627451,0.0901960784314,0.478431372549,0.450980392157,0.623529411765,0.309803921569,0.713725490196,0.56862745098,0.870588235294,0.482352941176,0.0,0.211764705882,0.282352941176,0.619607843137,0.780392156863,0.301960784314,0.301960784314,0.321568627451,0.2,0.364705882353,0.58431372549,0.737254901961,0.00392156862745,0.886274509804,0.639215686275,0.0,0.0666666666667,0.141176470588,0.549019607843,0.223529411765,0.56862745098,0.0588235294118,0.694117647059,0.176470588235,0.141176470588,0.909803921569,0.788235294118,0.0,0.733333333333,0.274509803922,0.529411764706,0.0,0.478431372549,0.61568627451,0.917647058824,0.909803921569,0.788235294118,0.741176470588,0.749019607843,0.666666666667,0.596078431373,0.6,0.529411764706,0.443137254902,0.447058823529,0.396078431373,0.305882352941,0.309803921569,0.278431372549,0.180392156863,0.180392156863,0.160784313725,29.7,34.6,-10.8
Incandescent bulb (A),Sugar,negative,0.235294117647,0.125490196078,0.0156862745098,0.392156862745,0.270588235294,0.149019607843,0.717647058824,0.509803921569,0.38431372549,0.250980392157,0.380392156863,0.494117647059,0.250980392157,0.364705882353,0.101960784314,0.427450980392,0.4,0.560784313725,0.0980392156863,0.643137254902,0.560784313725,0.807843137255,0.458823529412,0.00392156862745,0.156862745098,0.239215686275,0.537254901961,0.745098039216,0.278431372549,0.243137254902,0.301960784314,0.164705882353,0.294117647059,0.478431372549,0.682352941176,0.00392156862745,0.807843137255,0.6,0.0,0.0235294117647,0.109803921569,0.462745098039,0.0549019607843,0.509803921569,0.188235294118,0.690196078431,0.160784313725,0.0901960784314,0.827450980392,0.749019607843,0.0,0.721568627451,0.243137254902,0.443137254902,0.0,0.403921568627,0.572549019608,0.827450980392,0.866666666667,0.760784313725,0.654901960784,0.701960784314,0.61568627451,0.517647058824,0.552941176471,0.486274509804,0.36862745098,0.4,0.349019607843,0.243137254902,0.262745098039,0.23137254902,0.133333333333,0.145098039216,0.117647058824,20.0,13.8,14.2
Incandescent bulb (A),Morphine monohydrate,positive,0.329411764706,0.156862745098,0.250980392157,0.392156862745,0.270588235294,0.149019607843,0.717647058824,0.509803921569,0.38431372549,0.250980392157,0.380392156863,0.494117647059,0.250980392157,0.364705882353,0.101960784314,0.427450980392,0.4,0.560784313725,0.0980392156863,0.643137254902,0.560784313725,0.807843137255,0.458823529412,0.00392156862745,0.156862745098,0.239215686275,0.537254901961,0.745098039216,0.278431372549,0.243137254902,0.301960784314,0.164705882353,0.294117647059,0.478431372549,0.682352941176,0.00392156862745,0.807843137255,0.6,0.0,0.0235294117647,0.109803921569,0.462745098039,0.0549019607843,0.509803921569,0.188235294118,0.690196078431,0.160784313725,0.0901960784314,0.827450980392,0.749019607843,0.0,0.721568627451,0.243137254902,0.443137254902,0.0,0.403921568627,0.572549019608,0.827450980392,0.866666666667,0.760784313725,0.654901960784,0.701960784314,0.61568627451,0.517647058824,0.552941176471,0.486274509804,0.36862745098,0.4,0.349019607843,0.243137254902,0.262745098039,0.23137254902,0.133333333333,0.145098039216,0.117647058824,29.3,23.4,-11.2
Daylight (D65),Diacetylmorphine HCl,positive,0.474509803922,0.0666666666667,0.250980392157,0.396078431373,0.282352941176,0.211764705882,0.674509803922,0.505882352941,0.43137254902,0.305882352941,0.423529411765,0.525490196078,0.305882352941,0.376470588235,0.180392156863,0.439215686275,0.450980392157,0.588235294118,0.333333333333,0.666666666667,0.576470588235,0.745098039216,0.411764705882,0.0470588235294,0.207843137255,0.325490196078,0.560784313725,0.678431372549,0.286274509804,0.325490196078,0.309803921569,0.211764705882,0.345098039216,0.545098039216,0.654901960784,0.0274509803922,0.776470588235,0.552941176471,0.0,0.0705882352941,0.219607843137,0.494117647059,0.250980392157,0.517647058824,0.203921568627,0.61568627451,0.18431372549,0.203921568627,0.807843137255,0.682352941176,0.00392156862745,0.654901960784,0.301960784314,0.505882352941,0.0,0.486274509804,0.580392156863,0.811764705882,0.827450980392,0.772549019608,0.666666666667,0.690196078431,0.650980392157,0.537254901961,0.560784313725,0.521568627451,0.41568627451,0.423529411765,0.403921568627,0.290196078431,0.298039215686,0.286274509804,0.172549019608,0.180392156863,0.16862745098,29.3,48.5,0.4
Daylight (D65),Codeine,positive,0.227450980392,0.141176470588,0.23137254902,0.396078431373,0.282352941176,0.211764705882,0.674509803922,0.505882352941,0.43137254902,0.305882352941,0.423529411765,0.525490196078,0.305882352941,0.376470588235,0.180392156863,0.439215686275,0.450980392157,0.588235294118,0.333333333333,0.666666666667,0.576470588235,0.745098039216,0.411764705882,0.0470588235294,0.207843137255,0.325490196078,0.560784313725,0.678431372549,0.286274509804,0.325490196078,0.309803921569,0.211764705882,0.345098039216,0.545098039216,0.654901960784,0.0274509803922,0.776470588235,0.552941176471,0.0,0.0705882352941,0.219607843137,0.494117647059,0.250980392157,0.517647058824,0.203921568627,0.61568627451,0.18431372549,0.203921568627,0.807843137255,0.682352941176,0.00392156862745,0.654901960784,0.301960784314,0.505882352941,0.0,0.486274509804,0.580392156863,0.811764705882,0.827450980392,0.772549019608,0.666666666667,0.690196078431,0.650980392157,0.537254901961,0.560784313725,0.521568627451,0.41568627451,0.423529411765,0.403921568627,0.290196078431,0.298039215686,0.286274509804,0.172549019608,0.180392156863,0.16862745098,19.2,17.4,-12.3
White LED torch (LED-B3),MDA HCl,negative,0.133333333333,0.137254901961,0.117647058824,0.403921568627,0.301960784314,0.211764705882,0.694117647059,0.537254901961,0.423529411765,0.317647058824,0.41568627451,0.517647058824,0.309803921569,0.396078431373,0.180392156863,0.443137254902,0.439215686275,0.580392156863,0.356862745098,0.662745098039,0.560784313725,0.76862745098,0.478431372549,0.043137254902,0.211764705882,0.278431372549,0.556862745098,0.690196078431,0.325490196078,0.325490196078,0.298039215686,0.203921568627,0.337254901961,0.552941176471,0.690196078431,0.0588235294118,0.788235294118,0.61568627451,0.0,0.078431372549,0.149019607843,0.494117647059,0.266666666667,0.533333333333,0.21568627451,0.611764705882,0.223529411765,0.203921568627,0.819607843137,0.745098039216,0.0,0.650980392157,0.301960784314,0.501960784314,0.0078431372549,0.450980392157,0.564705882353,0.839215686275,0.858823529412,0.772549019608,0.690196078431,0.709803921569,0.650980392157,0.556862745098,0.572549019608,0.521568627451,0.41568627451,0.43137254902,0.392156862745,0.290196078431,0.301960784314,0.274509803922,0.172549019608,0.180392156863,0.160784313725,14.2,-0.7,0.9
White LED torch (LED-B3),Morphine monohydrate,positive,0.349019607843,0.196078431373,0.305882352941,0.403921568627,0.301960784314,0.211764705882,0.694117647059,0.537254901961,0.423529411765,0.317647058824,0.41568627451,0.517647058824,0.309803921569,0.396078431373,0.180392156863,0.443137254902,0.439215686275,0.580392156863,0.356862745098,0.662745098039,0.560784313725,0.76862745098,0.478431372549,0.043137254902,0.211764705882,0.278431372549,0.556862745098,0.690196078431,0.325490196078,0.325490196078,0.298039215686,0.203921568627,0.337254901961,0.552941176471,0.690196078431,0.0588235294118,0.788235294118,0.61568627451,0.0,0.078431372549,0.149019607843,0.494117647059,0.266666666667,0.533333333333,0.21568627451,0.611764705882,0.223529411765,0.203921568627,0.819607843137,0.745098039216,0.0,0.650980392157,0.301960784314,0.501960784314,0.0078431372549,0.450980392157,0.564705882353,0.839215686275,0.858823529412,0.772549019608,0.690196078431,0.709803921569,0.650980392157,0.556862745098,0.572549019608,0.521568627451,0.41568627451,0.43137254902,0.392156862745,0.290196078431,0.301960784314,0.274509803922,0.172549019608,0.180392156863,0.160784313725,29.8,25.0,-12.4
Incandescent bulb (A),Codeine,positive,0.239215686275,0.113725490196,0.203921568627,0.423529411765,0.278431372549,0.172549019608,0.745098039216,0.490196078431,0.419607843137,0.301960784314,0.372549019608,0.513725490196,0.298039215686,0.36862745098,0.141176470588,0.474509803922,0.388235294118,0.580392156863,0.235294117647,0.627450980392,0.588235294118,0.811764705882,0.443137254902,0.0,0.207843137255,0.23137254902,0.556862745098,0.760784313725,0.266666666667,0.278431372549,0.341176470588,0.16862745098,0.317647058824,0.529411764706,0.654901960784,0.0156862745098,0.835294117647,0.58431372549,0.0,0.0705882352941,0.0901960784314,0.482352941176,0.156862745098,0.498039215686,0.23137254902,0.709803921569,0.145098039216,0.129411764706,0.850980392157,0.709803921569,0.0,0.749019607843,0.227450980392,0.474509803922,0.0,0.396078431373,0.6,0.847058823529,0.8,0.752941176471,0.694117647059,0.658823529412,0.639215686275,0.549019607843,0.529411764706,0.513725490196,0.411764705882,0.396078431373,0.380392156863,0.282352941176,0.278431372549,0.262745098039,0.164705882353,0.160784313725,0.145098039216,20.0,15.1,-10.5
Incandescent bulb (A),Exedrine,negative,0.490196078431,0.152941176471,0.0392156862745,0.423529411765,0.278431372549,0.172549019608,0.745098039216,0.490196078431,0.419607843137,0.301960784314,0.372549019608,0.513725490196,0.298039215686,0.36862745098,0.141176470588,0.474509803922,0.388235294118,0.580392156863,0.235294117647,0.627450980392,0.588235294118,0.811764705882,0.443137254902,0.0,0.207843137255,0.23137254902,0.556862745098,0.760784313725,0.266666666667,0.278431372549,0.341176470588,0.16862745098,0.317647058824,0.529411764706,0.654901960784,0.0156862745098,0.835294117647,0.58431372549,0.0,0.0705882352941,0.0901960784314,0.482352941176,0.156862745098,0.498039215686,0.23137254902,0.709803921569,0.145098039216,0.129411764706,0.850980392157,0.709803921569,0.0,0.749019607843,0.227450980392,0.474509803922,0.0,0.396078431373,0.6,0.847058823529,0.8,0.752941176471,0.694117647059,0.658823529412,0.639215686275,0.549019607843,0.529411764706,0.513725490196,0.411764705882,0.396078431373,0.380392156863,0.282352941176,0.278431372549,0.262745098039,0.164705882353,0.160784313725,0.145098039216,29.9,37.1,23.5
Daylight (D65),LSD,negative,0.196078431373,0.254901960784,0.145098039216,0.435294117647,0.380392156863,0.278431372549,0.690196078431,0.643137254902,0.494117647059,0.262745098039,0.552941176471,0.603921568627,0.313725490196,0.482352941176,0.219607843137,0.43137254902,0.580392156863,0.670588235294,0.137254901961,0.8,0.647058823529,0.76862745098,0.533333333333,0.0274509803922,0.101960784314,0.439215686275,0.643137254902,0.713725490196,0.407843137255,0.392156862745,0.329411764706,0.305882352941,0.419607843137,0.529411764706,0.780392156863,0.0,0.788235294118,0.678431372549,0.00392156862745,0.00392156862745,0.321568627451,0.576470588235,0.164705882353,0.635294117647,0.239215686275,0.658823529412,0.290196078431,0.250980392157,0.803921568627,0.819607843137,0.0,0.682352941176,0.427450980392,0.58431372549,0.0,0.611764705882,0.658823529412,0.760784313725,0.980392156863,0.835294117647,0.639215686275,0.83137254902,0.717647058824,0.525490196078,0.690196078431,0.596078431373,0.411764705882,0.541176470588,0.466666666667,0.298039215686,0.396078431373,0.345098039216,0.192156862745,0.254901960784,0.223529411765,20.2,-5.4,16.0
Daylight (D65),Codeine,positive,0.254901960784,0.219607843137,0.294117647059,0.435294117647,0.380392156863,0.278431372549,0.690196078431,0.643137254902,0.494117647059,0.262745098039,0.552941176471,0.603921568627,0.313725490196,0.482352941176,0.219607843137,0.43137254902,0.580392156863,0.670588235294,0.137254901961,0.8,0.647058823529,0.76862745098,0.533333333333,0.0274509803922,0.101960784314,0.439215686275,0.643137254902,0.713725490196,0.407843137255,0.392156862745,0.329411764706,0.305882352941,0.419607843137,0.529411764706,0.780392156863,0.0,0.788235294118,0.678431372549,0.00392156862745,0.00392156862745,0.321568627451,0.576470588235,0.164705882353,0.635294117647,0.239215686275,0.658823529412,0.290196078431,0.250980392157,0.803921568627,0.819607843137,0.0,0.682352941176,0.427450980392,0.58431372549,0.0,0.611764705882,0.658823529412,0.760784313725,0.980392156863,0.835294117647,0.639215686275,0.83137254902,0.717647058824,0.525490196078,0.690196078431,0.596078431373,0.411764705882,0.541176470588,0.466666666667,0.298039215686,0.396078431373,0.345098039216,0.192156862745,0.254901960784,0.223529411765,19.3,17.1,-12.8
Tube light (FL2),Diacetylmorphine HCl,positive,0.525490196078,0.219607843137,0.305882352941,0.462745098039,0.380392156863,0.270588235294,0.733333333333,0.611764705882,0.501960784314,0.356862745098,0.478431372549,0.627450980392,0.360784313725,0.470588235294,0.23137254902,0.482352941176,0.498039215686,0.686274509804,0.388235294118,0.725490196078,0.670588235294,0.823529411765,0.580392156863,0.00392156862745,0.243137254902,0.321568627451,0.670588235294,0.729411764706,0.4,0.392156862745,0.329411764706,0.258823529412,0.43137254902,0.607843137255,0.772549019608,0.0156862745098,0.83137254902,0.717647058824,0.00392156862745,0.0745098039216,0.164705882353,0.6,0.317647058824,0.603921568627,0.282352941176,0.627450980392,0.298039215686,0.247058823529,0.858823529412,0.839215686275,0.00392156862745,0.674509803922,0.360784313725,0.592156862745,0.0,0.494117647059,0.690196078431,0.866666666667,0.921568627451,0.862745098039,0.729411764706,0.780392156863,0.745098039216,0.603921568627,0.647058823529,0.61568627451,0.470588235294,0.509803921569,0.478431372549,0.337254901961,0.372549019608,0.352941176471,0.223529411765,0.239215686275,0.227450980392,30.4,46.7,2.0
Tube light (FL2),Meperidine HCl,negative,0.443137254902,0.317647058824,0.0274509803922,0.462745098039,0.380392156863,0.270588235294,0.733333333333,0.611764705882,0.501960784314,0.356862745098,0.478431372549,0.627450980392,0.360784313725,0.470588235294,0.23137254902,0.482352941176,0.498039215686,0.686274509804,0.388235294118,0.725490196078,0.670588235294,0.823529411765,0.580392156863,0.00392156862745,0.243137254902,0.321568627451,0.670588235294,0.729411764706,0.4,0.392156862745,0.329411764706,0.258823529412,0.43137254902,0.607843137255,0.772549019608,0.0156862745098,0.83137254902,0.717647058824,0.00392156862745,0.0745098039216,0.164705882353,0.6,0.317647058824,0.603921568627,0.282352941176,0.627450980392,0.298039215686,0.247058823529,0.858823529412,0.839215686275,0.00392156862745,0.674509803922,0.360784313725,0.592156862745,0.0,0.494117647059,0.690196078431,0.866666666667,0.921568627451,0.862745098039,0.729411764706,0.780392156863,0.745098039216,0.603921568627,0.647058823529,0.61568627451,0.470588235294,0.509803921569,0.478431372549,0.337254901961,0.372549019608,0.352941176471,0.223529411765,0.239215686275,0.227450980392,30.4,19.4,40.4
White LED torch (LED-B3),Morphine monohydrate,positive,0.309803921569,0.196078431373,0.266666666667,0.356862745098,0.298039215686,0.145098039216,0.635294117647,0.533333333333,0.325490196078,0.247058823529,0.419607843137,0.454901960784,0.258823529412,0.388235294118,0.078431372549,0.380392156863,0.447058823529,0.517647058824,0.219607843137,0.674509803922,0.470588235294,0.709803921569,0.466666666667,0.0,0.141176470588,0.294117647059,0.509803921569,0.643137254902,0.317647058824,0.254901960784,0.258823529412,0.203921568627,0.301960784314,0.474509803922,0.686274509804,0.0,0.729411764706,0.611764705882,0.0,0.0235294117647,0.172549019608,0.447058823529,0.160784313725,0.525490196078,0.0509803921569,0.572549019608,0.21568627451,0.137254901961,0.756862745098,0.745098039216,0.00392156862745,0.607843137255,0.313725490196,0.443137254902,0.0,0.454901960784,0.505882352941,0.741176470588,0.870588235294,0.654901960784,0.603921568627,0.717647058824,0.545098039216,0.482352941176,0.576470588235,0.443137254902,0.356862745098,0.427450980392,0.325490196078,0.243137254902,0.298039215686,0.227450980392,0.141176470588,0.172549019608,0.125490196078,30.3,24.7,-13.1
White LED torch (LED-B3),Sugar,negative,0.227450980392,0.149019607843,0.0235294117647,0.356862745098,0.298039215686,0.145098039216,0.635294117647,0.533333333333,0.325490196078,0.247058823529,0.419607843137,0.454901960784,0.258823529412,0.388235294118,0.078431372549,0.380392156863,0.447058823529,0.517647058824,0.219607843137,0.674509803922,0.470588235294,0.709803921569,0.466666666667,0.0,0.141176470588,0.294117647059,0.509803921569,0.643137254902,0.317647058824,0.254901960784,0.258823529412,0.203921568627,0.301960784314,0.474509803922,0.686274509804,0.0,0.729411764706,0.611764705882,0.0,0.0235294117647,0.172549019608,0.447058823529,0.160784313725,0.525490196078,0.0509803921569,0.572549019608,0.21568627451,0.137254901961,0.756862745098,0.745098039216,0.00392156862745,0.607843137255,0.313725490196,0.443137254902,0.0,0.454901960784,0.505882352941,0.741176470588,0.870588235294,0.654901960784,0.603921568627,0.717647058824,0.545098039216,0.482352941176,0.576470588235,0.443137254902,0.356862745098,0.427450980392,0.325490196078,0.243137254902,0.298039215686,0.227450980392,0.141176470588,0.172549019608,0.125490196078,19.8,14.1,19.3
Incandescent bulb (A),Dimethoxy-meth HCl,negative,0.541176470588,0.509803921569,0.0117647058824,0.474509803922,0.352941176471,0.239215686275,0.780392156863,0.58431372549,0.478431372549,0.345098039216,0.462745098039,0.576470588235,0.345098039216,0.447058823529,0.207843137255,0.513725490196,0.482352941176,0.635294117647,0.282352941176,0.713725490196,0.650980392157,0.858823529412,0.541176470588,0.00392156862745,0.247058823529,0.317647058824,0.61568627451,0.807843137255,0.372549019608,0.345098039216,0.392156862745,0.243137254902,0.376470588235,0.572549019608,0.749019607843,0.109803921569,0.862745098039,0.674509803922,0.0,0.0862745098039,0.180392156863,0.545098039216,0.207843137255,0.588235294118,0.301960784314,0.760784313725,0.258823529412,0.211764705882,0.886274509804,0.803921568627,0.0,0.788235294118,0.341176470588,0.533333333333,0.0,0.486274509804,0.654901960784,0.886274509804,0.905882352941,0.819607843137,0.733333333333,0.760784313725,0.701960784314,0.603921568627,0.623529411765,0.572549019608,0.462745098039,0.482352941176,0.443137254902,0.333333333333,0.349019607843,0.321568627451,0.211764705882,0.219607843137,0.196078431373,51.0,-2.8,51.0
Daylight (D65),Diacetylmorphine HCl,positive,0.490196078431,0.0549019607843,0.250980392157,0.392156862745,0.294117647059,0.188235294118,0.678431372549,0.545098039216,0.403921568627,0.239215686275,0.462745098039,0.541176470588,0.278431372549,0.403921568627,0.109803921569,0.407843137255,0.486274509804,0.611764705882,0.117647058824,0.725490196078,0.572549019608,0.772549019608,0.43137254902,0.0,0.117647058824,0.349019607843,0.596078431373,0.705882352941,0.298039215686,0.313725490196,0.301960784314,0.223529411765,0.360784313725,0.505882352941,0.705882352941,0.0,0.796078431373,0.588235294118,0.0,0.0117647058824,0.243137254902,0.529411764706,0.121568627451,0.560784313725,0.0823529411765,0.647058823529,0.176470588235,0.164705882353,0.81568627451,0.737254901961,0.0,0.682352941176,0.313725490196,0.525490196078,0.0,0.533333333333,0.607843137255,0.780392156863,0.905882352941,0.780392156863,0.639215686275,0.752941176471,0.658823529412,0.513725490196,0.607843137255,0.529411764706,0.380392156863,0.458823529412,0.4,0.266666666667,0.321568627451,0.282352941176,0.156862745098,0.188235294118,0.164705882353,29.7,46.3,2.1
Daylight (D65),Morphine monohydrate,positive,0.349019607843,0.207843137255,0.333333333333,0.392156862745,0.294117647059,0.188235294118,0.678431372549,0.545098039216,0.403921568627,0.239215686275,0.462745098039,0.541176470588,0.278431372549,0.403921568627,0.109803921569,0.407843137255,0.486274509804,0.611764705882,0.117647058824,0.725490196078,0.572549019608,0.772549019608,0.43137254902,0.0,0.117647058824,0.349019607843,0.596078431373,0.705882352941,0.298039215686,0.313725490196,0.301960784314,0.223529411765,0.360784313725,0.505882352941,0.705882352941,0.0,0.796078431373,0.588235294118,0.0,0.0117647058824,0.243137254902,0.529411764706,0.121568627451,0.560784313725,0.0823529411765,0.647058823529,0.176470588235,0.164705882353,0.81568627451,0.737254901961,0.0,0.682352941176,0.313725490196,0.525490196078,0.0,0.533333333333,0.607843137255,0.780392156863,0.905882352941,0.780392156863,0.639215686275,0.752941176471,0.658823529412,0.513725490196,0.607843137255,0.529411764706,0.380392156863,0.458823529412,0.4,0.266666666667,0.321568627451,0.282352941176,0.156862745098,0.188235294118,0.164705882353,30.0,25.6,-14.2
Tube light (FL2),Codeine,positive,0.207843137255,0.152941176471,0.203921568627,0.396078431373,0.321568627451,0.192156862745,0.682352941176,0.56862745098,0.411764705882,0.313725490196,0.435294117647,0.513725490196,0.309803921569,0.411764705882,0.156862745098,0.43137254902,0.458823529412,0.572549019608,0.36862745098,0.678431372549,0.552941176471,0.772549019608,0.529411764706,0.0,0.203921568627,0.294117647059,0.556862745098,0.662745098039,0.352941176471,0.305882352941,0.270588235294,0.219607843137,0.329411764706,0.56862745098,0.725490196078,0.0,0.788235294118,0.666666666667,0.00392156862745,0.0745098039216,0.16862745098,0.490196078431,0.294117647059,0.549019607843,0.196078431373,0.556862745098,0.247058823529,0.180392156863,0.823529411765,0.796078431373,0.00392156862745,0.607843137255,0.329411764706,0.486274509804,0.0117647058824,0.447058823529,0.564705882353,0.847058823529,0.909803921569,0.756862745098,0.694117647059,0.752941176471,0.639215686275,0.552941176471,0.6,0.505882352941,0.419607843137,0.454901960784,0.380392156863,0.282352941176,0.313725490196,0.262745098039,0.16862745098,0.18431372549,0.156862745098,20.0,14.1,-8.9
Tube light (FL2),Codeine,positive,0.203921568627,0.149019607843,0.207843137255,0.396078431373,0.321568627451,0.192156862745,0.682352941176,0.56862745098,0.411764705882,0.313725490196,0.435294117647,0.513725490196,0.309803921569,0.411764705882,0.156862745098,0.43137254902,0.458823529412,0.572549019608,0.36862745098,0.678431372549,0.552941176471,0.772549019608,0.529411764706,0.0,0.203921568627,0.294117647059,0.556862745098,0.662745098039,0.352941176471,0.305882352941,0.270588235294,0.219607843137,0.329411764706,0.56862745098,0.725490196078,0.0,0.788235294118,0.666666666667,0.00392156862745,0.0745098039216,0.16862745098,0.490196078431,0.294117647059,0.549019607843,0.196078431373,0.556862745098,0.247058823529,0.180392156863,0.823529411765,0.796078431373,0.00392156862745,0.607843137255,0.329411764706,0.486274509804,0.0117647058824,0.447058823529,0.564705882353,0.847058823529,0.909803921569,0.756862745098,0.694117647059,0.752941176471,0.639215686275,0.552941176471,0.6,0.505882352941,0.419607843137,0.454901960784,0.380392156863,0.282352941176,0.313725490196,0.262745098039,0.16862745098,0.18431372549,0.156862745098,19.7,14.3,-10.1
White LED torch (LED-B3),Dimethoxy-meth HCl,negative,0.509803921569,0.435294117647,0.0313725490196,0.419607843137,0.270588235294,0.235294117647,0.764705882353,0.509803921569,0.494117647059,0.341176470588,0.36862745098,0.58431372549,0.325490196078,0.372549019608,0.223529411765,0.474509803922,0.38431372549,0.658823529412,0.403921568627,0.643137254902,0.647058823529,0.850980392157,0.462745098039,0.145098039216,0.227450980392,0.196078431373,0.627450980392,0.752941176471,0.274509803922,0.356862745098,0.301960784314,0.149019607843,0.364705882353,0.611764705882,0.694117647059,0.219607843137,0.870588235294,0.603921568627,0.0705882352941,0.0901960784314,0.0274509803922,0.545098039216,0.301960784314,0.521568627451,0.274509803922,0.654901960784,0.180392156863,0.21568627451,0.917647058824,0.752941176471,0.0549019607843,0.705882352941,0.23137254902,0.552941176471,0.0549019607843,0.4,0.639215686275,0.952941176471,0.854901960784,0.929411764706,0.764705882353,0.694117647059,0.756862745098,0.607843137255,0.541176470588,0.603921568627,0.443137254902,0.396078431373,0.443137254902,0.294117647059,0.266666666667,0.298039215686,0.164705882353,0.145098039216,0.16862745098,50.8,-5.0,53.7
White LED torch (LED-B3),Oxycodone HCl,positive,0.560784313725,0.454901960784,0.623529411765,0.419607843137,0.270588235294,0.235294117647,0.764705882353,0.509803921569,0.494117647059,0.341176470588,0.36862745098,0.58431372549,0.325490196078,0.372549019608,0.223529411765,0.474509803922,0.38431372549,0.658823529412,0.403921568627,0.643137254902,0.647058823529,0.850980392157,0.462745098039,0.145098039216,0.227450980392,0.196078431373,0.627450980392,0.752941176471,0.274509803922,0.356862745098,0.301960784314,0.149019607843,0.364705882353,0.611764705882,0.694117647059,0.219607843137,0.870588235294,0.603921568627,0.0705882352941,0.0901960784314,0.0274509803922,0.545098039216,0.301960784314,0.521568627451,0.274509803922,0.654901960784,0.180392156863,0.21568627451,0.917647058824,0.752941176471,0.0549019607843,0.705882352941,0.23137254902,0.552941176471,0.0549019607843,0.4,0.639215686275,0.952941176471,0.854901960784,0.929411764706,0.764705882353,0.694117647059,0.756862745098,0.607843137255,0.541176470588,0.603921568627,0.443137254902,0.396078431373,0.443137254902,0.294117647059,0.266666666667,0.298039215686,0.164705882353,0.145098039216,0.16862745098,60.3,7.3,-11.2
Incandescent bulb (A),Oxycodone HCl,positive,0.537254901961,0.552941176471,0.486274509804,0.450980392157,0.356862745098,0.16862745098,0.737254901961,0.596078431373,0.36862745098,0.325490196078,0.482352941176,0.482352941176,0.321568627451,0.447058823529,0.0980392156863,0.486274509804,0.501960784314,0.537254901961,0.250980392157,0.709803921569,0.521568627451,0.807843137255,0.545098039216,0.0,0.23137254902,0.356862745098,0.525490196078,0.760784313725,0.388235294118,0.270588235294,0.36862745098,0.266666666667,0.317647058824,0.533333333333,0.729411764706,0.0,0.807843137255,0.662745098039,0.0,0.078431372549,0.239215686275,0.466666666667,0.18431372549,0.58431372549,0.16862745098,0.717647058824,0.274509803922,0.149019607843,0.827450980392,0.792156862745,0.00392156862745,0.737254901961,0.372549019608,0.443137254902,0.0,0.501960784314,0.545098039216,0.83137254902,0.917647058824,0.662745098039,0.690196078431,0.772549019608,0.552941176471,0.560784313725,0.635294117647,0.458823529412,0.43137254902,0.486274509804,0.349019607843,0.313725490196,0.352941176471,0.254901960784,0.192156862745,0.219607843137,0.149019607843,59.8,6.6,-10.4
Incandescent bulb (A),Aspirin,negative,0.549019607843,0.2,0.0352941176471,0.450980392157,0.356862745098,0.16862745098,0.737254901961,0.596078431373,0.36862745098,0.325490196078,0.482352941176,0.482352941176,0.321568627451,0.447058823529,0.0980392156863,0.486274509804,0.501960784314,0.537254901961,0.250980392157,0.709803921569,0.521568627451,0.807843137255,0.545098039216,0.0,0.23137254902,0.356862745098,0.525490196078,0.760784313725,0.388235294118,0.270588235294,0.36862745098,0.266666666667,0.317647058824,0.533333333333,0.729411764706,0.0,0.807843137255,0.662745098039,0.0,0.078431372549,0.239215686275,0.466666666667,0.18431372549,0.58431372549,0.16862745098,0.717647058824,0.274509803922,0.149019607843,0.827450980392,0.792156862745,0.00392156862745,0.737254901961,0.372549019608,0.443137254902,0.0,0.501960784314,0.545098039216,0.83137254902,0.917647058824,0.662745098039,0.690196078431,0.772549019608,0.552941176471,0.560784313725,0.635294117647,0.458823529412,0.43137254902,0.486274509804,0.349019607843,0.313725490196,0.352941176471,0.254901960784,0.192156862745,0.219607843137,0.149019607843,29.3,47.4,26.9
Daylight (D65),Chlorpromazine HCl,positive,0.392156862745,0.0862745098039,0.301960784314,0.392156862745,0.250980392157,0.188235294118,0.713725490196,0.494117647059,0.427450980392,0.258823529412,0.407843137255,0.560784313725,0.278431372549,0.360784313725,0.129411764706,0.419607843137,0.423529411765,0.639215686275,0.203921568627,0.678431372549,0.603921568627,0.811764705882,0.380392156863,0.0,0.145098039216,0.282352941176,0.619607843137,0.729411764706,0.227450980392,0.313725490196,0.290196078431,0.164705882353,0.352941176471,0.525490196078,0.670588235294,0.00392156862745,0.827450980392,0.537254901961,0.0,0.0235294117647,0.172549019608,0.541176470588,0.156862745098,0.525490196078,0.133333333333,0.658823529412,0.0901960784314,0.149019607843,0.866666666667,0.701960784314,0.0,0.698039215686,0.227450980392,0.537254901961,0.00392156862745,0.470588235294,0.627450980392,0.862745098039,0.878431372549,0.866666666667,0.690196078431,0.709803921569,0.717647058824,0.537254901961,0.556862745098,0.560784313725,0.388235294118,0.403921568627,0.407843137255,0.254901960784,0.270588235294,0.274509803922,0.137254901961,0.145098039216,0.149019607843,29.0,35.6,-11.6
Daylight (D65),Aspirin,negative,0.501960784314,0.00392156862745,0.078431372549,0.392156862745,0.250980392157,0.188235294118,0.713725490196,0.494117647059,0.427450980392,0.258823529412,0.407843137255,0.560784313725,0.278431372549,0.360784313725,0.129411764706,0.419607843137,0.423529411765,0.639215686275,0.203921568627,0.678431372549,0.603921568627,0.811764705882,0.380392156863,0.0,0.145098039216,0.282352941176,0.619607843137,0.729411764706,0.227450980392,0.313725490196,0.290196078431,0.164705882353,0.352941176471,0.525490196078,0.670588235294,0.00392156862745,0.827450980392,0.537254901961,0.0,0.0235294117647,0.172549019608,0.541176470588,0.156862745098,0.525490196078,0.133333333333,0.658823529412,0.0901960784314,0.149019607843,0.866666666667,0.701960784314,0.0,0.698039215686,0.227450980392,0.537254901961,0.00392156862745,0.470588235294,0.627450980392,0.862745098039,0.878431372549,0.866666666667,0.690196078431,0.709803921569,0.717647058824,0.537254901961,0.556862745098,0.560784313725,0.388235294118,0.403921568627,0.407843137255,0.254901960784,0.270588235294,0.274509803922,0.137254901961,0.145098039216,0.149019607843,31.9,43.3,28.2
Tube light (FL2),Doxepin HCl,negative,0.180392156863,0.125490196078,0.105882352941,0.337254901961,0.266666666667,0.180392156863,0.619607843137,0.490196078431,0.407843137255,0.258823529412,0.352941176471,0.501960784314,0.258823529412,0.345098039216,0.160784313725,0.36862745098,0.372549019608,0.560784313725,0.301960784314,0.6,0.560784313725,0.705882352941,0.458823529412,0.00392156862745,0.156862745098,0.207843137255,0.541176470588,0.6,0.286274509804,0.290196078431,0.219607843137,0.156862745098,0.313725490196,0.501960784314,0.650980392157,0.043137254902,0.725490196078,0.592156862745,0.0,0.0352941176471,0.0705882352941,0.466666666667,0.235294117647,0.474509803922,0.203921568627,0.501960784314,0.192156862745,0.164705882353,0.760784313725,0.721568627451,0.0,0.545098039216,0.250980392157,0.470588235294,0.00392156862745,0.360784313725,0.564705882353,0.776470588235,0.819607843137,0.772549019608,0.627450980392,0.662745098039,0.643137254902,0.490196078431,0.525490196078,0.505882352941,0.356862745098,0.380392156863,0.364705882353,0.239215686275,0.254901960784,0.250980392157,0.133333333333,0.141176470588,0.133333333333,19.6,10.5,4.7
Tube light (FL2),Benzphetamine HCl,negative,0.243137254902,0.113725490196,0.0549019607843,0.337254901961,0.266666666667,0.180392156863,0.619607843137,0.490196078431,0.407843137255,0.258823529412,0.352941176471,0.501960784314,0.258823529412,0.345098039216,0.160784313725,0.36862745098,0.372549019608,0.560784313725,0.301960784314,0.6,0.560784313725,0.705882352941,0.458823529412,0.00392156862745,0.156862745098,0.207843137255,0.541176470588,0.6,0.286274509804,0.290196078431,0.219607843137,0.156862745098,0.313725490196,0.501960784314,0.650980392157,0.043137254902,0.725490196078,0.592156862745,0.0,0.0352941176471,0.0705882352941,0.466666666667,0.235294117647,0.474509803922,0.203921568627,0.501960784314,0.192156862745,0.164705882353,0.760784313725,0.721568627451,0.0,0.545098039216,0.250980392157,0.470588235294,0.00392156862745,0.360784313725,0.564705882353,0.776470588235,0.819607843137,0.772549019608,0.627450980392,0.662745098039,0.643137254902,0.490196078431,0.525490196078,0.505882352941,0.356862745098,0.380392156863,0.364705882353,0.239215686275,0.254901960784,0.250980392157,0.133333333333,0.141176470588,0.133333333333,20.5,25.4,13.9
White LED torch (LED-B3),Diacetylmorphine HCl,positive,0.498039215686,0.152941176471,0.282352941176,0.435294117647,0.333333333333,0.247058823529,0.721568627451,0.572549019608,0.470588235294,0.345098039216,0.447058823529,0.564705882353,0.337254901961,0.43137254902,0.223529411765,0.470588235294,0.466666666667,0.623529411765,0.376470588235,0.694117647059,0.611764705882,0.796078431373,0.517647058824,0.0941176470588,0.235294117647,0.301960784314,0.607843137255,0.717647058824,0.356862745098,0.36862745098,0.325490196078,0.227450980392,0.380392156863,0.58431372549,0.725490196078,0.149019607843,0.811764705882,0.650980392157,0.00392156862745,0.0862745098039,0.160784313725,0.541176470588,0.294117647059,0.572549019608,0.266666666667,0.643137254902,0.258823529412,0.239215686275,0.850980392157,0.78431372549,0.0,0.682352941176,0.333333333333,0.545098039216,0.0078431372549,0.478431372549,0.61568627451,0.866666666667,0.890196078431,0.83137254902,0.717647058824,0.749019607843,0.705882352941,0.58431372549,0.607843137255,0.576470588235,0.443137254902,0.466666666667,0.439215686275,0.317647058824,0.333333333333,0.313725490196,0.2,0.207843137255,0.196078431373,29.2,48.7,-1.7
White LED torch (LED-B3),Diacetylmorphine HCl,positive,0.498039215686,0.156862745098,0.286274509804,0.435294117647,0.333333333333,0.247058823529,0.721568627451,0.572549019608,0.470588235294,0.345098039216,0.447058823529,0.564705882353,0.337254901961,0.43137254902,0.223529411765,0.470588235294,0.466666666667,0.623529411765,0.376470588235,0.694117647059,0.611764705882,0.796078431373,0.517647058824,0.0941176470588,0.235294117647,0.301960784314,0.607843137255,0.717647058824,0.356862745098,0.36862745098,0.325490196078,0.227450980392,0.380392156863,0.58431372549,0.725490196078,0.149019607843,0.811764705882,0.650980392157,0.00392156862745,0.0862745098039,0.160784313725,0.541176470588,0.294117647059,0.572549019608,0.266666666667,0.643137254902,0.258823529412,0.239215686275,0.850980392157,0.78431372549,0.0,0.682352941176,0.333333333333,0.545098039216,0.0078431372549,0.478431372549,0.61568627451,0.866666666667,0.890196078431,0.83137254902,0.717647058824,0.749019607843,0.705882352941,0.58431372549,0.607843137255,0.576470588235,0.443137254902,0.466666666667,0.439215686275,0.317647058824,0.333333333333,0.313725490196,0.2,0.207843137255,0.196078431373,29.3,48.3,-1.5
Incandescent bulb (A),Morphine monohydrate,positive,0.38431372549,0.243137254902,0.266666666667,0.454901960784,0.345098039216,0.192156862745,0.752941176471,0.58431372549,0.403921568627,0.360784313725,0.462745098039,0.466666666667,0.345098039216,0.427450980392,0.164705882353,0.498039215686,0.486274509804,0.513725490196,0.36862745098,0.690196078431,0.517647058824,0.819607843137,0.537254901961,0.0196078431373,0.266666666667,0.345098039216,0.501960784314,0.756862745098,0.38431372549,0.298039215686,0.36862745098,0.250980392157,0.305882352941,0.580392156863,0.717647058824,0.0823529411765,0.819607843137,0.650980392157,0.00392156862745,0.137254901961,0.227450980392,0.443137254902,0.282352941176,0.56862745098,0.239215686275,0.709803921569,0.278431372549,0.203921568627,0.866666666667,0.780392156863,0.0,0.737254901961,0.372549019608,0.443137254902,0.0117647058824,0.486274509804,0.521568627451,0.898039215686,0.917647058824,0.698039215686,0.737254901961,0.76862745098,0.58431372549,0.6,0.623529411765,0.474509803922,0.458823529412,0.474509803922,0.360784313725,0.325490196078,0.341176470588,0.254901960784,0.2,0.207843137255,0.149019607843,28.7,22.8,-11.1
Incandescent bulb (A),Dristan,negative,0.345098039216,0.274509803922,0.180392156863,0.454901960784,0.345098039216,0.192156862745,0.752941176471,0.58431372549,0.403921568627,0.360784313725,0.462745098039,0.466666666667,0.345098039216,0.427450980392,0.164705882353,0.498039215686,0.486274509804,0.513725490196,0.36862745098,0.690196078431,0.517647058824,0.819607843137,0.537254901961,0.0196078431373,0.266666666667,0.345098039216,0.501960784314,0.756862745098,0.38431372549,0.298039215686,0.36862745098,0.250980392157,0.305882352941,0.580392156863,0.717647058824,0.0823529411765,0.819607843137,0.650980392157,0.00392156862745,0.137254901961,0.227450980392,0.443137254902,0.282352941176,0.56862745098,0.239215686275,0.709803921569,0.278431372549,0.203921568627,0.866666666667,0.780392156863,0.0,0.737254901961,0.372549019608,0.443137254902,0.0117647058824,0.486274509804,0.521568627451,0.898039215686,0.917647058824,0.698039215686,0.737254901961,0.76862745098,0.58431372549,0.6,0.623529411765,0.474509803922,0.458823529412,0.474509803922,0.360784313725,0.325490196078,0.341176470588,0.254901960784,0.2,0.207843137255,0.149019607843,29.5,8.7,6.6
Daylight (D65),Oxycodone HCl,positive,0.521568627451,0.509803921569,0.61568627451,0.423529411765,0.294117647059,0.227450980392,0.713725490196,0.529411764706,0.450980392157,0.286274509804,0.450980392157,0.588235294118,0.305882352941,0.4,0.156862745098,0.443137254902,0.462745098039,0.654901960784,0.21568627451,0.698039215686,0.61568627451,0.807843137255,0.423529411765,0.0,0.16862745098,0.329411764706,0.643137254902,0.737254901961,0.278431372549,0.349019607843,0.325490196078,0.211764705882,0.392156862745,0.537254901961,0.686274509804,0.0,0.81568627451,0.564705882353,0.0,0.0274509803922,0.223529411765,0.572549019608,0.180392156863,0.556862745098,0.16862745098,0.674509803922,0.149019607843,0.192156862745,0.839215686275,0.713725490196,0.00392156862745,0.701960784314,0.282352941176,0.556862745098,0.0,0.509803921569,0.643137254902,0.827450980392,0.870588235294,0.839215686275,0.682352941176,0.725490196078,0.709803921569,0.549019607843,0.58431372549,0.572549019608,0.411764705882,0.447058823529,0.435294117647,0.290196078431,0.313725490196,0.309803921569,0.172549019608,0.188235294118,0.18431372549,60.2,8.4,-12.5
Daylight (D65),Diacetylmorphine HCl,positive,0.505882352941,0.0235294117647,0.274509803922,0.423529411765,0.294117647059,0.227450980392,0.713725490196,0.529411764706,0.450980392157,0.286274509804,0.450980392157,0.588235294118,0.305882352941,0.4,0.156862745098,0.443137254902,0.462745098039,0.654901960784,0.21568627451,0.698039215686,0.61568627451,0.807843137255,0.423529411765,0.0,0.16862745098,0.329411764706,0.643137254902,0.737254901961,0.278431372549,0.349019607843,0.325490196078,0.211764705882,0.392156862745,0.537254901961,0.686274509804,0.0,0.81568627451,0.564705882353,0.0,0.0274509803922,0.223529411765,0.572549019608,0.180392156863,0.556862745098,0.16862745098,0.674509803922,0.149019607843,0.192156862745,0.839215686275,0.713725490196,0.00392156862745,0.701960784314,0.282352941176,0.556862745098,0.0,0.509803921569,0.643137254902,0.827450980392,0.870588235294,0.839215686275,0.682352941176,0.725490196078,0.709803921569,0.549019607843,0.58431372549,0.572549019608,0.411764705882,0.447058823529,0.435294117647,0.290196078431,0.313725490196,0.309803921569,0.172549019608,0.188235294118,0.18431372549,29.8,46.8,2.0
Tube light (FL2),Benzphetamine HCl,negative,0.356862745098,0.16862745098,0.0509803921569,0.466666666667,0.356862745098,0.18431372549,0.788235294118,0.607843137255,0.41568627451,0.36862745098,0.474509803922,0.56862745098,0.356862745098,0.454901960784,0.0941176470588,0.501960784314,0.498039215686,0.635294117647,0.407843137255,0.745098039216,0.592156862745,0.886274509804,0.564705882353,0.0,0.250980392157,0.325490196078,0.627450980392,0.772549019608,0.364705882353,0.313725490196,0.329411764706,0.239215686275,0.380392156863,0.639215686275,0.78431372549,0.0,0.894117647059,0.713725490196,0.0,0.105882352941,0.188235294118,0.560784313725,0.317647058824,0.603921568627,0.101960784314,0.654901960784,0.254901960784,0.164705882353,0.933333333333,0.854901960784,0.00392156862745,0.709803921569,0.341176470588,0.541176470588,0.00392156862745,0.494117647059,0.635294117647,0.960784313725,0.976470588235,0.796078431373,0.788235294118,0.811764705882,0.670588235294,0.639215686275,0.654901960784,0.541176470588,0.482352941176,0.498039215686,0.407843137255,0.341176470588,0.352941176471,0.290196078431,0.207843137255,0.21568627451,0.16862745098,19.8,26.7,20.0
Tube light (FL2),Codeine,positive,0.258823529412,0.172549019608,0.239215686275,0.466666666667,0.356862745098,0.18431372549,0.788235294118,0.607843137255,0.41568627451,0.36862745098,0.474509803922,0.56862745098,0.356862745098,0.454901960784,0.0941176470588,0.501960784314,0.498039215686,0.635294117647,0.407843137255,0.745098039216,0.592156862745,0.886274509804,0.564705882353,0.0,0.250980392157,0.325490196078,0.627450980392,0.772549019608,0.364705882353,0.313725490196,0.329411764706,0.239215686275,0.380392156863,0.639215686275,0.78431372549,0.0,0.894117647059,0.713725490196,0.0,0.105882352941,0.188235294118,0.560784313725,0.317647058824,0.603921568627,0.101960784314,0.654901960784,0.254901960784,0.164705882353,0.933333333333,0.854901960784,0.00392156862745,0.709803921569,0.341176470588,0.541176470588,0.00392156862745,0.494117647059,0.635294117647,0.960784313725,0.976470588235,0.796078431373,0.788235294118,0.811764705882,0.670588235294,0.639215686275,0.654901960784,0.541176470588,0.482352941176,0.498039215686,0.407843137255,0.341176470588,0.352941176471,0.290196078431,0.207843137255,0.21568627451,0.16862745098,19.8,15.4,-10.6
White LED torch (LED-B3),Morphine monohydrate,positive,0.341176470588,0.176470588235,0.282352941176,0.411764705882,0.305882352941,0.137254901961,0.749019607843,0.572549019608,0.341176470588,0.262745098039,0.443137254902,0.529411764706,0.270588235294,0.411764705882,0.0313725490196,0.427450980392,0.458823529412,0.6,0.176470588235,0.729411764706,0.521568627451,0.858823529412,0.494117647059,0.0,0.149019607843,0.290196078431,0.596078431373,0.760784313725,0.301960784314,0.262745098039,0.282352941176,0.196078431373,0.337254901961,0.525490196078,0.756862745098,0.00392156862745,0.850980392157,0.647058823529,0.00392156862745,0.0196078431373,0.156862745098,0.525490196078,0.125490196078,0.580392156863,0.00392156862745,0.670588235294,0.18431372549,0.0901960784314,0.882352941176,0.81568627451,0.0,0.705882352941,0.282352941176,0.494117647059,0.0,0.478431372549,0.572549019608,0.890196078431,0.980392156863,0.760784313725,0.705882352941,0.792156862745,0.63137254902,0.552941176471,0.619607843137,0.494117647059,0.396078431373,0.450980392157,0.352941176471,0.258823529412,0.301960784314,0.235294117647,0.145098039216,0.164705882353,0.125490196078,29.5,25.1,-13.6
White LED torch (LED-B3),Benzphetamine HCl,negative,0.294117647059,0.0980392156863,0.0392156862745,0.411764705882,0.305882352941,0.137254901961,0.749019607843,0.572549019608,0.341176470588,0.262745098039,0.443137254902,0.529411764706,0.270588235294,0.411764705882,0.0313725490196,0.427450980392,0.458823529412,0.6,0.176470588235,0.729411764706,0.521568627451,0.858823529412,0.494117647059,0.0,0.149019607843,0.290196078431,0.596078431373,0.760784313725,0.301960784314,0.262745098039,0.282352941176,0.196078431373,0.337254901961,0.525490196078,0.756862745098,0.00392156862745,0.850980392157,0.647058823529,0.00392156862745,0.0196078431373,0.156862745098,0.525490196078,0.125490196078,0.580392156863,0.00392156862745,0.670588235294,0.18431372549,0.0901960784314,0.882352941176,0.81568627451,0.0,0.705882352941,0.282352941176,0.494117647059,0.0,0.478431372549,0.572549019608,0.890196078431,0.980392156863,0.760784313725,0.705882352941,0.792156862745,0.63137254902,0.552941176471,0.619607843137,0.494117647059,0.396078431373,0.450980392157,0.352941176471,0.258823529412,0.301960784314,0.235294117647,0.145098039216,0.164705882353,0.125490196078,19.9,24.8,16.6
Incandescent bulb (A),Meperidine HCl,negative,0.360784313725,0.18431372549,0.0509803921569,0.392156862745,0.243137254902,0.192156862745,0.717647058824,0.454901960784,0.423529411765,0.309803921569,0.329411764706,0.474509803922,0.294117647059,0.321568627451,0.188235294118,0.450980392157,0.349019607843,0.537254901961,0.333333333333,0.56862745098,0.572549019608,0.78431372549,0.423529411765,0.129411764706,0.211764705882,0.196078431373,0.498039215686,0.713725490196,0.262745098039,0.294117647059,0.301960784314,0.141176470588,0.278431372549,0.541176470588,0.611764705882,0.250980392157,0.803921568627,0.549019607843,0.0901960784314,0.0941176470588,0.0627450980392,0.427450980392,0.247058823529,0.450980392157,0.270588235294,0.658823529412,0.16862745098,0.18431372549,0.847058823529,0.674509803922,0.160784313725,0.701960784314,0.227450980392,0.439215686275,0.0313725490196,0.345098039216,0.545098039216,0.874509803922,0.772549019608,0.78431372549,0.701960784314,0.623529411765,0.643137254902,0.552941176471,0.490196078431,0.501960784314,0.4,0.352941176471,0.360784313725,0.270588235294,0.23137254902,0.239215686275,0.149019607843,0.125490196078,0.133333333333,30.1,18.1,30.5
Incandescent bulb (A),Methadone HCl,negative,0.835294117647,0.611764705882,0.521568627451,0.392156862745,0.243137254902,0.192156862745,0.717647058824,0.454901960784,0.423529411765,0.309803921569,0.329411764706,0.474509803922,0.294117647059,0.321568627451,0.188235294118,0.450980392157,0.349019607843,0.537254901961,0.333333333333,0.56862745098,0.572549019608,0.78431372549,0.423529411765,0.129411764706,0.211764705882,0.196078431373,0.498039215686,0.713725490196,0.262745098039,0.294117647059,0.301960784314,0.141176470588,0.278431372549,0.541176470588,0.611764705882,0.250980392157,0.803921568627,0.549019607843,0.0901960784314,0.0941176470588,0.0627450980392,0.427450980392,0.247058823529,0.450980392157,0.270588235294,0.658823529412,0.16862745098,0.18431372549,0.847058823529,0.674509803922,0.160784313725,0.701960784314,0.227450980392,0.439215686275,0.0313725490196,0.345098039216,0.545098039216,0.874509803922,0.772549019608,0.78431372549,0.701960784314,0.623529411765,0.643137254902,0.552941176471,0.490196078431,0.501960784314,0.4,0.352941176471,0.360784313725,0.270588235294,0.23137254902,0.239215686275,0.149019607843,0.125490196078,0.133333333333,80.0,10.5,19.1
Tube light (FL2),Diacetylmorphine HCl,positive,0.733333333333,0.541176470588,0.588235294118,0.419607843137,0.282352941176,0.192156862745,0.741176470588,0.509803921569,0.443137254902,0.313725490196,0.372549019608,0.596078431373,0.309803921569,0.38431372549,0.133333333333,0.450980392157,0.388235294118,0.670588235294,0.337254901961,0.650980392157,0.647058823529,0.850980392157,0.482352941176,0.00392156862745,0.2,0.196078431373,0.654901960784,0.729411764706,0.270588235294,0.313725490196,0.278431372549,0.156862745098,0.38431372549,0.588235294118,0.709803921569,0.0,0.862745098039,0.635294117647,0.00392156862745,0.0666666666667,0.0235294117647,0.56862745098,0.250980392157,0.525490196078,0.176470588235,0.611764705882,0.16862745098,0.152941176471,0.898039215686,0.772549019608,0.0,0.670588235294,0.211764705882,0.560784313725,0.00392156862745,0.388235294118,0.674509803922,0.909803921569,0.862745098039,0.878431372549,0.741176470588,0.701960784314,0.733333333333,0.588235294118,0.556862745098,0.58431372549,0.43137254902,0.407843137255,0.427450980392,0.290196078431,0.282352941176,0.294117647059,0.164705882353,0.156862745098,0.16862745098,59.4,20.0,4.2
Tube light (FL2),Exedrine,negative,0.470588235294,0.16862745098,0.0588235294118,0.419607843137,0.282352941176,0.192156862745,0.741176470588,0.509803921569,0.443137254902,0.313725490196,0.372549019608,0.596078431373,0.309803921569,0.38431372549,0.133333333333,0.450980392157,0.388235294118,0.670588235294,0.337254901961,0.650980392157,0.647058823529,0.850980392157,0.482352941176,0.00392156862745,0.2,0.196078431373,0.654901960784,0.729411764706,0.270588235294,0.313725490196,0.278431372549,0.156862745098,0.38431372549,0.588235294118,0.709803921569,0.0,0.862745098039,0.635294117647,0.00392156862745,0.0666666666667,0.0235294117647,0.56862745098,0.250980392157,0.525490196078,0.176470588235,0.611764705882,0.16862745098,0.152941176471,0.898039215686,0.772549019608,0.0,0.670588235294,0.211764705882,0.560784313725,0.00392156862745,0.388235294118,0.674509803922,0.909803921569,0.862745098039,0.878431372549,0.741176470588,0.701960784314,0.733333333333,0.588235294118,0.556862745098,0.58431372549,0.43137254902,0.407843137255,0.427450980392,0.290196078431,0.282352941176,0.294117647059,0.164705882353,0.156862745098,0.16862745098,30.1,36.8,27.3
White LED torch (LED-B3),Morphine monohydrate,positive,0.396078431373,0.235294117647,0.360784313725,0.450980392157,0.356862745098,0.18431372549,0.756862745098,0.611764705882,0.396078431373,0.274509803922,0.494117647059,0.58431372549,0.305882352941,0.466666666667,0.0549019607843,0.458823529412,0.513725490196,0.658823529412,0.109803921569,0.772549019608,0.580392156863,0.862745098039,0.541176470588,0.0,0.149019607843,0.341176470588,0.662745098039,0.78431372549,0.360784313725,0.313725490196,0.333333333333,0.247058823529,0.4,0.533333333333,0.796078431373,0.00392156862745,0.858823529412,0.698039215686,0.00392156862745,0.0196078431373,0.196078431373,0.6,0.0862745098039,0.627450980392,0.0117647058824,0.705882352941,0.239215686275,0.141176470588,0.870588235294,0.847058823529,0.0,0.737254901961,0.341176470588,0.560784313725,0.0,0.537254901961,0.647058823529,0.850980392157,0.980392156863,0.796078431373,0.698039215686,0.81568627451,0.674509803922,0.56862745098,0.666666666667,0.552941176471,0.427450980392,0.501960784314,0.41568627451,0.305882352941,0.360784313725,0.301960784314,0.188235294118,0.219607843137,0.180392156863,30.2,24.5,-13.5
White LED torch (LED-B3),Exedrine,negative,0.517647058824,0.203921568627,0.0745098039216,0.450980392157,0.356862745098,0.18431372549,0.756862745098,0.611764705882,0.396078431373,0.274509803922,0.494117647059,0.58431372549,0.305882352941,0.466666666667,0.0549019607843,0.458823529412,0.513725490196,0.658823529412,0.109803921569,0.772549019608,0.580392156863,0.862745098039,0.541176470588,0.0,0.149019607843,0.341176470588,0.662745098039,0.78431372549,0.360784313725,0.313725490196,0.333333333333,0.247058823529,0.4,0.533333333333,0.796078431373,0.00392156862745,0.858823529412,0.698039215686,0.00392156862745,0.0196078431373,0.196078431373,0.6,0.0862745098039,0.627450980392,0.0117647058824,0.705882352941,0.239215686275,0.141176470588,0.870588235294,0.847058823529,0.0,0.737254901961,0.341176470588,0.560784313725,0.0,0.537254901961,0.647058823529,0.850980392157,0.980392156863,0.796078431373,0.698039215686,0.81568627451,0.674509803922,0.56862745098,0.666666666667,0.552941176471,0.427450980392,0.501960784314,0.41568627451,0.305882352941,0.360784313725,0.301960784314,0.188235294118,0.219607843137,0.180392156863,29.8,37.1,29.6
Incandescent bulb (A),Codeine,positive,0.258823529412,0.145098039216,0.211764705882,0.458823529412,0.313725490196,0.207843137255,0.776470588235,0.533333333333,0.439215686275,0.352941176471,0.41568627451,0.521568627451,0.345098039216,0.4,0.188235294118,0.513725490196,0.435294117647,0.572549019608,0.349019607843,0.654901960784,0.58431372549,0.847058823529,0.490196078431,0.0078431372549,0.262745098039,0.278431372549,0.552941176471,0.78431372549,0.321568627451,0.305882352941,0.376470588235,0.203921568627,0.333333333333,0.580392156863,0.686274509804,0.117647058824,0.850980392157,0.61568627451,0.0,0.121568627451,0.152941176471,0.486274509804,0.258823529412,0.537254901961,0.270588235294,0.733333333333,0.211764705882,0.192156862745,0.890196078431,0.741176470588,0.0,0.76862745098,0.294117647059,0.478431372549,0.0,0.439215686275,0.588235294118,0.909803921569,0.850980392157,0.76862745098,0.745098039216,0.709803921569,0.647058823529,0.603921568627,0.572549019608,0.521568627451,0.458823529412,0.43137254902,0.392156862745,0.325490196078,0.305882352941,0.282352941176,0.2,0.18431372549,0.160784313725,18.9,14.3,-10.9
Incandescent bulb (A),Propoxyphene HCl,positive,0.247058823529,0.160784313725,0.172549019608,0.458823529412,0.313725490196,0.207843137255,0.776470588235,0.533333333333,0.439215686275,0.352941176471,0.41568627451,0.521568627451,0.345098039216,0.4,0.188235294118,0.513725490196,0.435294117647,0.572549019608,0.349019607843,0.654901960784,0.58431372549,0.847058823529,0.490196078431,0.0078431372549,0.262745098039,0.278431372549,0.552941176471,0.78431372549,0.321568627451,0.305882352941,0.376470588235,0.203921568627,0.333333333333,0.580392156863,0.686274509804,0.117647058824,0.850980392157,0.61568627451,0.0,0.121568627451,0.152941176471,0.486274509804,0.258823529412,0.537254901961,0.270588235294,0.733333333333,0.211764705882,0.192156862745,0.890196078431,0.741176470588,0.0,0.76862745098,0.294117647059,0.478431372549,0.0,0.439215686275,0.588235294118,0.909803921569,0.850980392157,0.76862745098,0.745098039216,0.709803921569,0.647058823529,0.603921568627,0.572549019608,0.521568627451,0.458823529412,0.43137254902,0.392156862745,0.325490196078,0.305882352941,0.282352941176,0.2,0.18431372549,0.160784313725,19.4,9.1,-2.8
Daylight (D65),Methylphenidate HCl,negative,0.729411764706,0.666666666667,0.239215686275,0.321568627451,0.270588235294,0.18431372549,0.576470588235,0.521568627451,0.396078431373,0.172549019608,0.427450980392,0.494117647059,0.21568627451,0.364705882353,0.137254901961,0.317647058824,0.450980392157,0.560784313725,0.0627450980392,0.674509803922,0.537254901961,0.666666666667,0.419607843137,0.0078431372549,0.0470588235294,0.317647058824,0.541176470588,0.596078431373,0.294117647059,0.294117647059,0.23137254902,0.2,0.313725490196,0.41568627451,0.658823529412,0.00392156862745,0.674509803922,0.552941176471,0.00392156862745,0.00392156862745,0.211764705882,0.470588235294,0.0862745098039,0.517647058824,0.164705882353,0.537254901961,0.188235294118,0.160784313725,0.698039215686,0.701960784314,0.0,0.564705882353,0.305882352941,0.470588235294,0.00392156862745,0.478431372549,0.545098039216,0.666666666667,0.878431372549,0.760784313725,0.537254901961,0.713725490196,0.63137254902,0.419607843137,0.564705882353,0.498039215686,0.305882352941,0.41568627451,0.360784313725,0.2,0.282352941176,0.247058823529,0.105882352941,0.160784313725,0.133333333333,80.0,10.2,56.3
Tube light (FL2),Diacetylmorphine HCl,positive,0.458823529412,0.176470588235,0.21568627451,0.403921568627,0.341176470588,0.149019607843,0.670588235294,0.572549019608,0.349019607843,0.286274509804,0.450980392157,0.505882352941,0.290196078431,0.423529411765,0.0470588235294,0.411764705882,0.474509803922,0.552941176471,0.286274509804,0.686274509804,0.501960784314,0.764705882353,0.533333333333,0.0,0.180392156863,0.321568627451,0.556862745098,0.662745098039,0.356862745098,0.270588235294,0.274509803922,0.235294117647,0.333333333333,0.525490196078,0.721568627451,0.00392156862745,0.752941176471,0.658823529412,0.0,0.0470588235294,0.196078431373,0.501960784314,0.227450980392,0.560784313725,0.0392156862745,0.56862745098,0.250980392157,0.133333333333,0.780392156863,0.78431372549,0.0,0.607843137255,0.337254901961,0.474509803922,0.0,0.466666666667,0.552941176471,0.788235294118,0.901960784314,0.674509803922,0.650980392157,0.752941176471,0.576470588235,0.525490196078,0.611764705882,0.462745098039,0.4,0.462745098039,0.349019607843,0.278431372549,0.329411764706,0.250980392157,0.16862745098,0.203921568627,0.141176470588,29.1,48.0,3.5
Tube light (FL2),Propoxyphene HCl,positive,0.207843137255,0.176470588235,0.164705882353,0.403921568627,0.341176470588,0.149019607843,0.670588235294,0.572549019608,0.349019607843,0.286274509804,0.450980392157,0.505882352941,0.290196078431,0.423529411765,0.0470588235294,0.411764705882,0.474509803922,0.552941176471,0.286274509804,0.686274509804,0.501960784314,0.764705882353,0.533333333333,0.0,0.180392156863,0.321568627451,0.556862745098,0.662745098039,0.356862745098,0.270588235294,0.274509803922,0.235294117647,0.333333333333,0.525490196078,0.721568627451,0.00392156862745,0.752941176471,0.658823529412,0.0,0.0470588235294,0.196078431373,0.501960784314,0.227450980392,0.560784313725,0.0392156862745,0.56862745098,0.250980392157,0.133333333333,0.780392156863,0.78431372549,0.0,0.607843137255,0.337254901961,0.474509803922,0.0,0.466666666667,0.552941176471,0.788235294118,0.901960784314,0.674509803922,0.650980392157,0.752941176471,0.576470588235,0.525490196078,0.611764705882,0.462745098039,0.4,0.462745098039,0.349019607843,0.278431372549,0.329411764706,0.250980392157,0.16862745098,0.203921568627,0.141176470588,19.5,11.2,-3.5
White LED torch (LED-B3),Mescaline HCl,negative,0.709803921569,0.482352941176,0.0,0.352941176471,0.286274509804,0.164705882353,0.627450980392,0.521568627451,0.360784313725,0.266666666667,0.407843137255,0.462745098039,0.266666666667,0.376470588235,0.137254901961,0.392156862745,0.435294117647,0.521568627451,0.290196078431,0.658823529412,0.498039215686,0.698039215686,0.458823529412,0.0117647058824,0.164705882353,0.282352941176,0.501960784314,0.63137254902,0.317647058824,0.274509803922,0.262745098039,0.2,0.294117647059,0.494117647059,0.674509803922,0.00392156862745,0.733333333333,0.603921568627,0.00392156862745,0.0470588235294,0.164705882353,0.43137254902,0.21568627451,0.509803921569,0.156862745098,0.560784313725,0.219607843137,0.160784313725,0.752941176471,0.729411764706,0.0,0.6,0.309803921569,0.447058823529,0.00392156862745,0.447058823529,0.509803921569,0.749019607843,0.847058823529,0.682352941176,0.61568627451,0.698039215686,0.56862745098,0.490196078431,0.564705882353,0.454901960784,0.36862745098,0.419607843137,0.345098039216,0.250980392157,0.294117647059,0.235294117647,0.145098039216,0.16862745098,0.133333333333,62.3,30.7,59.8
White LED torch (LED-B3),Methadone HCl,negative,0.760784313725,0.698039215686,0.466666666667,0.352941176471,0.286274509804,0.164705882353,0.627450980392,0.521568627451,0.360784313725,0.266666666667,0.407843137255,0.462745098039,0.266666666667,0.376470588235,0.137254901961,0.392156862745,0.435294117647,0.521568627451,0.290196078431,0.658823529412,0.498039215686,0.698039215686,0.458823529412,0.0117647058824,0.164705882353,0.282352941176,0.501960784314,0.63137254902,0.317647058824,0.274509803922,0.262745098039,0.2,0.294117647059,0.494117647059,0.674509803922,0.00392156862745,0.733333333333,0.603921568627,0.00392156862745,0.0470588235294,0.164705882353,0.43137254902,0.21568627451,0.509803921569,0.156862745098,0.560784313725,0.219607843137,0.160784313725,0.752941176471,0.729411764706,0.0,0.6,0.309803921569,0.447058823529,0.00392156862745,0.447058823529,0.509803921569,0.749019607843,0.847058823529,0.682352941176,0.61568627451,0.698039215686,0.56862745098,0.490196078431,0.564705882353,0.454901960784,0.36862745098,0.419607843137,0.345098039216,0.250980392157,0.294117647059,0.235294117647,0.145098039216,0.16862745098,0.133333333333,82.5,11.4,22.0
Incandescent bulb (A),Morphine monohydrate,positive,0.356862745098,0.203921568627,0.286274509804,0.419607843137,0.313725490196,0.219607843137,0.733333333333,0.552941176471,0.458823529412,0.309803921569,0.41568627451,0.521568627451,0.298039215686,0.4,0.203921568627,0.462745098039,0.439215686275,0.572549019608,0.286274509804,0.662745098039,0.607843137255,0.803921568627,0.509803921569,0.043137254902,0.207843137255,0.282352941176,0.552941176471,0.745098039216,0.345098039216,0.325490196078,0.337254901961,0.207843137255,0.329411764706,0.541176470588,0.705882352941,0.219607843137,0.811764705882,0.643137254902,0.0,0.0666666666667,0.145098039216,0.482352941176,0.21568627451,0.541176470588,0.298039215686,0.701960784314,0.243137254902,0.207843137255,0.850980392157,0.780392156863,0.0117647058824,0.725490196078,0.321568627451,0.490196078431,0.0,0.439215686275,0.596078431373,0.866666666667,0.898039215686,0.81568627451,0.698039215686,0.741176470588,0.678431372549,0.564705882353,0.588235294118,0.541176470588,0.41568627451,0.439215686275,0.4,0.286274509804,0.305882352941,0.282352941176,0.172549019608,0.176470588235,0.156862745098,29.6,22.2,-10.2
Incandescent bulb (A),d-Methamphetamine HCl,negative,0.639215686275,0.282352941176,0.0078431372549,0.419607843137,0.313725490196,0.219607843137,0.733333333333,0.552941176471,0.458823529412,0.309803921569,0.41568627451,0.521568627451,0.298039215686,0.4,0.203921568627,0.462745098039,0.439215686275,0.572549019608,0.286274509804,0.662745098039,0.607843137255,0.803921568627,0.509803921569,0.043137254902,0.207843137255,0.282352941176,0.552941176471,0.745098039216,0.345098039216,0.325490196078,0.337254901961,0.207843137255,0.329411764706,0.541176470588,0.705882352941,0.219607843137,0.811764705882,0.643137254902,0.0,0.0666666666667,0.145098039216,0.482352941176,0.21568627451,0.541176470588,0.298039215686,0.701960784314,0.243137254902,0.207843137255,0.850980392157,0.780392156863,0.0117647058824,0.725490196078,0.321568627451,0.490196078431,0.0,0.439215686275,0.596078431373,0.866666666667,0.898039215686,0.81568627451,0.698039215686,0.741176470588,0.678431372549,0.564705882353,0.588235294118,0.541176470588,0.41568627451,0.439215686275,0.4,0.286274509804,0.305882352941,0.282352941176,0.172549019608,0.176470588235,0.156862745098,40.5,45.2,38.5
Daylight (D65),Codeine,positive,0.23137254902,0.18431372549,0.282352941176,0.41568627451,0.349019607843,0.243137254902,0.678431372549,0.6,0.470588235294,0.172549019608,0.513725490196,0.619607843137,0.266666666667,0.458823529412,0.149019607843,0.38431372549,0.533333333333,0.686274509804,0.0,0.760784313725,0.635294117647,0.788235294118,0.494117647059,0.00392156862745,0.0156862745098,0.392156862745,0.682352941176,0.725490196078,0.345098039216,0.372549019608,0.317647058824,0.266666666667,0.427450980392,0.470588235294,0.749019607843,0.0,0.780392156863,0.63137254902,0.0,0.0,0.274509803922,0.611764705882,0.0078431372549,0.61568627451,0.137254901961,0.674509803922,0.223529411765,0.211764705882,0.792156862745,0.780392156863,0.0,0.686274509804,0.352941176471,0.592156862745,0.0,0.56862745098,0.674509803922,0.729411764706,0.945098039216,0.854901960784,0.603921568627,0.792156862745,0.729411764706,0.490196078431,0.654901960784,0.6,0.372549019608,0.501960784314,0.466666666667,0.262745098039,0.364705882353,0.337254901961,0.160784313725,0.227450980392,0.211764705882,19.1,16.3,-11.7
Daylight (D65),Codeine,positive,0.23137254902,0.18431372549,0.282352941176,0.41568627451,0.349019607843,0.243137254902,0.678431372549,0.6,0.470588235294,0.172549019608,0.513725490196,0.619607843137,0.266666666667,0.458823529412,0.149019607843,0.38431372549,0.533333333333,0.686274509804,0.0,0.760784313725,0.635294117647,0.788235294118,0.494117647059,0.00392156862745,0.0156862745098,0.392156862745,0.682352941176,0.725490196078,0.345098039216,0.372549019608,0.317647058824,0.266666666667,0.427450980392,0.470588235294,0.749019607843,0.0,0.780392156863,0.63137254902,0.0,0.0,0.274509803922,0.611764705882,0.0078431372549,0.61568627451,0.137254901961,0.674509803922,0.223529411765,0.211764705882,0.792156862745,0.780392156863,0.0,0.686274509804,0.352941176471,0.592156862745,0.0,0.56862745098,0.674509803922,0.729411764706,0.945098039216,0.854901960784,0.603921568627,0.792156862745,0.729411764706,0.490196078431,0.654901960784,0.6,0.372549019608,0.501960784314,0.466666666667,0.262745098039,0.364705882353,0.337254901961,0.160784313725,0.227450980392,0.211764705882,19.1,16.3,-11.7
Tube light (FL2),Methylphenidate HCl,negative,0.811764705882,0.733333333333,0.0470588235294,0.372549019608,0.301960784314,0.176470588235,0.647058823529,0.525490196078,0.4,0.262745098039,0.4,0.533333333333,0.274509803922,0.392156862745,0.129411764706,0.396078431373,0.423529411765,0.603921568627,0.266666666667,0.654901960784,0.576470588235,0.729411764706,0.490196078431,0.0,0.156862745098,0.250980392157,0.580392156863,0.643137254902,0.317647058824,0.298039215686,0.254901960784,0.196078431373,0.349019607843,0.509803921569,0.694117647059,0.0,0.756862745098,0.639215686275,0.00392156862745,0.0313725490196,0.113725490196,0.509803921569,0.207843137255,0.521568627451,0.156862745098,0.545098039216,0.219607843137,0.152941176471,0.772549019608,0.756862745098,0.0,0.592156862745,0.290196078431,0.509803921569,0.0,0.419607843137,0.6,0.760784313725,0.839215686275,0.749019607843,0.627450980392,0.698039215686,0.635294117647,0.505882352941,0.564705882353,0.513725490196,0.380392156863,0.427450980392,0.388235294118,0.262745098039,0.301960784314,0.270588235294,0.152941176471,0.176470588235,0.156862745098,81.3,8.3,66.0
Tube light (FL2),LSD,negative,0.164705882353,0.180392156863,0.078431372549,0.372549019608,0.301960784314,0.176470588235,0.647058823529,0.525490196078,0.4,0.262745098039,0.4,0.533333333333,0.274509803922,0.392156862745,0.129411764706,0.396078431373,0.423529411765,0.603921568627,0.266666666667,0.654901960784,0.576470588235,0.729411764706,0.490196078431,0.0,0.156862745098,0.250980392157,0.580392156863,0.643137254902,0.317647058824,0.298039215686,0.254901960784,0.196078431373,0.349019607843,0.509803921569,0.694117647059,0.0,0.756862745098,0.639215686275,0.00392156862745,0.0313725490196,0.113725490196,0.509803921569,0.207843137255,0.521568627451,0.156862745098,0.545098039216,0.219607843137,0.152941176471,0.772549019608,0.756862745098,0.0,0.592156862745,0.290196078431,0.509803921569,0.0,0.419607843137,0.6,0.760784313725,0.839215686275,0.749019607843,0.627450980392,0.698039215686,0.635294117647,0.505882352941,0.564705882353,0.513725490196,0.380392156863,0.427450980392,0.388235294118,0.262745098039,0.301960784314,0.270588235294,0.152941176471,0.176470588235,0.156862745098,19.2,-2.1,13.1
White LED torch (LED-B3),d-Amphetamine HCl,negative,0.854901960784,0.490196078431,0.117647058824,0.419607843137,0.329411764706,0.207843137255,0.729411764706,0.580392156863,0.423529411765,0.329411764706,0.458823529412,0.533333333333,0.325490196078,0.427450980392,0.172549019608,0.462745098039,0.482352941176,0.596078431373,0.360784313725,0.721568627451,0.56862745098,0.807843137255,0.513725490196,0.0117647058824,0.219607843137,0.313725490196,0.580392156863,0.725490196078,0.352941176471,0.329411764706,0.309803921569,0.227450980392,0.349019607843,0.580392156863,0.745098039216,0.0078431372549,0.83137254902,0.666666666667,0.0,0.078431372549,0.18431372549,0.509803921569,0.274509803922,0.576470588235,0.196078431373,0.643137254902,0.247058823529,0.2,0.866666666667,0.807843137255,0.00392156862745,0.686274509804,0.337254901961,0.509803921569,0.00392156862745,0.494117647059,0.580392156863,0.874509803922,0.933333333333,0.780392156863,0.721568627451,0.772549019608,0.662745098039,0.576470588235,0.623529411765,0.529411764706,0.435294117647,0.466666666667,0.403921568627,0.301960784314,0.325490196078,0.278431372549,0.180392156863,0.196078431373,0.160784313725,61.0,42.7,54.9
White LED torch (LED-B3),Methadone HCl,negative,0.862745098039,0.745098039216,0.533333333333,0.419607843137,0.329411764706,0.207843137255,0.729411764706,0.580392156863,0.423529411765,0.329411764706,0.458823529412,0.533333333333,0.325490196078,0.427450980392,0.172549019608,0.462745098039,0.482352941176,0.596078431373,0.360784313725,0.721568627451,0.56862745098,0.807843137255,0.513725490196,0.0117647058824,0.219607843137,0.313725490196,0.580392156863,0.725490196078,0.352941176471,0.329411764706,0.309803921569,0.227450980392,0.349019607843,0.580392156863,0.745098039216,0.0078431372549,0.83137254902,0.666666666667,0.0,0.078431372549,0.18431372549,0.509803921569,0.274509803922,0.576470588235,0.196078431373,0.643137254902,0.247058823529,0.2,0.866666666667,0.807843137255,0.00392156862745,0.686274509804,0.337254901961,0.509803921569,0.00392156862745,0.494117647059,0.580392156863,0.874509803922,0.933333333333,0.780392156863,0.721568627451,0.772549019608,0.662745098039,0.576470588235,0.623529411765,0.529411764706,0.435294117647,0.466666666667,0.403921568627,0.301960784314,0.325490196078,0.278431372549,0.180392156863,0.196078431373,0.160784313725,80.3,13.3,20.3
Incandescent bulb (A),Morphine monohydrate,positive,0.38431372549,0.211764705882,0.278431372549,0.443137254902,0.309803921569,0.196078431373,0.752941176471,0.545098039216,0.411764705882,0.341176470588,0.423529411765,0.482352941176,0.329411764706,0.4,0.16862745098,0.494117647059,0.447058823529,0.533333333333,0.352941176471,0.662745098039,0.549019607843,0.819607843137,0.498039215686,0.0078431372549,0.254901960784,0.298039215686,0.509803921569,0.756862745098,0.341176470588,0.298039215686,0.356862745098,0.219607843137,0.305882352941,0.56862745098,0.694117647059,0.121568627451,0.83137254902,0.623529411765,0.0,0.121568627451,0.176470588235,0.454901960784,0.262745098039,0.533333333333,0.250980392157,0.709803921569,0.235294117647,0.188235294118,0.870588235294,0.752941176471,0.0,0.745098039216,0.321568627451,0.450980392157,0.00392156862745,0.450980392157,0.552941176471,0.890196078431,0.866666666667,0.725490196078,0.733333333333,0.717647058824,0.603921568627,0.592156862745,0.58431372549,0.494117647059,0.447058823529,0.443137254902,0.372549019608,0.309803921569,0.313725490196,0.258823529412,0.188235294118,0.188235294118,0.149019607843,29.7,23.2,-11.8
Incandescent bulb (A),Diacetylmorphine HCl,positive,0.517647058824,0.164705882353,0.196078431373,0.443137254902,0.309803921569,0.196078431373,0.752941176471,0.545098039216,0.411764705882,0.341176470588,0.423529411765,0.482352941176,0.329411764706,0.4,0.16862745098,0.494117647059,0.447058823529,0.533333333333,0.352941176471,0.662745098039,0.549019607843,0.819607843137,0.498039215686,0.0078431372549,0.254901960784,0.298039215686,0.509803921569,0.756862745098,0.341176470588,0.298039215686,0.356862745098,0.219607843137,0.305882352941,0.56862745098,0.694117647059,0.121568627451,0.83137254902,0.623529411765,0.0,0.121568627451,0.176470588235,0.454901960784,0.262745098039,0.533333333333,0.250980392157,0.709803921569,0.235294117647,0.188235294118,0.870588235294,0.752941176471,0.0,0.745098039216,0.321568627451,0.450980392157,0.00392156862745,0.450980392157,0.552941176471,0.890196078431,0.866666666667,0.725490196078,0.733333333333,0.717647058824,0.603921568627,0.592156862745,0.58431372549,0.494117647059,0.447058823529,0.443137254902,0.372549019608,0.309803921569,0.313725490196,0.258823529412,0.188235294118,0.188235294118,0.149019607843,29.9,44.7,2.6
Daylight (D65),Dimethoxy-meth HCl,negative,0.470588235294,0.470588235294,0.0,0.38431372549,0.305882352941,0.211764705882,0.670588235294,0.56862745098,0.439215686275,0.278431372549,0.474509803922,0.529411764706,0.290196078431,0.407843137255,0.176470588235,0.419607843137,0.501960784314,0.607843137255,0.274509803922,0.741176470588,0.592156862745,0.749019607843,0.458823529412,0.0666666666667,0.160784313725,0.360784313725,0.576470588235,0.682352941176,0.333333333333,0.329411764706,0.294117647059,0.235294117647,0.349019607843,0.529411764706,0.717647058824,0.0352941176471,0.78431372549,0.607843137255,0.0,0.0274509803922,0.247058823529,0.498039215686,0.21568627451,0.560784313725,0.2,0.619607843137,0.219607843137,0.2,0.807843137255,0.756862745098,0.0,0.654901960784,0.349019607843,0.513725490196,0.0,0.537254901961,0.592156862745,0.796078431373,0.929411764706,0.8,0.650980392157,0.76862745098,0.674509803922,0.521568627451,0.619607843137,0.537254901961,0.38431372549,0.466666666667,0.403921568627,0.262745098039,0.325490196078,0.282352941176,0.156862745098,0.192156862745,0.160784313725,51.8,-3.9,50.7
Daylight (D65),Codeine,positive,0.203921568627,0.156862745098,0.219607843137,0.38431372549,0.305882352941,0.211764705882,0.670588235294,0.56862745098,0.439215686275,0.278431372549,0.474509803922,0.529411764706,0.290196078431,0.407843137255,0.176470588235,0.419607843137,0.501960784314,0.607843137255,0.274509803922,0.741176470588,0.592156862745,0.749019607843,0.458823529412,0.0666666666667,0.160784313725,0.360784313725,0.576470588235,0.682352941176,0.333333333333,0.329411764706,0.294117647059,0.235294117647,0.349019607843,0.529411764706,0.717647058824,0.0352941176471,0.78431372549,0.607843137255,0.0,0.0274509803922,0.247058823529,0.498039215686,0.21568627451,0.560784313725,0.2,0.619607843137,0.219607843137,0.2,0.807843137255,0.756862745098,0.0,0.654901960784,0.349019607843,0.513725490196,0.0,0.537254901961,0.592156862745,0.796078431373,0.929411764706,0.8,0.650980392157,0.76862745098,0.674509803922,0.521568627451,0.619607843137,0.537254901961,0.38431372549,0.466666666667,0.403921568627,0.262745098039,0.325490196078,0.282352941176,0.156862745098,0.192156862745,0.160784313725,19.3,15.7,-11.9
Tube light (FL2),Diacetylmorphine HCl,positive,0.650980392157,0.666666666667,0.537254901961,0.349019607843,0.313725490196,0.16862745098,0.607843137255,0.552941176471,0.36862745098,0.254901960784,0.423529411765,0.474509803922,0.266666666667,0.396078431373,0.125490196078,0.364705882353,0.447058823529,0.529411764706,0.282352941176,0.662745098039,0.513725490196,0.701960784314,0.517647058824,0.0078431372549,0.149019607843,0.294117647059,0.513725490196,0.6,0.345098039216,0.274509803922,0.227450980392,0.211764705882,0.301960784314,0.490196078431,0.698039215686,0.0,0.701960784314,0.647058823529,0.0,0.0274509803922,0.172549019608,0.450980392157,0.223529411765,0.525490196078,0.156862745098,0.501960784314,0.243137254902,0.149019607843,0.733333333333,0.776470588235,0.0,0.545098039216,0.329411764706,0.450980392157,0.0,0.43137254902,0.521568627451,0.741176470588,0.898039215686,0.694117647059,0.607843137255,0.737254901961,0.58431372549,0.482352941176,0.588235294118,0.466666666667,0.352941176471,0.443137254902,0.341176470588,0.239215686275,0.301960784314,0.23137254902,0.137254901961,0.176470588235,0.129411764706,66.8,16.0,4.4
Tube light (FL2),d-Amphetamine HCl,negative,0.713725490196,0.486274509804,0.0,0.349019607843,0.313725490196,0.16862745098,0.607843137255,0.552941176471,0.36862745098,0.254901960784,0.423529411765,0.474509803922,0.266666666667,0.396078431373,0.125490196078,0.364705882353,0.447058823529,0.529411764706,0.282352941176,0.662745098039,0.513725490196,0.701960784314,0.517647058824,0.0078431372549,0.149019607843,0.294117647059,0.513725490196,0.6,0.345098039216,0.274509803922,0.227450980392,0.211764705882,0.301960784314,0.490196078431,0.698039215686,0.0,0.701960784314,0.647058823529,0.0,0.0274509803922,0.172549019608,0.450980392157,0.223529411765,0.525490196078,0.156862745098,0.501960784314,0.243137254902,0.149019607843,0.733333333333,0.776470588235,0.0,0.545098039216,0.329411764706,0.450980392157,0.0,0.43137254902,0.521568627451,0.741176470588,0.898039215686,0.694117647059,0.607843137255,0.737254901961,0.58431372549,0.482352941176,0.588235294118,0.466666666667,0.352941176471,0.443137254902,0.341176470588,0.239215686275,0.301960784314,0.23137254902,0.137254901961,0.176470588235,0.129411764706,60.0,43.4,58.9
White LED torch (LED-B3),Dimethoxy-meth HCl,negative,0.435294117647,0.435294117647,0.00392156862745,0.364705882353,0.266666666667,0.180392156863,0.647058823529,0.498039215686,0.41568627451,0.227450980392,0.372549019608,0.549019607843,0.247058823529,0.36862745098,0.141176470588,0.372549019608,0.392156862745,0.619607843137,0.117647058824,0.643137254902,0.592156862745,0.741176470588,0.447058823529,0.0,0.109803921569,0.211764705882,0.607843137255,0.674509803922,0.266666666667,0.309803921569,0.258823529412,0.152941176471,0.352941176471,0.466666666667,0.678431372549,0.0,0.760784313725,0.588235294118,0.00392156862745,0.0117647058824,0.0509803921569,0.533333333333,0.0941176470588,0.513725490196,0.160784313725,0.592156862745,0.164705882353,0.156862745098,0.76862745098,0.733333333333,0.0,0.627450980392,0.227450980392,0.521568627451,0.0,0.407843137255,0.61568627451,0.756862745098,0.83137254902,0.823529411765,0.607843137255,0.678431372549,0.678431372549,0.478431372549,0.541176470588,0.541176470588,0.352941176471,0.4,0.4,0.235294117647,0.266666666667,0.274509803922,0.133333333333,0.149019607843,0.152941176471,51.5,-2.5,46.5
White LED torch (LED-B3),Methylphenidate HCl,negative,0.81568627451,0.686274509804,0.141176470588,0.364705882353,0.266666666667,0.180392156863,0.647058823529,0.498039215686,0.41568627451,0.227450980392,0.372549019608,0.549019607843,0.247058823529,0.36862745098,0.141176470588,0.372549019608,0.392156862745,0.619607843137,0.117647058824,0.643137254902,0.592156862745,0.741176470588,0.447058823529,0.0,0.109803921569,0.211764705882,0.607843137255,0.674509803922,0.266666666667,0.309803921569,0.258823529412,0.152941176471,0.352941176471,0.466666666667,0.678431372549,0.0,0.760784313725,0.588235294118,0.00392156862745,0.0117647058824,0.0509803921569,0.533333333333,0.0941176470588,0.513725490196,0.160784313725,0.592156862745,0.164705882353,0.156862745098,0.76862745098,0.733333333333,0.0,0.627450980392,0.227450980392,0.521568627451,0.0,0.407843137255,0.61568627451,0.756862745098,0.83137254902,0.823529411765,0.607843137255,0.678431372549,0.678431372549,0.478431372549,0.541176470588,0.541176470588,0.352941176471,0.4,0.4,0.235294117647,0.266666666667,0.274509803922,0.133333333333,0.149019607843,0.152941176471,79.8,9.5,62.9
Incandescent bulb (A),Oxycodone HCl,positive,0.513725490196,0.490196078431,0.537254901961,0.411764705882,0.278431372549,0.141176470588,0.749019607843,0.525490196078,0.380392156863,0.254901960784,0.396078431373,0.505882352941,0.258823529412,0.376470588235,0.0862745098039,0.443137254902,0.41568627451,0.576470588235,0.0705882352941,0.670588235294,0.580392156863,0.839215686275,0.474509803922,0.0,0.160784313725,0.247058823529,0.556862745098,0.772549019608,0.286274509804,0.239215686275,0.317647058824,0.172549019608,0.305882352941,0.490196078431,0.709803921569,0.0,0.839215686275,0.619607843137,0.00392156862745,0.0235294117647,0.117647058824,0.482352941176,0.0392156862745,0.529411764706,0.176470588235,0.725490196078,0.156862745098,0.078431372549,0.866666666667,0.76862745098,0.0,0.752941176471,0.250980392157,0.462745098039,0.0,0.423529411765,0.6,0.858823529412,0.901960784314,0.76862745098,0.682352941176,0.729411764706,0.635294117647,0.529411764706,0.576470588235,0.498039215686,0.38431372549,0.41568627451,0.356862745098,0.254901960784,0.278431372549,0.239215686275,0.145098039216,0.152941176471,0.129411764706,60.7,7.2,-11.2
Incandescent bulb (A),Chlorpromazine HCl,positive,0.41568627451,0.141176470588,0.250980392157,0.411764705882,0.278431372549,0.141176470588,0.749019607843,0.525490196078,0.380392156863,0.254901960784,0.396078431373,0.505882352941,0.258823529412,0.376470588235,0.0862745098039,0.443137254902,0.41568627451,0.576470588235,0.0705882352941,0.670588235294,0.580392156863,0.839215686275,0.474509803922,0.0,0.160784313725,0.247058823529,0.556862745098,0.772549019608,0.286274509804,0.239215686275,0.317647058824,0.172549019608,0.305882352941,0.490196078431,0.709803921569,0.0,0.839215686275,0.619607843137,0.00392156862745,0.0235294117647,0.117647058824,0.482352941176,0.0392156862745,0.529411764706,0.176470588235,0.725490196078,0.156862745098,0.078431372549,0.866666666667,0.76862745098,0.0,0.752941176471,0.250980392157,0.462745098039,0.0,0.423529411765,0.6,0.858823529412,0.901960784314,0.76862745098,0.682352941176,0.729411764706,0.635294117647,0.529411764706,0.576470588235,0.498039215686,0.38431372549,0.41568627451,0.356862745098,0.254901960784,0.278431372549,0.239215686275,0.145098039216,0.152941176471,0.129411764706,30.0,32.6,-9.0
Daylight (D65),Codeine,positive,0.741176470588,0.8,0.737254901961,0.450980392157,0.345098039216,0.250980392157,0.733333333333,0.588235294118,0.474509803922,0.313725490196,0.505882352941,0.596078431373,0.337254901961,0.450980392157,0.180392156863,0.470588235294,0.529411764706,0.666666666667,0.254901960784,0.752941176471,0.627450980392,0.819607843137,0.482352941176,0.0,0.188235294118,0.396078431373,0.650980392157,0.756862745098,0.349019607843,0.376470588235,0.356862745098,0.266666666667,0.41568627451,0.564705882353,0.741176470588,0.0,0.835294117647,0.627450980392,0.0,0.0274509803922,0.286274509804,0.58431372549,0.219607843137,0.603921568627,0.188235294118,0.701960784314,0.223529411765,0.227450980392,0.858823529412,0.76862745098,0.0,0.729411764706,0.356862745098,0.580392156863,0.0,0.56862745098,0.662745098039,0.839215686275,0.925490196078,0.835294117647,0.701960784314,0.78431372549,0.717647058824,0.580392156863,0.643137254902,0.592156862745,0.443137254902,0.501960784314,0.458823529412,0.317647058824,0.36862745098,0.333333333333,0.203921568627,0.23137254902,0.211764705882,73.9,0.7,1.6
Daylight (D65),Dristan,negative,0.364705882353,0.290196078431,0.258823529412,0.450980392157,0.345098039216,0.250980392157,0.733333333333,0.588235294118,0.474509803922,0.313725490196,0.505882352941,0.596078431373,0.337254901961,0.450980392157,0.180392156863,0.470588235294,0.529411764706,0.666666666667,0.254901960784,0.752941176471,0.627450980392,0.819607843137,0.482352941176,0.0,0.188235294118,0.396078431373,0.650980392157,0.756862745098,0.349019607843,0.376470588235,0.356862745098,0.266666666667,0.41568627451,0.564705882353,0.741176470588,0.0,0.835294117647,0.627450980392,0.0,0.0274509803922,0.286274509804,0.58431372549,0.219607843137,0.603921568627,0.188235294118,0.701960784314,0.223529411765,0.227450980392,0.858823529412,0.76862745098,0.0,0.729411764706,0.356862745098,0.580392156863,0.0,0.56862745098,0.662745098039,0.839215686275,0.925490196078,0.835294117647,0.701960784314,0.78431372549,0.717647058824,0.580392156863,0.643137254902,0.592156862745,0.443137254902,0.501960784314,0.458823529412,0.317647058824,0.36862745098,0.333333333333,0.203921568627,0.23137254902,0.211764705882,30.4,11.0,6.1
Tube light (FL2),Codeine,positive,0.223529411765,0.109803921569,0.227450980392,0.43137254902,0.294117647059,0.176470588235,0.764705882353,0.521568627451,0.43137254902,0.309803921569,0.388235294118,0.596078431373,0.309803921569,0.396078431373,0.101960784314,0.450980392157,0.4,0.674509803922,0.333333333333,0.670588235294,0.635294117647,0.882352941176,0.494117647059,0.0,0.2,0.211764705882,0.662745098039,0.756862745098,0.270588235294,0.309803921569,0.286274509804,0.156862745098,0.38431372549,0.6,0.725490196078,0.0,0.886274509804,0.643137254902,0.00392156862745,0.0627450980392,0.043137254902,0.580392156863,0.243137254902,0.545098039216,0.121568627451,0.63137254902,0.164705882353,0.129411764706,0.929411764706,0.8,0.00392156862745,0.690196078431,0.219607843137,0.560784313725,0.00392156862745,0.407843137255,0.670588235294,0.941176470588,0.898039215686,0.874509803922,0.764705882353,0.733333333333,0.725490196078,0.607843137255,0.572549019608,0.576470588235,0.443137254902,0.419607843137,0.419607843137,0.294117647059,0.286274509804,0.290196078431,0.16862745098,0.160784313725,0.164705882353,19.9,15.6,-9.6
Incandescent bulb (A),Oxycodone HCl,positive,0.537254901961,0.533333333333,0.552941176471,0.435294117647,0.337254901961,0.21568627451,0.725490196078,0.572549019608,0.443137254902,0.317647058824,0.447058823529,0.521568627451,0.313725490196,0.423529411765,0.18431372549,0.474509803922,0.474509803922,0.576470588235,0.270588235294,0.690196078431,0.588235294118,0.796078431373,0.529411764706,0.0078431372549,0.219607843137,0.313725490196,0.549019607843,0.745098039216,0.36862745098,0.313725490196,0.352941176471,0.235294117647,0.333333333333,0.541176470588,0.721568627451,0.133333333333,0.807843137255,0.654901960784,0.00392156862745,0.0705882352941,0.188235294118,0.482352941176,0.203921568627,0.556862745098,0.274509803922,0.698039215686,0.262745098039,0.2,0.835294117647,0.78431372549,0.0,0.725490196078,0.349019607843,0.486274509804,0.00392156862745,0.470588235294,0.596078431373,0.83137254902,0.890196078431,0.760784313725,0.686274509804,0.741176470588,0.643137254902,0.556862745098,0.603921568627,0.525490196078,0.419607843137,0.462745098039,0.396078431373,0.301960784314,0.333333333333,0.286274509804,0.188235294118,0.2,0.16862745098,61.0,6.5,-10.9
Daylight (D65),Chlorpromazine HCl,positive,0.749019607843,0.717647058824,0.682352941176,0.423529411765,0.317647058824,0.23137254902,0.729411764706,0.580392156863,0.466666666667,0.329411764706,0.482352941176,0.556862745098,0.325490196078,0.419607843137,0.196078431373,0.470588235294,0.509803921569,0.627450980392,0.356862745098,0.749019607843,0.61568627451,0.807843137255,0.470588235294,0.117647058824,0.219607843137,0.36862745098,0.6,0.729411764706,0.337254901961,0.356862745098,0.321568627451,0.239215686275,0.360784313725,0.58431372549,0.729411764706,0.101960784314,0.83137254902,0.61568627451,0.00392156862745,0.0705882352941,0.258823529412,0.521568627451,0.274509803922,0.580392156863,0.23137254902,0.662745098039,0.219607843137,0.223529411765,0.870588235294,0.764705882353,0.0,0.698039215686,0.349019607843,0.537254901961,0.00392156862745,0.541176470588,0.611764705882,0.886274509804,0.949019607843,0.843137254902,0.725490196078,0.78431372549,0.709803921569,0.580392156863,0.63137254902,0.564705882353,0.43137254902,0.470588235294,0.427450980392,0.298039215686,0.333333333333,0.298039215686,0.176470588235,0.196078431373,0.172549019608,52.7,17.6,-4.2
Daylight (D65),Aspirin,negative,0.517647058824,0.101960784314,0.145098039216,0.423529411765,0.317647058824,0.23137254902,0.729411764706,0.580392156863,0.466666666667,0.329411764706,0.482352941176,0.556862745098,0.325490196078,0.419607843137,0.196078431373,0.470588235294,0.509803921569,0.627450980392,0.356862745098,0.749019607843,0.61568627451,0.807843137255,0.470588235294,0.117647058824,0.219607843137,0.36862745098,0.6,0.729411764706,0.337254901961,0.356862745098,0.321568627451,0.239215686275,0.360784313725,0.58431372549,0.729411764706,0.101960784314,0.83137254902,0.61568627451,0.00392156862745,0.0705882352941,0.258823529412,0.521568627451,0.274509803922,0.580392156863,0.23137254902,0.662745098039,0.219607843137,0.223529411765,0.870588235294,0.764705882353,0.0,0.698039215686,0.349019607843,0.537254901961,0.00392156862745,0.541176470588,0.611764705882,0.886274509804,0.949019607843,0.843137254902,0.725490196078,0.78431372549,0.709803921569,0.580392156863,0.63137254902,0.564705882353,0.43137254902,0.470588235294,0.427450980392,0.298039215686,0.333333333333,0.298039215686,0.176470588235,0.196078431373,0.172549019608,30.5,46.8,21.9
Tube light (FL2),Propoxyphene HCl,positive,0.258823529412,0.2,0.211764705882,0.458823529412,0.36862745098,0.247058823529,0.737254901961,0.596078431373,0.470588235294,0.380392156863,0.462745098039,0.564705882353,0.36862745098,0.447058823529,0.207843137255,0.490196078431,0.486274509804,0.619607843137,0.443137254902,0.698039215686,0.603921568627,0.819607843137,0.564705882353,0.0078431372549,0.274509803922,0.325490196078,0.603921568627,0.713725490196,0.388235294118,0.364705882353,0.325490196078,0.250980392157,0.38431372549,0.627450980392,0.745098039216,0.0235294117647,0.827450980392,0.686274509804,0.0,0.129411764706,0.192156862745,0.545098039216,0.356862745098,0.58431372549,0.254901960784,0.619607843137,0.286274509804,0.23137254902,0.866666666667,0.807843137255,0.0,0.662745098039,0.360784313725,0.541176470588,0.0705882352941,0.482352941176,0.61568627451,0.898039215686,0.913725490196,0.807843137255,0.752941176471,0.772549019608,0.686274509804,0.619607843137,0.63137254902,0.564705882353,0.474509803922,0.490196078431,0.439215686275,0.345098039216,0.356862745098,0.321568627451,0.21568627451,0.223529411765,0.2,19.7,11.3,-2.0
Tube light (FL2),Chlorpromazine HCl,positive,0.439215686275,0.23137254902,0.337254901961,0.458823529412,0.36862745098,0.247058823529,0.737254901961,0.596078431373,0.470588235294,0.380392156863,0.462745098039,0.564705882353,0.36862745098,0.447058823529,0.207843137255,0.490196078431,0.486274509804,0.619607843137,0.443137254902,0.698039215686,0.603921568627,0.819607843137,0.564705882353,0.0078431372549,0.274509803922,0.325490196078,0.603921568627,0.713725490196,0.388235294118,0.364705882353,0.325490196078,0.250980392157,0.38431372549,0.627450980392,0.745098039216,0.0235294117647,0.827450980392,0.686274509804,0.0,0.129411764706,0.192156862745,0.545098039216,0.356862745098,0.58431372549,0.254901960784,0.619607843137,0.286274509804,0.23137254902,0.866666666667,0.807843137255,0.0,0.662745098039,0.360784313725,0.541176470588,0.0705882352941,0.482352941176,0.61568627451,0.898039215686,0.913725490196,0.807843137255,0.752941176471,0.772549019608,0.686274509804,0.619607843137,0.63137254902,0.564705882353,0.474509803922,0.490196078431,0.439215686275,0.345098039216,0.356862745098,0.321568627451,0.21568627451,0.223529411765,0.2,30.5,34.6,-8.3
White LED torch (LED-B3),MDA HCl,negative,0.145098039216,0.172549019608,0.145098039216,0.439215686275,0.352941176471,0.211764705882,0.721568627451,0.596078431373,0.43137254902,0.278431372549,0.478431372549,0.592156862745,0.301960784314,0.458823529412,0.121568627451,0.443137254902,0.494117647059,0.658823529412,0.156862745098,0.737254901961,0.596078431373,0.81568627451,0.533333333333,0.0,0.152941176471,0.329411764706,0.654901960784,0.741176470588,0.364705882353,0.337254901961,0.325490196078,0.243137254902,0.407843137255,0.521568627451,0.764705882353,0.0,0.81568627451,0.674509803922,0.0,0.0156862745098,0.18431372549,0.596078431373,0.125490196078,0.603921568627,0.109803921569,0.670588235294,0.250980392157,0.18431372549,0.823529411765,0.81568627451,0.00392156862745,0.701960784314,0.337254901961,0.560784313725,0.00392156862745,0.513725490196,0.647058823529,0.803921568627,0.925490196078,0.803921568627,0.670588235294,0.780392156863,0.690196078431,0.545098039216,0.635294117647,0.556862745098,0.411764705882,0.494117647059,0.435294117647,0.294117647059,0.356862745098,0.313725490196,0.18431372549,0.223529411765,0.192156862745,13.5,-0.5,1.1
White LED torch (LED-B3),Mescaline HCl,negative,0.807843137255,0.537254901961,0.0,0.439215686275,0.352941176471,0.211764705882,0.721568627451,0.596078431373,0.43137254902,0.278431372549,0.478431372549,0.592156862745,0.301960784314,0.458823529412,0.121568627451,0.443137254902,0.494117647059,0.658823529412,0.156862745098,0.737254901961,0.596078431373,0.81568627451,0.533333333333,0.0,0.152941176471,0.329411764706,0.654901960784,0.741176470588,0.364705882353,0.337254901961,0.325490196078,0.243137254902,0.407843137255,0.521568627451,0.764705882353,0.0,0.81568627451,0.674509803922,0.0,0.0156862745098,0.18431372549,0.596078431373,0.125490196078,0.603921568627,0.109803921569,0.670588235294,0.250980392157,0.18431372549,0.823529411765,0.81568627451,0.00392156862745,0.701960784314,0.337254901961,0.560784313725,0.00392156862745,0.513725490196,0.647058823529,0.803921568627,0.925490196078,0.803921568627,0.670588235294,0.780392156863,0.690196078431,0.545098039216,0.635294117647,0.556862745098,0.411764705882,0.494117647059,0.435294117647,0.294117647059,0.356862745098,0.313725490196,0.18431372549,0.223529411765,0.192156862745,61.4,32.0,55.0
Incandescent bulb (A),Oxycodone HCl,positive,0.482352941176,0.470588235294,0.505882352941,0.392156862745,0.298039215686,0.203921568627,0.678431372549,0.517647058824,0.43137254902,0.286274509804,0.396078431373,0.482352941176,0.282352941176,0.376470588235,0.192156862745,0.427450980392,0.41568627451,0.537254901961,0.270588235294,0.619607843137,0.560784313725,0.749019607843,0.486274509804,0.078431372549,0.196078431373,0.266666666667,0.509803921569,0.686274509804,0.329411764706,0.309803921569,0.309803921569,0.2,0.298039215686,0.501960784314,0.658823529412,0.223529411765,0.745098039216,0.596078431373,0.0196078431373,0.0666666666667,0.141176470588,0.447058823529,0.211764705882,0.505882352941,0.274509803922,0.643137254902,0.235294117647,0.2,0.780392156863,0.729411764706,0.0588235294118,0.666666666667,0.305882352941,0.450980392157,0.0,0.407843137255,0.545098039216,0.8,0.843137254902,0.760784313725,0.650980392157,0.694117647059,0.63137254902,0.521568627451,0.556862745098,0.505882352941,0.388235294118,0.41568627451,0.380392156863,0.262745098039,0.286274509804,0.258823529412,0.156862745098,0.16862745098,0.145098039216,59.4,5.9,-10.0
Incandescent bulb (A),Oxycodone HCl,positive,0.478431372549,0.470588235294,0.513725490196,0.392156862745,0.298039215686,0.203921568627,0.678431372549,0.517647058824,0.43137254902,0.286274509804,0.396078431373,0.482352941176,0.282352941176,0.376470588235,0.192156862745,0.427450980392,0.41568627451,0.537254901961,0.270588235294,0.619607843137,0.560784313725,0.749019607843,0.486274509804,0.078431372549,0.196078431373,0.266666666667,0.509803921569,0.686274509804,0.329411764706,0.309803921569,0.309803921569,0.2,0.298039215686,0.501960784314,0.658823529412,0.223529411765,0.745098039216,0.596078431373,0.0196078431373,0.0666666666667,0.141176470588,0.447058823529,0.211764705882,0.505882352941,0.274509803922,0.643137254902,0.235294117647,0.2,0.780392156863,0.729411764706,0.0588235294118,0.666666666667,0.305882352941,0.450980392157,0.0,0.407843137255,0.545098039216,0.8,0.843137254902,0.760784313725,0.650980392157,0.694117647059,0.63137254902,0.521568627451,0.556862745098,0.505882352941,0.388235294118,0.41568627451,0.380392156863,0.262745098039,0.286274509804,0.258823529412,0.156862745098,0.16862745098,0.145098039216,59.4,5.6,-10.7
Daylight (D65),Oxycodone HCl,positive,0.509803921569,0.513725490196,0.58431372549,0.407843137255,0.294117647059,0.223529411765,0.701960784314,0.541176470588,0.450980392157,0.294117647059,0.450980392157,0.552941176471,0.305882352941,0.396078431373,0.176470588235,0.435294117647,0.466666666667,0.61568627451,0.286274509804,0.694117647059,0.588235294118,0.78431372549,0.439215686275,0.0156862745098,0.18431372549,0.337254901961,0.6,0.709803921569,0.301960784314,0.345098039216,0.313725490196,0.21568627451,0.364705882353,0.545098039216,0.686274509804,0.0078431372549,0.792156862745,0.572549019608,0.00392156862745,0.0392156862745,0.227450980392,0.529411764706,0.227450980392,0.549019607843,0.203921568627,0.643137254902,0.18431372549,0.203921568627,0.835294117647,0.725490196078,0.0,0.674509803922,0.305882352941,0.525490196078,0.00392156862745,0.505882352941,0.603921568627,0.835294117647,0.890196078431,0.823529411765,0.682352941176,0.733333333333,0.694117647059,0.549019607843,0.596078431373,0.556862745098,0.403921568627,0.443137254902,0.411764705882,0.282352941176,0.305882352941,0.290196078431,0.164705882353,0.180392156863,0.16862745098,59.3,8.4,-12.9
Daylight (D65),Exedrine,negative,0.450980392157,0.125490196078,0.141176470588,0.407843137255,0.294117647059,0.223529411765,0.701960784314,0.541176470588,0.450980392157,0.294117647059,0.450980392157,0.552941176471,0.305882352941,0.396078431373,0.176470588235,0.435294117647,0.466666666667,0.61568627451,0.286274509804,0.694117647059,0.588235294118,0.78431372549,0.439215686275,0.0156862745098,0.18431372549,0.337254901961,0.6,0.709803921569,0.301960784314,0.345098039216,0.313725490196,0.21568627451,0.364705882353,0.545098039216,0.686274509804,0.0078431372549,0.792156862745,0.572549019608,0.00392156862745,0.0392156862745,0.227450980392,0.529411764706,0.227450980392,0.549019607843,0.203921568627,0.643137254902,0.18431372549,0.203921568627,0.835294117647,0.725490196078,0.0,0.674509803922,0.305882352941,0.525490196078,0.00392156862745,0.505882352941,0.603921568627,0.835294117647,0.890196078431,0.823529411765,0.682352941176,0.733333333333,0.694117647059,0.549019607843,0.596078431373,0.556862745098,0.403921568627,0.443137254902,0.411764705882,0.282352941176,0.305882352941,0.290196078431,0.164705882353,0.180392156863,0.16862745098,28.9,38.6,19.8
Tube light (FL2),Codeine,positive,0.176470588235,0.129411764706,0.18431372549,0.345098039216,0.294117647059,0.121568627451,0.635294117647,0.545098039216,0.333333333333,0.227450980392,0.411764705882,0.474509803922,0.243137254902,0.388235294118,0.0392156862745,0.364705882353,0.439215686275,0.556862745098,0.21568627451,0.690196078431,0.513725490196,0.733333333333,0.501960784314,0.0,0.117647058824,0.270588235294,0.537254901961,0.639215686275,0.317647058824,0.235294117647,0.219607843137,0.196078431373,0.305882352941,0.486274509804,0.729411764706,0.00392156862745,0.752941176471,0.666666666667,0.0,0.0117647058824,0.145098039216,0.466666666667,0.156862745098,0.533333333333,0.0392156862745,0.529411764706,0.211764705882,0.105882352941,0.78431372549,0.803921568627,0.00392156862745,0.580392156863,0.298039215686,0.458823529412,0.00392156862745,0.43137254902,0.552941176471,0.76862745098,0.925490196078,0.701960784314,0.611764705882,0.752941176471,0.580392156863,0.486274509804,0.596078431373,0.447058823529,0.345098039216,0.435294117647,0.325490196078,0.223529411765,0.290196078431,0.219607843137,0.121568627451,0.164705882353,0.113725490196,21.0,15.9,-10.2
White LED torch (LED-B3),Morphine monohydrate,positive,0.329411764706,0.18431372549,0.313725490196,0.372549019608,0.290196078431,0.18431372549,0.670588235294,0.529411764706,0.403921568627,0.266666666667,0.407843137255,0.525490196078,0.274509803922,0.392156862745,0.152941176471,0.407843137255,0.43137254902,0.603921568627,0.254901960784,0.686274509804,0.572549019608,0.752941176471,0.466666666667,0.0,0.156862745098,0.262745098039,0.580392156863,0.682352941176,0.305882352941,0.309803921569,0.274509803922,0.188235294118,0.341176470588,0.513725490196,0.713725490196,0.00392156862745,0.78431372549,0.627450980392,0.0,0.0235294117647,0.125490196078,0.505882352941,0.18431372549,0.533333333333,0.16862745098,0.607843137255,0.203921568627,0.172549019608,0.807843137255,0.76862745098,0.00392156862745,0.647058823529,0.286274509804,0.509803921569,0.0,0.450980392157,0.596078431373,0.796078431373,0.870588235294,0.78431372549,0.647058823529,0.717647058824,0.654901960784,0.521568627451,0.576470588235,0.525490196078,0.38431372549,0.43137254902,0.392156862745,0.258823529412,0.298039215686,0.270588235294,0.149019607843,0.172549019608,0.152941176471,30.8,23.8,-13.0
White LED torch (LED-B3),Doxepin HCl,negative,0.21568627451,0.152941176471,0.121568627451,0.372549019608,0.290196078431,0.18431372549,0.670588235294,0.529411764706,0.403921568627,0.266666666667,0.407843137255,0.525490196078,0.274509803922,0.392156862745,0.152941176471,0.407843137255,0.43137254902,0.603921568627,0.254901960784,0.686274509804,0.572549019608,0.752941176471,0.466666666667,0.0,0.156862745098,0.262745098039,0.580392156863,0.682352941176,0.305882352941,0.309803921569,0.274509803922,0.188235294118,0.341176470588,0.513725490196,0.713725490196,0.00392156862745,0.78431372549,0.627450980392,0.0,0.0235294117647,0.125490196078,0.505882352941,0.18431372549,0.533333333333,0.16862745098,0.607843137255,0.203921568627,0.172549019608,0.807843137255,0.76862745098,0.00392156862745,0.647058823529,0.286274509804,0.509803921569,0.0,0.450980392157,0.596078431373,0.796078431373,0.870588235294,0.78431372549,0.647058823529,0.717647058824,0.654901960784,0.521568627451,0.576470588235,0.525490196078,0.38431372549,0.43137254902,0.392156862745,0.258823529412,0.298039215686,0.270588235294,0.149019607843,0.172549019608,0.152941176471,19.9,10.6,6.3
Incandescent bulb (A),Mescaline HCl,negative,0.854901960784,0.541176470588,0.00392156862745,0.470588235294,0.341176470588,0.250980392157,0.788235294118,0.580392156863,0.509803921569,0.345098039216,0.447058823529,0.588235294118,0.345098039216,0.435294117647,0.23137254902,0.509803921569,0.466666666667,0.647058823529,0.305882352941,0.701960784314,0.670588235294,0.866666666667,0.541176470588,0.0235294117647,0.239215686275,0.298039215686,0.623529411765,0.807843137255,0.36862745098,0.360784313725,0.376470588235,0.227450980392,0.380392156863,0.58431372549,0.745098039216,0.235294117647,0.874509803922,0.674509803922,0.00392156862745,0.0862745098039,0.149019607843,0.549019607843,0.23137254902,0.580392156863,0.333333333333,0.756862745098,0.254901960784,0.23137254902,0.909803921569,0.811764705882,0.00392156862745,0.788235294118,0.333333333333,0.541176470588,0.0,0.466666666667,0.666666666667,0.913725490196,0.921568627451,0.878431372549,0.756862745098,0.764705882353,0.741176470588,0.611764705882,0.619607843137,0.6,0.462745098039,0.470588235294,0.458823529412,0.329411764706,0.333333333333,0.321568627451,0.2,0.203921568627,0.196078431373,60.3,28.9,57.8
Incandescent bulb (A),Chlorpromazine HCl,positive,0.466666666667,0.196078431373,0.317647058824,0.470588235294,0.341176470588,0.250980392157,0.788235294118,0.580392156863,0.509803921569,0.345098039216,0.447058823529,0.588235294118,0.345098039216,0.435294117647,0.23137254902,0.509803921569,0.466666666667,0.647058823529,0.305882352941,0.701960784314,0.670588235294,0.866666666667,0.541176470588,0.0235294117647,0.239215686275,0.298039215686,0.623529411765,0.807843137255,0.36862745098,0.360784313725,0.376470588235,0.227450980392,0.380392156863,0.58431372549,0.745098039216,0.235294117647,0.874509803922,0.674509803922,0.00392156862745,0.0862745098039,0.149019607843,0.549019607843,0.23137254902,0.580392156863,0.333333333333,0.756862745098,0.254901960784,0.23137254902,0.909803921569,0.811764705882,0.00392156862745,0.788235294118,0.333333333333,0.541176470588,0.0,0.466666666667,0.666666666667,0.913725490196,0.921568627451,0.878431372549,0.756862745098,0.764705882353,0.741176470588,0.611764705882,0.619607843137,0.6,0.462745098039,0.470588235294,0.458823529412,0.329411764706,0.333333333333,0.321568627451,0.2,0.203921568627,0.196078431373,29.1,33.0,-9.3
Daylight (D65),Methylphenidate HCl,negative,0.835294117647,0.635294117647,0.321568627451,0.345098039216,0.21568627451,0.172549019608,0.635294117647,0.427450980392,0.396078431373,0.211764705882,0.349019607843,0.521568627451,0.235294117647,0.313725490196,0.113725490196,0.364705882353,0.360784313725,0.588235294118,0.105882352941,0.592156862745,0.560784313725,0.725490196078,0.325490196078,0.00392156862745,0.105882352941,0.23137254902,0.576470588235,0.647058823529,0.176470588235,0.282352941176,0.247058823529,0.129411764706,0.325490196078,0.454901960784,0.588235294118,0.00392156862745,0.737254901961,0.466666666667,0.0,0.0156862745098,0.125490196078,0.505882352941,0.0901960784314,0.458823529412,0.117647058824,0.58431372549,0.0392156862745,0.121568627451,0.764705882353,0.611764705882,0.0,0.61568627451,0.16862745098,0.494117647059,0.0,0.403921568627,0.580392156863,0.752941176471,0.764705882353,0.8,0.6,0.61568627451,0.658823529412,0.466666666667,0.478431372549,0.513725490196,0.333333333333,0.345098039216,0.372549019608,0.21568627451,0.227450980392,0.247058823529,0.117647058824,0.121568627451,0.137254901961,80.2,7.6,63.4
Daylight (D65),Oxycodone HCl,positive,0.447058823529,0.407843137255,0.552941176471,0.345098039216,0.21568627451,0.172549019608,0.635294117647,0.427450980392,0.396078431373,0.211764705882,0.349019607843,0.521568627451,0.235294117647,0.313725490196,0.113725490196,0.364705882353,0.360784313725,0.588235294118,0.105882352941,0.592156862745,0.560784313725,0.725490196078,0.325490196078,0.00392156862745,0.105882352941,0.23137254902,0.576470588235,0.647058823529,0.176470588235,0.282352941176,0.247058823529,0.129411764706,0.325490196078,0.454901960784,0.588235294118,0.00392156862745,0.737254901961,0.466666666667,0.0,0.0156862745098,0.125490196078,0.505882352941,0.0901960784314,0.458823529412,0.117647058824,0.58431372549,0.0392156862745,0.121568627451,0.764705882353,0.611764705882,0.0,0.61568627451,0.16862745098,0.494117647059,0.0,0.403921568627,0.580392156863,0.752941176471,0.764705882353,0.8,0.6,0.61568627451,0.658823529412,0.466666666667,0.478431372549,0.513725490196,0.333333333333,0.345098039216,0.372549019608,0.21568627451,0.227450980392,0.247058823529,0.117647058824,0.121568627451,0.137254901961,60.7,8.3,-11.4
Tube light (FL2),Oxycodone HCl,positive,0.549019607843,0.494117647059,0.596078431373,0.43137254902,0.301960784314,0.16862745098,0.764705882353,0.545098039216,0.41568627451,0.313725490196,0.4,0.58431372549,0.309803921569,0.4,0.0862745098039,0.454901960784,0.41568627451,0.650980392157,0.325490196078,0.682352941176,0.611764705882,0.878431372549,0.505882352941,0.00392156862745,0.2,0.235294117647,0.647058823529,0.752941176471,0.286274509804,0.294117647059,0.282352941176,0.172549019608,0.364705882353,0.596078431373,0.737254901961,0.0,0.878431372549,0.654901960784,0.0,0.0588235294118,0.0745098039216,0.564705882353,0.243137254902,0.552941176471,0.0941176470588,0.63137254902,0.176470588235,0.129411764706,0.917647058824,0.807843137255,0.0,0.682352941176,0.243137254902,0.545098039216,0.0,0.41568627451,0.647058823529,0.941176470588,0.921568627451,0.847058823529,0.756862745098,0.749019607843,0.701960784314,0.6,0.588235294118,0.552941176471,0.43137254902,0.43137254902,0.403921568627,0.290196078431,0.290196078431,0.270588235294,0.164705882353,0.160784313725,0.152941176471,60.6,6.9,-10.6
Tube light (FL2),Oxycodone HCl,positive,0.549019607843,0.490196078431,0.592156862745,0.43137254902,0.301960784314,0.16862745098,0.764705882353,0.545098039216,0.41568627451,0.313725490196,0.4,0.58431372549,0.309803921569,0.4,0.0862745098039,0.454901960784,0.41568627451,0.650980392157,0.325490196078,0.682352941176,0.611764705882,0.878431372549,0.505882352941,0.00392156862745,0.2,0.235294117647,0.647058823529,0.752941176471,0.286274509804,0.294117647059,0.282352941176,0.172549019608,0.364705882353,0.596078431373,0.737254901961,0.0,0.878431372549,0.654901960784,0.0,0.0588235294118,0.0745098039216,0.564705882353,0.243137254902,0.552941176471,0.0941176470588,0.63137254902,0.176470588235,0.129411764706,0.917647058824,0.807843137255,0.0,0.682352941176,0.243137254902,0.545098039216,0.0,0.41568627451,0.647058823529,0.941176470588,0.921568627451,0.847058823529,0.756862745098,0.749019607843,0.701960784314,0.6,0.588235294118,0.552941176471,0.43137254902,0.43137254902,0.403921568627,0.290196078431,0.290196078431,0.270588235294,0.164705882353,0.160784313725,0.152941176471,60.3,7.6,-10.4
White LED torch (LED-B3),Oxycodone HCl,positive,0.588235294118,0.556862745098,0.639215686275,0.470588235294,0.360784313725,0.274509803922,0.772549019608,0.596078431373,0.505882352941,0.380392156863,0.478431372549,0.6,0.36862745098,0.458823529412,0.239215686275,0.513725490196,0.490196078431,0.662745098039,0.41568627451,0.725490196078,0.643137254902,0.843137254902,0.549019607843,0.0901960784314,0.266666666667,0.325490196078,0.650980392157,0.760784313725,0.38431372549,0.392156862745,0.356862745098,0.250980392157,0.41568627451,0.623529411765,0.756862745098,0.145098039216,0.858823529412,0.678431372549,0.0078431372549,0.105882352941,0.172549019608,0.580392156863,0.325490196078,0.6,0.286274509804,0.686274509804,0.274509803922,0.262745098039,0.890196078431,0.811764705882,0.0,0.725490196078,0.352941176471,0.572549019608,0.0117647058824,0.509803921569,0.647058823529,0.905882352941,0.913725490196,0.858823529412,0.760784313725,0.772549019608,0.745098039216,0.623529411765,0.635294117647,0.607843137255,0.482352941176,0.490196078431,0.470588235294,0.349019607843,0.356862745098,0.345098039216,0.223529411765,0.223529411765,0.21568627451,60.9,7.4,-11.6
White LED torch (LED-B3),Aspirin,negative,0.556862745098,0.18431372549,0.176470588235,0.470588235294,0.360784313725,0.274509803922,0.772549019608,0.596078431373,0.505882352941,0.380392156863,0.478431372549,0.6,0.36862745098,0.458823529412,0.239215686275,0.513725490196,0.490196078431,0.662745098039,0.41568627451,0.725490196078,0.643137254902,0.843137254902,0.549019607843,0.0901960784314,0.266666666667,0.325490196078,0.650980392157,0.760784313725,0.38431372549,0.392156862745,0.356862745098,0.250980392157,0.41568627451,0.623529411765,0.756862745098,0.145098039216,0.858823529412,0.678431372549,0.0078431372549,0.105882352941,0.172549019608,0.580392156863,0.325490196078,0.6,0.286274509804,0.686274509804,0.274509803922,0.262745098039,0.890196078431,0.811764705882,0.0,0.725490196078,0.352941176471,0.572549019608,0.0117647058824,0.509803921569,0.647058823529,0.905882352941,0.913725490196,0.858823529412,0.760784313725,0.772549019608,0.745098039216,0.623529411765,0.635294117647,0.607843137255,0.482352941176,0.490196078431,0.470588235294,0.349019607843,0.356862745098,0.345098039216,0.223529411765,0.223529411765,0.21568627451,29.5,48.1,21.0
Incandescent bulb (A),Methadone HCl,negative,0.913725490196,0.772549019608,0.647058823529,0.494117647059,0.36862745098,0.286274509804,0.796078431373,0.607843137255,0.545098039216,0.380392156863,0.474509803922,0.607843137255,0.376470588235,0.462745098039,0.278431372549,0.537254901961,0.501960784314,0.670588235294,0.364705882353,0.725490196078,0.705882352941,0.866666666667,0.564705882353,0.129411764706,0.278431372549,0.321568627451,0.63137254902,0.81568627451,0.4,0.407843137255,0.403921568627,0.254901960784,0.407843137255,0.61568627451,0.76862745098,0.317647058824,0.886274509804,0.698039215686,0.0235294117647,0.109803921569,0.16862745098,0.564705882353,0.282352941176,0.6,0.372549019608,0.764705882353,0.298039215686,0.282352941176,0.913725490196,0.827450980392,0.109803921569,0.796078431373,0.372549019608,0.576470588235,0.0,0.494117647059,0.682352941176,0.913725490196,0.917647058824,0.886274509804,0.76862745098,0.776470588235,0.756862745098,0.63137254902,0.639215686275,0.627450980392,0.490196078431,0.498039215686,0.486274509804,0.356862745098,0.364705882353,0.352941176471,0.227450980392,0.23137254902,0.219607843137,81.1,10.8,19.4
Incandescent bulb (A),Dimethoxy-meth HCl,negative,0.556862745098,0.537254901961,0.125490196078,0.494117647059,0.36862745098,0.286274509804,0.796078431373,0.607843137255,0.545098039216,0.380392156863,0.474509803922,0.607843137255,0.376470588235,0.462745098039,0.278431372549,0.537254901961,0.501960784314,0.670588235294,0.364705882353,0.725490196078,0.705882352941,0.866666666667,0.564705882353,0.129411764706,0.278431372549,0.321568627451,0.63137254902,0.81568627451,0.4,0.407843137255,0.403921568627,0.254901960784,0.407843137255,0.61568627451,0.76862745098,0.317647058824,0.886274509804,0.698039215686,0.0235294117647,0.109803921569,0.16862745098,0.564705882353,0.282352941176,0.6,0.372549019608,0.764705882353,0.298039215686,0.282352941176,0.913725490196,0.827450980392,0.109803921569,0.796078431373,0.372549019608,0.576470588235,0.0,0.494117647059,0.682352941176,0.913725490196,0.917647058824,0.886274509804,0.76862745098,0.776470588235,0.756862745098,0.63137254902,0.639215686275,0.627450980392,0.490196078431,0.498039215686,0.486274509804,0.356862745098,0.364705882353,0.352941176471,0.227450980392,0.23137254902,0.219607843137,51.4,-5.3,53.4
Daylight (D65),Chlorpromazine HCl,positive,0.43137254902,0.16862745098,0.360784313725,0.427450980392,0.317647058824,0.258823529412,0.709803921569,0.556862745098,0.494117647059,0.309803921569,0.470588235294,0.596078431373,0.325490196078,0.419607843137,0.219607843137,0.458823529412,0.490196078431,0.666666666667,0.298039215686,0.717647058824,0.647058823529,0.796078431373,0.458823529412,0.0627450980392,0.2,0.349019607843,0.643137254902,0.721568627451,0.321568627451,0.380392156863,0.333333333333,0.235294117647,0.403921568627,0.560784313725,0.705882352941,0.0588235294118,0.811764705882,0.6,0.0,0.043137254902,0.239215686275,0.56862745098,0.247058823529,0.572549019608,0.258823529412,0.662745098039,0.211764705882,0.239215686275,0.839215686275,0.741176470588,0.0,0.694117647059,0.325490196078,0.572549019608,0.0,0.529411764706,0.654901960784,0.83137254902,0.886274509804,0.866666666667,0.690196078431,0.745098039216,0.737254901961,0.564705882353,0.607843137255,0.603921568627,0.427450980392,0.466666666667,0.462745098039,0.301960784314,0.337254901961,0.333333333333,0.192156862745,0.207843137255,0.207843137255,29.0,37.2,-12.6
Daylight (D65),LSD,negative,0.192156862745,0.207843137255,0.133333333333,0.427450980392,0.317647058824,0.258823529412,0.709803921569,0.556862745098,0.494117647059,0.309803921569,0.470588235294,0.596078431373,0.325490196078,0.419607843137,0.219607843137,0.458823529412,0.490196078431,0.666666666667,0.298039215686,0.717647058824,0.647058823529,0.796078431373,0.458823529412,0.0627450980392,0.2,0.349019607843,0.643137254902,0.721568627451,0.321568627451,0.380392156863,0.333333333333,0.235294117647,0.403921568627,0.560784313725,0.705882352941,0.0588235294118,0.811764705882,0.6,0.0,0.043137254902,0.239215686275,0.56862745098,0.247058823529,0.572549019608,0.258823529412,0.662745098039,0.211764705882,0.239215686275,0.839215686275,0.741176470588,0.0,0.694117647059,0.325490196078,0.572549019608,0.0,0.529411764706,0.654901960784,0.83137254902,0.886274509804,0.866666666667,0.690196078431,0.745098039216,0.737254901961,0.564705882353,0.607843137255,0.603921568627,0.427450980392,0.466666666667,0.462745098039,0.301960784314,0.337254901961,0.333333333333,0.192156862745,0.207843137255,0.207843137255,19.1,-4.0,13.1
Tube light (FL2),Dristan,negative,0.301960784314,0.227450980392,0.172549019608,0.396078431373,0.286274509804,0.172549019608,0.713725490196,0.533333333333,0.403921568627,0.305882352941,0.396078431373,0.529411764706,0.301960784314,0.38431372549,0.129411764706,0.439215686275,0.41568627451,0.603921568627,0.364705882353,0.662745098039,0.56862745098,0.81568627451,0.494117647059,0.00392156862745,0.203921568627,0.239215686275,0.580392156863,0.694117647059,0.305882352941,0.286274509804,0.270588235294,0.172549019608,0.329411764706,0.580392156863,0.713725490196,0.0,0.83137254902,0.639215686275,0.0,0.0705882352941,0.0980392156863,0.501960784314,0.266666666667,0.521568627451,0.160784313725,0.580392156863,0.196078431373,0.152941176471,0.870588235294,0.780392156863,0.0,0.627450980392,0.270588235294,0.501960784314,0.00392156862745,0.407843137255,0.592156862745,0.894117647059,0.886274509804,0.796078431373,0.717647058824,0.721568627451,0.650980392157,0.560784313725,0.56862745098,0.513725490196,0.407843137255,0.41568627451,0.372549019608,0.278431372549,0.282352941176,0.250980392157,0.152941176471,0.156862745098,0.137254901961,30.5,9.7,8.3
Tube light (FL2),Diacetylmorphine HCl,positive,0.450980392157,0.125490196078,0.203921568627,0.396078431373,0.286274509804,0.172549019608,0.713725490196,0.533333333333,0.403921568627,0.305882352941,0.396078431373,0.529411764706,0.301960784314,0.38431372549,0.129411764706,0.439215686275,0.41568627451,0.603921568627,0.364705882353,0.662745098039,0.56862745098,0.81568627451,0.494117647059,0.00392156862745,0.203921568627,0.239215686275,0.580392156863,0.694117647059,0.305882352941,0.286274509804,0.270588235294,0.172549019608,0.329411764706,0.580392156863,0.713725490196,0.0,0.83137254902,0.639215686275,0.0,0.0705882352941,0.0980392156863,0.501960784314,0.266666666667,0.521568627451,0.160784313725,0.580392156863,0.196078431373,0.152941176471,0.870588235294,0.780392156863,0.0,0.627450980392,0.270588235294,0.501960784314,0.00392156862745,0.407843137255,0.592156862745,0.894117647059,0.886274509804,0.796078431373,0.717647058824,0.721568627451,0.650980392157,0.560784313725,0.56862745098,0.513725490196,0.407843137255,0.41568627451,0.372549019608,0.278431372549,0.282352941176,0.250980392157,0.152941176471,0.156862745098,0.137254901961,29.8,46.7,3.7
White LED torch (LED-B3),Propoxyphene HCl,positive,0.18431372549,0.109803921569,0.160784313725,0.380392156863,0.254901960784,0.207843137255,0.694117647059,0.486274509804,0.435294117647,0.301960784314,0.352941176471,0.529411764706,0.286274509804,0.345098039216,0.192156862745,0.427450980392,0.36862745098,0.592156862745,0.349019607843,0.623529411765,0.592156862745,0.772549019608,0.435294117647,0.109803921569,0.188235294118,0.2,0.564705882353,0.682352941176,0.266666666667,0.321568627451,0.266666666667,0.145098039216,0.325490196078,0.549019607843,0.662745098039,0.16862745098,0.803921568627,0.580392156863,0.0274509803922,0.0666666666667,0.0549019607843,0.490196078431,0.254901960784,0.486274509804,0.227450980392,0.596078431373,0.176470588235,0.18431372549,0.843137254902,0.717647058824,0.0156862745098,0.643137254902,0.23137254902,0.501960784314,0.0196078431373,0.38431372549,0.58431372549,0.862745098039,0.819607843137,0.835294117647,0.698039215686,0.658823529412,0.690196078431,0.545098039216,0.517647058824,0.545098039216,0.396078431373,0.376470588235,0.396078431373,0.258823529412,0.250980392157,0.270588235294,0.141176470588,0.133333333333,0.145098039216,20.3,9.4,-2.3
Incandescent bulb (A),Morphine monohydrate,positive,0.41568627451,0.243137254902,0.341176470588,0.470588235294,0.352941176471,0.247058823529,0.760784313725,0.580392156863,0.478431372549,0.345098039216,0.462745098039,0.564705882353,0.349019607843,0.447058823529,0.219607843137,0.509803921569,0.482352941176,0.623529411765,0.294117647059,0.701960784314,0.635294117647,0.827450980392,0.541176470588,0.0078431372549,0.250980392157,0.321568627451,0.596078431373,0.78431372549,0.380392156863,0.352941176471,0.388235294118,0.250980392157,0.376470588235,0.56862745098,0.733333333333,0.16862745098,0.839215686275,0.666666666667,0.00392156862745,0.0941176470588,0.188235294118,0.533333333333,0.227450980392,0.580392156863,0.309803921569,0.737254901961,0.270588235294,0.227450980392,0.862745098039,0.788235294118,0.0,0.76862745098,0.356862745098,0.525490196078,0.0,0.486274509804,0.643137254902,0.854901960784,0.886274509804,0.803921568627,0.721568627451,0.749019607843,0.686274509804,0.592156862745,0.61568627451,0.564705882353,0.458823529412,0.482352941176,0.443137254902,0.329411764706,0.349019607843,0.325490196078,0.21568627451,0.223529411765,0.2,29.6,23.0,-11.4
Incandescent bulb (A),Meperidine HCl,negative,0.827450980392,0.803921568627,0.701960784314,0.470588235294,0.352941176471,0.247058823529,0.760784313725,0.580392156863,0.478431372549,0.345098039216,0.462745098039,0.564705882353,0.349019607843,0.447058823529,0.219607843137,0.509803921569,0.482352941176,0.623529411765,0.294117647059,0.701960784314,0.635294117647,0.827450980392,0.541176470588,0.0078431372549,0.250980392157,0.321568627451,0.596078431373,0.78431372549,0.380392156863,0.352941176471,0.388235294118,0.250980392157,0.376470588235,0.56862745098,0.733333333333,0.16862745098,0.839215686275,0.666666666667,0.00392156862745,0.0941176470588,0.188235294118,0.533333333333,0.227450980392,0.580392156863,0.309803921569,0.737254901961,0.270588235294,0.227450980392,0.862745098039,0.788235294118,0.0,0.76862745098,0.356862745098,0.525490196078,0.0,0.486274509804,0.643137254902,0.854901960784,0.886274509804,0.803921568627,0.721568627451,0.749019607843,0.686274509804,0.592156862745,0.61568627451,0.564705882353,0.458823529412,0.482352941176,0.443137254902,0.329411764706,0.349019607843,0.325490196078,0.21568627451,0.223529411765,0.2,69.3,4.1,10.1
Daylight (D65),Meperidine HCl,negative,0.380392156863,0.207843137255,0.0705882352941,0.407843137255,0.290196078431,0.247058823529,0.705882352941,0.533333333333,0.490196078431,0.309803921569,0.439215686275,0.576470588235,0.309803921569,0.396078431373,0.21568627451,0.447058823529,0.462745098039,0.647058823529,0.329411764706,0.690196078431,0.63137254902,0.78431372549,0.443137254902,0.141176470588,0.207843137255,0.321568627451,0.61568627451,0.705882352941,0.301960784314,0.364705882353,0.309803921569,0.207843137255,0.372549019608,0.556862745098,0.686274509804,0.172549019608,0.796078431373,0.576470588235,0.0235294117647,0.0588235294118,0.211764705882,0.537254901961,0.262745098039,0.545098039216,0.258823529412,0.639215686275,0.192156862745,0.223529411765,0.835294117647,0.725490196078,0.0,0.674509803922,0.298039215686,0.549019607843,0.00392156862745,0.490196078431,0.623529411765,0.854901960784,0.878431372549,0.870588235294,0.694117647059,0.725490196078,0.733333333333,0.556862745098,0.580392156863,0.58431372549,0.41568627451,0.439215686275,0.439215686275,0.286274509804,0.301960784314,0.305882352941,0.16862745098,0.180392156863,0.180392156863,30.0,19.0,31.4
Daylight (D65),Diacetylmorphine HCl,positive,0.470588235294,0.0666666666667,0.270588235294,0.407843137255,0.290196078431,0.247058823529,0.705882352941,0.533333333333,0.490196078431,0.309803921569,0.439215686275,0.576470588235,0.309803921569,0.396078431373,0.21568627451,0.447058823529,0.462745098039,0.647058823529,0.329411764706,0.690196078431,0.63137254902,0.78431372549,0.443137254902,0.141176470588,0.207843137255,0.321568627451,0.61568627451,0.705882352941,0.301960784314,0.364705882353,0.309803921569,0.207843137255,0.372549019608,0.556862745098,0.686274509804,0.172549019608,0.796078431373,0.576470588235,0.0235294117647,0.0588235294118,0.211764705882,0.537254901961,0.262745098039,0.545098039216,0.258823529412,0.639215686275,0.192156862745,0.223529411765,0.835294117647,0.725490196078,0.0,0.674509803922,0.298039215686,0.549019607843,0.00392156862745,0.490196078431,0.623529411765,0.854901960784,0.878431372549,0.870588235294,0.694117647059,0.725490196078,0.733333333333,0.556862745098,0.580392156863,0.58431372549,0.41568627451,0.439215686275,0.439215686275,0.286274509804,0.301960784314,0.305882352941,0.16862745098,0.180392156863,0.180392156863,28.3,48.7,-1.7
Tube light (FL2),Oxycodone HCl,positive,0.533333333333,0.552941176471,0.576470588235,0.43137254902,0.4,0.274509803922,0.705882352941,0.6,0.443137254902,0.321568627451,0.454901960784,0.549019607843,0.321568627451,0.435294117647,0.176470588235,0.439215686275,0.482352941176,0.611764705882,0.36862745098,0.717647058824,0.592156862745,0.792156862745,0.564705882353,0.00392156862745,0.211764705882,0.313725490196,0.592156862745,0.682352941176,0.376470588235,0.329411764706,0.282352941176,0.23137254902,0.356862745098,0.580392156863,0.756862745098,0.0078431372549,0.803921568627,0.698039215686,0.0,0.0705882352941,0.180392156863,0.521568627451,0.290196078431,0.572549019608,0.223529411765,0.576470588235,0.270588235294,0.196078431373,0.843137254902,0.83137254902,0.0,0.627450980392,0.349019607843,0.521568627451,0.00392156862745,0.470588235294,0.603921568627,0.862745098039,0.949019607843,0.8,0.705882352941,0.78431372549,0.674509803922,0.564705882353,0.63137254902,0.541176470588,0.427450980392,0.478431372549,0.407843137255,0.294117647059,0.337254901961,0.286274509804,0.180392156863,0.2,0.16862745098,61.2,8.3,-10.6
White LED torch (LED-B3),Codeine,positive,0.745098039216,0.709803921569,0.729411764706,0.41568627451,0.286274509804,0.211764705882,0.733333333333,0.529411764706,0.447058823529,0.305882352941,0.392156862745,0.58431372549,0.305882352941,0.396078431373,0.176470588235,0.454901960784,0.41568627451,0.654901960784,0.317647058824,0.678431372549,0.63137254902,0.819607843137,0.466666666667,0.0,0.196078431373,0.227450980392,0.635294117647,0.733333333333,0.290196078431,0.341176470588,0.301960784314,0.172549019608,0.372549019608,0.560784313725,0.709803921569,0.0,0.839215686275,0.619607843137,0.0,0.0549019607843,0.0627450980392,0.552941176471,0.23137254902,0.537254901961,0.207843137255,0.650980392157,0.18431372549,0.188235294118,0.874509803922,0.764705882353,0.0,0.690196078431,0.250980392157,0.552941176471,0.0,0.43137254902,0.639215686275,0.870588235294,0.866666666667,0.858823529412,0.709803921569,0.709803921569,0.717647058824,0.564705882353,0.564705882353,0.572549019608,0.419607843137,0.419607843137,0.427450980392,0.286274509804,0.286274509804,0.294117647059,0.164705882353,0.164705882353,0.164705882353,60.2,2.8,0.3
White LED torch (LED-B3),LSD,negative,0.16862745098,0.172549019608,0.0941176470588,0.41568627451,0.286274509804,0.211764705882,0.733333333333,0.529411764706,0.447058823529,0.305882352941,0.392156862745,0.58431372549,0.305882352941,0.396078431373,0.176470588235,0.454901960784,0.41568627451,0.654901960784,0.317647058824,0.678431372549,0.63137254902,0.819607843137,0.466666666667,0.0,0.196078431373,0.227450980392,0.635294117647,0.733333333333,0.290196078431,0.341176470588,0.301960784314,0.172549019608,0.372549019608,0.560784313725,0.709803921569,0.0,0.839215686275,0.619607843137,0.0,0.0549019607843,0.0627450980392,0.552941176471,0.23137254902,0.537254901961,0.207843137255,0.650980392157,0.18431372549,0.188235294118,0.874509803922,0.764705882353,0.0,0.690196078431,0.250980392157,0.552941176471,0.0,0.43137254902,0.639215686275,0.870588235294,0.866666666667,0.858823529412,0.709803921569,0.709803921569,0.717647058824,0.564705882353,0.564705882353,0.572549019608,0.419607843137,0.419607843137,0.427450980392,0.286274509804,0.286274509804,0.294117647059,0.164705882353,0.164705882353,0.164705882353,20.2,-3.7,10.4
Incandescent bulb (A),MDA HCl,negative,0.133333333333,0.141176470588,0.109803921569,0.439215686275,0.313725490196,0.180392156863,0.749019607843,0.545098039216,0.403921568627,0.290196078431,0.427450980392,0.525490196078,0.294117647059,0.407843137255,0.113725490196,0.470588235294,0.443137254902,0.58431372549,0.145098039216,0.686274509804,0.58431372549,0.827450980392,0.490196078431,0.00392156862745,0.2,0.286274509804,0.56862745098,0.780392156863,0.317647058824,0.270588235294,0.352941176471,0.203921568627,0.329411764706,0.517647058824,0.717647058824,0.0,0.843137254902,0.635294117647,0.00392156862745,0.0588235294118,0.152941176471,0.501960784314,0.0901960784314,0.549019607843,0.2,0.733333333333,0.196078431373,0.117647058824,0.858823529412,0.772549019608,0.0,0.764705882353,0.294117647059,0.478431372549,0.0,0.454901960784,0.607843137255,0.839215686275,0.878431372549,0.745098039216,0.690196078431,0.729411764706,0.63137254902,0.552941176471,0.588235294118,0.505882352941,0.41568627451,0.443137254902,0.380392156863,0.286274509804,0.313725490196,0.262745098039,0.176470588235,0.18431372549,0.149019607843,14.2,-1.3,-0.2
Incandescent bulb (A),Morphine monohydrate,positive,0.38431372549,0.2,0.294117647059,0.439215686275,0.313725490196,0.180392156863,0.749019607843,0.545098039216,0.403921568627,0.290196078431,0.427450980392,0.525490196078,0.294117647059,0.407843137255,0.113725490196,0.470588235294,0.443137254902,0.58431372549,0.145098039216,0.686274509804,0.58431372549,0.827450980392,0.490196078431,0.00392156862745,0.2,0.286274509804,0.56862745098,0.780392156863,0.317647058824,0.270588235294,0.352941176471,0.203921568627,0.329411764706,0.517647058824,0.717647058824,0.0,0.843137254902,0.635294117647,0.00392156862745,0.0588235294118,0.152941176471,0.501960784314,0.0901960784314,0.549019607843,0.2,0.733333333333,0.196078431373,0.117647058824,0.858823529412,0.772549019608,0.0,0.764705882353,0.294117647059,0.478431372549,0.0,0.454901960784,0.607843137255,0.839215686275,0.878431372549,0.745098039216,0.690196078431,0.729411764706,0.63137254902,0.552941176471,0.588235294118,0.505882352941,0.41568627451,0.443137254902,0.380392156863,0.286274509804,0.313725490196,0.262745098039,0.176470588235,0.18431372549,0.149019607843,29.9,22.8,-11.7
Daylight (D65),Meperidine HCl,negative,0.356862745098,0.192156862745,0.0352941176471,0.376470588235,0.282352941176,0.227450980392,0.650980392157,0.525490196078,0.454901960784,0.235294117647,0.427450980392,0.556862745098,0.262745098039,0.380392156863,0.18431372549,0.388235294118,0.443137254902,0.627450980392,0.176470588235,0.686274509804,0.619607843137,0.733333333333,0.423529411765,0.0274509803922,0.117647058824,0.309803921569,0.607843137255,0.666666666667,0.282352941176,0.333333333333,0.274509803922,0.196078431373,0.364705882353,0.486274509804,0.670588235294,0.0156862745098,0.752941176471,0.564705882353,0.0,0.0156862745098,0.196078431373,0.525490196078,0.152941176471,0.529411764706,0.211764705882,0.6,0.172549019608,0.192156862745,0.78431372549,0.709803921569,0.0,0.63137254902,0.290196078431,0.529411764706,0.00392156862745,0.486274509804,0.619607843137,0.749019607843,0.862745098039,0.847058823529,0.607843137255,0.701960784314,0.701960784314,0.486274509804,0.564705882353,0.560784313725,0.349019607843,0.419607843137,0.419607843137,0.239215686275,0.282352941176,0.290196078431,0.133333333333,0.16862745098,0.164705882353,30.4,21.0,30.5
Daylight (D65),Morphine monohydrate,positive,0.317647058824,0.176470588235,0.329411764706,0.376470588235,0.282352941176,0.227450980392,0.650980392157,0.525490196078,0.454901960784,0.235294117647,0.427450980392,0.556862745098,0.262745098039,0.380392156863,0.18431372549,0.388235294118,0.443137254902,0.627450980392,0.176470588235,0.686274509804,0.619607843137,0.733333333333,0.423529411765,0.0274509803922,0.117647058824,0.309803921569,0.607843137255,0.666666666667,0.282352941176,0.333333333333,0.274509803922,0.196078431373,0.364705882353,0.486274509804,0.670588235294,0.0156862745098,0.752941176471,0.564705882353,0.0,0.0156862745098,0.196078431373,0.525490196078,0.152941176471,0.529411764706,0.211764705882,0.6,0.172549019608,0.192156862745,0.78431372549,0.709803921569,0.0,0.63137254902,0.290196078431,0.529411764706,0.00392156862745,0.486274509804,0.619607843137,0.749019607843,0.862745098039,0.847058823529,0.607843137255,0.701960784314,0.701960784314,0.486274509804,0.564705882353,0.560784313725,0.349019607843,0.419607843137,0.419607843137,0.239215686275,0.282352941176,0.290196078431,0.133333333333,0.16862745098,0.164705882353,29.5,27.0,-14.0
Tube light (FL2),Diacetylmorphine HCl,positive,0.564705882353,0.2,0.313725490196,0.490196078431,0.372549019608,0.270588235294,0.788235294118,0.607843137255,0.513725490196,0.4,0.470588235294,0.639215686275,0.392156862745,0.474509803922,0.23137254902,0.525490196078,0.498039215686,0.701960784314,0.450980392157,0.733333333333,0.686274509804,0.874509803922,0.576470588235,0.00392156862745,0.286274509804,0.313725490196,0.682352941176,0.772549019608,0.388235294118,0.4,0.360784313725,0.250980392157,0.439215686275,0.658823529412,0.776470588235,0.0,0.894117647059,0.721568627451,0.00392156862745,0.125490196078,0.145098039216,0.611764705882,0.356862745098,0.607843137255,0.278431372549,0.666666666667,0.282352941176,0.243137254902,0.921568627451,0.839215686275,0.0,0.721568627451,0.349019607843,0.607843137255,0.0235294117647,0.494117647059,0.701960784314,0.937254901961,0.921568627451,0.878431372549,0.78431372549,0.780392156863,0.760784313725,0.650980392157,0.647058823529,0.627450980392,0.505882352941,0.501960784314,0.486274509804,0.36862745098,0.372549019608,0.352941176471,0.239215686275,0.235294117647,0.23137254902,30.9,47.2,1.8
Tube light (FL2),Diacetylmorphine HCl,positive,0.709803921569,0.541176470588,0.552941176471,0.490196078431,0.372549019608,0.270588235294,0.788235294118,0.607843137255,0.513725490196,0.4,0.470588235294,0.639215686275,0.392156862745,0.474509803922,0.23137254902,0.525490196078,0.498039215686,0.701960784314,0.450980392157,0.733333333333,0.686274509804,0.874509803922,0.576470588235,0.00392156862745,0.286274509804,0.313725490196,0.682352941176,0.772549019608,0.388235294118,0.4,0.360784313725,0.250980392157,0.439215686275,0.658823529412,0.776470588235,0.0,0.894117647059,0.721568627451,0.00392156862745,0.125490196078,0.145098039216,0.611764705882,0.356862745098,0.607843137255,0.278431372549,0.666666666667,0.282352941176,0.243137254902,0.921568627451,0.839215686275,0.0,0.721568627451,0.349019607843,0.607843137255,0.0235294117647,0.494117647059,0.701960784314,0.937254901961,0.921568627451,0.878431372549,0.78431372549,0.780392156863,0.760784313725,0.650980392157,0.647058823529,0.627450980392,0.505882352941,0.501960784314,0.486274509804,0.36862745098,0.372549019608,0.352941176471,0.239215686275,0.235294117647,0.23137254902,47.7,27.7,2.3
White LED torch (LED-B3),Codeine,positive,0.2,0.129411764706,0.203921568627,0.38431372549,0.298039215686,0.160784313725,0.666666666667,0.529411764706,0.356862745098,0.23137254902,0.41568627451,0.517647058824,0.250980392157,0.392156862745,0.0666666666667,0.38431372549,0.427450980392,0.576470588235,0.101960784314,0.666666666667,0.521568627451,0.760784313725,0.466666666667,0.0,0.121568627451,0.274509803922,0.580392156863,0.686274509804,0.298039215686,0.274509803922,0.274509803922,0.192156862745,0.341176470588,0.466666666667,0.698039215686,0.0,0.756862745098,0.603921568627,0.0,0.0196078431373,0.141176470588,0.521568627451,0.0823529411765,0.541176470588,0.0352941176471,0.61568627451,0.192156862745,0.113725490196,0.780392156863,0.749019607843,0.0,0.643137254902,0.270588235294,0.494117647059,0.0,0.450980392157,0.572549019608,0.76862745098,0.878431372549,0.737254901961,0.623529411765,0.721568627451,0.619607843137,0.498039215686,0.576470588235,0.498039215686,0.36862745098,0.43137254902,0.364705882353,0.250980392157,0.298039215686,0.254901960784,0.141176470588,0.176470588235,0.145098039216,18.7,15.7,-11.4
White LED torch (LED-B3),Codeine,positive,0.2,0.129411764706,0.207843137255,0.38431372549,0.298039215686,0.160784313725,0.666666666667,0.529411764706,0.356862745098,0.23137254902,0.41568627451,0.517647058824,0.250980392157,0.392156862745,0.0666666666667,0.38431372549,0.427450980392,0.576470588235,0.101960784314,0.666666666667,0.521568627451,0.760784313725,0.466666666667,0.0,0.121568627451,0.274509803922,0.580392156863,0.686274509804,0.298039215686,0.274509803922,0.274509803922,0.192156862745,0.341176470588,0.466666666667,0.698039215686,0.0,0.756862745098,0.603921568627,0.0,0.0196078431373,0.141176470588,0.521568627451,0.0823529411765,0.541176470588,0.0352941176471,0.61568627451,0.192156862745,0.113725490196,0.780392156863,0.749019607843,0.0,0.643137254902,0.270588235294,0.494117647059,0.0,0.450980392157,0.572549019608,0.76862745098,0.878431372549,0.737254901961,0.623529411765,0.721568627451,0.619607843137,0.498039215686,0.576470588235,0.498039215686,0.36862745098,0.43137254902,0.364705882353,0.250980392157,0.298039215686,0.254901960784,0.141176470588,0.176470588235,0.145098039216,18.9,16.3,-11.8
Incandescent bulb (A),d-Methamphetamine HCl,negative,0.666666666667,0.270588235294,0.0,0.419607843137,0.309803921569,0.156862745098,0.764705882353,0.580392156863,0.376470588235,0.309803921569,0.439215686275,0.458823529412,0.298039215686,0.403921568627,0.125490196078,0.474509803922,0.474509803922,0.513725490196,0.298039215686,0.721568627451,0.525490196078,0.843137254902,0.517647058824,0.0,0.211764705882,0.305882352941,0.490196078431,0.776470588235,0.352941176471,0.250980392157,0.325490196078,0.211764705882,0.270588235294,0.549019607843,0.745098039216,0.0117647058824,0.866666666667,0.670588235294,0.0,0.078431372549,0.180392156863,0.419607843137,0.207843137255,0.556862745098,0.192156862745,0.717647058824,0.235294117647,0.149019607843,0.901960784314,0.823529411765,0.00392156862745,0.760784313725,0.337254901961,0.427450980392,0.0,0.470588235294,0.529411764706,0.917647058824,0.976470588235,0.713725490196,0.737254901961,0.792156862745,0.58431372549,0.576470588235,0.623529411765,0.458823529412,0.419607843137,0.454901960784,0.333333333333,0.274509803922,0.305882352941,0.21568627451,0.156862745098,0.16862745098,0.113725490196,40.7,46.1,38.9
Incandescent bulb (A),Codeine,positive,0.21568627451,0.137254901961,0.156862745098,0.419607843137,0.309803921569,0.156862745098,0.764705882353,0.580392156863,0.376470588235,0.309803921569,0.439215686275,0.458823529412,0.298039215686,0.403921568627,0.125490196078,0.474509803922,0.474509803922,0.513725490196,0.298039215686,0.721568627451,0.525490196078,0.843137254902,0.517647058824,0.0,0.211764705882,0.305882352941,0.490196078431,0.776470588235,0.352941176471,0.250980392157,0.325490196078,0.211764705882,0.270588235294,0.549019607843,0.745098039216,0.0117647058824,0.866666666667,0.670588235294,0.0,0.078431372549,0.180392156863,0.419607843137,0.207843137255,0.556862745098,0.192156862745,0.717647058824,0.235294117647,0.149019607843,0.901960784314,0.823529411765,0.00392156862745,0.760784313725,0.337254901961,0.427450980392,0.0,0.470588235294,0.529411764706,0.917647058824,0.976470588235,0.713725490196,0.737254901961,0.792156862745,0.58431372549,0.576470588235,0.623529411765,0.458823529412,0.419607843137,0.454901960784,0.333333333333,0.274509803922,0.305882352941,0.21568627451,0.156862745098,0.16862745098,0.113725490196,20.0,13.9,-8.7
Daylight (D65),Mescaline HCl,negative,0.78431372549,0.447058823529,0.0117647058824,0.388235294118,0.286274509804,0.223529411765,0.701960784314,0.552941176471,0.470588235294,0.282352941176,0.447058823529,0.564705882353,0.290196078431,0.388235294118,0.192156862745,0.427450980392,0.474509803922,0.643137254902,0.298039215686,0.721568627451,0.63137254902,0.792156862745,0.443137254902,0.117647058824,0.172549019608,0.321568627451,0.607843137255,0.705882352941,0.301960784314,0.349019607843,0.286274509804,0.203921568627,0.352941176471,0.545098039216,0.713725490196,0.137254901961,0.811764705882,0.592156862745,0.0078431372549,0.0313725490196,0.207843137255,0.525490196078,0.227450980392,0.552941176471,0.235294117647,0.635294117647,0.192156862745,0.207843137255,0.850980392157,0.752941176471,0.00392156862745,0.674509803922,0.309803921569,0.541176470588,0.0,0.505882352941,0.627450980392,0.854901960784,0.937254901961,0.886274509804,0.686274509804,0.760784313725,0.733333333333,0.541176470588,0.6,0.580392156863,0.392156862745,0.439215686275,0.423529411765,0.262745098039,0.298039215686,0.286274509804,0.145098039216,0.164705882353,0.160784313725,60.8,30.6,62.9
Daylight (D65),MDA HCl,negative,0.337254901961,0.372549019608,0.352941176471,0.388235294118,0.286274509804,0.223529411765,0.701960784314,0.552941176471,0.470588235294,0.282352941176,0.447058823529,0.564705882353,0.290196078431,0.388235294118,0.192156862745,0.427450980392,0.474509803922,0.643137254902,0.298039215686,0.721568627451,0.63137254902,0.792156862745,0.443137254902,0.117647058824,0.172549019608,0.321568627451,0.607843137255,0.705882352941,0.301960784314,0.349019607843,0.286274509804,0.203921568627,0.352941176471,0.545098039216,0.713725490196,0.137254901961,0.811764705882,0.592156862745,0.0078431372549,0.0313725490196,0.207843137255,0.525490196078,0.227450980392,0.552941176471,0.235294117647,0.635294117647,0.192156862745,0.207843137255,0.850980392157,0.752941176471,0.00392156862745,0.674509803922,0.309803921569,0.541176470588,0.0,0.505882352941,0.627450980392,0.854901960784,0.937254901961,0.886274509804,0.686274509804,0.760784313725,0.733333333333,0.541176470588,0.6,0.580392156863,0.392156862745,0.439215686275,0.423529411765,0.262745098039,0.298039215686,0.286274509804,0.145098039216,0.164705882353,0.160784313725,26.0,-0.6,1.3
Tube light (FL2),Benzphetamine HCl,negative,0.313725490196,0.156862745098,0.0705882352941,0.403921568627,0.329411764706,0.211764705882,0.670588235294,0.549019607843,0.435294117647,0.301960784314,0.419607843137,0.560784313725,0.301960784314,0.411764705882,0.164705882353,0.423529411765,0.435294117647,0.619607843137,0.317647058824,0.658823529412,0.592156862745,0.764705882353,0.517647058824,0.0,0.192156862745,0.270588235294,0.607843137255,0.670588235294,0.345098039216,0.329411764706,0.278431372549,0.211764705882,0.376470588235,0.545098039216,0.705882352941,0.0,0.76862745098,0.643137254902,0.00392156862745,0.0509803921569,0.129411764706,0.537254901961,0.254901960784,0.545098039216,0.203921568627,0.56862745098,0.243137254902,0.180392156863,0.792156862745,0.76862745098,0.0,0.611764705882,0.301960784314,0.529411764706,0.0,0.435294117647,0.61568627451,0.803921568627,0.862745098039,0.792156862745,0.670588235294,0.717647058824,0.674509803922,0.541176470588,0.588235294118,0.549019607843,0.407843137255,0.447058823529,0.411764705882,0.294117647059,0.317647058824,0.294117647059,0.176470588235,0.196078431373,0.176470588235,19.5,27.5,19.6
Tube light (FL2),Codeine,positive,0.227450980392,0.152941176471,0.243137254902,0.403921568627,0.329411764706,0.211764705882,0.670588235294,0.549019607843,0.435294117647,0.301960784314,0.419607843137,0.560784313725,0.301960784314,0.411764705882,0.164705882353,0.423529411765,0.435294117647,0.619607843137,0.317647058824,0.658823529412,0.592156862745,0.764705882353,0.517647058824,0.0,0.192156862745,0.270588235294,0.607843137255,0.670588235294,0.345098039216,0.329411764706,0.278431372549,0.211764705882,0.376470588235,0.545098039216,0.705882352941,0.0,0.76862745098,0.643137254902,0.00392156862745,0.0509803921569,0.129411764706,0.537254901961,0.254901960784,0.545098039216,0.203921568627,0.56862745098,0.243137254902,0.180392156863,0.792156862745,0.76862745098,0.0,0.611764705882,0.301960784314,0.529411764706,0.0,0.435294117647,0.61568627451,0.803921568627,0.862745098039,0.792156862745,0.670588235294,0.717647058824,0.674509803922,0.541176470588,0.588235294118,0.549019607843,0.407843137255,0.447058823529,0.411764705882,0.294117647059,0.317647058824,0.294117647059,0.176470588235,0.196078431373,0.176470588235,19.9,16.5,-11.5
White LED torch (LED-B3),Oxycodone HCl,positive,0.533333333333,0.552941176471,0.670588235294,0.435294117647,0.341176470588,0.239215686275,0.741176470588,0.596078431373,0.474509803922,0.262745098039,0.462745098039,0.63137254902,0.290196078431,0.454901960784,0.16862745098,0.439215686275,0.478431372549,0.709803921569,0.117647058824,0.749019607843,0.658823529412,0.839215686275,0.533333333333,0.0,0.129411764706,0.290196078431,0.701960784314,0.764705882353,0.349019607843,0.364705882353,0.321568627451,0.219607843137,0.435294117647,0.533333333333,0.78431372549,0.0,0.850980392157,0.694117647059,0.00392156862745,0.0078431372549,0.121568627451,0.623529411765,0.0980392156863,0.611764705882,0.180392156863,0.690196078431,0.23137254902,0.196078431373,0.862745098039,0.843137254902,0.0,0.717647058824,0.309803921569,0.603921568627,0.0,0.505882352941,0.698039215686,0.839215686275,0.956862745098,0.909803921569,0.694117647059,0.796078431373,0.760784313725,0.556862745098,0.647058823529,0.61568627451,0.41568627451,0.490196078431,0.466666666667,0.290196078431,0.349019607843,0.337254901961,0.172549019608,0.211764705882,0.196078431373,60.9,8.2,-12.5
White LED torch (LED-B3),Diacetylmorphine HCl,positive,0.533333333333,0.117647058824,0.298039215686,0.435294117647,0.341176470588,0.239215686275,0.741176470588,0.596078431373,0.474509803922,0.262745098039,0.462745098039,0.63137254902,0.290196078431,0.454901960784,0.16862745098,0.439215686275,0.478431372549,0.709803921569,0.117647058824,0.749019607843,0.658823529412,0.839215686275,0.533333333333,0.0,0.129411764706,0.290196078431,0.701960784314,0.764705882353,0.349019607843,0.364705882353,0.321568627451,0.219607843137,0.435294117647,0.533333333333,0.78431372549,0.0,0.850980392157,0.694117647059,0.00392156862745,0.0078431372549,0.121568627451,0.623529411765,0.0980392156863,0.611764705882,0.180392156863,0.690196078431,0.23137254902,0.196078431373,0.862745098039,0.843137254902,0.0,0.717647058824,0.309803921569,0.603921568627,0.0,0.505882352941,0.698039215686,0.839215686275,0.956862745098,0.909803921569,0.694117647059,0.796078431373,0.760784313725,0.556862745098,0.647058823529,0.61568627451,0.41568627451,0.490196078431,0.466666666667,0.290196078431,0.349019607843,0.337254901961,0.172549019608,0.211764705882,0.196078431373,30.0,47.9,2.3
Incandescent bulb (A),MDA HCl,negative,0.0941176470588,0.101960784314,0.0901960784314,0.364705882353,0.270588235294,0.18431372549,0.658823529412,0.498039215686,0.41568627451,0.254901960784,0.36862745098,0.474509803922,0.254901960784,0.352941176471,0.176470588235,0.4,0.392156862745,0.533333333333,0.235294117647,0.611764705882,0.564705882353,0.729411764706,0.462745098039,0.0745098039216,0.164705882353,0.235294117647,0.498039215686,0.670588235294,0.305882352941,0.286274509804,0.278431372549,0.16862745098,0.282352941176,0.474509803922,0.650980392157,0.211764705882,0.737254901961,0.588235294118,0.0156862745098,0.043137254902,0.109803921569,0.43137254902,0.172549019608,0.486274509804,0.258823529412,0.619607843137,0.207843137255,0.176470588235,0.772549019608,0.721568627451,0.0549019607843,0.650980392157,0.278431372549,0.439215686275,0.0,0.38431372549,0.545098039216,0.78431372549,0.835294117647,0.764705882353,0.627450980392,0.674509803922,0.627450980392,0.490196078431,0.533333333333,0.494117647059,0.356862745098,0.388235294118,0.356862745098,0.235294117647,0.258823529412,0.239215686275,0.133333333333,0.145098039216,0.129411764706,14.2,-0.8,-0.1
Incandescent bulb (A),Benzphetamine HCl,negative,0.266666666667,0.109803921569,0.0509803921569,0.364705882353,0.270588235294,0.18431372549,0.658823529412,0.498039215686,0.41568627451,0.254901960784,0.36862745098,0.474509803922,0.254901960784,0.352941176471,0.176470588235,0.4,0.392156862745,0.533333333333,0.235294117647,0.611764705882,0.564705882353,0.729411764706,0.462745098039,0.0745098039216,0.164705882353,0.235294117647,0.498039215686,0.670588235294,0.305882352941,0.286274509804,0.278431372549,0.16862745098,0.282352941176,0.474509803922,0.650980392157,0.211764705882,0.737254901961,0.588235294118,0.0156862745098,0.043137254902,0.109803921569,0.43137254902,0.172549019608,0.486274509804,0.258823529412,0.619607843137,0.207843137255,0.176470588235,0.772549019608,0.721568627451,0.0549019607843,0.650980392157,0.278431372549,0.439215686275,0.0,0.38431372549,0.545098039216,0.78431372549,0.835294117647,0.764705882353,0.627450980392,0.674509803922,0.627450980392,0.490196078431,0.533333333333,0.494117647059,0.356862745098,0.388235294118,0.356862745098,0.235294117647,0.258823529412,0.239215686275,0.133333333333,0.145098039216,0.129411764706,19.7,26.2,12.9
Daylight (D65),Morphine monohydrate,positive,0.341176470588,0.203921568627,0.333333333333,0.396078431373,0.305882352941,0.18431372549,0.678431372549,0.564705882353,0.407843137255,0.18431372549,0.474509803922,0.564705882353,0.254901960784,0.411764705882,0.0745098039216,0.376470588235,0.494117647059,0.635294117647,0.0,0.741176470588,0.576470588235,0.788235294118,0.447058823529,0.0,0.0392156862745,0.356862745098,0.627450980392,0.713725490196,0.298039215686,0.313725490196,0.290196078431,0.223529411765,0.36862745098,0.466666666667,0.725490196078,0.0,0.788235294118,0.592156862745,0.0,0.00392156862745,0.243137254902,0.560784313725,0.0078431372549,0.576470588235,0.0313725490196,0.654901960784,0.172549019608,0.145098039216,0.8,0.756862745098,0.0,0.678431372549,0.309803921569,0.545098039216,0.0,0.533333333333,0.619607843137,0.760784313725,0.945098039216,0.811764705882,0.611764705882,0.780392156863,0.674509803922,0.486274509804,0.623529411765,0.545098039216,0.360784313725,0.466666666667,0.407843137255,0.243137254902,0.321568627451,0.278431372549,0.141176470588,0.188235294118,0.160784313725,30.0,25.8,-13.3
Daylight (D65),Methylphenidate HCl,negative,0.835294117647,0.721568627451,0.0,0.396078431373,0.305882352941,0.18431372549,0.678431372549,0.564705882353,0.407843137255,0.18431372549,0.474509803922,0.564705882353,0.254901960784,0.411764705882,0.0745098039216,0.376470588235,0.494117647059,0.635294117647,0.0,0.741176470588,0.576470588235,0.788235294118,0.447058823529,0.0,0.0392156862745,0.356862745098,0.627450980392,0.713725490196,0.298039215686,0.313725490196,0.290196078431,0.223529411765,0.36862745098,0.466666666667,0.725490196078,0.0,0.788235294118,0.592156862745,0.0,0.00392156862745,0.243137254902,0.560784313725,0.0078431372549,0.576470588235,0.0313725490196,0.654901960784,0.172549019608,0.145098039216,0.8,0.756862745098,0.0,0.678431372549,0.309803921569,0.545098039216,0.0,0.533333333333,0.619607843137,0.760784313725,0.945098039216,0.811764705882,0.611764705882,0.780392156863,0.674509803922,0.486274509804,0.623529411765,0.545098039216,0.360784313725,0.466666666667,0.407843137255,0.243137254902,0.321568627451,0.278431372549,0.141176470588,0.188235294118,0.160784313725,80.0,7.1,64.5
Tube light (FL2),Morphine monohydrate,positive,0.317647058824,0.2,0.278431372549,0.372549019608,0.305882352941,0.129411764706,0.643137254902,0.537254901961,0.329411764706,0.254901960784,0.411764705882,0.486274509804,0.262745098039,0.392156862745,0.0392156862745,0.380392156863,0.435294117647,0.541176470588,0.235294117647,0.654901960784,0.490196078431,0.733333333333,0.494117647059,0.00392156862745,0.149019607843,0.282352941176,0.541176470588,0.643137254902,0.321568627451,0.247058823529,0.247058823529,0.207843137255,0.317647058824,0.494117647059,0.690196078431,0.00392156862745,0.729411764706,0.623529411765,0.0,0.0313725490196,0.164705882353,0.482352941176,0.188235294118,0.525490196078,0.0235294117647,0.545098039216,0.219607843137,0.101960784314,0.760784313725,0.749019607843,0.0,0.580392156863,0.301960784314,0.458823529412,0.0,0.427450980392,0.541176470588,0.756862745098,0.866666666667,0.662745098039,0.619607843137,0.717647058824,0.560784313725,0.498039215686,0.572549019608,0.447058823529,0.372549019608,0.435294117647,0.333333333333,0.254901960784,0.301960784314,0.23137254902,0.149019607843,0.180392156863,0.125490196078,30.1,25.2,-13.3
Tube light (FL2),Methylphenidate HCl,negative,0.776470588235,0.713725490196,0.0,0.372549019608,0.305882352941,0.129411764706,0.643137254902,0.537254901961,0.329411764706,0.254901960784,0.411764705882,0.486274509804,0.262745098039,0.392156862745,0.0392156862745,0.380392156863,0.435294117647,0.541176470588,0.235294117647,0.654901960784,0.490196078431,0.733333333333,0.494117647059,0.00392156862745,0.149019607843,0.282352941176,0.541176470588,0.643137254902,0.321568627451,0.247058823529,0.247058823529,0.207843137255,0.317647058824,0.494117647059,0.690196078431,0.00392156862745,0.729411764706,0.623529411765,0.0,0.0313725490196,0.164705882353,0.482352941176,0.188235294118,0.525490196078,0.0235294117647,0.545098039216,0.219607843137,0.101960784314,0.760784313725,0.749019607843,0.0,0.580392156863,0.301960784314,0.458823529412,0.0,0.427450980392,0.541176470588,0.756862745098,0.866666666667,0.662745098039,0.619607843137,0.717647058824,0.560784313725,0.498039215686,0.572549019608,0.447058823529,0.372549019608,0.435294117647,0.333333333333,0.254901960784,0.301960784314,0.23137254902,0.149019607843,0.180392156863,0.125490196078,79.6,7.2,60.6
White LED torch (LED-B3),Morphine monohydrate,positive,0.329411764706,0.227450980392,0.309803921569,0.396078431373,0.337254901961,0.203921568627,0.686274509804,0.6,0.41568627451,0.274509803922,0.466666666667,0.525490196078,0.286274509804,0.43137254902,0.160784313725,0.41568627451,0.494117647059,0.592156862745,0.274509803922,0.737254901961,0.564705882353,0.772549019608,0.537254901961,0.00392156862745,0.156862745098,0.329411764706,0.572549019608,0.694117647059,0.372549019608,0.325490196078,0.278431372549,0.239215686275,0.341176470588,0.521568627451,0.764705882353,0.0,0.780392156863,0.678431372549,0.0,0.0235294117647,0.196078431373,0.505882352941,0.211764705882,0.588235294118,0.188235294118,0.611764705882,0.262745098039,0.188235294118,0.811764705882,0.827450980392,0.0,0.650980392157,0.356862745098,0.509803921569,0.00392156862745,0.501960784314,0.56862745098,0.811764705882,0.972549019608,0.78431372549,0.662745098039,0.803921568627,0.662745098039,0.529411764706,0.643137254902,0.525490196078,0.392156862745,0.482352941176,0.388235294118,0.270588235294,0.337254901961,0.278431372549,0.156862745098,0.196078431373,0.160784313725,29.8,23.7,-13.4
White LED torch (LED-B3),Diacetylmorphine HCl,positive,0.462745098039,0.164705882353,0.247058823529,0.396078431373,0.337254901961,0.203921568627,0.686274509804,0.6,0.41568627451,0.274509803922,0.466666666667,0.525490196078,0.286274509804,0.43137254902,0.160784313725,0.41568627451,0.494117647059,0.592156862745,0.274509803922,0.737254901961,0.564705882353,0.772549019608,0.537254901961,0.00392156862745,0.156862745098,0.329411764706,0.572549019608,0.694117647059,0.372549019608,0.325490196078,0.278431372549,0.239215686275,0.341176470588,0.521568627451,0.764705882353,0.0,0.780392156863,0.678431372549,0.0,0.0235294117647,0.196078431373,0.505882352941,0.211764705882,0.588235294118,0.188235294118,0.611764705882,0.262745098039,0.188235294118,0.811764705882,0.827450980392,0.0,0.650980392157,0.356862745098,0.509803921569,0.00392156862745,0.501960784314,0.56862745098,0.811764705882,0.972549019608,0.78431372549,0.662745098039,0.803921568627,0.662745098039,0.529411764706,0.643137254902,0.525490196078,0.392156862745,0.482352941176,0.388235294118,0.270588235294,0.337254901961,0.278431372549,0.156862745098,0.196078431373,0.160784313725,29.8,46.2,1.0
Incandescent bulb (A),Oxycodone HCl,positive,0.552941176471,0.56862745098,0.513725490196,0.443137254902,0.349019607843,0.172549019608,0.752941176471,0.596078431373,0.392156862745,0.321568627451,0.474509803922,0.494117647059,0.317647058824,0.443137254902,0.113725490196,0.486274509804,0.501960784314,0.545098039216,0.254901960784,0.725490196078,0.545098039216,0.827450980392,0.545098039216,0.00392156862745,0.227450980392,0.349019607843,0.533333333333,0.772549019608,0.38431372549,0.274509803922,0.360784313725,0.254901960784,0.321568627451,0.549019607843,0.749019607843,0.0,0.827450980392,0.678431372549,0.0,0.078431372549,0.223529411765,0.470588235294,0.188235294118,0.58431372549,0.192156862745,0.721568627451,0.270588235294,0.160784313725,0.858823529412,0.811764705882,0.0,0.756862745098,0.376470588235,0.454901960784,0.0,0.505882352941,0.560784313725,0.858823529412,0.937254901961,0.698039215686,0.709803921569,0.788235294118,0.588235294118,0.576470588235,0.639215686275,0.486274509804,0.435294117647,0.490196078431,0.360784313725,0.309803921569,0.349019607843,0.254901960784,0.188235294118,0.21568627451,0.149019607843,61.0,5.8,-10.3
Incandescent bulb (A),Diacetylmorphine HCl,positive,0.529411764706,0.192156862745,0.192156862745,0.443137254902,0.349019607843,0.172549019608,0.752941176471,0.596078431373,0.392156862745,0.321568627451,0.474509803922,0.494117647059,0.317647058824,0.443137254902,0.113725490196,0.486274509804,0.501960784314,0.545098039216,0.254901960784,0.725490196078,0.545098039216,0.827450980392,0.545098039216,0.00392156862745,0.227450980392,0.349019607843,0.533333333333,0.772549019608,0.38431372549,0.274509803922,0.360784313725,0.254901960784,0.321568627451,0.549019607843,0.749019607843,0.0,0.827450980392,0.678431372549,0.0,0.078431372549,0.223529411765,0.470588235294,0.188235294118,0.58431372549,0.192156862745,0.721568627451,0.270588235294,0.160784313725,0.858823529412,0.811764705882,0.0,0.756862745098,0.376470588235,0.454901960784,0.0,0.505882352941,0.560784313725,0.858823529412,0.937254901961,0.698039215686,0.709803921569,0.788235294118,0.588235294118,0.576470588235,0.639215686275,0.486274509804,0.435294117647,0.490196078431,0.360784313725,0.309803921569,0.349019607843,0.254901960784,0.188235294118,0.21568627451,0.149019607843,29.3,45.4,3.4
Daylight (D65),Codeine,positive,0.250980392157,0.152941176471,0.247058823529,0.458823529412,0.313725490196,0.203921568627,0.780392156863,0.564705882353,0.427450980392,0.317647058824,0.482352941176,0.580392156863,0.333333333333,0.419607843137,0.0980392156863,0.482352941176,0.498039215686,0.647058823529,0.254901960784,0.745098039216,0.596078431373,0.878431372549,0.439215686275,0.0,0.196078431373,0.364705882353,0.643137254902,0.796078431373,0.286274509804,0.333333333333,0.352941176471,0.227450980392,0.388235294118,0.588235294118,0.725490196078,0.00392156862745,0.886274509804,0.592156862745,0.0,0.0352941176471,0.254901960784,0.572549019608,0.207843137255,0.588235294118,0.0470588235294,0.725490196078,0.141176470588,0.164705882353,0.909803921569,0.752941176471,0.0,0.756862745098,0.301960784314,0.549019607843,0.0,0.545098039216,0.635294117647,0.909803921569,0.933333333333,0.823529411765,0.745098039216,0.776470588235,0.694117647059,0.596078431373,0.623529411765,0.560784313725,0.450980392157,0.470588235294,0.423529411765,0.317647058824,0.329411764706,0.294117647059,0.188235294118,0.196078431373,0.176470588235,19.3,16.0,-12.3
Daylight (D65),Doxepin HCl,negative,0.262745098039,0.160784313725,0.141176470588,0.458823529412,0.313725490196,0.203921568627,0.780392156863,0.564705882353,0.427450980392,0.317647058824,0.482352941176,0.580392156863,0.333333333333,0.419607843137,0.0980392156863,0.482352941176,0.498039215686,0.647058823529,0.254901960784,0.745098039216,0.596078431373,0.878431372549,0.439215686275,0.0,0.196078431373,0.364705882353,0.643137254902,0.796078431373,0.286274509804,0.333333333333,0.352941176471,0.227450980392,0.388235294118,0.588235294118,0.725490196078,0.00392156862745,0.886274509804,0.592156862745,0.0,0.0352941176471,0.254901960784,0.572549019608,0.207843137255,0.588235294118,0.0470588235294,0.725490196078,0.141176470588,0.164705882353,0.909803921569,0.752941176471,0.0,0.756862745098,0.301960784314,0.549019607843,0.0,0.545098039216,0.635294117647,0.909803921569,0.933333333333,0.823529411765,0.745098039216,0.776470588235,0.694117647059,0.596078431373,0.623529411765,0.560784313725,0.450980392157,0.470588235294,0.423529411765,0.317647058824,0.329411764706,0.294117647059,0.188235294118,0.196078431373,0.176470588235,19.5,10.2,6.3
Tube light (FL2),Codeine,positive,0.188235294118,0.145098039216,0.207843137255,0.364705882353,0.317647058824,0.160784313725,0.639215686275,0.556862745098,0.372549019608,0.239215686275,0.423529411765,0.517647058824,0.254901960784,0.407843137255,0.0941176470588,0.36862745098,0.447058823529,0.576470588235,0.21568627451,0.682352941176,0.545098039216,0.733333333333,0.521568627451,0.0,0.121568627451,0.286274509804,0.56862745098,0.639215686275,0.341176470588,0.286274509804,0.243137254902,0.207843137255,0.329411764706,0.486274509804,0.721568627451,0.0,0.733333333333,0.662745098039,0.0,0.0156862745098,0.156862745098,0.501960784314,0.180392156863,0.545098039216,0.105882352941,0.537254901961,0.235294117647,0.141176470588,0.760784313725,0.796078431373,0.0,0.580392156863,0.317647058824,0.490196078431,0.0,0.443137254902,0.576470588235,0.756862745098,0.909803921569,0.733333333333,0.611764705882,0.749019607843,0.619607843137,0.490196078431,0.603921568627,0.494117647059,0.360784313725,0.454901960784,0.36862745098,0.247058823529,0.309803921569,0.258823529412,0.141176470588,0.18431372549,0.145098039216,19.6,15.1,-10.6
Tube light (FL2),Dristan,negative,0.278431372549,0.250980392157,0.176470588235,0.364705882353,0.317647058824,0.160784313725,0.639215686275,0.556862745098,0.372549019608,0.239215686275,0.423529411765,0.517647058824,0.254901960784,0.407843137255,0.0941176470588,0.36862745098,0.447058823529,0.576470588235,0.21568627451,0.682352941176,0.545098039216,0.733333333333,0.521568627451,0.0,0.121568627451,0.286274509804,0.56862745098,0.639215686275,0.341176470588,0.286274509804,0.243137254902,0.207843137255,0.329411764706,0.486274509804,0.721568627451,0.0,0.733333333333,0.662745098039,0.0,0.0156862745098,0.156862745098,0.501960784314,0.180392156863,0.545098039216,0.105882352941,0.537254901961,0.235294117647,0.141176470588,0.760784313725,0.796078431373,0.0,0.580392156863,0.317647058824,0.490196078431,0.0,0.443137254902,0.576470588235,0.756862745098,0.909803921569,0.733333333333,0.611764705882,0.749019607843,0.619607843137,0.490196078431,0.603921568627,0.494117647059,0.360784313725,0.454901960784,0.36862745098,0.247058823529,0.309803921569,0.258823529412,0.141176470588,0.18431372549,0.145098039216,30.3,9.8,8.6
White LED torch (LED-B3),Oxycodone HCl,positive,0.517647058824,0.486274509804,0.580392156863,0.4,0.298039215686,0.235294117647,0.666666666667,0.513725490196,0.447058823529,0.317647058824,0.396078431373,0.541176470588,0.317647058824,0.392156862745,0.21568627451,0.443137254902,0.419607843137,0.607843137255,0.349019607843,0.639215686275,0.588235294118,0.741176470588,0.466666666667,0.0901960784314,0.211764705882,0.254901960784,0.576470588235,0.674509803922,0.317647058824,0.352941176471,0.301960784314,0.196078431373,0.364705882353,0.545098039216,0.666666666667,0.156862745098,0.760784313725,0.6,0.00392156862745,0.0705882352941,0.109803921569,0.513725490196,0.270588235294,0.513725490196,0.250980392157,0.596078431373,0.223529411765,0.21568627451,0.796078431373,0.713725490196,0.00392156862745,0.639215686275,0.290196078431,0.521568627451,0.0078431372549,0.43137254902,0.592156862745,0.8,0.803921568627,0.78431372549,0.666666666667,0.674509803922,0.670588235294,0.541176470588,0.549019607843,0.545098039216,0.411764705882,0.419607843137,0.41568627451,0.294117647059,0.301960784314,0.298039215686,0.180392156863,0.18431372549,0.18431372549,61.9,7.0,-10.8
White LED torch (LED-B3),Morphine monohydrate,positive,0.572549019608,0.517647058824,0.560784313725,0.4,0.298039215686,0.235294117647,0.666666666667,0.513725490196,0.447058823529,0.317647058824,0.396078431373,0.541176470588,0.317647058824,0.392156862745,0.21568627451,0.443137254902,0.419607843137,0.607843137255,0.349019607843,0.639215686275,0.588235294118,0.741176470588,0.466666666667,0.0901960784314,0.211764705882,0.254901960784,0.576470588235,0.674509803922,0.317647058824,0.352941176471,0.301960784314,0.196078431373,0.364705882353,0.545098039216,0.666666666667,0.156862745098,0.760784313725,0.6,0.00392156862745,0.0705882352941,0.109803921569,0.513725490196,0.270588235294,0.513725490196,0.250980392157,0.596078431373,0.223529411765,0.21568627451,0.796078431373,0.713725490196,0.00392156862745,0.639215686275,0.290196078431,0.521568627451,0.0078431372549,0.43137254902,0.592156862745,0.8,0.803921568627,0.78431372549,0.666666666667,0.674509803922,0.670588235294,0.541176470588,0.549019607843,0.545098039216,0.411764705882,0.419607843137,0.41568627451,0.294117647059,0.301960784314,0.298039215686,0.180392156863,0.18431372549,0.18431372549,51.2,12.7,-6.3
Incandescent bulb (A),Meperidine HCl,negative,0.411764705882,0.227450980392,0.0,0.435294117647,0.301960784314,0.129411764706,0.792156862745,0.564705882353,0.372549019608,0.282352941176,0.43137254902,0.505882352941,0.286274509804,0.407843137255,0.0509803921569,0.474509803922,0.454901960784,0.572549019608,0.109803921569,0.717647058824,0.564705882353,0.886274509804,0.505882352941,0.0,0.180392156863,0.286274509804,0.560784313725,0.819607843137,0.313725490196,0.23137254902,0.337254901961,0.196078431373,0.305882352941,0.525490196078,0.749019607843,0.0,0.886274509804,0.662745098039,0.0,0.0352941176471,0.152941176471,0.490196078431,0.0588235294118,0.564705882353,0.133333333333,0.764705882353,0.176470588235,0.0588235294118,0.913725490196,0.81568627451,0.00392156862745,0.8,0.286274509804,0.458823529412,0.0,0.462745098039,0.6,0.913725490196,0.964705882353,0.756862745098,0.725490196078,0.78431372549,0.623529411765,0.572549019608,0.61568627451,0.490196078431,0.41568627451,0.450980392157,0.352941176471,0.278431372549,0.305882352941,0.239215686275,0.156862745098,0.16862745098,0.125490196078,30.5,18.1,26.4
Daylight (D65),Morphine monohydrate,positive,0.317647058824,0.172549019608,0.341176470588,0.372549019608,0.270588235294,0.211764705882,0.63137254902,0.501960784314,0.427450980392,0.192156862745,0.419607843137,0.564705882353,0.247058823529,0.376470588235,0.145098039216,0.36862745098,0.43137254902,0.63137254902,0.0156862745098,0.662745098039,0.592156862745,0.729411764706,0.403921568627,0.00392156862745,0.0666666666667,0.301960784314,0.61568627451,0.662745098039,0.258823529412,0.325490196078,0.270588235294,0.196078431373,0.372549019608,0.454901960784,0.654901960784,0.0,0.729411764706,0.545098039216,0.00392156862745,0.0078431372549,0.192156862745,0.545098039216,0.043137254902,0.521568627451,0.156862745098,0.611764705882,0.145098039216,0.176470588235,0.752941176471,0.686274509804,0.00392156862745,0.627450980392,0.262745098039,0.537254901961,0.0,0.474509803922,0.619607843137,0.709803921569,0.83137254902,0.811764705882,0.572549019608,0.686274509804,0.686274509804,0.466666666667,0.549019607843,0.552941176471,0.341176470588,0.41568627451,0.41568627451,0.235294117647,0.290196078431,0.294117647059,0.129411764706,0.172549019608,0.172549019608,29.3,26.2,-14.9
Daylight (D65),Dristan,negative,0.290196078431,0.219607843137,0.211764705882,0.372549019608,0.270588235294,0.211764705882,0.63137254902,0.501960784314,0.427450980392,0.192156862745,0.419607843137,0.564705882353,0.247058823529,0.376470588235,0.145098039216,0.36862745098,0.43137254902,0.63137254902,0.0156862745098,0.662745098039,0.592156862745,0.729411764706,0.403921568627,0.00392156862745,0.0666666666667,0.301960784314,0.61568627451,0.662745098039,0.258823529412,0.325490196078,0.270588235294,0.196078431373,0.372549019608,0.454901960784,0.654901960784,0.0,0.729411764706,0.545098039216,0.00392156862745,0.0078431372549,0.192156862745,0.545098039216,0.043137254902,0.521568627451,0.156862745098,0.611764705882,0.145098039216,0.176470588235,0.752941176471,0.686274509804,0.00392156862745,0.627450980392,0.262745098039,0.537254901961,0.0,0.474509803922,0.619607843137,0.709803921569,0.83137254902,0.811764705882,0.572549019608,0.686274509804,0.686274509804,0.466666666667,0.549019607843,0.552941176471,0.341176470588,0.41568627451,0.41568627451,0.235294117647,0.290196078431,0.294117647059,0.129411764706,0.172549019608,0.172549019608,30.4,11.2,7.7
Tube light (FL2),Diacetylmorphine HCl,positive,0.486274509804,0.207843137255,0.262745098039,0.443137254902,0.364705882353,0.235294117647,0.709803921569,0.592156862745,0.443137254902,0.360784313725,0.466666666667,0.549019607843,0.349019607843,0.447058823529,0.188235294118,0.466666666667,0.486274509804,0.6,0.407843137255,0.694117647059,0.576470588235,0.792156862745,0.560784313725,0.0,0.254901960784,0.333333333333,0.588235294118,0.694117647059,0.388235294118,0.345098039216,0.313725490196,0.254901960784,0.372549019608,0.596078431373,0.729411764706,0.00392156862745,0.792156862745,0.674509803922,0.0,0.109803921569,0.207843137255,0.529411764706,0.329411764706,0.576470588235,0.227450980392,0.592156862745,0.286274509804,0.211764705882,0.827450980392,0.792156862745,0.0,0.639215686275,0.360784313725,0.517647058824,0.0274509803922,0.474509803922,0.588235294118,0.854901960784,0.898039215686,0.764705882353,0.717647058824,0.760784313725,0.658823529412,0.58431372549,0.623529411765,0.529411764706,0.450980392157,0.482352941176,0.419607843137,0.329411764706,0.352941176471,0.298039215686,0.211764705882,0.223529411765,0.188235294118,29.6,48.0,1.4
Tube light (FL2),d-Amphetamine HCl,negative,0.788235294118,0.525490196078,0.0117647058824,0.443137254902,0.364705882353,0.235294117647,0.709803921569,0.592156862745,0.443137254902,0.360784313725,0.466666666667,0.549019607843,0.349019607843,0.447058823529,0.188235294118,0.466666666667,0.486274509804,0.6,0.407843137255,0.694117647059,0.576470588235,0.792156862745,0.560784313725,0.0,0.254901960784,0.333333333333,0.588235294118,0.694117647059,0.388235294118,0.345098039216,0.313725490196,0.254901960784,0.372549019608,0.596078431373,0.729411764706,0.00392156862745,0.792156862745,0.674509803922,0.0,0.109803921569,0.207843137255,0.529411764706,0.329411764706,0.576470588235,0.227450980392,0.592156862745,0.286274509804,0.211764705882,0.827450980392,0.792156862745,0.0,0.639215686275,0.360784313725,0.517647058824,0.0274509803922,0.474509803922,0.588235294118,0.854901960784,0.898039215686,0.764705882353,0.717647058824,0.760784313725,0.658823529412,0.58431372549,0.623529411765,0.529411764706,0.450980392157,0.482352941176,0.419607843137,0.329411764706,0.352941176471,0.298039215686,0.211764705882,0.223529411765,0.188235294118,59.9,39.6,59.2
White LED torch (LED-B3),Morphine monohydrate,positive,0.290196078431,0.149019607843,0.270588235294,0.470588235294,0.443137254902,0.372549019608,0.643137254902,0.501960784314,0.388235294118,0.254901960784,0.36862745098,0.482352941176,0.247058823529,0.349019607843,0.129411764706,0.372549019608,0.388235294118,0.541176470588,0.254901960784,0.623529411765,0.517647058824,0.713725490196,0.435294117647,0.0509803921569,0.156862745098,0.23137254902,0.533333333333,0.63137254902,0.274509803922,0.274509803922,0.243137254902,0.160784313725,0.298039215686,0.474509803922,0.650980392157,0.00392156862745,0.733333333333,0.56862745098,0.0,0.0470588235294,0.109803921569,0.450980392157,0.188235294118,0.486274509804,0.149019607843,0.556862745098,0.176470588235,0.145098039216,0.764705882353,0.701960784314,0.0,0.596078431373,0.250980392157,0.450980392157,0.0,0.396078431373,0.525490196078,0.760784313725,0.81568627451,0.725490196078,0.611764705882,0.662745098039,0.596078431373,0.478431372549,0.521568627451,0.466666666667,0.341176470588,0.380392156863,0.337254901961,0.23137254902,0.250980392157,0.227450980392,0.125490196078,0.133333333333,0.121568627451,29.6,25.8,-13.8
White LED torch (LED-B3),Methadone HCl,negative,0.756862745098,0.643137254902,0.470588235294,0.470588235294,0.443137254902,0.372549019608,0.643137254902,0.501960784314,0.388235294118,0.254901960784,0.36862745098,0.482352941176,0.247058823529,0.349019607843,0.129411764706,0.372549019608,0.388235294118,0.541176470588,0.254901960784,0.623529411765,0.517647058824,0.713725490196,0.435294117647,0.0509803921569,0.156862745098,0.23137254902,0.533333333333,0.63137254902,0.274509803922,0.274509803922,0.243137254902,0.160784313725,0.298039215686,0.474509803922,0.650980392157,0.00392156862745,0.733333333333,0.56862745098,0.0,0.0470588235294,0.109803921569,0.450980392157,0.188235294118,0.486274509804,0.149019607843,0.556862745098,0.176470588235,0.145098039216,0.764705882353,0.701960784314,0.0,0.596078431373,0.250980392157,0.450980392157,0.0,0.396078431373,0.525490196078,0.760784313725,0.81568627451,0.725490196078,0.611764705882,0.662745098039,0.596078431373,0.478431372549,0.521568627451,0.466666666667,0.341176470588,0.380392156863,0.337254901961,0.23137254902,0.250980392157,0.227450980392,0.125490196078,0.133333333333,0.121568627451,79.7,12.5,21.4
Incandescent bulb (A),d-Amphetamine HCl,negative,0.81568627451,0.419607843137,0.0,0.380392156863,0.278431372549,0.0901960784314,0.674509803922,0.505882352941,0.290196078431,0.235294117647,0.392156862745,0.427450980392,0.239215686275,0.36862745098,0.0274509803922,0.403921568627,0.41568627451,0.482352941176,0.0235294117647,0.639215686275,0.470588235294,0.752941176471,0.454901960784,0.0,0.149019607843,0.270588235294,0.482352941176,0.701960784314,0.290196078431,0.172549019608,0.298039215686,0.188235294118,0.266666666667,0.439215686275,0.666666666667,0.0,0.756862745098,0.58431372549,0.0,0.0235294117647,0.156862745098,0.427450980392,0.0196078431373,0.505882352941,0.0588235294118,0.658823529412,0.172549019608,0.0392156862745,0.764705882353,0.717647058824,0.00392156862745,0.690196078431,0.270588235294,0.388235294118,0.00392156862745,0.419607843137,0.505882352941,0.760784313725,0.843137254902,0.611764705882,0.607843137255,0.694117647059,0.509803921569,0.482352941176,0.552941176471,0.396078431373,0.352941176471,0.403921568627,0.294117647059,0.243137254902,0.278431372549,0.2,0.137254901961,0.156862745098,0.101960784314,61.0,40.9,45.7
Incandescent bulb (A),Oxycodone HCl,positive,0.466666666667,0.478431372549,0.443137254902,0.380392156863,0.278431372549,0.0901960784314,0.674509803922,0.505882352941,0.290196078431,0.235294117647,0.392156862745,0.427450980392,0.239215686275,0.36862745098,0.0274509803922,0.403921568627,0.41568627451,0.482352941176,0.0235294117647,0.639215686275,0.470588235294,0.752941176471,0.454901960784,0.0,0.149019607843,0.270588235294,0.482352941176,0.701960784314,0.290196078431,0.172549019608,0.298039215686,0.188235294118,0.266666666667,0.439215686275,0.666666666667,0.0,0.756862745098,0.58431372549,0.0,0.0235294117647,0.156862745098,0.427450980392,0.0196078431373,0.505882352941,0.0588235294118,0.658823529412,0.172549019608,0.0392156862745,0.764705882353,0.717647058824,0.00392156862745,0.690196078431,0.270588235294,0.388235294118,0.00392156862745,0.419607843137,0.505882352941,0.760784313725,0.843137254902,0.611764705882,0.607843137255,0.694117647059,0.509803921569,0.482352941176,0.552941176471,0.396078431373,0.352941176471,0.403921568627,0.294117647059,0.243137254902,0.278431372549,0.2,0.137254901961,0.156862745098,0.101960784314,60.9,6.3,-10.9
Daylight (D65),Morphine monohydrate,positive,0.419607843137,0.254901960784,0.419607843137,0.482352941176,0.372549019608,0.290196078431,0.772549019608,0.63137254902,0.537254901961,0.317647058824,0.537254901961,0.666666666667,0.356862745098,0.482352941176,0.23137254902,0.486274509804,0.552941176471,0.737254901961,0.219607843137,0.792156862745,0.701960784314,0.874509803922,0.521568627451,0.0,0.172549019608,0.411764705882,0.729411764706,0.796078431373,0.36862745098,0.423529411765,0.376470588235,0.278431372549,0.462745098039,0.58431372549,0.78431372549,0.00392156862745,0.870588235294,0.662745098039,0.00392156862745,0.0156862745098,0.290196078431,0.650980392157,0.207843137255,0.647058823529,0.254901960784,0.737254901961,0.243137254902,0.262745098039,0.894117647059,0.81568627451,0.0,0.760784313725,0.372549019608,0.635294117647,0.00392156862745,0.592156862745,0.721568627451,0.874509803922,0.976470588235,0.933333333333,0.725490196078,0.823529411765,0.8,0.596078431373,0.678431372549,0.658823529412,0.462745098039,0.525490196078,0.513725490196,0.329411764706,0.388235294118,0.376470588235,0.211764705882,0.247058823529,0.239215686275,29.1,26.0,-13.9
Daylight (D65),Exedrine,negative,0.541176470588,0.176470588235,0.196078431373,0.482352941176,0.372549019608,0.290196078431,0.772549019608,0.63137254902,0.537254901961,0.317647058824,0.537254901961,0.666666666667,0.356862745098,0.482352941176,0.23137254902,0.486274509804,0.552941176471,0.737254901961,0.219607843137,0.792156862745,0.701960784314,0.874509803922,0.521568627451,0.0,0.172549019608,0.411764705882,0.729411764706,0.796078431373,0.36862745098,0.423529411765,0.376470588235,0.278431372549,0.462745098039,0.58431372549,0.78431372549,0.00392156862745,0.870588235294,0.662745098039,0.00392156862745,0.0156862745098,0.290196078431,0.650980392157,0.207843137255,0.647058823529,0.254901960784,0.737254901961,0.243137254902,0.262745098039,0.894117647059,0.81568627451,0.0,0.760784313725,0.372549019608,0.635294117647,0.00392156862745,0.592156862745,0.721568627451,0.874509803922,0.976470588235,0.933333333333,0.725490196078,0.823529411765,0.8,0.596078431373,0.678431372549,0.658823529412,0.462745098039,0.525490196078,0.513725490196,0.329411764706,0.388235294118,0.376470588235,0.211764705882,0.247058823529,0.239215686275,28.7,39.1,21.0
Tube light (FL2),Diacetylmorphine HCl,positive,0.4,0.105882352941,0.18431372549,0.352941176471,0.254901960784,0.156862745098,0.639215686275,0.474509803922,0.360784313725,0.274509803922,0.345098039216,0.470588235294,0.266666666667,0.337254901961,0.117647058824,0.388235294118,0.36862745098,0.529411764706,0.325490196078,0.592156862745,0.513725490196,0.729411764706,0.447058823529,0.0,0.176470588235,0.211764705882,0.513725490196,0.619607843137,0.266666666667,0.262745098039,0.227450980392,0.152941176471,0.290196078431,0.517647058824,0.639215686275,0.0,0.741176470588,0.576470588235,0.0,0.0588235294118,0.0901960784314,0.447058823529,0.243137254902,0.466666666667,0.156862745098,0.513725490196,0.172549019608,0.137254901961,0.788235294118,0.705882352941,0.0,0.564705882353,0.239215686275,0.439215686275,0.0156862745098,0.360784313725,0.529411764706,0.81568627451,0.81568627451,0.721568627451,0.650980392157,0.658823529412,0.596078431373,0.509803921569,0.513725490196,0.466666666667,0.36862745098,0.372549019608,0.337254901961,0.243137254902,0.247058823529,0.223529411765,0.133333333333,0.133333333333,0.117647058824,29.8,46.8,1.8
Tube light (FL2),Oxycodone HCl,positive,0.466666666667,0.435294117647,0.498039215686,0.352941176471,0.254901960784,0.156862745098,0.639215686275,0.474509803922,0.360784313725,0.274509803922,0.345098039216,0.470588235294,0.266666666667,0.337254901961,0.117647058824,0.388235294118,0.36862745098,0.529411764706,0.325490196078,0.592156862745,0.513725490196,0.729411764706,0.447058823529,0.0,0.176470588235,0.211764705882,0.513725490196,0.619607843137,0.266666666667,0.262745098039,0.227450980392,0.152941176471,0.290196078431,0.517647058824,0.639215686275,0.0,0.741176470588,0.576470588235,0.0,0.0588235294118,0.0901960784314,0.447058823529,0.243137254902,0.466666666667,0.156862745098,0.513725490196,0.172549019608,0.137254901961,0.788235294118,0.705882352941,0.0,0.564705882353,0.239215686275,0.439215686275,0.0156862745098,0.360784313725,0.529411764706,0.81568627451,0.81568627451,0.721568627451,0.650980392157,0.658823529412,0.596078431373,0.509803921569,0.513725490196,0.466666666667,0.36862745098,0.372549019608,0.337254901961,0.243137254902,0.247058823529,0.223529411765,0.133333333333,0.133333333333,0.117647058824,60.8,7.0,-10.5
White LED torch (LED-B3),Codeine,positive,0.2,0.113725490196,0.223529411765,0.4,0.294117647059,0.219607843137,0.733333333333,0.549019607843,0.470588235294,0.286274509804,0.403921568627,0.588235294118,0.290196078431,0.396078431373,0.196078431373,0.43137254902,0.423529411765,0.658823529412,0.301960784314,0.690196078431,0.639215686275,0.827450980392,0.494117647059,0.0196078431373,0.176470588235,0.239215686275,0.643137254902,0.729411764706,0.309803921569,0.349019607843,0.282352941176,0.172549019608,0.36862745098,0.556862745098,0.737254901961,0.0901960784314,0.835294117647,0.647058823529,0.00392156862745,0.0313725490196,0.078431372549,0.560784313725,0.23137254902,0.556862745098,0.243137254902,0.647058823529,0.207843137255,0.2,0.878431372549,0.807843137255,0.0,0.682352941176,0.270588235294,0.560784313725,0.00392156862745,0.439215686275,0.643137254902,0.894117647059,0.933333333333,0.921568627451,0.717647058824,0.756862745098,0.760784313725,0.560784313725,0.592156862745,0.6,0.411764705882,0.43137254902,0.443137254902,0.274509803922,0.290196078431,0.298039215686,0.156862745098,0.164705882353,0.16862745098,18.8,15.2,-11.1
White LED torch (LED-B3),Dristan,negative,0.713725490196,0.713725490196,0.705882352941,0.4,0.294117647059,0.219607843137,0.733333333333,0.549019607843,0.470588235294,0.286274509804,0.403921568627,0.588235294118,0.290196078431,0.396078431373,0.196078431373,0.43137254902,0.423529411765,0.658823529412,0.301960784314,0.690196078431,0.639215686275,0.827450980392,0.494117647059,0.0196078431373,0.176470588235,0.239215686275,0.643137254902,0.729411764706,0.309803921569,0.349019607843,0.282352941176,0.172549019608,0.36862745098,0.556862745098,0.737254901961,0.0901960784314,0.835294117647,0.647058823529,0.00392156862745,0.0313725490196,0.078431372549,0.560784313725,0.23137254902,0.556862745098,0.243137254902,0.647058823529,0.207843137255,0.2,0.878431372549,0.807843137255,0.0,0.682352941176,0.270588235294,0.560784313725,0.00392156862745,0.439215686275,0.643137254902,0.894117647059,0.933333333333,0.921568627451,0.717647058824,0.756862745098,0.760784313725,0.560784313725,0.592156862745,0.6,0.411764705882,0.43137254902,0.443137254902,0.274509803922,0.290196078431,0.298039215686,0.156862745098,0.164705882353,0.16862745098,71.5,1.7,4.7
Incandescent bulb (A),Oxycodone HCl,positive,0.533333333333,0.521568627451,0.572549019608,0.443137254902,0.341176470588,0.235294117647,0.717647058824,0.560784313725,0.462745098039,0.317647058824,0.439215686275,0.549019607843,0.321568627451,0.427450980392,0.211764705882,0.474509803922,0.458823529412,0.603921568627,0.250980392157,0.666666666667,0.61568627451,0.792156862745,0.521568627451,0.0117647058824,0.223529411765,0.305882352941,0.58431372549,0.741176470588,0.364705882353,0.341176470588,0.364705882353,0.235294117647,0.360784313725,0.529411764706,0.701960784314,0.164705882353,0.792156862745,0.639215686275,0.0,0.0705882352941,0.16862745098,0.521568627451,0.188235294118,0.556862745098,0.305882352941,0.698039215686,0.258823529412,0.21568627451,0.811764705882,0.756862745098,0.0,0.721568627451,0.333333333333,0.509803921569,0.0,0.462745098039,0.619607843137,0.811764705882,0.854901960784,0.788235294118,0.674509803922,0.721568627451,0.674509803922,0.552941176471,0.592156862745,0.556862745098,0.423529411765,0.462745098039,0.427450980392,0.309803921569,0.337254901961,0.309803921569,0.196078431373,0.211764705882,0.188235294118,60.3,6.6,-10.1
Incandescent bulb (A),Codeine,positive,0.258823529412,0.172549019608,0.243137254902,0.443137254902,0.341176470588,0.235294117647,0.717647058824,0.560784313725,0.462745098039,0.317647058824,0.439215686275,0.549019607843,0.321568627451,0.427450980392,0.211764705882,0.474509803922,0.458823529412,0.603921568627,0.250980392157,0.666666666667,0.61568627451,0.792156862745,0.521568627451,0.0117647058824,0.223529411765,0.305882352941,0.58431372549,0.741176470588,0.364705882353,0.341176470588,0.364705882353,0.235294117647,0.360784313725,0.529411764706,0.701960784314,0.164705882353,0.792156862745,0.639215686275,0.0,0.0705882352941,0.16862745098,0.521568627451,0.188235294118,0.556862745098,0.305882352941,0.698039215686,0.258823529412,0.21568627451,0.811764705882,0.756862745098,0.0,0.721568627451,0.333333333333,0.509803921569,0.0,0.462745098039,0.619607843137,0.811764705882,0.854901960784,0.788235294118,0.674509803922,0.721568627451,0.674509803922,0.552941176471,0.592156862745,0.556862745098,0.423529411765,0.462745098039,0.427450980392,0.309803921569,0.337254901961,0.309803921569,0.196078431373,0.211764705882,0.188235294118,19.2,15.1,-11.5
Daylight (D65),Propoxyphene HCl,positive,0.23137254902,0.188235294118,0.21568627451,0.403921568627,0.329411764706,0.254901960784,0.654901960784,0.552941176471,0.462745098039,0.294117647059,0.470588235294,0.552941176471,0.309803921569,0.41568627451,0.21568627451,0.43137254902,0.490196078431,0.611764705882,0.286274509804,0.686274509804,0.6,0.721568627451,0.458823529412,0.101960784314,0.180392156863,0.36862745098,0.588235294118,0.662745098039,0.341176470588,0.364705882353,0.317647058824,0.250980392157,0.38431372549,0.517647058824,0.674509803922,0.0862745098039,0.737254901961,0.580392156863,0.0,0.0392156862745,0.262745098039,0.525490196078,0.235294117647,0.552941176471,0.250980392157,0.607843137255,0.239215686275,0.239215686275,0.752941176471,0.705882352941,0.0,0.635294117647,0.349019607843,0.525490196078,0.00392156862745,0.517647058824,0.596078431373,0.756862745098,0.847058823529,0.78431372549,0.63137254902,0.717647058824,0.670588235294,0.513725490196,0.592156862745,0.552941176471,0.4,0.458823529412,0.43137254902,0.286274509804,0.341176470588,0.313725490196,0.18431372549,0.211764705882,0.2,19.7,11.0,-2.9
Daylight (D65),Benzphetamine HCl,negative,0.321568627451,0.129411764706,0.125490196078,0.403921568627,0.329411764706,0.254901960784,0.654901960784,0.552941176471,0.462745098039,0.294117647059,0.470588235294,0.552941176471,0.309803921569,0.41568627451,0.21568627451,0.43137254902,0.490196078431,0.611764705882,0.286274509804,0.686274509804,0.6,0.721568627451,0.458823529412,0.101960784314,0.180392156863,0.36862745098,0.588235294118,0.662745098039,0.341176470588,0.364705882353,0.317647058824,0.250980392157,0.38431372549,0.517647058824,0.674509803922,0.0862745098039,0.737254901961,0.580392156863,0.0,0.0392156862745,0.262745098039,0.525490196078,0.235294117647,0.552941176471,0.250980392157,0.607843137255,0.239215686275,0.239215686275,0.752941176471,0.705882352941,0.0,0.635294117647,0.349019607843,0.525490196078,0.00392156862745,0.517647058824,0.596078431373,0.756862745098,0.847058823529,0.78431372549,0.63137254902,0.717647058824,0.670588235294,0.513725490196,0.592156862745,0.552941176471,0.4,0.458823529412,0.43137254902,0.286274509804,0.341176470588,0.313725490196,0.18431372549,0.211764705882,0.2,18.8,28.6,17.4
Tube light (FL2),Morphine monohydrate,positive,0.396078431373,0.294117647059,0.345098039216,0.458823529412,0.4,0.196078431373,0.745098039216,0.658823529412,0.411764705882,0.345098039216,0.525490196078,0.556862745098,0.352941176471,0.494117647059,0.0980392156863,0.474509803922,0.556862745098,0.619607843137,0.364705882353,0.788235294118,0.576470588235,0.835294117647,0.61568627451,0.0,0.227450980392,0.388235294118,0.61568627451,0.741176470588,0.43137254902,0.325490196078,0.325490196078,0.290196078431,0.38431372549,0.603921568627,0.819607843137,0.00392156862745,0.847058823529,0.756862745098,0.00392156862745,0.0627450980392,0.258823529412,0.552941176471,0.294117647059,0.639215686275,0.0941176470588,0.639215686275,0.313725490196,0.18431372549,0.878431372549,0.886274509804,0.0078431372549,0.682352941176,0.41568627451,0.537254901961,0.0,0.545098039216,0.619607843137,0.882352941176,1.0,0.760784313725,0.737254901961,0.854901960784,0.650980392157,0.6,0.705882352941,0.529411764706,0.466666666667,0.545098039216,0.407843137255,0.337254901961,0.396078431373,0.298039215686,0.211764705882,0.254901960784,0.18431372549,30.8,24.4,-12.5
Tube light (FL2),Sugar,negative,0.313725490196,0.235294117647,0.0274509803922,0.458823529412,0.4,0.196078431373,0.745098039216,0.658823529412,0.411764705882,0.345098039216,0.525490196078,0.556862745098,0.352941176471,0.494117647059,0.0980392156863,0.474509803922,0.556862745098,0.619607843137,0.364705882353,0.788235294118,0.576470588235,0.835294117647,0.61568627451,0.0,0.227450980392,0.388235294118,0.61568627451,0.741176470588,0.43137254902,0.325490196078,0.325490196078,0.290196078431,0.38431372549,0.603921568627,0.819607843137,0.00392156862745,0.847058823529,0.756862745098,0.00392156862745,0.0627450980392,0.258823529412,0.552941176471,0.294117647059,0.639215686275,0.0941176470588,0.639215686275,0.313725490196,0.18431372549,0.878431372549,0.886274509804,0.0078431372549,0.682352941176,0.41568627451,0.537254901961,0.0,0.545098039216,0.619607843137,0.882352941176,1.0,0.760784313725,0.737254901961,0.854901960784,0.650980392157,0.6,0.705882352941,0.529411764706,0.466666666667,0.545098039216,0.407843137255,0.337254901961,0.396078431373,0.298039215686,0.211764705882,0.254901960784,0.18431372549,19.4,14.5,27.6
White LED torch (LED-B3),Morphine monohydrate,positive,0.427450980392,0.243137254902,0.4,0.486274509804,0.36862745098,0.254901960784,0.78431372549,0.607843137255,0.482352941176,0.352941176471,0.486274509804,0.63137254902,0.356862745098,0.474509803922,0.192156862745,0.505882352941,0.509803921569,0.698039215686,0.325490196078,0.749019607843,0.650980392157,0.870588235294,0.545098039216,0.0,0.243137254902,0.333333333333,0.690196078431,0.796078431373,0.36862745098,0.380392156863,0.36862745098,0.254901960784,0.439215686275,0.607843137255,0.780392156863,0.0,0.874509803922,0.690196078431,0.0,0.0705882352941,0.176470588235,0.623529411765,0.262745098039,0.623529411765,0.207843137255,0.721568627451,0.258823529412,0.223529411765,0.901960784314,0.823529411765,0.0,0.752941176471,0.341176470588,0.603921568627,0.0,0.529411764706,0.686274509804,0.898039215686,0.933333333333,0.858823529412,0.745098039216,0.788235294118,0.733333333333,0.619607843137,0.650980392157,0.607843137255,0.478431372549,0.505882352941,0.474509803922,0.349019607843,0.372549019608,0.349019607843,0.227450980392,0.235294117647,0.219607843137,30.4,23.9,-12.8
Incandescent bulb (A),Diacetylmorphine HCl,positive,0.58431372549,0.156862745098,0.180392156863,0.478431372549,0.333333333333,0.145098039216,0.823529411765,0.592156862745,0.364705882353,0.356862745098,0.470588235294,0.494117647059,0.345098039216,0.439215686275,0.0705882352941,0.537254901961,0.498039215686,0.560784313725,0.317647058824,0.741176470588,0.545098039216,0.905882352941,0.525490196078,0.0,0.258823529412,0.333333333333,0.541176470588,0.847058823529,0.352941176471,0.254901960784,0.392156862745,0.235294117647,0.313725490196,0.607843137255,0.764705882353,0.0,0.929411764706,0.682352941176,0.00392156862745,0.113725490196,0.207843137255,0.478431372549,0.227450980392,0.588235294118,0.137254901961,0.792156862745,0.227450980392,0.113725490196,0.960784313725,0.827450980392,0.0,0.839215686275,0.341176470588,0.458823529412,0.0,0.505882352941,0.580392156863,0.960784313725,0.956862745098,0.698039215686,0.788235294118,0.796078431373,0.588235294118,0.639215686275,0.643137254902,0.474509803922,0.478431372549,0.486274509804,0.356862745098,0.333333333333,0.341176470588,0.247058823529,0.203921568627,0.203921568627,0.137254901961,29.8,45.3,5.4
Daylight (D65),Morphine monohydrate,positive,0.392156862745,0.23137254902,0.38431372549,0.447058823529,0.333333333333,0.270588235294,0.749019607843,0.6,0.517647058824,0.317647058824,0.498039215686,0.627450980392,0.337254901961,0.447058823529,0.219607843137,0.478431372549,0.529411764706,0.705882352941,0.301960784314,0.772549019608,0.682352941176,0.83137254902,0.490196078431,0.0392156862745,0.192156862745,0.372549019608,0.670588235294,0.760784313725,0.345098039216,0.4,0.341176470588,0.250980392157,0.41568627451,0.58431372549,0.760784313725,0.0313725490196,0.858823529412,0.643137254902,0.00392156862745,0.0352941176471,0.250980392157,0.588235294118,0.239215686275,0.603921568627,0.254901960784,0.694117647059,0.219607843137,0.239215686275,0.882352941176,0.792156862745,0.0,0.737254901961,0.349019607843,0.603921568627,0.0,0.560784313725,0.694117647059,0.866666666667,0.952941176471,0.905882352941,0.717647058824,0.792156862745,0.76862745098,0.580392156863,0.647058823529,0.623529411765,0.435294117647,0.494117647059,0.474509803922,0.313725490196,0.349019607843,0.345098039216,0.192156862745,0.211764705882,0.207843137255,30.1,25.7,-13.9
Daylight (D65),Diacetylmorphine HCl,positive,0.529411764706,0.0862745098039,0.305882352941,0.447058823529,0.333333333333,0.270588235294,0.749019607843,0.6,0.517647058824,0.317647058824,0.498039215686,0.627450980392,0.337254901961,0.447058823529,0.219607843137,0.478431372549,0.529411764706,0.705882352941,0.301960784314,0.772549019608,0.682352941176,0.83137254902,0.490196078431,0.0392156862745,0.192156862745,0.372549019608,0.670588235294,0.760784313725,0.345098039216,0.4,0.341176470588,0.250980392157,0.41568627451,0.58431372549,0.760784313725,0.0313725490196,0.858823529412,0.643137254902,0.00392156862745,0.0352941176471,0.250980392157,0.588235294118,0.239215686275,0.603921568627,0.254901960784,0.694117647059,0.219607843137,0.239215686275,0.882352941176,0.792156862745,0.0,0.737254901961,0.349019607843,0.603921568627,0.0,0.560784313725,0.694117647059,0.866666666667,0.952941176471,0.905882352941,0.717647058824,0.792156862745,0.76862745098,0.580392156863,0.647058823529,0.623529411765,0.435294117647,0.494117647059,0.474509803922,0.313725490196,0.349019607843,0.345098039216,0.192156862745,0.211764705882,0.207843137255,29.4,47.9,0.6
Tube light (FL2),d-Amphetamine HCl,negative,0.788235294118,0.513725490196,0.00392156862745,0.407843137255,0.352941176471,0.180392156863,0.678431372549,0.58431372549,0.4,0.274509803922,0.454901960784,0.560784313725,0.286274509804,0.439215686275,0.0862745098039,0.407843137255,0.470588235294,0.623529411765,0.223529411765,0.698039215686,0.572549019608,0.780392156863,0.552941176471,0.0,0.152941176471,0.313725490196,0.623529411765,0.690196078431,0.364705882353,0.309803921569,0.282352941176,0.235294117647,0.380392156863,0.521568627451,0.745098039216,0.0,0.76862745098,0.674509803922,0.00392156862745,0.0235294117647,0.180392156863,0.560784313725,0.192156862745,0.58431372549,0.0901960784314,0.596078431373,0.258823529412,0.156862745098,0.796078431373,0.811764705882,0.0,0.63137254902,0.333333333333,0.533333333333,0.0,0.466666666667,0.623529411765,0.8,0.925490196078,0.772549019608,0.658823529412,0.780392156863,0.658823529412,0.537254901961,0.63137254902,0.537254901961,0.407843137255,0.482352941176,0.403921568627,0.282352941176,0.345098039216,0.294117647059,0.172549019608,0.211764705882,0.16862745098,59.9,40.2,53.6
Tube light (FL2),Diacetylmorphine HCl,positive,0.478431372549,0.176470588235,0.243137254902,0.407843137255,0.352941176471,0.180392156863,0.678431372549,0.58431372549,0.4,0.274509803922,0.454901960784,0.560784313725,0.286274509804,0.439215686275,0.0862745098039,0.407843137255,0.470588235294,0.623529411765,0.223529411765,0.698039215686,0.572549019608,0.780392156863,0.552941176471,0.0,0.152941176471,0.313725490196,0.623529411765,0.690196078431,0.364705882353,0.309803921569,0.282352941176,0.235294117647,0.380392156863,0.521568627451,0.745098039216,0.0,0.76862745098,0.674509803922,0.00392156862745,0.0235294117647,0.180392156863,0.560784313725,0.192156862745,0.58431372549,0.0901960784314,0.596078431373,0.258823529412,0.156862745098,0.796078431373,0.811764705882,0.0,0.63137254902,0.333333333333,0.533333333333,0.0,0.466666666667,0.623529411765,0.8,0.925490196078,0.772549019608,0.658823529412,0.780392156863,0.658823529412,0.537254901961,0.63137254902,0.537254901961,0.407843137255,0.482352941176,0.403921568627,0.282352941176,0.345098039216,0.294117647059,0.172549019608,0.211764705882,0.16862745098,29.0,48.0,3.7
White LED torch (LED-B3),Oxycodone HCl,positive,0.525490196078,0.556862745098,0.6,0.419607843137,0.341176470588,0.211764705882,0.721568627451,0.6,0.427450980392,0.274509803922,0.470588235294,0.56862745098,0.294117647059,0.443137254902,0.141176470588,0.435294117647,0.490196078431,0.639215686275,0.219607843137,0.749019607843,0.592156862745,0.81568627451,0.533333333333,0.0,0.156862745098,0.317647058824,0.63137254902,0.737254901961,0.356862745098,0.329411764706,0.301960784314,0.227450980392,0.380392156863,0.533333333333,0.776470588235,0.00392156862745,0.823529411765,0.682352941176,0.0,0.0156862745098,0.172549019608,0.560784313725,0.172549019608,0.6,0.149019607843,0.658823529412,0.243137254902,0.180392156863,0.847058823529,0.83137254902,0.0,0.690196078431,0.337254901961,0.541176470588,0.0,0.505882352941,0.627450980392,0.835294117647,0.96862745098,0.823529411765,0.682352941176,0.8,0.690196078431,0.549019607843,0.643137254902,0.556862745098,0.411764705882,0.482352941176,0.419607843137,0.282352941176,0.337254901961,0.294117647059,0.164705882353,0.203921568627,0.172549019608,60.8,8.1,-11.7
White LED torch (LED-B3),Morphine monohydrate,positive,0.356862745098,0.219607843137,0.337254901961,0.419607843137,0.341176470588,0.211764705882,0.721568627451,0.6,0.427450980392,0.274509803922,0.470588235294,0.56862745098,0.294117647059,0.443137254902,0.141176470588,0.435294117647,0.490196078431,0.639215686275,0.219607843137,0.749019607843,0.592156862745,0.81568627451,0.533333333333,0.0,0.156862745098,0.317647058824,0.63137254902,0.737254901961,0.356862745098,0.329411764706,0.301960784314,0.227450980392,0.380392156863,0.533333333333,0.776470588235,0.00392156862745,0.823529411765,0.682352941176,0.0,0.0156862745098,0.172549019608,0.560784313725,0.172549019608,0.6,0.149019607843,0.658823529412,0.243137254902,0.180392156863,0.847058823529,0.83137254902,0.0,0.690196078431,0.337254901961,0.541176470588,0.0,0.505882352941,0.627450980392,0.835294117647,0.96862745098,0.823529411765,0.682352941176,0.8,0.690196078431,0.549019607843,0.643137254902,0.556862745098,0.411764705882,0.482352941176,0.419607843137,0.282352941176,0.337254901961,0.294117647059,0.164705882353,0.203921568627,0.172549019608,30.0,24.2,-13.3
Incandescent bulb (A),Meperidine HCl,negative,0.41568627451,0.23137254902,0.0078431372549,0.423529411765,0.301960784314,0.18431372549,0.76862745098,0.552941176471,0.435294117647,0.286274509804,0.419607843137,0.545098039216,0.290196078431,0.403921568627,0.149019607843,0.470588235294,0.443137254902,0.61568627451,0.172549019608,0.698039215686,0.627450980392,0.850980392157,0.501960784314,0.0,0.18431372549,0.266666666667,0.588235294118,0.796078431373,0.321568627451,0.290196078431,0.337254901961,0.192156862745,0.329411764706,0.533333333333,0.737254901961,0.0078431372549,0.866666666667,0.658823529412,0.0,0.043137254902,0.121568627451,0.509803921569,0.109803921569,0.552941176471,0.243137254902,0.745098039216,0.196078431373,0.141176470588,0.890196078431,0.8,0.0,0.78431372549,0.286274509804,0.498039215686,0.00392156862745,0.443137254902,0.639215686275,0.882352941176,0.921568627451,0.827450980392,0.717647058824,0.752941176471,0.686274509804,0.564705882353,0.596078431373,0.541176470588,0.411764705882,0.443137254902,0.4,0.274509803922,0.301960784314,0.270588235294,0.164705882353,0.172549019608,0.149019607843,30.5,19.5,28.3
Incandescent bulb (A),Codeine,positive,0.227450980392,0.129411764706,0.203921568627,0.423529411765,0.301960784314,0.18431372549,0.76862745098,0.552941176471,0.435294117647,0.286274509804,0.419607843137,0.545098039216,0.290196078431,0.403921568627,0.149019607843,0.470588235294,0.443137254902,0.61568627451,0.172549019608,0.698039215686,0.627450980392,0.850980392157,0.501960784314,0.0,0.18431372549,0.266666666667,0.588235294118,0.796078431373,0.321568627451,0.290196078431,0.337254901961,0.192156862745,0.329411764706,0.533333333333,0.737254901961,0.0078431372549,0.866666666667,0.658823529412,0.0,0.043137254902,0.121568627451,0.509803921569,0.109803921569,0.552941176471,0.243137254902,0.745098039216,0.196078431373,0.141176470588,0.890196078431,0.8,0.0,0.78431372549,0.286274509804,0.498039215686,0.00392156862745,0.443137254902,0.639215686275,0.882352941176,0.921568627451,0.827450980392,0.717647058824,0.752941176471,0.686274509804,0.564705882353,0.596078431373,0.541176470588,0.411764705882,0.443137254902,0.4,0.274509803922,0.301960784314,0.270588235294,0.164705882353,0.172549019608,0.149019607843,19.7,13.9,-9.8
Daylight (D65),Diacetylmorphine HCl,positive,0.741176470588,0.670588235294,0.654901960784,0.407843137255,0.305882352941,0.227450980392,0.705882352941,0.564705882353,0.462745098039,0.290196078431,0.462745098039,0.560784313725,0.301960784314,0.4,0.188235294118,0.427450980392,0.482352941176,0.619607843137,0.286274509804,0.709803921569,0.607843137255,0.8,0.458823529412,0.0745098039216,0.180392156863,0.345098039216,0.611764705882,0.713725490196,0.317647058824,0.349019607843,0.301960784314,0.219607843137,0.360784313725,0.545098039216,0.705882352941,0.0470588235294,0.8,0.588235294118,0.0,0.043137254902,0.235294117647,0.537254901961,0.235294117647,0.56862745098,0.227450980392,0.650980392157,0.2,0.207843137255,0.847058823529,0.749019607843,0.0,0.674509803922,0.321568627451,0.537254901961,0.00392156862745,0.513725490196,0.61568627451,0.858823529412,0.941176470588,0.866666666667,0.694117647059,0.772549019608,0.725490196078,0.552941176471,0.61568627451,0.576470588235,0.407843137255,0.458823529412,0.43137254902,0.274509803922,0.313725490196,0.290196078431,0.156862745098,0.180392156863,0.16862745098,45.6,27.6,1.1
Daylight (D65),Codeine,positive,0.207843137255,0.141176470588,0.223529411765,0.407843137255,0.305882352941,0.227450980392,0.705882352941,0.564705882353,0.462745098039,0.290196078431,0.462745098039,0.560784313725,0.301960784314,0.4,0.188235294118,0.427450980392,0.482352941176,0.619607843137,0.286274509804,0.709803921569,0.607843137255,0.8,0.458823529412,0.0745098039216,0.180392156863,0.345098039216,0.611764705882,0.713725490196,0.317647058824,0.349019607843,0.301960784314,0.219607843137,0.360784313725,0.545098039216,0.705882352941,0.0470588235294,0.8,0.588235294118,0.0,0.043137254902,0.235294117647,0.537254901961,0.235294117647,0.56862745098,0.227450980392,0.650980392157,0.2,0.207843137255,0.847058823529,0.749019607843,0.0,0.674509803922,0.321568627451,0.537254901961,0.00392156862745,0.513725490196,0.61568627451,0.858823529412,0.941176470588,0.866666666667,0.694117647059,0.772549019608,0.725490196078,0.552941176471,0.61568627451,0.576470588235,0.407843137255,0.458823529412,0.43137254902,0.274509803922,0.313725490196,0.290196078431,0.156862745098,0.180392156863,0.16862745098,19.1,15.9,-11.4
Tube light (FL2),d-Methamphetamine HCl,negative,0.541176470588,0.262745098039,0.00392156862745,0.352941176471,0.278431372549,0.203921568627,0.623529411765,0.494117647059,0.419607843137,0.282352941176,0.360784313725,0.505882352941,0.278431372549,0.360784313725,0.180392156863,0.392156862745,0.38431372549,0.576470588235,0.345098039216,0.603921568627,0.56862745098,0.709803921569,0.470588235294,0.0313725490196,0.18431372549,0.21568627451,0.545098039216,0.607843137255,0.298039215686,0.309803921569,0.239215686275,0.16862745098,0.325490196078,0.525490196078,0.650980392157,0.121568627451,0.733333333333,0.603921568627,0.00392156862745,0.0588235294118,0.078431372549,0.474509803922,0.254901960784,0.486274509804,0.235294117647,0.509803921569,0.211764705882,0.18431372549,0.76862745098,0.721568627451,0.0,0.556862745098,0.262745098039,0.486274509804,0.0196078431373,0.372549019608,0.56862745098,0.780392156863,0.803921568627,0.776470588235,0.639215686275,0.662745098039,0.647058823529,0.509803921569,0.529411764706,0.517647058824,0.376470588235,0.392156862745,0.388235294118,0.254901960784,0.270588235294,0.266666666667,0.149019607843,0.156862745098,0.152941176471,41.1,46.7,43.2
Tube light (FL2),Chlorpromazine HCl,positive,0.352941176471,0.156862745098,0.282352941176,0.352941176471,0.278431372549,0.203921568627,0.623529411765,0.494117647059,0.419607843137,0.282352941176,0.360784313725,0.505882352941,0.278431372549,0.360784313725,0.180392156863,0.392156862745,0.38431372549,0.576470588235,0.345098039216,0.603921568627,0.56862745098,0.709803921569,0.470588235294,0.0313725490196,0.18431372549,0.21568627451,0.545098039216,0.607843137255,0.298039215686,0.309803921569,0.239215686275,0.16862745098,0.325490196078,0.525490196078,0.650980392157,0.121568627451,0.733333333333,0.603921568627,0.00392156862745,0.0588235294118,0.078431372549,0.474509803922,0.254901960784,0.486274509804,0.235294117647,0.509803921569,0.211764705882,0.18431372549,0.76862745098,0.721568627451,0.0,0.556862745098,0.262745098039,0.486274509804,0.0196078431373,0.372549019608,0.56862745098,0.780392156863,0.803921568627,0.776470588235,0.639215686275,0.662745098039,0.647058823529,0.509803921569,0.529411764706,0.517647058824,0.376470588235,0.392156862745,0.388235294118,0.254901960784,0.270588235294,0.266666666667,0.149019607843,0.156862745098,0.152941176471,30.5,35.4,-8.6
White LED torch (LED-B3),LSD,negative,0.180392156863,0.180392156863,0.0627450980392,0.43137254902,0.305882352941,0.176470588235,0.760784313725,0.560784313725,0.388235294118,0.317647058824,0.435294117647,0.529411764706,0.317647058824,0.411764705882,0.105882352941,0.470588235294,0.458823529412,0.596078431373,0.329411764706,0.713725490196,0.552941176471,0.850980392157,0.490196078431,0.0,0.207843137255,0.294117647059,0.588235294118,0.760784313725,0.313725490196,0.294117647059,0.309803921569,0.203921568627,0.341176470588,0.580392156863,0.741176470588,0.00392156862745,0.866666666667,0.639215686275,0.00392156862745,0.0666666666667,0.156862745098,0.521568627451,0.239215686275,0.564705882353,0.0901960784314,0.674509803922,0.2,0.152941176471,0.898039215686,0.792156862745,0.00392156862745,0.717647058824,0.298039215686,0.509803921569,0.0,0.474509803922,0.580392156863,0.913725490196,0.933333333333,0.776470588235,0.741176470588,0.760784313725,0.643137254902,0.592156862745,0.607843137255,0.517647058824,0.435294117647,0.450980392157,0.380392156863,0.298039215686,0.309803921569,0.254901960784,0.172549019608,0.176470588235,0.145098039216,19.7,-3.2,14.6
Incandescent bulb (A),Sugar,negative,0.278431372549,0.141176470588,0.0117647058824,0.435294117647,0.282352941176,0.113725490196,0.796078431373,0.533333333333,0.349019607843,0.294117647059,0.41568627451,0.498039215686,0.298039215686,0.392156862745,0.0470588235294,0.494117647059,0.439215686275,0.564705882353,0.188235294118,0.701960784314,0.560784313725,0.882352941176,0.470588235294,0.0,0.2,0.270588235294,0.545098039216,0.83137254902,0.282352941176,0.21568627451,0.352941176471,0.18431372549,0.298039215686,0.552941176471,0.733333333333,0.0,0.913725490196,0.643137254902,0.00392156862745,0.0588235294118,0.137254901961,0.474509803922,0.109803921569,0.545098039216,0.117647058824,0.76862745098,0.145098039216,0.043137254902,0.937254901961,0.792156862745,0.0,0.81568627451,0.258823529412,0.450980392157,0.0,0.450980392157,0.596078431373,0.925490196078,0.917647058824,0.721568627451,0.745098039216,0.749019607843,0.6,0.588235294118,0.592156862745,0.470588235294,0.427450980392,0.435294117647,0.349019607843,0.290196078431,0.294117647059,0.23137254902,0.164705882353,0.164705882353,0.117647058824,20.2,13.3,14.3
Incandescent bulb (A),Benzphetamine HCl,negative,0.341176470588,0.105882352941,0.0196078431373,0.435294117647,0.282352941176,0.113725490196,0.796078431373,0.533333333333,0.349019607843,0.294117647059,0.41568627451,0.498039215686,0.298039215686,0.392156862745,0.0470588235294,0.494117647059,0.439215686275,0.564705882353,0.188235294118,0.701960784314,0.560784313725,0.882352941176,0.470588235294,0.0,0.2,0.270588235294,0.545098039216,0.83137254902,0.282352941176,0.21568627451,0.352941176471,0.18431372549,0.298039215686,0.552941176471,0.733333333333,0.0,0.913725490196,0.643137254902,0.00392156862745,0.0588235294118,0.137254901961,0.474509803922,0.109803921569,0.545098039216,0.117647058824,0.76862745098,0.145098039216,0.043137254902,0.937254901961,0.792156862745,0.0,0.81568627451,0.258823529412,0.450980392157,0.0,0.450980392157,0.596078431373,0.925490196078,0.917647058824,0.721568627451,0.745098039216,0.749019607843,0.6,0.588235294118,0.592156862745,0.470588235294,0.427450980392,0.435294117647,0.349019607843,0.290196078431,0.294117647059,0.23137254902,0.164705882353,0.164705882353,0.117647058824,20.2,25.3,12.9
Daylight (D65),Morphine monohydrate,positive,0.356862745098,0.192156862745,0.337254901961,0.403921568627,0.282352941176,0.23137254902,0.674509803922,0.505882352941,0.443137254902,0.301960784314,0.427450980392,0.545098039216,0.309803921569,0.38431372549,0.188235294118,0.439215686275,0.447058823529,0.611764705882,0.301960784314,0.658823529412,0.592156862745,0.749019607843,0.411764705882,0.0235294117647,0.2,0.317647058824,0.588235294118,0.682352941176,0.282352941176,0.341176470588,0.313725490196,0.207843137255,0.36862745098,0.533333333333,0.650980392157,0.0156862745098,0.772549019608,0.549019607843,0.00392156862745,0.0549019607843,0.211764705882,0.521568627451,0.239215686275,0.517647058824,0.21568627451,0.627450980392,0.16862745098,0.211764705882,0.8,0.674509803922,0.0,0.662745098039,0.286274509804,0.529411764706,0.0,0.482352941176,0.603921568627,0.792156862745,0.807843137255,0.788235294118,0.658823529412,0.678431372549,0.670588235294,0.533333333333,0.552941176471,0.549019607843,0.407843137255,0.419607843137,0.419607843137,0.286274509804,0.301960784314,0.301960784314,0.176470588235,0.18431372549,0.18431372549,29.4,25.6,-13.7
Daylight (D65),Meperidine HCl,negative,0.388235294118,0.207843137255,0.043137254902,0.403921568627,0.282352941176,0.23137254902,0.674509803922,0.505882352941,0.443137254902,0.301960784314,0.427450980392,0.545098039216,0.309803921569,0.38431372549,0.188235294118,0.439215686275,0.447058823529,0.611764705882,0.301960784314,0.658823529412,0.592156862745,0.749019607843,0.411764705882,0.0235294117647,0.2,0.317647058824,0.588235294118,0.682352941176,0.282352941176,0.341176470588,0.313725490196,0.207843137255,0.36862745098,0.533333333333,0.650980392157,0.0156862745098,0.772549019608,0.549019607843,0.00392156862745,0.0549019607843,0.211764705882,0.521568627451,0.239215686275,0.517647058824,0.21568627451,0.627450980392,0.16862745098,0.211764705882,0.8,0.674509803922,0.0,0.662745098039,0.286274509804,0.529411764706,0.0,0.482352941176,0.603921568627,0.792156862745,0.807843137255,0.788235294118,0.658823529412,0.678431372549,0.670588235294,0.533333333333,0.552941176471,0.549019607843,0.407843137255,0.419607843137,0.419607843137,0.286274509804,0.301960784314,0.301960784314,0.176470588235,0.18431372549,0.18431372549,29.7,19.7,34.7
Tube light (FL2),Morphine monohydrate,positive,0.337254901961,0.207843137255,0.309803921569,0.396078431373,0.317647058824,0.188235294118,0.694117647059,0.564705882353,0.419607843137,0.298039215686,0.423529411765,0.541176470588,0.298039215686,0.407843137255,0.145098039216,0.427450980392,0.447058823529,0.611764705882,0.333333333333,0.690196078431,0.588235294118,0.792156862745,0.529411764706,0.0,0.188235294118,0.274509803922,0.588235294118,0.686274509804,0.337254901961,0.305882352941,0.266666666667,0.203921568627,0.349019607843,0.560784313725,0.737254901961,0.00392156862745,0.803921568627,0.674509803922,0.0,0.0470588235294,0.137254901961,0.517647058824,0.258823529412,0.552941176471,0.180392156863,0.572549019608,0.235294117647,0.16862745098,0.839215686275,0.811764705882,0.0,0.623529411765,0.309803921569,0.513725490196,0.0,0.443137254902,0.607843137255,0.854901960784,0.921568627451,0.8,0.698039215686,0.756862745098,0.666666666667,0.556862745098,0.603921568627,0.533333333333,0.407843137255,0.450980392157,0.396078431373,0.282352941176,0.309803921569,0.274509803922,0.160784313725,0.180392156863,0.156862745098,30.5,24.1,-11.4
Tube light (FL2),Oxycodone HCl,positive,0.525490196078,0.525490196078,0.572549019608,0.396078431373,0.317647058824,0.188235294118,0.694117647059,0.564705882353,0.419607843137,0.298039215686,0.423529411765,0.541176470588,0.298039215686,0.407843137255,0.145098039216,0.427450980392,0.447058823529,0.611764705882,0.333333333333,0.690196078431,0.588235294118,0.792156862745,0.529411764706,0.0,0.188235294118,0.274509803922,0.588235294118,0.686274509804,0.337254901961,0.305882352941,0.266666666667,0.203921568627,0.349019607843,0.560784313725,0.737254901961,0.00392156862745,0.803921568627,0.674509803922,0.0,0.0470588235294,0.137254901961,0.517647058824,0.258823529412,0.552941176471,0.180392156863,0.572549019608,0.235294117647,0.16862745098,0.839215686275,0.811764705882,0.0,0.623529411765,0.309803921569,0.513725490196,0.0,0.443137254902,0.607843137255,0.854901960784,0.921568627451,0.8,0.698039215686,0.756862745098,0.666666666667,0.556862745098,0.603921568627,0.533333333333,0.407843137255,0.450980392157,0.396078431373,0.282352941176,0.309803921569,0.274509803922,0.160784313725,0.180392156863,0.156862745098,61.6,7.9,-10.5
Incandescent bulb (A),Diacetylmorphine HCl,positive,0.462745098039,0.121568627451,0.192156862745,0.396078431373,0.270588235294,0.207843137255,0.698039215686,0.482352941176,0.435294117647,0.309803921569,0.360784313725,0.494117647059,0.301960784314,0.349019607843,0.2,0.450980392157,0.376470588235,0.552941176471,0.313725490196,0.592156862745,0.576470588235,0.764705882353,0.450980392157,0.101960784314,0.21568627451,0.223529411765,0.517647058824,0.705882352941,0.294117647059,0.309803921569,0.317647058824,0.16862745098,0.301960784314,0.537254901961,0.63137254902,0.247058823529,0.780392156863,0.56862745098,0.043137254902,0.0901960784314,0.0941176470588,0.450980392157,0.239215686275,0.482352941176,0.282352941176,0.662745098039,0.196078431373,0.2,0.819607843137,0.698039215686,0.105882352941,0.694117647059,0.258823529412,0.458823529412,0.0,0.380392156863,0.556862745098,0.847058823529,0.792156862745,0.788235294118,0.690196078431,0.650980392157,0.650980392157,0.545098039216,0.521568627451,0.521568627451,0.403921568627,0.388235294118,0.38431372549,0.278431372549,0.262745098039,0.266666666667,0.160784313725,0.152941176471,0.149019607843,29.0,45.9,2.2
Incandescent bulb (A),Morphine monohydrate,positive,0.341176470588,0.16862745098,0.274509803922,0.396078431373,0.270588235294,0.207843137255,0.698039215686,0.482352941176,0.435294117647,0.309803921569,0.360784313725,0.494117647059,0.301960784314,0.349019607843,0.2,0.450980392157,0.376470588235,0.552941176471,0.313725490196,0.592156862745,0.576470588235,0.764705882353,0.450980392157,0.101960784314,0.21568627451,0.223529411765,0.517647058824,0.705882352941,0.294117647059,0.309803921569,0.317647058824,0.16862745098,0.301960784314,0.537254901961,0.63137254902,0.247058823529,0.780392156863,0.56862745098,0.043137254902,0.0901960784314,0.0941176470588,0.450980392157,0.239215686275,0.482352941176,0.282352941176,0.662745098039,0.196078431373,0.2,0.819607843137,0.698039215686,0.105882352941,0.694117647059,0.258823529412,0.458823529412,0.0,0.380392156863,0.556862745098,0.847058823529,0.792156862745,0.788235294118,0.690196078431,0.650980392157,0.650980392157,0.545098039216,0.521568627451,0.521568627451,0.403921568627,0.388235294118,0.38431372549,0.278431372549,0.262745098039,0.266666666667,0.160784313725,0.152941176471,0.149019607843,30.0,22.9,-11.2
Daylight (D65),Oxycodone HCl,positive,0.498039215686,0.619607843137,0.63137254902,0.423529411765,0.36862745098,0.254901960784,0.698039215686,0.643137254902,0.490196078431,0.247058823529,0.545098039216,0.6,0.305882352941,0.474509803922,0.196078431373,0.411764705882,0.572549019608,0.666666666667,0.113725490196,0.803921568627,0.635294117647,0.796078431373,0.537254901961,0.00392156862745,0.0823529411765,0.427450980392,0.650980392157,0.713725490196,0.396078431373,0.380392156863,0.321568627451,0.290196078431,0.407843137255,0.521568627451,0.788235294118,0.0,0.796078431373,0.678431372549,0.00392156862745,0.00392156862745,0.313725490196,0.576470588235,0.145098039216,0.643137254902,0.21568627451,0.658823529412,0.274509803922,0.23137254902,0.819607843137,0.83137254902,0.0,0.686274509804,0.407843137255,0.576470588235,0.0,0.603921568627,0.650980392157,0.796078431373,0.996078431373,0.866666666667,0.654901960784,0.854901960784,0.733333333333,0.529411764706,0.694117647059,0.6,0.4,0.537254901961,0.458823529412,0.278431372549,0.38431372549,0.325490196078,0.172549019608,0.235294117647,0.203921568627,60.2,7.7,-11.9
Daylight (D65),Methadone HCl,negative,0.803921568627,0.8,0.596078431373,0.423529411765,0.36862745098,0.254901960784,0.698039215686,0.643137254902,0.490196078431,0.247058823529,0.545098039216,0.6,0.305882352941,0.474509803922,0.196078431373,0.411764705882,0.572549019608,0.666666666667,0.113725490196,0.803921568627,0.635294117647,0.796078431373,0.537254901961,0.00392156862745,0.0823529411765,0.427450980392,0.650980392157,0.713725490196,0.396078431373,0.380392156863,0.321568627451,0.290196078431,0.407843137255,0.521568627451,0.788235294118,0.0,0.796078431373,0.678431372549,0.00392156862745,0.00392156862745,0.313725490196,0.576470588235,0.145098039216,0.643137254902,0.21568627451,0.658823529412,0.274509803922,0.23137254902,0.819607843137,0.83137254902,0.0,0.686274509804,0.407843137255,0.576470588235,0.0,0.603921568627,0.650980392157,0.796078431373,0.996078431373,0.866666666667,0.654901960784,0.854901960784,0.733333333333,0.529411764706,0.694117647059,0.6,0.4,0.537254901961,0.458823529412,0.278431372549,0.38431372549,0.325490196078,0.172549019608,0.235294117647,0.203921568627,79.4,11.9,20.0
Tube light (FL2),Morphine monohydrate,positive,0.356862745098,0.2,0.349019607843,0.419607843137,0.325490196078,0.23137254902,0.717647058824,0.564705882353,0.482352941176,0.313725490196,0.41568627451,0.607843137255,0.309803921569,0.41568627451,0.192156862745,0.439215686275,0.43137254902,0.678431372549,0.345098039216,0.686274509804,0.662745098039,0.819607843137,0.537254901961,0.0,0.196078431373,0.247058823529,0.654901960784,0.709803921569,0.337254901961,0.360784313725,0.282352941176,0.192156862745,0.392156862745,0.580392156863,0.745098039216,0.0078431372549,0.827450980392,0.678431372549,0.0,0.0470588235294,0.0705882352941,0.576470588235,0.270588235294,0.560784313725,0.250980392157,0.596078431373,0.235294117647,0.203921568627,0.862745098039,0.81568627451,0.0,0.650980392157,0.290196078431,0.572549019608,0.0,0.43137254902,0.678431372549,0.874509803922,0.917647058824,0.901960784314,0.717647058824,0.749019607843,0.756862745098,0.572549019608,0.603921568627,0.611764705882,0.427450980392,0.450980392157,0.450980392157,0.294117647059,0.317647058824,0.317647058824,0.180392156863,0.18431372549,0.188235294118,30.6,24.6,-11.7
Tube light (FL2),Oxycodone HCl,positive,0.533333333333,0.509803921569,0.643137254902,0.419607843137,0.325490196078,0.23137254902,0.717647058824,0.564705882353,0.482352941176,0.313725490196,0.41568627451,0.607843137255,0.309803921569,0.41568627451,0.192156862745,0.439215686275,0.43137254902,0.678431372549,0.345098039216,0.686274509804,0.662745098039,0.819607843137,0.537254901961,0.0,0.196078431373,0.247058823529,0.654901960784,0.709803921569,0.337254901961,0.360784313725,0.282352941176,0.192156862745,0.392156862745,0.580392156863,0.745098039216,0.0078431372549,0.827450980392,0.678431372549,0.0,0.0470588235294,0.0705882352941,0.576470588235,0.270588235294,0.560784313725,0.250980392157,0.596078431373,0.235294117647,0.203921568627,0.862745098039,0.81568627451,0.0,0.650980392157,0.290196078431,0.572549019608,0.0,0.43137254902,0.678431372549,0.874509803922,0.917647058824,0.901960784314,0.717647058824,0.749019607843,0.756862745098,0.572549019608,0.603921568627,0.611764705882,0.427450980392,0.450980392157,0.450980392157,0.294117647059,0.317647058824,0.317647058824,0.180392156863,0.18431372549,0.188235294118,60.8,8.0,-11.1
White LED torch (LED-B3),Codeine,positive,0.498039215686,0.525490196078,0.494117647059,0.364705882353,0.262745098039,0.141176470588,0.662745098039,0.498039215686,0.349019607843,0.211764705882,0.38431372549,0.521568627451,0.239215686275,0.372549019608,0.0588235294118,0.376470588235,0.4,0.596078431373,0.0470588235294,0.654901960784,0.537254901961,0.760784313725,0.43137254902,0.00392156862745,0.101960784314,0.235294117647,0.588235294118,0.690196078431,0.258823529412,0.258823529412,0.262745098039,0.164705882353,0.337254901961,0.458823529412,0.690196078431,0.0,0.776470588235,0.592156862745,0.00392156862745,0.0117647058824,0.0941176470588,0.517647058824,0.0392156862745,0.517647058824,0.0235294117647,0.611764705882,0.145098039216,0.0941176470588,0.788235294118,0.737254901961,0.00392156862745,0.650980392157,0.23137254902,0.498039215686,0.0,0.427450980392,0.588235294118,0.760784313725,0.850980392157,0.749019607843,0.611764705882,0.694117647059,0.623529411765,0.486274509804,0.549019607843,0.498039215686,0.356862745098,0.407843137255,0.364705882353,0.235294117647,0.278431372549,0.247058823529,0.133333333333,0.156862745098,0.137254901961,43.6,4.8,-2.4
White LED torch (LED-B3),d-Methamphetamine HCl,negative,0.611764705882,0.196078431373,0.00392156862745,0.364705882353,0.262745098039,0.141176470588,0.662745098039,0.498039215686,0.349019607843,0.211764705882,0.38431372549,0.521568627451,0.239215686275,0.372549019608,0.0588235294118,0.376470588235,0.4,0.596078431373,0.0470588235294,0.654901960784,0.537254901961,0.760784313725,0.43137254902,0.00392156862745,0.101960784314,0.235294117647,0.588235294118,0.690196078431,0.258823529412,0.258823529412,0.262745098039,0.164705882353,0.337254901961,0.458823529412,0.690196078431,0.0,0.776470588235,0.592156862745,0.00392156862745,0.0117647058824,0.0941176470588,0.517647058824,0.0392156862745,0.517647058824,0.0235294117647,0.611764705882,0.145098039216,0.0941176470588,0.788235294118,0.737254901961,0.00392156862745,0.650980392157,0.23137254902,0.498039215686,0.0,0.427450980392,0.588235294118,0.760784313725,0.850980392157,0.749019607843,0.611764705882,0.694117647059,0.623529411765,0.486274509804,0.549019607843,0.498039215686,0.356862745098,0.407843137255,0.364705882353,0.235294117647,0.278431372549,0.247058823529,0.133333333333,0.156862745098,0.137254901961,41.2,47.5,41.6
Incandescent bulb (A),LSD,negative,0.211764705882,0.211764705882,0.145098039216,0.470588235294,0.341176470588,0.266666666667,0.776470588235,0.572549019608,0.521568627451,0.349019607843,0.439215686275,0.6,0.349019607843,0.435294117647,0.254901960784,0.509803921569,0.454901960784,0.662745098039,0.321568627451,0.678431372549,0.690196078431,0.850980392157,0.533333333333,0.0745098039216,0.254901960784,0.278431372549,0.627450980392,0.792156862745,0.360784313725,0.380392156863,0.38431372549,0.223529411765,0.396078431373,0.580392156863,0.721568627451,0.290196078431,0.850980392157,0.658823529412,0.0117647058824,0.0941176470588,0.113725490196,0.560784313725,0.247058823529,0.56862745098,0.360784313725,0.745098039216,0.250980392157,0.254901960784,0.886274509804,0.788235294118,0.0470588235294,0.772549019608,0.321568627451,0.552941176471,0.00392156862745,0.454901960784,0.670588235294,0.894117647059,0.882352941176,0.886274509804,0.741176470588,0.737254901961,0.752941176471,0.603921568627,0.603921568627,0.611764705882,0.462745098039,0.462745098039,0.470588235294,0.333333333333,0.333333333333,0.341176470588,0.207843137255,0.207843137255,0.211764705882,19.5,-2.3,12.7
Incandescent bulb (A),Oxycodone HCl,positive,0.576470588235,0.521568627451,0.623529411765,0.470588235294,0.341176470588,0.266666666667,0.776470588235,0.572549019608,0.521568627451,0.349019607843,0.439215686275,0.6,0.349019607843,0.435294117647,0.254901960784,0.509803921569,0.454901960784,0.662745098039,0.321568627451,0.678431372549,0.690196078431,0.850980392157,0.533333333333,0.0745098039216,0.254901960784,0.278431372549,0.627450980392,0.792156862745,0.360784313725,0.380392156863,0.38431372549,0.223529411765,0.396078431373,0.580392156863,0.721568627451,0.290196078431,0.850980392157,0.658823529412,0.0117647058824,0.0941176470588,0.113725490196,0.560784313725,0.247058823529,0.56862745098,0.360784313725,0.745098039216,0.250980392157,0.254901960784,0.886274509804,0.788235294118,0.0470588235294,0.772549019608,0.321568627451,0.552941176471,0.00392156862745,0.454901960784,0.670588235294,0.894117647059,0.882352941176,0.886274509804,0.741176470588,0.737254901961,0.752941176471,0.603921568627,0.603921568627,0.611764705882,0.462745098039,0.462745098039,0.470588235294,0.333333333333,0.333333333333,0.341176470588,0.207843137255,0.207843137255,0.211764705882,60.3,6.1,-9.6
Daylight (D65),Doxepin HCl,negative,0.235294117647,0.141176470588,0.141176470588,0.43137254902,0.282352941176,0.219607843137,0.752941176471,0.529411764706,0.458823529412,0.325490196078,0.439215686275,0.572549019608,0.325490196078,0.388235294118,0.176470588235,0.474509803922,0.458823529412,0.643137254902,0.341176470588,0.701960784314,0.619607843137,0.843137254902,0.419607843137,0.00392156862745,0.21568627451,0.321568627451,0.623529411765,0.756862745098,0.274509803922,0.349019607843,0.325490196078,0.2,0.36862745098,0.588235294118,0.690196078431,0.00392156862745,0.858823529412,0.56862745098,0.0,0.0705882352941,0.211764705882,0.545098039216,0.262745098039,0.549019607843,0.203921568627,0.682352941176,0.149019607843,0.2,0.898039215686,0.725490196078,0.0,0.725490196078,0.278431372549,0.549019607843,0.0,0.501960784314,0.63137254902,0.917647058824,0.898039215686,0.866666666667,0.745098039216,0.733333333333,0.721568627451,0.592156862745,0.588235294118,0.576470588235,0.435294117647,0.435294117647,0.427450980392,0.298039215686,0.298039215686,0.294117647059,0.176470588235,0.172549019608,0.16862745098,19.4,10.3,4.6
Daylight (D65),Diacetylmorphine HCl,positive,0.505882352941,0.0235294117647,0.262745098039,0.43137254902,0.282352941176,0.219607843137,0.752941176471,0.529411764706,0.458823529412,0.325490196078,0.439215686275,0.572549019608,0.325490196078,0.388235294118,0.176470588235,0.474509803922,0.458823529412,0.643137254902,0.341176470588,0.701960784314,0.619607843137,0.843137254902,0.419607843137,0.00392156862745,0.21568627451,0.321568627451,0.623529411765,0.756862745098,0.274509803922,0.349019607843,0.325490196078,0.2,0.36862745098,0.588235294118,0.690196078431,0.00392156862745,0.858823529412,0.56862745098,0.0,0.0705882352941,0.211764705882,0.545098039216,0.262745098039,0.549019607843,0.203921568627,0.682352941176,0.149019607843,0.2,0.898039215686,0.725490196078,0.0,0.725490196078,0.278431372549,0.549019607843,0.0,0.501960784314,0.63137254902,0.917647058824,0.898039215686,0.866666666667,0.745098039216,0.733333333333,0.721568627451,0.592156862745,0.588235294118,0.576470588235,0.435294117647,0.435294117647,0.427450980392,0.298039215686,0.298039215686,0.294117647059,0.176470588235,0.172549019608,0.16862745098,29.6,47.2,0.1
Tube light (FL2),Diacetylmorphine HCl,positive,0.509803921569,0.223529411765,0.254901960784,0.454901960784,0.392156862745,0.2,0.741176470588,0.639215686275,0.41568627451,0.356862745098,0.505882352941,0.549019607843,0.356862745098,0.474509803922,0.117647058824,0.474509803922,0.533333333333,0.607843137255,0.376470588235,0.760784313725,0.56862745098,0.835294117647,0.596078431373,0.00392156862745,0.243137254902,0.372549019608,0.607843137255,0.733333333333,0.411764705882,0.325490196078,0.317647058824,0.278431372549,0.372549019608,0.6,0.788235294118,0.00392156862745,0.839215686275,0.729411764706,0.0,0.0823529411765,0.243137254902,0.541176470588,0.305882352941,0.619607843137,0.117647058824,0.627450980392,0.301960784314,0.18431372549,0.870588235294,0.858823529412,0.0,0.670588235294,0.392156862745,0.525490196078,0.00392156862745,0.521568627451,0.603921568627,0.882352941176,0.980392156863,0.752941176471,0.733333333333,0.827450980392,0.639215686275,0.596078431373,0.678431372549,0.517647058824,0.458823529412,0.521568627451,0.407843137255,0.329411764706,0.376470588235,0.290196078431,0.211764705882,0.239215686275,0.176470588235,29.6,47.0,2.9
Tube light (FL2),Morphine monohydrate,positive,0.392156862745,0.270588235294,0.329411764706,0.454901960784,0.392156862745,0.2,0.741176470588,0.639215686275,0.41568627451,0.356862745098,0.505882352941,0.549019607843,0.356862745098,0.474509803922,0.117647058824,0.474509803922,0.533333333333,0.607843137255,0.376470588235,0.760784313725,0.56862745098,0.835294117647,0.596078431373,0.00392156862745,0.243137254902,0.372549019608,0.607843137255,0.733333333333,0.411764705882,0.325490196078,0.317647058824,0.278431372549,0.372549019608,0.6,0.788235294118,0.00392156862745,0.839215686275,0.729411764706,0.0,0.0823529411765,0.243137254902,0.541176470588,0.305882352941,0.619607843137,0.117647058824,0.627450980392,0.301960784314,0.18431372549,0.870588235294,0.858823529412,0.0,0.670588235294,0.392156862745,0.525490196078,0.00392156862745,0.521568627451,0.603921568627,0.882352941176,0.980392156863,0.752941176471,0.733333333333,0.827450980392,0.639215686275,0.596078431373,0.678431372549,0.517647058824,0.458823529412,0.521568627451,0.407843137255,0.329411764706,0.376470588235,0.290196078431,0.211764705882,0.239215686275,0.176470588235,30.4,25.4,-11.1
White LED torch (LED-B3),LSD,negative,0.149019607843,0.180392156863,0.0313725490196,0.41568627451,0.321568627451,0.105882352941,0.733333333333,0.580392156863,0.290196078431,0.258823529412,0.458823529412,0.498039215686,0.270588235294,0.419607843137,0.00392156862745,0.419607843137,0.478431372549,0.556862745098,0.133333333333,0.733333333333,0.466666666667,0.839215686275,0.501960784314,0.0,0.145098039216,0.321568627451,0.572549019608,0.752941176471,0.321568627451,0.23137254902,0.290196078431,0.21568627451,0.321568627451,0.509803921569,0.756862745098,0.0,0.827450980392,0.647058823529,0.00392156862745,0.0156862745098,0.192156862745,0.509803921569,0.0862745098039,0.588235294118,0.00392156862745,0.666666666667,0.196078431373,0.0549019607843,0.858823529412,0.811764705882,0.0,0.701960784314,0.305882352941,0.466666666667,0.0,0.494117647059,0.545098039216,0.854901960784,0.980392156863,0.682352941176,0.690196078431,0.8,0.56862745098,0.545098039216,0.63137254902,0.447058823529,0.392156862745,0.466666666667,0.321568627451,0.262745098039,0.317647058824,0.219607843137,0.149019607843,0.180392156863,0.117647058824,19.6,-3.4,13.1
White LED torch (LED-B3),Meperidine HCl,negative,0.552941176471,0.513725490196,0.282352941176,0.41568627451,0.321568627451,0.105882352941,0.733333333333,0.580392156863,0.290196078431,0.258823529412,0.458823529412,0.498039215686,0.270588235294,0.419607843137,0.00392156862745,0.419607843137,0.478431372549,0.556862745098,0.133333333333,0.733333333333,0.466666666667,0.839215686275,0.501960784314,0.0,0.145098039216,0.321568627451,0.572549019608,0.752941176471,0.321568627451,0.23137254902,0.290196078431,0.21568627451,0.321568627451,0.509803921569,0.756862745098,0.0,0.827450980392,0.647058823529,0.00392156862745,0.0156862745098,0.192156862745,0.509803921569,0.0862745098039,0.588235294118,0.00392156862745,0.666666666667,0.196078431373,0.0549019607843,0.858823529412,0.811764705882,0.0,0.701960784314,0.305882352941,0.466666666667,0.0,0.494117647059,0.545098039216,0.854901960784,0.980392156863,0.682352941176,0.690196078431,0.8,0.56862745098,0.545098039216,0.63137254902,0.447058823529,0.392156862745,0.466666666667,0.321568627451,0.262745098039,0.317647058824,0.219607843137,0.149019607843,0.180392156863,0.117647058824,36.7,13.9,29.5
Incandescent bulb (A),d-Methamphetamine HCl,negative,0.729411764706,0.270588235294,0.0,0.454901960784,0.321568627451,0.211764705882,0.8,0.580392156863,0.490196078431,0.294117647059,0.439215686275,0.611764705882,0.301960784314,0.427450980392,0.180392156863,0.490196078431,0.454901960784,0.670588235294,0.113725490196,0.725490196078,0.686274509804,0.894117647059,0.525490196078,0.0,0.18431372549,0.274509803922,0.643137254902,0.835294117647,0.329411764706,0.325490196078,0.360784313725,0.2,0.372549019608,0.537254901961,0.772549019608,0.0313725490196,0.898039215686,0.690196078431,0.0,0.0313725490196,0.113725490196,0.564705882353,0.0745098039216,0.580392156863,0.286274509804,0.780392156863,0.2,0.164705882353,0.933333333333,0.839215686275,0.0,0.811764705882,0.290196078431,0.545098039216,0.0,0.462745098039,0.701960784314,0.909803921569,0.956862745098,0.901960784314,0.741176470588,0.78431372549,0.752941176471,0.58431372549,0.627450980392,0.603921568627,0.43137254902,0.466666666667,0.447058823529,0.298039215686,0.317647058824,0.313725490196,0.176470588235,0.18431372549,0.172549019608,41.1,46.1,33.6
Incandescent bulb (A),Morphine monohydrate,positive,0.4,0.196078431373,0.333333333333,0.454901960784,0.321568627451,0.211764705882,0.8,0.580392156863,0.490196078431,0.294117647059,0.439215686275,0.611764705882,0.301960784314,0.427450980392,0.180392156863,0.490196078431,0.454901960784,0.670588235294,0.113725490196,0.725490196078,0.686274509804,0.894117647059,0.525490196078,0.0,0.18431372549,0.274509803922,0.643137254902,0.835294117647,0.329411764706,0.325490196078,0.360784313725,0.2,0.372549019608,0.537254901961,0.772549019608,0.0313725490196,0.898039215686,0.690196078431,0.0,0.0313725490196,0.113725490196,0.564705882353,0.0745098039216,0.580392156863,0.286274509804,0.780392156863,0.2,0.164705882353,0.933333333333,0.839215686275,0.0,0.811764705882,0.290196078431,0.545098039216,0.0,0.462745098039,0.701960784314,0.909803921569,0.956862745098,0.901960784314,0.741176470588,0.78431372549,0.752941176471,0.58431372549,0.627450980392,0.603921568627,0.43137254902,0.466666666667,0.447058823529,0.298039215686,0.317647058824,0.313725490196,0.176470588235,0.18431372549,0.172549019608,30.1,23.0,-11.1
Daylight (D65),Codeine,positive,0.262745098039,0.172549019608,0.266666666667,0.458823529412,0.329411764706,0.254901960784,0.760784313725,0.58431372549,0.494117647059,0.349019607843,0.494117647059,0.6,0.356862745098,0.439215686275,0.21568627451,0.498039215686,0.517647058824,0.666666666667,0.364705882353,0.749019607843,0.647058823529,0.839215686275,0.478431372549,0.0588235294118,0.239215686275,0.372549019608,0.647058823529,0.76862745098,0.337254901961,0.38431372549,0.356862745098,0.250980392157,0.403921568627,0.607843137255,0.737254901961,0.0313725490196,0.866666666667,0.623529411765,0.0,0.078431372549,0.262745098039,0.572549019608,0.286274509804,0.596078431373,0.247058823529,0.701960784314,0.219607843137,0.239215686275,0.898039215686,0.772549019608,0.0,0.737254901961,0.345098039216,0.580392156863,0.0,0.552941176471,0.658823529412,0.905882352941,0.933333333333,0.878431372549,0.752941176471,0.780392156863,0.745098039216,0.607843137255,0.635294117647,0.603921568627,0.462745098039,0.486274509804,0.462745098039,0.329411764706,0.349019607843,0.333333333333,0.203921568627,0.21568627451,0.2,19.2,17.0,-11.7
Daylight (D65),Mescaline HCl,negative,0.843137254902,0.482352941176,0.0,0.458823529412,0.329411764706,0.254901960784,0.760784313725,0.58431372549,0.494117647059,0.349019607843,0.494117647059,0.6,0.356862745098,0.439215686275,0.21568627451,0.498039215686,0.517647058824,0.666666666667,0.364705882353,0.749019607843,0.647058823529,0.839215686275,0.478431372549,0.0588235294118,0.239215686275,0.372549019608,0.647058823529,0.76862745098,0.337254901961,0.38431372549,0.356862745098,0.250980392157,0.403921568627,0.607843137255,0.737254901961,0.0313725490196,0.866666666667,0.623529411765,0.0,0.078431372549,0.262745098039,0.572549019608,0.286274509804,0.596078431373,0.247058823529,0.701960784314,0.219607843137,0.239215686275,0.898039215686,0.772549019608,0.0,0.737254901961,0.345098039216,0.580392156863,0.0,0.552941176471,0.658823529412,0.905882352941,0.933333333333,0.878431372549,0.752941176471,0.780392156863,0.745098039216,0.607843137255,0.635294117647,0.603921568627,0.462745098039,0.486274509804,0.462745098039,0.329411764706,0.349019607843,0.333333333333,0.203921568627,0.21568627451,0.2,61.0,31.4,61.4
Tube light (FL2),Codeine,positive,0.211764705882,0.121568627451,0.203921568627,0.396078431373,0.286274509804,0.160784313725,0.694117647059,0.509803921569,0.380392156863,0.298039215686,0.38431372549,0.521568627451,0.294117647059,0.380392156863,0.0980392156863,0.427450980392,0.407843137255,0.588235294118,0.337254901961,0.643137254902,0.560784313725,0.788235294118,0.474509803922,0.0,0.196078431373,0.239215686275,0.576470588235,0.682352941176,0.290196078431,0.278431372549,0.270588235294,0.176470588235,0.337254901961,0.556862745098,0.690196078431,0.00392156862745,0.807843137255,0.623529411765,0.00392156862745,0.0705882352941,0.101960784314,0.505882352941,0.250980392157,0.513725490196,0.117647058824,0.576470588235,0.188235294118,0.137254901961,0.839215686275,0.752941176471,0.0,0.627450980392,0.258823529412,0.498039215686,0.00392156862745,0.403921568627,0.592156862745,0.850980392157,0.847058823529,0.752941176471,0.694117647059,0.694117647059,0.63137254902,0.552941176471,0.556862745098,0.501960784314,0.407843137255,0.411764705882,0.372549019608,0.278431372549,0.282352941176,0.258823529412,0.160784313725,0.160784313725,0.141176470588,20.2,14.2,-9.5
Tube light (FL2),Oxycodone HCl,positive,0.529411764706,0.478431372549,0.549019607843,0.396078431373,0.286274509804,0.160784313725,0.694117647059,0.509803921569,0.380392156863,0.298039215686,0.38431372549,0.521568627451,0.294117647059,0.380392156863,0.0980392156863,0.427450980392,0.407843137255,0.588235294118,0.337254901961,0.643137254902,0.560784313725,0.788235294118,0.474509803922,0.0,0.196078431373,0.239215686275,0.576470588235,0.682352941176,0.290196078431,0.278431372549,0.270588235294,0.176470588235,0.337254901961,0.556862745098,0.690196078431,0.00392156862745,0.807843137255,0.623529411765,0.00392156862745,0.0705882352941,0.101960784314,0.505882352941,0.250980392157,0.513725490196,0.117647058824,0.576470588235,0.188235294118,0.137254901961,0.839215686275,0.752941176471,0.0,0.627450980392,0.258823529412,0.498039215686,0.00392156862745,0.403921568627,0.592156862745,0.850980392157,0.847058823529,0.752941176471,0.694117647059,0.694117647059,0.63137254902,0.552941176471,0.556862745098,0.501960784314,0.407843137255,0.411764705882,0.372549019608,0.278431372549,0.282352941176,0.258823529412,0.160784313725,0.160784313725,0.141176470588,61.5,8.1,-10.2
White LED torch (LED-B3),Morphine monohydrate,positive,0.56862745098,0.521568627451,0.513725490196,0.4,0.298039215686,0.192156862745,0.729411764706,0.556862745098,0.419607843137,0.298039215686,0.419607843137,0.529411764706,0.294117647059,0.392156862745,0.156862745098,0.435294117647,0.443137254902,0.596078431373,0.329411764706,0.698039215686,0.564705882353,0.823529411765,0.498039215686,0.0117647058824,0.192156862745,0.270588235294,0.580392156863,0.725490196078,0.321568627451,0.305882352941,0.278431372549,0.188235294118,0.329411764706,0.560784313725,0.733333333333,0.0156862745098,0.83137254902,0.635294117647,0.00392156862745,0.0549019607843,0.141176470588,0.505882352941,0.250980392157,0.556862745098,0.188235294118,0.635294117647,0.211764705882,0.180392156863,0.874509803922,0.8,0.0,0.674509803922,0.294117647059,0.501960784314,0.00392156862745,0.454901960784,0.576470588235,0.898039215686,0.949019607843,0.83137254902,0.721568627451,0.76862745098,0.674509803922,0.564705882353,0.6,0.533333333333,0.407843137255,0.439215686275,0.388235294118,0.270588235294,0.294117647059,0.254901960784,0.152941176471,0.160784313725,0.137254901961,36.5,19.3,-9.0
White LED torch (LED-B3),Codeine,positive,0.192156862745,0.121568627451,0.192156862745,0.4,0.298039215686,0.192156862745,0.729411764706,0.556862745098,0.419607843137,0.298039215686,0.419607843137,0.529411764706,0.294117647059,0.392156862745,0.156862745098,0.435294117647,0.443137254902,0.596078431373,0.329411764706,0.698039215686,0.564705882353,0.823529411765,0.498039215686,0.0117647058824,0.192156862745,0.270588235294,0.580392156863,0.725490196078,0.321568627451,0.305882352941,0.278431372549,0.188235294118,0.329411764706,0.560784313725,0.733333333333,0.0156862745098,0.83137254902,0.635294117647,0.00392156862745,0.0549019607843,0.141176470588,0.505882352941,0.250980392157,0.556862745098,0.188235294118,0.635294117647,0.211764705882,0.180392156863,0.874509803922,0.8,0.0,0.674509803922,0.294117647059,0.501960784314,0.00392156862745,0.454901960784,0.576470588235,0.898039215686,0.949019607843,0.83137254902,0.721568627451,0.76862745098,0.674509803922,0.564705882353,0.6,0.533333333333,0.407843137255,0.439215686275,0.388235294118,0.270588235294,0.294117647059,0.254901960784,0.152941176471,0.160784313725,0.137254901961,19.8,13.6,-10.7
Incandescent bulb (A),Mescaline HCl,negative,0.870588235294,0.545098039216,0.00392156862745,0.482352941176,0.345098039216,0.266666666667,0.803921568627,0.580392156863,0.537254901961,0.345098039216,0.443137254902,0.623529411765,0.349019607843,0.439215686275,0.254901960784,0.521568627451,0.462745098039,0.686274509804,0.290196078431,0.701960784314,0.713725490196,0.882352941176,0.545098039216,0.0196078431373,0.239215686275,0.278431372549,0.658823529412,0.827450980392,0.360784313725,0.38431372549,0.388235294118,0.219607843137,0.4,0.588235294118,0.752941176471,0.250980392157,0.886274509804,0.678431372549,0.00392156862745,0.078431372549,0.109803921569,0.576470588235,0.21568627451,0.580392156863,0.352941176471,0.772549019608,0.243137254902,0.239215686275,0.913725490196,0.81568627451,0.00392156862745,0.803921568627,0.313725490196,0.56862745098,0.0,0.462745098039,0.701960784314,0.913725490196,0.905882352941,0.917647058824,0.752941176471,0.756862745098,0.772549019608,0.611764705882,0.61568627451,0.63137254902,0.466666666667,0.470588235294,0.486274509804,0.329411764706,0.333333333333,0.349019607843,0.203921568627,0.2,0.207843137255,60.8,28.9,56.0
Incandescent bulb (A),Diacetylmorphine HCl,positive,0.560784313725,0.156862745098,0.254901960784,0.482352941176,0.345098039216,0.266666666667,0.803921568627,0.580392156863,0.537254901961,0.345098039216,0.443137254902,0.623529411765,0.349019607843,0.439215686275,0.254901960784,0.521568627451,0.462745098039,0.686274509804,0.290196078431,0.701960784314,0.713725490196,0.882352941176,0.545098039216,0.0196078431373,0.239215686275,0.278431372549,0.658823529412,0.827450980392,0.360784313725,0.38431372549,0.388235294118,0.219607843137,0.4,0.588235294118,0.752941176471,0.250980392157,0.886274509804,0.678431372549,0.00392156862745,0.078431372549,0.109803921569,0.576470588235,0.21568627451,0.580392156863,0.352941176471,0.772549019608,0.243137254902,0.239215686275,0.913725490196,0.81568627451,0.00392156862745,0.803921568627,0.313725490196,0.56862745098,0.0,0.462745098039,0.701960784314,0.913725490196,0.905882352941,0.917647058824,0.752941176471,0.756862745098,0.772549019608,0.611764705882,0.61568627451,0.63137254902,0.466666666667,0.470588235294,0.486274509804,0.329411764706,0.333333333333,0.349019607843,0.203921568627,0.2,0.207843137255,29.2,44.9,2.5
Daylight (D65),Methylphenidate HCl,negative,0.796078431373,0.713725490196,0.00392156862745,0.4,0.329411764706,0.2,0.654901960784,0.572549019608,0.4,0.192156862745,0.494117647059,0.545098039216,0.262745098039,0.43137254902,0.0862745098039,0.380392156863,0.513725490196,0.611764705882,0.00392156862745,0.729411764706,0.556862745098,0.756862745098,0.462745098039,0.0,0.043137254902,0.38431372549,0.607843137255,0.690196078431,0.333333333333,0.321568627451,0.305882352941,0.254901960784,0.372549019608,0.462745098039,0.713725490196,0.0,0.756862745098,0.6,0.0,0.00392156862745,0.278431372549,0.549019607843,0.0313725490196,0.580392156863,0.0352941176471,0.643137254902,0.211764705882,0.164705882353,0.76862745098,0.737254901961,0.0,0.654901960784,0.345098039216,0.525490196078,0.0,0.549019607843,0.6,0.717647058824,0.905882352941,0.749019607843,0.588235294118,0.760784313725,0.639215686275,0.482352941176,0.619607843137,0.521568627451,0.364705882353,0.478431372549,0.4,0.254901960784,0.345098039216,0.290196078431,0.156862745098,0.21568627451,0.176470588235,80.3,6.3,63.3
Daylight (D65),Codeine,positive,0.223529411765,0.176470588235,0.250980392157,0.4,0.329411764706,0.2,0.654901960784,0.572549019608,0.4,0.192156862745,0.494117647059,0.545098039216,0.262745098039,0.43137254902,0.0862745098039,0.380392156863,0.513725490196,0.611764705882,0.00392156862745,0.729411764706,0.556862745098,0.756862745098,0.462745098039,0.0,0.043137254902,0.38431372549,0.607843137255,0.690196078431,0.333333333333,0.321568627451,0.305882352941,0.254901960784,0.372549019608,0.462745098039,0.713725490196,0.0,0.756862745098,0.6,0.0,0.00392156862745,0.278431372549,0.549019607843,0.0313725490196,0.580392156863,0.0352941176471,0.643137254902,0.211764705882,0.164705882353,0.76862745098,0.737254901961,0.0,0.654901960784,0.345098039216,0.525490196078,0.0,0.549019607843,0.6,0.717647058824,0.905882352941,0.749019607843,0.588235294118,0.760784313725,0.639215686275,0.482352941176,0.619607843137,0.521568627451,0.364705882353,0.478431372549,0.4,0.254901960784,0.345098039216,0.290196078431,0.156862745098,0.21568627451,0.176470588235,18.7,18.2,-13.3
Tube light (FL2),Morphine monohydrate,positive,0.356862745098,0.23137254902,0.345098039216,0.407843137255,0.333333333333,0.239215686275,0.674509803922,0.552941176471,0.462745098039,0.333333333333,0.423529411765,0.549019607843,0.329411764706,0.419607843137,0.21568627451,0.443137254902,0.450980392157,0.611764705882,0.388235294118,0.666666666667,0.603921568627,0.752941176471,0.525490196078,0.0313725490196,0.227450980392,0.282352941176,0.588235294118,0.654901960784,0.360784313725,0.356862745098,0.290196078431,0.223529411765,0.372549019608,0.56862745098,0.705882352941,0.117647058824,0.76862745098,0.658823529412,0.0,0.0862745098039,0.141176470588,0.521568627451,0.305882352941,0.541176470588,0.266666666667,0.564705882353,0.262745098039,0.223529411765,0.8,0.76862745098,0.00392156862745,0.611764705882,0.329411764706,0.525490196078,0.0196078431373,0.439215686275,0.603921568627,0.807843137255,0.850980392157,0.788235294118,0.678431372549,0.717647058824,0.682352941176,0.560784313725,0.588235294118,0.560784313725,0.43137254902,0.450980392157,0.427450980392,0.309803921569,0.329411764706,0.313725490196,0.196078431373,0.203921568627,0.192156862745,30.9,23.6,-12.0
Tube light (FL2),Methadone HCl,negative,0.792156862745,0.713725490196,0.56862745098,0.407843137255,0.333333333333,0.239215686275,0.674509803922,0.552941176471,0.462745098039,0.333333333333,0.423529411765,0.549019607843,0.329411764706,0.419607843137,0.21568627451,0.443137254902,0.450980392157,0.611764705882,0.388235294118,0.666666666667,0.603921568627,0.752941176471,0.525490196078,0.0313725490196,0.227450980392,0.282352941176,0.588235294118,0.654901960784,0.360784313725,0.356862745098,0.290196078431,0.223529411765,0.372549019608,0.56862745098,0.705882352941,0.117647058824,0.76862745098,0.658823529412,0.0,0.0862745098039,0.141176470588,0.521568627451,0.305882352941,0.541176470588,0.266666666667,0.564705882353,0.262745098039,0.223529411765,0.8,0.76862745098,0.00392156862745,0.611764705882,0.329411764706,0.525490196078,0.0196078431373,0.439215686275,0.603921568627,0.807843137255,0.850980392157,0.788235294118,0.678431372549,0.717647058824,0.682352941176,0.560784313725,0.588235294118,0.560784313725,0.43137254902,0.450980392157,0.427450980392,0.309803921569,0.329411764706,0.313725490196,0.196078431373,0.203921568627,0.192156862745,81.1,12.7,20.3
White LED torch (LED-B3),Morphine monohydrate,positive,0.364705882353,0.203921568627,0.337254901961,0.43137254902,0.325490196078,0.219607843137,0.701960784314,0.541176470588,0.423529411765,0.317647058824,0.43137254902,0.549019607843,0.317647058824,0.41568627451,0.16862745098,0.447058823529,0.443137254902,0.6,0.313725490196,0.658823529412,0.564705882353,0.78431372549,0.490196078431,0.0,0.21568627451,0.294117647059,0.603921568627,0.705882352941,0.329411764706,0.337254901961,0.325490196078,0.219607843137,0.376470588235,0.545098039216,0.690196078431,0.0,0.780392156863,0.611764705882,0.0,0.0705882352941,0.160784313725,0.545098039216,0.247058823529,0.556862745098,0.188235294118,0.639215686275,0.227450980392,0.203921568627,0.81568627451,0.741176470588,0.00392156862745,0.670588235294,0.301960784314,0.525490196078,0.0,0.466666666667,0.592156862745,0.827450980392,0.850980392157,0.772549019608,0.686274509804,0.709803921569,0.658823529412,0.560784313725,0.58431372549,0.545098039216,0.427450980392,0.447058823529,0.419607843137,0.305882352941,0.325490196078,0.301960784314,0.196078431373,0.203921568627,0.180392156863,29.0,25.4,-13.7
White LED torch (LED-B3),Morphine monohydrate,positive,0.36862745098,0.207843137255,0.341176470588,0.43137254902,0.325490196078,0.219607843137,0.701960784314,0.541176470588,0.423529411765,0.317647058824,0.43137254902,0.549019607843,0.317647058824,0.41568627451,0.16862745098,0.447058823529,0.443137254902,0.6,0.313725490196,0.658823529412,0.564705882353,0.78431372549,0.490196078431,0.0,0.21568627451,0.294117647059,0.603921568627,0.705882352941,0.329411764706,0.337254901961,0.325490196078,0.219607843137,0.376470588235,0.545098039216,0.690196078431,0.0,0.780392156863,0.611764705882,0.0,0.0705882352941,0.160784313725,0.545098039216,0.247058823529,0.556862745098,0.188235294118,0.639215686275,0.227450980392,0.203921568627,0.81568627451,0.741176470588,0.00392156862745,0.670588235294,0.301960784314,0.525490196078,0.0,0.466666666667,0.592156862745,0.827450980392,0.850980392157,0.772549019608,0.686274509804,0.709803921569,0.658823529412,0.560784313725,0.58431372549,0.545098039216,0.427450980392,0.447058823529,0.419607843137,0.305882352941,0.325490196078,0.301960784314,0.196078431373,0.203921568627,0.180392156863,29.5,25.4,-13.7
Incandescent bulb (A),MDA HCl,negative,0.172549019608,0.172549019608,0.101960784314,0.458823529412,0.333333333333,0.145098039216,0.752941176471,0.552941176471,0.337254901961,0.360784313725,0.454901960784,0.462745098039,0.349019607843,0.423529411765,0.0705882352941,0.521568627451,0.478431372549,0.509803921569,0.337254901961,0.682352941176,0.494117647059,0.823529411765,0.498039215686,0.0,0.274509803922,0.337254901961,0.505882352941,0.776470588235,0.352941176471,0.250980392157,0.392156862745,0.250980392157,0.305882352941,0.580392156863,0.701960784314,0.0,0.843137254902,0.623529411765,0.0,0.137254901961,0.223529411765,0.450980392157,0.254901960784,0.552941176471,0.133333333333,0.729411764706,0.239215686275,0.129411764706,0.862745098039,0.749019607843,0.00392156862745,0.76862745098,0.341176470588,0.43137254902,0.00392156862745,0.490196078431,0.537254901961,0.870588235294,0.854901960784,0.619607843137,0.733333333333,0.725490196078,0.533333333333,0.596078431373,0.6,0.435294117647,0.462745098039,0.466666666667,0.333333333333,0.333333333333,0.341176470588,0.247058823529,0.219607843137,0.21568627451,0.145098039216,13.6,-3.1,1.5
Incandescent bulb (A),d-Methamphetamine HCl,negative,0.690196078431,0.290196078431,0.0,0.458823529412,0.333333333333,0.145098039216,0.752941176471,0.552941176471,0.337254901961,0.360784313725,0.454901960784,0.462745098039,0.349019607843,0.423529411765,0.0705882352941,0.521568627451,0.478431372549,0.509803921569,0.337254901961,0.682352941176,0.494117647059,0.823529411765,0.498039215686,0.0,0.274509803922,0.337254901961,0.505882352941,0.776470588235,0.352941176471,0.250980392157,0.392156862745,0.250980392157,0.305882352941,0.580392156863,0.701960784314,0.0,0.843137254902,0.623529411765,0.0,0.137254901961,0.223529411765,0.450980392157,0.254901960784,0.552941176471,0.133333333333,0.729411764706,0.239215686275,0.129411764706,0.862745098039,0.749019607843,0.00392156862745,0.76862745098,0.341176470588,0.43137254902,0.00392156862745,0.490196078431,0.537254901961,0.870588235294,0.854901960784,0.619607843137,0.733333333333,0.725490196078,0.533333333333,0.596078431373,0.6,0.435294117647,0.462745098039,0.466666666667,0.333333333333,0.333333333333,0.341176470588,0.247058823529,0.219607843137,0.21568627451,0.145098039216,41.9,44.9,37.1
Daylight (D65),Morphine monohydrate,positive,0.313725490196,0.211764705882,0.333333333333,0.360784313725,0.305882352941,0.21568627451,0.61568627451,0.556862745098,0.439215686275,0.164705882353,0.466666666667,0.556862745098,0.235294117647,0.407843137255,0.160784313725,0.345098039216,0.490196078431,0.63137254902,0.00392156862745,0.717647058824,0.6,0.713725490196,0.454901960784,0.00392156862745,0.0235294117647,0.349019607843,0.607843137255,0.647058823529,0.325490196078,0.337254901961,0.266666666667,0.23137254902,0.372549019608,0.439215686275,0.701960784314,0.00392156862745,0.721568627451,0.596078431373,0.0,0.00392156862745,0.239215686275,0.537254901961,0.0274509803922,0.560784313725,0.176470588235,0.596078431373,0.211764705882,0.192156862745,0.733333333333,0.741176470588,0.0,0.61568627451,0.329411764706,0.537254901961,0.0,0.525490196078,0.619607843137,0.686274509804,0.905882352941,0.811764705882,0.556862745098,0.752941176471,0.686274509804,0.447058823529,0.607843137255,0.560784313725,0.333333333333,0.458823529412,0.423529411765,0.227450980392,0.325490196078,0.298039215686,0.125490196078,0.192156862745,0.180392156863,29.4,25.9,-13.8
Daylight (D65),Codeine,positive,0.419607843137,0.529411764706,0.505882352941,0.360784313725,0.305882352941,0.21568627451,0.61568627451,0.556862745098,0.439215686275,0.164705882353,0.466666666667,0.556862745098,0.235294117647,0.407843137255,0.160784313725,0.345098039216,0.490196078431,0.63137254902,0.00392156862745,0.717647058824,0.6,0.713725490196,0.454901960784,0.00392156862745,0.0235294117647,0.349019607843,0.607843137255,0.647058823529,0.325490196078,0.337254901961,0.266666666667,0.23137254902,0.372549019608,0.439215686275,0.701960784314,0.00392156862745,0.721568627451,0.596078431373,0.0,0.00392156862745,0.239215686275,0.537254901961,0.0274509803922,0.560784313725,0.176470588235,0.596078431373,0.211764705882,0.192156862745,0.733333333333,0.741176470588,0.0,0.61568627451,0.329411764706,0.537254901961,0.0,0.525490196078,0.619607843137,0.686274509804,0.905882352941,0.811764705882,0.556862745098,0.752941176471,0.686274509804,0.447058823529,0.607843137255,0.560784313725,0.333333333333,0.458823529412,0.423529411765,0.227450980392,0.325490196078,0.298039215686,0.125490196078,0.192156862745,0.180392156863,41.3,5.9,-3.0
White LED torch (LED-B3),Morphine monohydrate,positive,0.266666666667,0.188235294118,0.266666666667,0.309803921569,0.290196078431,0.117647058824,0.564705882353,0.545098039216,0.305882352941,0.0666666666667,0.423529411765,0.474509803922,0.156862745098,0.388235294118,0.0274509803922,0.274509803922,0.447058823529,0.541176470588,0.0,0.690196078431,0.474509803922,0.666666666667,0.474509803922,0.0,0.00392156862745,0.282352941176,0.541176470588,0.6,0.317647058824,0.23137254902,0.207843137255,0.196078431373,0.305882352941,0.329411764706,0.713725490196,0.00392156862745,0.662745098039,0.623529411765,0.0,0.0,0.156862745098,0.474509803922,0.0,0.537254901961,0.00392156862745,0.537254901961,0.207843137255,0.0823529411765,0.662745098039,0.772549019608,0.00392156862745,0.556862745098,0.305882352941,0.450980392157,0.0,0.454901960784,0.525490196078,0.596078431373,0.909803921569,0.670588235294,0.478431372549,0.745098039216,0.560784313725,0.372549019608,0.58431372549,0.443137254902,0.262745098039,0.43137254902,0.321568627451,0.16862745098,0.294117647059,0.211764705882,0.0862745098039,0.164705882353,0.113725490196,30.3,25.9,-13.1
White LED torch (LED-B3),Oxycodone HCl,positive,0.352941176471,0.513725490196,0.498039215686,0.309803921569,0.290196078431,0.117647058824,0.564705882353,0.545098039216,0.305882352941,0.0666666666667,0.423529411765,0.474509803922,0.156862745098,0.388235294118,0.0274509803922,0.274509803922,0.447058823529,0.541176470588,0.0,0.690196078431,0.474509803922,0.666666666667,0.474509803922,0.0,0.00392156862745,0.282352941176,0.541176470588,0.6,0.317647058824,0.23137254902,0.207843137255,0.196078431373,0.305882352941,0.329411764706,0.713725490196,0.00392156862745,0.662745098039,0.623529411765,0.0,0.0,0.156862745098,0.474509803922,0.0,0.537254901961,0.00392156862745,0.537254901961,0.207843137255,0.0823529411765,0.662745098039,0.772549019608,0.00392156862745,0.556862745098,0.305882352941,0.450980392157,0.0,0.454901960784,0.525490196078,0.596078431373,0.909803921569,0.670588235294,0.478431372549,0.745098039216,0.560784313725,0.372549019608,0.58431372549,0.443137254902,0.262745098039,0.43137254902,0.321568627451,0.16862745098,0.294117647059,0.211764705882,0.0862745098039,0.164705882353,0.113725490196,61.2,5.8,-11.9
Incandescent bulb (A),Morphine monohydrate,positive,0.329411764706,0.18431372549,0.250980392157,0.376470588235,0.274509803922,0.172549019608,0.682352941176,0.513725490196,0.388235294118,0.282352941176,0.388235294118,0.454901960784,0.274509803922,0.364705882353,0.152941176471,0.43137254902,0.41568627451,0.509803921569,0.278431372549,0.63137254902,0.533333333333,0.749019607843,0.466666666667,0.0313725490196,0.192156862745,0.258823529412,0.478431372549,0.694117647059,0.317647058824,0.270588235294,0.298039215686,0.188235294118,0.274509803922,0.505882352941,0.666666666667,0.160784313725,0.772549019608,0.603921568627,0.0,0.0666666666667,0.141176470588,0.411764705882,0.2,0.498039215686,0.235294117647,0.643137254902,0.219607843137,0.172549019608,0.803921568627,0.733333333333,0.00392156862745,0.682352941176,0.301960784314,0.423529411765,0.0,0.411764705882,0.525490196078,0.811764705882,0.850980392157,0.717647058824,0.658823529412,0.694117647059,0.596078431373,0.521568627451,0.552941176471,0.470588235294,0.38431372549,0.411764705882,0.349019607843,0.254901960784,0.278431372549,0.23137254902,0.149019607843,0.156862745098,0.133333333333,30.3,23.1,-12.2
Incandescent bulb (A),Oxycodone HCl,positive,0.501960784314,0.482352941176,0.498039215686,0.376470588235,0.274509803922,0.172549019608,0.682352941176,0.513725490196,0.388235294118,0.282352941176,0.388235294118,0.454901960784,0.274509803922,0.364705882353,0.152941176471,0.43137254902,0.41568627451,0.509803921569,0.278431372549,0.63137254902,0.533333333333,0.749019607843,0.466666666667,0.0313725490196,0.192156862745,0.258823529412,0.478431372549,0.694117647059,0.317647058824,0.270588235294,0.298039215686,0.188235294118,0.274509803922,0.505882352941,0.666666666667,0.160784313725,0.772549019608,0.603921568627,0.0,0.0666666666667,0.141176470588,0.411764705882,0.2,0.498039215686,0.235294117647,0.643137254902,0.219607843137,0.172549019608,0.803921568627,0.733333333333,0.00392156862745,0.682352941176,0.301960784314,0.423529411765,0.0,0.411764705882,0.525490196078,0.811764705882,0.850980392157,0.717647058824,0.658823529412,0.694117647059,0.596078431373,0.521568627451,0.552941176471,0.470588235294,0.38431372549,0.411764705882,0.349019607843,0.254901960784,0.278431372549,0.23137254902,0.149019607843,0.156862745098,0.133333333333,61.3,6.9,-11.4
Daylight (D65),Diacetylmorphine HCl,positive,0.482352941176,0.141176470588,0.286274509804,0.407843137255,0.337254901961,0.243137254902,0.666666666667,0.576470588235,0.454901960784,0.301960784314,0.490196078431,0.545098039216,0.317647058824,0.43137254902,0.203921568627,0.439215686275,0.513725490196,0.607843137255,0.290196078431,0.721568627451,0.588235294118,0.733333333333,0.478431372549,0.0745098039216,0.18431372549,0.388235294118,0.576470588235,0.674509803922,0.360784313725,0.356862745098,0.321568627451,0.270588235294,0.372549019608,0.529411764706,0.701960784314,0.0274509803922,0.760784313725,0.607843137255,0.0,0.0392156862745,0.282352941176,0.517647058824,0.239215686275,0.56862745098,0.223529411765,0.61568627451,0.250980392157,0.23137254902,0.776470588235,0.733333333333,0.00392156862745,0.650980392157,0.372549019608,0.529411764706,0.0,0.545098039216,0.596078431373,0.76862745098,0.882352941176,0.764705882353,0.647058823529,0.745098039216,0.658823529412,0.525490196078,0.61568627451,0.545098039216,0.407843137255,0.478431372549,0.423529411765,0.294117647059,0.349019607843,0.309803921569,0.18431372549,0.223529411765,0.188235294118,29.2,50.0,-1.3
Daylight (D65),Oxycodone HCl,positive,0.505882352941,0.556862745098,0.580392156863,0.407843137255,0.337254901961,0.243137254902,0.666666666667,0.576470588235,0.454901960784,0.301960784314,0.490196078431,0.545098039216,0.317647058824,0.43137254902,0.203921568627,0.439215686275,0.513725490196,0.607843137255,0.290196078431,0.721568627451,0.588235294118,0.733333333333,0.478431372549,0.0745098039216,0.18431372549,0.388235294118,0.576470588235,0.674509803922,0.360784313725,0.356862745098,0.321568627451,0.270588235294,0.372549019608,0.529411764706,0.701960784314,0.0274509803922,0.760784313725,0.607843137255,0.0,0.0392156862745,0.282352941176,0.517647058824,0.239215686275,0.56862745098,0.223529411765,0.61568627451,0.250980392157,0.23137254902,0.776470588235,0.733333333333,0.00392156862745,0.650980392157,0.372549019608,0.529411764706,0.0,0.545098039216,0.596078431373,0.76862745098,0.882352941176,0.764705882353,0.647058823529,0.745098039216,0.658823529412,0.525490196078,0.61568627451,0.545098039216,0.407843137255,0.478431372549,0.423529411765,0.294117647059,0.349019607843,0.309803921569,0.18431372549,0.223529411765,0.188235294118,60.9,8.6,-12.4
Tube light (FL2),Mescaline HCl,negative,0.764705882353,0.556862745098,0.0,0.43137254902,0.352941176471,0.227450980392,0.694117647059,0.576470588235,0.443137254902,0.349019607843,0.454901960784,0.545098039216,0.345098039216,0.443137254902,0.18431372549,0.466666666667,0.478431372549,0.603921568627,0.4,0.690196078431,0.58431372549,0.76862745098,0.541176470588,0.0,0.243137254902,0.325490196078,0.588235294118,0.682352941176,0.380392156863,0.345098039216,0.313725490196,0.254901960784,0.380392156863,0.588235294118,0.721568627451,0.00392156862745,0.792156862745,0.674509803922,0.0,0.101960784314,0.196078431373,0.525490196078,0.313725490196,0.564705882353,0.223529411765,0.588235294118,0.278431372549,0.211764705882,0.81568627451,0.780392156863,0.0,0.635294117647,0.356862745098,0.525490196078,0.0156862745098,0.474509803922,0.603921568627,0.827450980392,0.870588235294,0.752941176471,0.690196078431,0.737254901961,0.643137254902,0.576470588235,0.611764705882,0.537254901961,0.450980392157,0.478431372549,0.41568627451,0.329411764706,0.352941176471,0.309803921569,0.211764705882,0.227450980392,0.192156862745,62.4,30.8,58.0
Tube light (FL2),Diacetylmorphine HCl,positive,0.494117647059,0.211764705882,0.270588235294,0.43137254902,0.352941176471,0.227450980392,0.694117647059,0.576470588235,0.443137254902,0.349019607843,0.454901960784,0.545098039216,0.345098039216,0.443137254902,0.18431372549,0.466666666667,0.478431372549,0.603921568627,0.4,0.690196078431,0.58431372549,0.76862745098,0.541176470588,0.0,0.243137254902,0.325490196078,0.588235294118,0.682352941176,0.380392156863,0.345098039216,0.313725490196,0.254901960784,0.380392156863,0.588235294118,0.721568627451,0.00392156862745,0.792156862745,0.674509803922,0.0,0.101960784314,0.196078431373,0.525490196078,0.313725490196,0.564705882353,0.223529411765,0.588235294118,0.278431372549,0.211764705882,0.81568627451,0.780392156863,0.0,0.635294117647,0.356862745098,0.525490196078,0.0156862745098,0.474509803922,0.603921568627,0.827450980392,0.870588235294,0.752941176471,0.690196078431,0.737254901961,0.643137254902,0.576470588235,0.611764705882,0.537254901961,0.450980392157,0.478431372549,0.41568627451,0.329411764706,0.352941176471,0.309803921569,0.211764705882,0.227450980392,0.192156862745,30.5,46.1,2.3
White LED torch (LED-B3),Benzphetamine HCl,negative,0.549019607843,0.454901960784,0.454901960784,0.447058823529,0.305882352941,0.223529411765,0.776470588235,0.545098039216,0.466666666667,0.305882352941,0.41568627451,0.623529411765,0.309803921569,0.411764705882,0.164705882353,0.466666666667,0.423529411765,0.694117647059,0.254901960784,0.694117647059,0.647058823529,0.878431372549,0.486274509804,0.0,0.192156862745,0.239215686275,0.690196078431,0.78431372549,0.282352941176,0.345098039216,0.325490196078,0.176470588235,0.407843137255,0.56862745098,0.733333333333,0.00392156862745,0.866666666667,0.63137254902,0.00392156862745,0.0392156862745,0.0549019607843,0.611764705882,0.192156862745,0.572549019608,0.180392156863,0.698039215686,0.16862745098,0.176470588235,0.901960784314,0.788235294118,0.00392156862745,0.733333333333,0.23137254902,0.58431372549,0.0,0.447058823529,0.674509803922,0.909803921569,0.901960784314,0.909803921569,0.741176470588,0.737254901961,0.760784313725,0.588235294118,0.588235294118,0.607843137255,0.435294117647,0.435294117647,0.454901960784,0.298039215686,0.301960784314,0.313725490196,0.176470588235,0.172549019608,0.18431372549,37.5,12.7,7.9
White LED torch (LED-B3),Codeine,positive,0.23137254902,0.113725490196,0.250980392157,0.447058823529,0.305882352941,0.223529411765,0.776470588235,0.545098039216,0.466666666667,0.305882352941,0.41568627451,0.623529411765,0.309803921569,0.411764705882,0.164705882353,0.466666666667,0.423529411765,0.694117647059,0.254901960784,0.694117647059,0.647058823529,0.878431372549,0.486274509804,0.0,0.192156862745,0.239215686275,0.690196078431,0.78431372549,0.282352941176,0.345098039216,0.325490196078,0.176470588235,0.407843137255,0.56862745098,0.733333333333,0.00392156862745,0.866666666667,0.63137254902,0.00392156862745,0.0392156862745,0.0549019607843,0.611764705882,0.192156862745,0.572549019608,0.180392156863,0.698039215686,0.16862745098,0.176470588235,0.901960784314,0.788235294118,0.00392156862745,0.733333333333,0.23137254902,0.58431372549,0.0,0.447058823529,0.674509803922,0.909803921569,0.901960784314,0.909803921569,0.741176470588,0.737254901961,0.760784313725,0.588235294118,0.588235294118,0.607843137255,0.435294117647,0.435294117647,0.454901960784,0.298039215686,0.301960784314,0.313725490196,0.176470588235,0.172549019608,0.18431372549,19.1,14.7,-11.5
Daylight (D65),Codeine,positive,0.2,0.137254901961,0.239215686275,0.376470588235,0.286274509804,0.219607843137,0.635294117647,0.513725490196,0.435294117647,0.227450980392,0.427450980392,0.552941176471,0.262745098039,0.38431372549,0.16862745098,0.380392156863,0.443137254902,0.61568627451,0.129411764706,0.662745098039,0.588235294118,0.725490196078,0.41568627451,0.00392156862745,0.0980392156863,0.317647058824,0.603921568627,0.654901960784,0.286274509804,0.333333333333,0.286274509804,0.207843137255,0.364705882353,0.470588235294,0.654901960784,0.0,0.725490196078,0.545098039216,0.00392156862745,0.0117647058824,0.211764705882,0.533333333333,0.129411764706,0.529411764706,0.192156862745,0.6,0.176470588235,0.192156862745,0.749019607843,0.686274509804,0.00392156862745,0.623529411765,0.286274509804,0.525490196078,0.0,0.482352941176,0.603921568627,0.729411764706,0.835294117647,0.807843137255,0.596078431373,0.694117647059,0.682352941176,0.482352941176,0.560784313725,0.552941176471,0.360784313725,0.423529411765,0.419607843137,0.250980392157,0.298039215686,0.298039215686,0.145098039216,0.180392156863,0.176470588235,18.3,17.6,-13.2
Daylight (D65),Diacetylmorphine HCl,positive,0.447058823529,0.0509803921569,0.262745098039,0.376470588235,0.286274509804,0.219607843137,0.635294117647,0.513725490196,0.435294117647,0.227450980392,0.427450980392,0.552941176471,0.262745098039,0.38431372549,0.16862745098,0.380392156863,0.443137254902,0.61568627451,0.129411764706,0.662745098039,0.588235294118,0.725490196078,0.41568627451,0.00392156862745,0.0980392156863,0.317647058824,0.603921568627,0.654901960784,0.286274509804,0.333333333333,0.286274509804,0.207843137255,0.364705882353,0.470588235294,0.654901960784,0.0,0.725490196078,0.545098039216,0.00392156862745,0.0117647058824,0.211764705882,0.533333333333,0.129411764706,0.529411764706,0.192156862745,0.6,0.176470588235,0.192156862745,0.749019607843,0.686274509804,0.00392156862745,0.623529411765,0.286274509804,0.525490196078,0.0,0.482352941176,0.603921568627,0.729411764706,0.835294117647,0.807843137255,0.596078431373,0.694117647059,0.682352941176,0.482352941176,0.560784313725,0.552941176471,0.360784313725,0.423529411765,0.419607843137,0.250980392157,0.298039215686,0.298039215686,0.145098039216,0.180392156863,0.176470588235,28.4,48.2,-0.2
Tube light (FL2),d-Methamphetamine HCl,negative,0.623529411765,0.301960784314,0.00392156862745,0.403921568627,0.337254901961,0.164705882353,0.701960784314,0.596078431373,0.388235294118,0.274509803922,0.450980392157,0.541176470588,0.286274509804,0.43137254902,0.0823529411765,0.41568627451,0.478431372549,0.607843137255,0.270588235294,0.729411764706,0.564705882353,0.811764705882,0.552941176471,0.00392156862745,0.160784313725,0.301960784314,0.6,0.698039215686,0.356862745098,0.282352941176,0.266666666667,0.219607843137,0.349019607843,0.545098039216,0.772549019608,0.0,0.81568627451,0.701960784314,0.0,0.0274509803922,0.164705882353,0.529411764706,0.211764705882,0.580392156863,0.0862745098039,0.58431372549,0.243137254902,0.141176470588,0.843137254902,0.847058823529,0.00392156862745,0.635294117647,0.333333333333,0.513725490196,0.00392156862745,0.466666666667,0.607843137255,0.850980392157,0.976470588235,0.78431372549,0.690196078431,0.8,0.650980392157,0.545098039216,0.639215686275,0.517647058824,0.4,0.470588235294,0.376470588235,0.270588235294,0.325490196078,0.258823529412,0.152941176471,0.188235294118,0.145098039216,41.1,47.3,43.1
Tube light (FL2),Chlorpromazine HCl,positive,0.392156862745,0.196078431373,0.294117647059,0.403921568627,0.337254901961,0.164705882353,0.701960784314,0.596078431373,0.388235294118,0.274509803922,0.450980392157,0.541176470588,0.286274509804,0.43137254902,0.0823529411765,0.41568627451,0.478431372549,0.607843137255,0.270588235294,0.729411764706,0.564705882353,0.811764705882,0.552941176471,0.00392156862745,0.160784313725,0.301960784314,0.6,0.698039215686,0.356862745098,0.282352941176,0.266666666667,0.219607843137,0.349019607843,0.545098039216,0.772549019608,0.0,0.81568627451,0.701960784314,0.0,0.0274509803922,0.164705882353,0.529411764706,0.211764705882,0.580392156863,0.0862745098039,0.58431372549,0.243137254902,0.141176470588,0.843137254902,0.847058823529,0.00392156862745,0.635294117647,0.333333333333,0.513725490196,0.00392156862745,0.466666666667,0.607843137255,0.850980392157,0.976470588235,0.78431372549,0.690196078431,0.8,0.650980392157,0.545098039216,0.639215686275,0.517647058824,0.4,0.470588235294,0.376470588235,0.270588235294,0.325490196078,0.258823529412,0.152941176471,0.188235294118,0.145098039216,30.5,34.4,-9.9
White LED torch (LED-B3),d-Methamphetamine HCl,negative,0.580392156863,0.270588235294,0.00392156862745,0.376470588235,0.321568627451,0.196078431373,0.639215686275,0.552941176471,0.392156862745,0.247058823529,0.435294117647,0.517647058824,0.262745098039,0.407843137255,0.149019607843,0.380392156863,0.454901960784,0.580392156863,0.188235294118,0.678431372549,0.545098039216,0.725490196078,0.498039215686,0.00392156862745,0.121568627451,0.301960784314,0.56862745098,0.647058823529,0.345098039216,0.313725490196,0.274509803922,0.219607843137,0.345098039216,0.474509803922,0.705882352941,0.0,0.721568627451,0.627450980392,0.0,0.0156862745098,0.172549019608,0.505882352941,0.152941176471,0.549019607843,0.16862745098,0.58431372549,0.239215686275,0.176470588235,0.749019607843,0.760784313725,0.00392156862745,0.607843137255,0.325490196078,0.498039215686,0.0,0.466666666667,0.560784313725,0.733333333333,0.878431372549,0.749019607843,0.6,0.733333333333,0.627450980392,0.482352941176,0.592156862745,0.505882352941,0.360784313725,0.450980392157,0.388235294118,0.250980392157,0.321568627451,0.274509803922,0.149019607843,0.192156862745,0.156862745098,40.7,47.9,45.9
White LED torch (LED-B3),Codeine,positive,0.2,0.152941176471,0.219607843137,0.376470588235,0.321568627451,0.196078431373,0.639215686275,0.552941176471,0.392156862745,0.247058823529,0.435294117647,0.517647058824,0.262745098039,0.407843137255,0.149019607843,0.380392156863,0.454901960784,0.580392156863,0.188235294118,0.678431372549,0.545098039216,0.725490196078,0.498039215686,0.00392156862745,0.121568627451,0.301960784314,0.56862745098,0.647058823529,0.345098039216,0.313725490196,0.274509803922,0.219607843137,0.345098039216,0.474509803922,0.705882352941,0.0,0.721568627451,0.627450980392,0.0,0.0156862745098,0.172549019608,0.505882352941,0.152941176471,0.549019607843,0.16862745098,0.58431372549,0.239215686275,0.176470588235,0.749019607843,0.760784313725,0.00392156862745,0.607843137255,0.325490196078,0.498039215686,0.0,0.466666666667,0.560784313725,0.733333333333,0.878431372549,0.749019607843,0.6,0.733333333333,0.627450980392,0.482352941176,0.592156862745,0.505882352941,0.360784313725,0.450980392157,0.388235294118,0.250980392157,0.321568627451,0.274509803922,0.149019607843,0.192156862745,0.156862745098,19.6,14.9,-10.9
Incandescent bulb (A),Morphine monohydrate,positive,0.38431372549,0.192156862745,0.298039215686,0.439215686275,0.298039215686,0.203921568627,0.752941176471,0.525490196078,0.447058823529,0.329411764706,0.403921568627,0.529411764706,0.321568627451,0.392156862745,0.188235294118,0.490196078431,0.423529411765,0.588235294118,0.309803921569,0.654901960784,0.607843137255,0.827450980392,0.478431372549,0.0078431372549,0.23137254902,0.262745098039,0.556862745098,0.772549019608,0.309803921569,0.309803921569,0.352941176471,0.192156862745,0.329411764706,0.560784313725,0.686274509804,0.137254901961,0.847058823529,0.61568627451,0.00392156862745,0.0941176470588,0.125490196078,0.482352941176,0.223529411765,0.521568627451,0.270588235294,0.717647058824,0.2,0.18431372549,0.874509803922,0.745098039216,0.00392156862745,0.756862745098,0.282352941176,0.490196078431,0.0,0.423529411765,0.603921568627,0.874509803922,0.839215686275,0.78431372549,0.721568627451,0.694117647059,0.654901960784,0.576470588235,0.560784313725,0.525490196078,0.43137254902,0.419607843137,0.4,0.298039215686,0.294117647059,0.278431372549,0.180392156863,0.172549019608,0.160784313725,30.1,22.8,-10.5
Incandescent bulb (A),Diacetylmorphine HCl,positive,0.517647058824,0.129411764706,0.207843137255,0.439215686275,0.298039215686,0.203921568627,0.752941176471,0.525490196078,0.447058823529,0.329411764706,0.403921568627,0.529411764706,0.321568627451,0.392156862745,0.188235294118,0.490196078431,0.423529411765,0.588235294118,0.309803921569,0.654901960784,0.607843137255,0.827450980392,0.478431372549,0.0078431372549,0.23137254902,0.262745098039,0.556862745098,0.772549019608,0.309803921569,0.309803921569,0.352941176471,0.192156862745,0.329411764706,0.560784313725,0.686274509804,0.137254901961,0.847058823529,0.61568627451,0.00392156862745,0.0941176470588,0.125490196078,0.482352941176,0.223529411765,0.521568627451,0.270588235294,0.717647058824,0.2,0.18431372549,0.874509803922,0.745098039216,0.00392156862745,0.756862745098,0.282352941176,0.490196078431,0.0,0.423529411765,0.603921568627,0.874509803922,0.839215686275,0.78431372549,0.721568627451,0.694117647059,0.654901960784,0.576470588235,0.560784313725,0.525490196078,0.43137254902,0.419607843137,0.4,0.298039215686,0.294117647059,0.278431372549,0.180392156863,0.172549019608,0.160784313725,29.4,45.4,3.5
