Daylight (D65),d-Methamphetamine HCl,positive,0.0117647058824,0.156862745098,0.286274509804,0.392156862745,0.266666666667,0.223529411765,0.705882352941,0.517647058824,0.462745098039,0.309803921569,0.41568627451,0.545098039216,0.301960784314,0.364705882353,0.196078431373,0.443137254902,0.439215686275,0.61568627451,0.356862745098,0.678431372549,0.61568627451,0.78431372549,0.41568627451,0.152941176471,0.207843137255,0.298039215686,0.58431372549,0.698039215686,0.278431372549,0.341176470588,0.294117647059,0.18431372549,0.341176470588,0.560784313725,0.666666666667,0.192156862745,0.807843137255,0.556862745098,0.078431372549,0.078431372549,0.188235294118,0.505882352941,0.266666666667,0.521568627451,0.243137254902,0.627450980392,0.172549019608,0.203921568627,0.850980392157,0.705882352941,0.0313725490196,0.670588235294,0.282352941176,0.521568627451,0.0196078431373,0.470588235294,0.603921568627,0.882352941176,0.878431372549,0.866666666667,0.709803921569,0.717647058824,0.713725490196,0.560784313725,0.564705882353,0.564705882353,0.407843137255,0.411764705882,0.411764705882,0.270588235294,0.278431372549,0.278431372549,0.152941176471,0.156862745098,0.156862745098,19.5,1.1,-25.5
Daylight (D65),Methylphenidate HCl,negative,0.529411764706,0.490196078431,0.592156862745,0.392156862745,0.266666666667,0.223529411765,0.705882352941,0.517647058824,0.462745098039,0.309803921569,0.41568627451,0.545098039216,0.301960784314,0.364705882353,0.196078431373,0.443137254902,0.439215686275,0.61568627451,0.356862745098,0.678431372549,0.61568627451,0.78431372549,0.41568627451,0.152941176471,0.207843137255,0.298039215686,0.58431372549,0.698039215686,0.278431372549,0.341176470588,0.294117647059,0.18431372549,0.341176470588,0.560784313725,0.666666666667,0.192156862745,0.807843137255,0.556862745098,0.078431372549,0.078431372549,0.188235294118,0.505882352941,0.266666666667,0.521568627451,0.243137254902,0.627450980392,0.172549019608,0.203921568627,0.850980392157,0.705882352941,0.0313725490196,0.670588235294,0.282352941176,0.521568627451,0.0196078431373,0.470588235294,0.603921568627,0.882352941176,0.878431372549,0.866666666667,0.709803921569,0.717647058824,0.713725490196,0.560784313725,0.564705882353,0.564705882353,0.407843137255,0.411764705882,0.411764705882,0.270588235294,0.278431372549,0.278431372549,0.152941176471,0.156862745098,0.156862745098,60.2,8.8,-12.3
Tube light (FL2),Methylphenidate HCl,negative,0.560784313725,0.564705882353,0.643137254902,0.450980392157,0.36862745098,0.247058823529,0.749019607843,0.61568627451,0.494117647059,0.345098039216,0.470588235294,0.623529411765,0.349019607843,0.462745098039,0.203921568627,0.474509803922,0.490196078431,0.690196078431,0.36862745098,0.733333333333,0.662745098039,0.847058823529,0.588235294118,0.00392156862745,0.223529411765,0.309803921569,0.678431372549,0.737254901961,0.388235294118,0.380392156863,0.317647058824,0.243137254902,0.419607843137,0.607843137255,0.780392156863,0.0,0.843137254902,0.717647058824,0.0,0.0666666666667,0.152941176471,0.603921568627,0.298039215686,0.611764705882,0.258823529412,0.63137254902,0.282352941176,0.227450980392,0.878431372549,0.854901960784,0.0,0.678431372549,0.349019607843,0.58431372549,0.0,0.482352941176,0.682352941176,0.890196078431,0.956862745098,0.886274509804,0.737254901961,0.8,0.749019607843,0.603921568627,0.654901960784,0.61568627451,0.458823529412,0.501960784314,0.470588235294,0.325490196078,0.360784313725,0.341176470588,0.203921568627,0.223529411765,0.207843137255,60.5,7.1,-10.3
Tube light (FL2),Dimethoxy-meth HCl,negative,0.0,0.254901960784,0.513725490196,0.450980392157,0.36862745098,0.247058823529,0.749019607843,0.61568627451,0.494117647059,0.345098039216,0.470588235294,0.623529411765,0.349019607843,0.462745098039,0.203921568627,0.474509803922,0.490196078431,0.690196078431,0.36862745098,0.733333333333,0.662745098039,0.847058823529,0.588235294118,0.00392156862745,0.223529411765,0.309803921569,0.678431372549,0.737254901961,0.388235294118,0.380392156863,0.317647058824,0.243137254902,0.419607843137,0.607843137255,0.780392156863,0.0,0.843137254902,0.717647058824,0.0,0.0666666666667,0.152941176471,0.603921568627,0.298039215686,0.611764705882,0.258823529412,0.63137254902,0.282352941176,0.227450980392,0.878431372549,0.854901960784,0.0,0.678431372549,0.349019607843,0.58431372549,0.0,0.482352941176,0.682352941176,0.890196078431,0.956862745098,0.886274509804,0.737254901961,0.8,0.749019607843,0.603921568627,0.654901960784,0.61568627451,0.458823529412,0.501960784314,0.470588235294,0.325490196078,0.360784313725,0.341176470588,0.203921568627,0.223529411765,0.207843137255,31.1,1.3,-33.3
White LED torch (LED-B3),Dimethoxy-meth HCl,negative,0.00392156862745,0.207843137255,0.388235294118,0.364705882353,0.274509803922,0.156862745098,0.662745098039,0.529411764706,0.360784313725,0.250980392157,0.4,0.482352941176,0.254901960784,0.372549019608,0.113725490196,0.388235294118,0.423529411765,0.552941176471,0.247058823529,0.674509803922,0.513725490196,0.749019607843,0.466666666667,0.0,0.149019607843,0.258823529412,0.529411764706,0.666666666667,0.301960784314,0.270588235294,0.254901960784,0.180392156863,0.298039215686,0.498039215686,0.694117647059,0.0,0.764705882353,0.607843137255,0.00392156862745,0.0274509803922,0.137254901961,0.466666666667,0.18431372549,0.521568627451,0.125490196078,0.588235294118,0.196078431373,0.137254901961,0.792156862745,0.760784313725,0.0,0.627450980392,0.278431372549,0.458823529412,0.00392156862745,0.435294117647,0.541176470588,0.803921568627,0.901960784314,0.745098039216,0.647058823529,0.725490196078,0.61568627451,0.501960784314,0.572549019608,0.478431372549,0.356862745098,0.41568627451,0.341176470588,0.243137254902,0.274509803922,0.23137254902,0.129411764706,0.149019607843,0.121568627451,31.8,4.0,-34.4
White LED torch (LED-B3),MDMA HCl,positive,0.419607843137,0.505882352941,0.478431372549,0.364705882353,0.274509803922,0.156862745098,0.662745098039,0.529411764706,0.360784313725,0.250980392157,0.4,0.482352941176,0.254901960784,0.372549019608,0.113725490196,0.388235294118,0.423529411765,0.552941176471,0.247058823529,0.674509803922,0.513725490196,0.749019607843,0.466666666667,0.0,0.149019607843,0.258823529412,0.529411764706,0.666666666667,0.301960784314,0.270588235294,0.254901960784,0.180392156863,0.298039215686,0.498039215686,0.694117647059,0.0,0.764705882353,0.607843137255,0.00392156862745,0.0274509803922,0.137254901961,0.466666666667,0.18431372549,0.521568627451,0.125490196078,0.588235294118,0.196078431373,0.137254901961,0.792156862745,0.760784313725,0.0,0.627450980392,0.278431372549,0.458823529412,0.00392156862745,0.435294117647,0.541176470588,0.803921568627,0.901960784314,0.745098039216,0.647058823529,0.725490196078,0.61568627451,0.501960784314,0.572549019608,0.478431372549,0.356862745098,0.41568627451,0.341176470588,0.243137254902,0.274509803922,0.23137254902,0.129411764706,0.149019607843,0.121568627451,28.7,-1.5,-20.2
Incandescent bulb (A),MDMA HCl,positive,0.00392156862745,0.156862745098,0.282352941176,0.439215686275,0.305882352941,0.152941176471,0.749019607843,0.529411764706,0.380392156863,0.298039215686,0.419607843137,0.505882352941,0.301960784314,0.4,0.0901960784314,0.470588235294,0.435294117647,0.556862745098,0.188235294118,0.658823529412,0.549019607843,0.83137254902,0.482352941176,0.0,0.207843137255,0.286274509804,0.552941176471,0.776470588235,0.305882352941,0.250980392157,0.352941176471,0.203921568627,0.317647058824,0.517647058824,0.690196078431,0.0,0.823529411765,0.607843137255,0.0,0.0666666666667,0.156862745098,0.490196078431,0.121568627451,0.541176470588,0.176470588235,0.729411764706,0.18431372549,0.101960784314,0.850980392157,0.745098039216,0.0,0.752941176471,0.278431372549,0.454901960784,0.0,0.439215686275,0.580392156863,0.854901960784,0.862745098039,0.717647058824,0.694117647059,0.713725490196,0.603921568627,0.556862745098,0.576470588235,0.486274509804,0.41568627451,0.43137254902,0.360784313725,0.290196078431,0.301960784314,0.250980392157,0.172549019608,0.180392156863,0.141176470588,19.8,1.4,-26.5
Incandescent bulb (A),MDMA HCl,positive,0.00392156862745,0.156862745098,0.282352941176,0.439215686275,0.305882352941,0.152941176471,0.749019607843,0.529411764706,0.380392156863,0.298039215686,0.419607843137,0.505882352941,0.301960784314,0.4,0.0901960784314,0.470588235294,0.435294117647,0.556862745098,0.188235294118,0.658823529412,0.549019607843,0.83137254902,0.482352941176,0.0,0.207843137255,0.286274509804,0.552941176471,0.776470588235,0.305882352941,0.250980392157,0.352941176471,0.203921568627,0.317647058824,0.517647058824,0.690196078431,0.0,0.823529411765,0.607843137255,0.0,0.0666666666667,0.156862745098,0.490196078431,0.121568627451,0.541176470588,0.176470588235,0.729411764706,0.18431372549,0.101960784314,0.850980392157,0.745098039216,0.0,0.752941176471,0.278431372549,0.454901960784,0.0,0.439215686275,0.580392156863,0.854901960784,0.862745098039,0.717647058824,0.694117647059,0.713725490196,0.603921568627,0.556862745098,0.576470588235,0.486274509804,0.41568627451,0.43137254902,0.360784313725,0.290196078431,0.301960784314,0.250980392157,0.172549019608,0.180392156863,0.141176470588,19.8,1.4,-26.5
Daylight (D65),Methylphenidate HCl,negative,0.474509803922,0.525490196078,0.588235294118,0.364705882353,0.290196078431,0.211764705882,0.650980392157,0.541176470588,0.447058823529,0.250980392157,0.447058823529,0.537254901961,0.274509803922,0.388235294118,0.176470588235,0.392156862745,0.470588235294,0.607843137255,0.227450980392,0.705882352941,0.596078431373,0.733333333333,0.439215686275,0.0509803921569,0.137254901961,0.333333333333,0.580392156863,0.662745098039,0.305882352941,0.333333333333,0.274509803922,0.21568627451,0.345098039216,0.505882352941,0.690196078431,0.0313725490196,0.760784313725,0.58431372549,0.0,0.0156862745098,0.219607843137,0.513725490196,0.188235294118,0.541176470588,0.211764705882,0.603921568627,0.196078431373,0.2,0.78431372549,0.729411764706,0.00392156862745,0.639215686275,0.313725490196,0.517647058824,0.0,0.505882352941,0.592156862745,0.76862745098,0.898039215686,0.823529411765,0.63137254902,0.741176470588,0.682352941176,0.501960784314,0.596078431373,0.545098039216,0.364705882353,0.443137254902,0.407843137255,0.250980392157,0.305882352941,0.278431372549,0.141176470588,0.176470588235,0.160784313725,60.9,8.6,-13.1
Daylight (D65),Dimethoxy-meth HCl,negative,0.00392156862745,0.274509803922,0.435294117647,0.364705882353,0.290196078431,0.211764705882,0.650980392157,0.541176470588,0.447058823529,0.250980392157,0.447058823529,0.537254901961,0.274509803922,0.388235294118,0.176470588235,0.392156862745,0.470588235294,0.607843137255,0.227450980392,0.705882352941,0.596078431373,0.733333333333,0.439215686275,0.0509803921569,0.137254901961,0.333333333333,0.580392156863,0.662745098039,0.305882352941,0.333333333333,0.274509803922,0.21568627451,0.345098039216,0.505882352941,0.690196078431,0.0313725490196,0.760784313725,0.58431372549,0.0,0.0156862745098,0.219607843137,0.513725490196,0.188235294118,0.541176470588,0.211764705882,0.603921568627,0.196078431373,0.2,0.78431372549,0.729411764706,0.00392156862745,0.639215686275,0.313725490196,0.517647058824,0.0,0.505882352941,0.592156862745,0.76862745098,0.898039215686,0.823529411765,0.63137254902,0.741176470588,0.682352941176,0.501960784314,0.596078431373,0.545098039216,0.364705882353,0.443137254902,0.407843137255,0.250980392157,0.305882352941,0.278431372549,0.141176470588,0.176470588235,0.160784313725,31.6,3.8,-32.3
Tube light (FL2),Dimethoxy-meth HCl,negative,0.0,0.203921568627,0.372549019608,0.360784313725,0.286274509804,0.113725490196,0.654901960784,0.525490196078,0.317647058824,0.266666666667,0.396078431373,0.458823529412,0.262745098039,0.372549019608,0.0352941176471,0.38431372549,0.423529411765,0.521568627451,0.282352941176,0.654901960784,0.474509803922,0.749019607843,0.482352941176,0.0,0.156862745098,0.266666666667,0.513725490196,0.643137254902,0.301960784314,0.227450980392,0.239215686275,0.18431372549,0.286274509804,0.509803921569,0.694117647059,0.0,0.764705882353,0.623529411765,0.0,0.0392156862745,0.145098039216,0.450980392157,0.211764705882,0.513725490196,0.0313725490196,0.537254901961,0.2,0.0941176470588,0.796078431373,0.764705882353,0.0,0.588235294118,0.282352941176,0.435294117647,0.0,0.419607843137,0.521568627451,0.811764705882,0.894117647059,0.662745098039,0.650980392157,0.725490196078,0.549019607843,0.513725490196,0.56862745098,0.427450980392,0.376470588235,0.419607843137,0.317647058824,0.250980392157,0.282352941176,0.207843137255,0.141176470588,0.156862745098,0.109803921569,31.3,4.3,-34.6
Tube light (FL2),Dimethoxy-meth HCl,negative,0.0,0.203921568627,0.372549019608,0.360784313725,0.286274509804,0.113725490196,0.654901960784,0.525490196078,0.317647058824,0.266666666667,0.396078431373,0.458823529412,0.262745098039,0.372549019608,0.0352941176471,0.38431372549,0.423529411765,0.521568627451,0.282352941176,0.654901960784,0.474509803922,0.749019607843,0.482352941176,0.0,0.156862745098,0.266666666667,0.513725490196,0.643137254902,0.301960784314,0.227450980392,0.239215686275,0.18431372549,0.286274509804,0.509803921569,0.694117647059,0.0,0.764705882353,0.623529411765,0.0,0.0392156862745,0.145098039216,0.450980392157,0.211764705882,0.513725490196,0.0313725490196,0.537254901961,0.2,0.0941176470588,0.796078431373,0.764705882353,0.0,0.588235294118,0.282352941176,0.435294117647,0.0,0.419607843137,0.521568627451,0.811764705882,0.894117647059,0.662745098039,0.650980392157,0.725490196078,0.549019607843,0.513725490196,0.56862745098,0.427450980392,0.376470588235,0.419607843137,0.317647058824,0.250980392157,0.282352941176,0.207843137255,0.141176470588,0.156862745098,0.109803921569,31.6,3.8,-34.2
White LED torch (LED-B3),Dimethoxy-meth HCl,negative,0.00392156862745,0.227450980392,0.517647058824,0.474509803922,0.301960784314,0.227450980392,0.807843137255,0.541176470588,0.466666666667,0.356862745098,0.419607843137,0.623529411765,0.349019607843,0.419607843137,0.172549019608,0.517647058824,0.43137254902,0.698039215686,0.352941176471,0.701960784314,0.654901960784,0.901960784314,0.474509803922,0.0,0.243137254902,0.247058823529,0.686274509804,0.81568627451,0.282352941176,0.352941176471,0.352941176471,0.18431372549,0.41568627451,0.619607843137,0.741176470588,0.0,0.921568627451,0.635294117647,0.0,0.0901960784314,0.0588235294118,0.607843137255,0.262745098039,0.572549019608,0.18431372549,0.729411764706,0.160784313725,0.188235294118,0.949019607843,0.78431372549,0.0,0.776470588235,0.23137254902,0.596078431373,0.0,0.462745098039,0.690196078431,0.956862745098,0.882352941176,0.890196078431,0.788235294118,0.729411764706,0.752941176471,0.635294117647,0.588235294118,0.607843137255,0.478431372549,0.443137254902,0.458823529412,0.333333333333,0.313725490196,0.325490196078,0.203921568627,0.18431372549,0.196078431373,31.5,1.2,-33.6
White LED torch (LED-B3),Dimethoxy-meth HCl,negative,0.00392156862745,0.23137254902,0.517647058824,0.474509803922,0.301960784314,0.227450980392,0.807843137255,0.541176470588,0.466666666667,0.356862745098,0.419607843137,0.623529411765,0.349019607843,0.419607843137,0.172549019608,0.517647058824,0.43137254902,0.698039215686,0.352941176471,0.701960784314,0.654901960784,0.901960784314,0.474509803922,0.0,0.243137254902,0.247058823529,0.686274509804,0.81568627451,0.282352941176,0.352941176471,0.352941176471,0.18431372549,0.41568627451,0.619607843137,0.741176470588,0.0,0.921568627451,0.635294117647,0.0,0.0901960784314,0.0588235294118,0.607843137255,0.262745098039,0.572549019608,0.18431372549,0.729411764706,0.160784313725,0.188235294118,0.949019607843,0.78431372549,0.0,0.776470588235,0.23137254902,0.596078431373,0.0,0.462745098039,0.690196078431,0.956862745098,0.882352941176,0.890196078431,0.788235294118,0.729411764706,0.752941176471,0.635294117647,0.588235294118,0.607843137255,0.478431372549,0.443137254902,0.458823529412,0.333333333333,0.313725490196,0.325490196078,0.203921568627,0.18431372549,0.196078431373,31.8,1.0,-33.6
Incandescent bulb (A),Dimethoxy-meth HCl,negative,0.0,0.274509803922,0.466666666667,0.466666666667,0.349019607843,0.21568627451,0.756862745098,0.576470588235,0.443137254902,0.321568627451,0.462745098039,0.564705882353,0.329411764706,0.447058823529,0.164705882353,0.498039215686,0.482352941176,0.619607843137,0.192156862745,0.705882352941,0.61568627451,0.839215686275,0.533333333333,0.0,0.227450980392,0.321568627451,0.603921568627,0.788235294118,0.364705882353,0.313725490196,0.380392156863,0.243137254902,0.36862745098,0.541176470588,0.737254901961,0.0117647058824,0.839215686275,0.666666666667,0.00392156862745,0.0588235294118,0.188235294118,0.541176470588,0.129411764706,0.58431372549,0.262745098039,0.745098039216,0.250980392157,0.176470588235,0.854901960784,0.788235294118,0.0,0.776470588235,0.341176470588,0.509803921569,0.00392156862745,0.486274509804,0.647058823529,0.843137254902,0.894117647059,0.78431372549,0.701960784314,0.749019607843,0.662745098039,0.576470588235,0.623529411765,0.545098039216,0.447058823529,0.478431372549,0.419607843137,0.317647058824,0.349019607843,0.305882352941,0.207843137255,0.219607843137,0.192156862745,31.8,-0.4,-32.9
Incandescent bulb (A),d-Methamphetamine HCl,positive,0.0,0.196078431373,0.337254901961,0.466666666667,0.349019607843,0.21568627451,0.756862745098,0.576470588235,0.443137254902,0.321568627451,0.462745098039,0.564705882353,0.329411764706,0.447058823529,0.164705882353,0.498039215686,0.482352941176,0.619607843137,0.192156862745,0.705882352941,0.61568627451,0.839215686275,0.533333333333,0.0,0.227450980392,0.321568627451,0.603921568627,0.788235294118,0.364705882353,0.313725490196,0.380392156863,0.243137254902,0.36862745098,0.541176470588,0.737254901961,0.0117647058824,0.839215686275,0.666666666667,0.00392156862745,0.0588235294118,0.188235294118,0.541176470588,0.129411764706,0.58431372549,0.262745098039,0.745098039216,0.250980392157,0.176470588235,0.854901960784,0.788235294118,0.0,0.776470588235,0.341176470588,0.509803921569,0.00392156862745,0.486274509804,0.647058823529,0.843137254902,0.894117647059,0.78431372549,0.701960784314,0.749019607843,0.662745098039,0.576470588235,0.623529411765,0.545098039216,0.447058823529,0.478431372549,0.419607843137,0.317647058824,0.349019607843,0.305882352941,0.207843137255,0.219607843137,0.192156862745,20.4,-0.8,-25.2
Daylight (D65),MDMA HCl,positive,0.0196078431373,0.164705882353,0.301960784314,0.403921568627,0.258823529412,0.223529411765,0.713725490196,0.490196078431,0.454901960784,0.333333333333,0.403921568627,0.541176470588,0.321568627451,0.360784313725,0.2,0.474509803922,0.423529411765,0.61568627451,0.388235294118,0.654901960784,0.611764705882,0.780392156863,0.392156862745,0.129411764706,0.23137254902,0.286274509804,0.576470588235,0.709803921569,0.258823529412,0.341176470588,0.313725490196,0.180392156863,0.349019607843,0.58431372549,0.647058823529,0.164705882353,0.823529411765,0.541176470588,0.0274509803922,0.101960784314,0.180392156863,0.498039215686,0.286274509804,0.501960784314,0.239215686275,0.639215686275,0.152941176471,0.207843137255,0.862745098039,0.674509803922,0.0,0.690196078431,0.262745098039,0.525490196078,0.0509803921569,0.462745098039,0.603921568627,0.874509803922,0.811764705882,0.823529411765,0.713725490196,0.670588235294,0.690196078431,0.576470588235,0.537254901961,0.556862745098,0.427450980392,0.403921568627,0.41568627451,0.294117647059,0.278431372549,0.286274509804,0.172549019608,0.156862745098,0.164705882353,20.3,-0.2,-25.1
Daylight (D65),d-Methamphetamine HCl,positive,0.0196078431373,0.160784313725,0.298039215686,0.403921568627,0.258823529412,0.223529411765,0.713725490196,0.490196078431,0.454901960784,0.333333333333,0.403921568627,0.541176470588,0.321568627451,0.360784313725,0.2,0.474509803922,0.423529411765,0.61568627451,0.388235294118,0.654901960784,0.611764705882,0.780392156863,0.392156862745,0.129411764706,0.23137254902,0.286274509804,0.576470588235,0.709803921569,0.258823529412,0.341176470588,0.313725490196,0.180392156863,0.349019607843,0.58431372549,0.647058823529,0.164705882353,0.823529411765,0.541176470588,0.0274509803922,0.101960784314,0.180392156863,0.498039215686,0.286274509804,0.501960784314,0.239215686275,0.639215686275,0.152941176471,0.207843137255,0.862745098039,0.674509803922,0.0,0.690196078431,0.262745098039,0.525490196078,0.0509803921569,0.462745098039,0.603921568627,0.874509803922,0.811764705882,0.823529411765,0.713725490196,0.670588235294,0.690196078431,0.576470588235,0.537254901961,0.556862745098,0.427450980392,0.403921568627,0.41568627451,0.294117647059,0.278431372549,0.286274509804,0.172549019608,0.156862745098,0.164705882353,19.9,0.2,-25.0
Tube light (FL2),MDMA HCl,positive,0.00392156862745,0.192156862745,0.337254901961,0.423529411765,0.36862745098,0.18431372549,0.694117647059,0.603921568627,0.407843137255,0.294117647059,0.474509803922,0.560784313725,0.309803921569,0.454901960784,0.0980392156863,0.427450980392,0.498039215686,0.61568627451,0.278431372549,0.725490196078,0.572549019608,0.792156862745,0.56862745098,0.0,0.180392156863,0.333333333333,0.61568627451,0.694117647059,0.38431372549,0.317647058824,0.294117647059,0.250980392157,0.380392156863,0.541176470588,0.760784313725,0.00392156862745,0.78431372549,0.694117647059,0.0,0.0313725490196,0.203921568627,0.552941176471,0.227450980392,0.596078431373,0.101960784314,0.603921568627,0.274509803922,0.16862745098,0.807843137255,0.823529411765,0.00392156862745,0.635294117647,0.356862745098,0.529411764706,0.0,0.490196078431,0.61568627451,0.803921568627,0.933333333333,0.756862745098,0.666666666667,0.78431372549,0.643137254902,0.545098039216,0.643137254902,0.525490196078,0.41568627451,0.494117647059,0.403921568627,0.298039215686,0.356862745098,0.290196078431,0.18431372549,0.223529411765,0.172549019608,20.3,3.2,-27.4
Tube light (FL2),Dimethoxy-meth HCl,negative,0.00392156862745,0.266666666667,0.462745098039,0.423529411765,0.36862745098,0.18431372549,0.694117647059,0.603921568627,0.407843137255,0.294117647059,0.474509803922,0.560784313725,0.309803921569,0.454901960784,0.0980392156863,0.427450980392,0.498039215686,0.61568627451,0.278431372549,0.725490196078,0.572549019608,0.792156862745,0.56862745098,0.0,0.180392156863,0.333333333333,0.61568627451,0.694117647059,0.38431372549,0.317647058824,0.294117647059,0.250980392157,0.380392156863,0.541176470588,0.760784313725,0.00392156862745,0.78431372549,0.694117647059,0.0,0.0313725490196,0.203921568627,0.552941176471,0.227450980392,0.596078431373,0.101960784314,0.603921568627,0.274509803922,0.16862745098,0.807843137255,0.823529411765,0.00392156862745,0.635294117647,0.356862745098,0.529411764706,0.0,0.490196078431,0.61568627451,0.803921568627,0.933333333333,0.756862745098,0.666666666667,0.78431372549,0.643137254902,0.545098039216,0.643137254902,0.525490196078,0.41568627451,0.494117647059,0.403921568627,0.298039215686,0.356862745098,0.290196078431,0.18431372549,0.223529411765,0.172549019608,31.2,4.3,-34.1
White LED torch (LED-B3),Dimethoxy-meth HCl,negative,0.00392156862745,0.176470588235,0.450980392157,0.376470588235,0.254901960784,0.172549019608,0.690196078431,0.486274509804,0.4,0.235294117647,0.364705882353,0.560784313725,0.247058823529,0.360784313725,0.113725490196,0.4,0.372549019608,0.635294117647,0.141176470588,0.639215686275,0.592156862745,0.796078431373,0.423529411765,0.0,0.129411764706,0.196078431373,0.623529411765,0.709803921569,0.239215686275,0.286274509804,0.266666666667,0.141176470588,0.352941176471,0.486274509804,0.682352941176,0.00392156862745,0.8,0.580392156863,0.00392156862745,0.0156862745098,0.0352941176471,0.545098039216,0.0941176470588,0.509803921569,0.105882352941,0.623529411765,0.125490196078,0.117647058824,0.823529411765,0.729411764706,0.0,0.662745098039,0.188235294118,0.529411764706,0.0,0.4,0.623529411765,0.811764705882,0.835294117647,0.835294117647,0.647058823529,0.678431372549,0.690196078431,0.509803921569,0.529411764706,0.545098039216,0.36862745098,0.38431372549,0.396078431373,0.243137254902,0.258823529412,0.266666666667,0.133333333333,0.141176470588,0.145098039216,31.9,4.1,-33.0
White LED torch (LED-B3),Methylphenidate HCl,negative,0.478431372549,0.450980392157,0.58431372549,0.376470588235,0.254901960784,0.172549019608,0.690196078431,0.486274509804,0.4,0.235294117647,0.364705882353,0.560784313725,0.247058823529,0.360784313725,0.113725490196,0.4,0.372549019608,0.635294117647,0.141176470588,0.639215686275,0.592156862745,0.796078431373,0.423529411765,0.0,0.129411764706,0.196078431373,0.623529411765,0.709803921569,0.239215686275,0.286274509804,0.266666666667,0.141176470588,0.352941176471,0.486274509804,0.682352941176,0.00392156862745,0.8,0.580392156863,0.00392156862745,0.0156862745098,0.0352941176471,0.545098039216,0.0941176470588,0.509803921569,0.105882352941,0.623529411765,0.125490196078,0.117647058824,0.823529411765,0.729411764706,0.0,0.662745098039,0.188235294118,0.529411764706,0.0,0.4,0.623529411765,0.811764705882,0.835294117647,0.835294117647,0.647058823529,0.678431372549,0.690196078431,0.509803921569,0.529411764706,0.545098039216,0.36862745098,0.38431372549,0.396078431373,0.243137254902,0.258823529412,0.266666666667,0.133333333333,0.141176470588,0.145098039216,61.1,5.9,-10.2
Incandescent bulb (A),Dimethoxy-meth HCl,negative,0.00392156862745,0.301960784314,0.43137254902,0.521568627451,0.352941176471,0.145098039216,0.847058823529,0.588235294118,0.360784313725,0.396078431373,0.486274509804,0.509803921569,0.38431372549,0.454901960784,0.0509803921569,0.56862745098,0.501960784314,0.564705882353,0.352941176471,0.729411764706,0.541176470588,0.925490196078,0.533333333333,0.0,0.298039215686,0.356862745098,0.560784313725,0.866666666667,0.356862745098,0.254901960784,0.423529411765,0.254901960784,0.333333333333,0.627450980392,0.752941176471,0.0,0.925490196078,0.662745098039,0.0,0.152941176471,0.23137254902,0.505882352941,0.258823529412,0.6,0.113725490196,0.811764705882,0.223529411765,0.105882352941,0.960784313725,0.8,0.0,0.847058823529,0.337254901961,0.470588235294,0.0,0.513725490196,0.58431372549,0.96862745098,0.925490196078,0.674509803922,0.807843137255,0.780392156863,0.576470588235,0.658823529412,0.639215686275,0.474509803922,0.509803921569,0.490196078431,0.364705882353,0.364705882353,0.356862745098,0.258823529412,0.235294117647,0.227450980392,0.152941176471,31.6,0.2,-34.4
Incandescent bulb (A),Dimethoxy-meth HCl,negative,0.00392156862745,0.301960784314,0.427450980392,0.521568627451,0.352941176471,0.145098039216,0.847058823529,0.588235294118,0.360784313725,0.396078431373,0.486274509804,0.509803921569,0.38431372549,0.454901960784,0.0509803921569,0.56862745098,0.501960784314,0.564705882353,0.352941176471,0.729411764706,0.541176470588,0.925490196078,0.533333333333,0.0,0.298039215686,0.356862745098,0.560784313725,0.866666666667,0.356862745098,0.254901960784,0.423529411765,0.254901960784,0.333333333333,0.627450980392,0.752941176471,0.0,0.925490196078,0.662745098039,0.0,0.152941176471,0.23137254902,0.505882352941,0.258823529412,0.6,0.113725490196,0.811764705882,0.223529411765,0.105882352941,0.960784313725,0.8,0.0,0.847058823529,0.337254901961,0.470588235294,0.0,0.513725490196,0.58431372549,0.96862745098,0.925490196078,0.674509803922,0.807843137255,0.780392156863,0.576470588235,0.658823529412,0.639215686275,0.474509803922,0.509803921569,0.490196078431,0.364705882353,0.364705882353,0.356862745098,0.258823529412,0.235294117647,0.227450980392,0.152941176471,31.6,0.2,-34.4
Daylight (D65),Dimethoxy-meth HCl,negative,0.0078431372549,0.325490196078,0.552941176471,0.462745098039,0.341176470588,0.278431372549,0.745098039216,0.572549019608,0.521568627451,0.317647058824,0.494117647059,0.647058823529,0.345098039216,0.454901960784,0.227450980392,0.486274509804,0.513725490196,0.725490196078,0.247058823529,0.745098039216,0.690196078431,0.827450980392,0.474509803922,0.00392156862745,0.188235294118,0.372549019608,0.701960784314,0.76862745098,0.329411764706,0.411764705882,0.372549019608,0.254901960784,0.450980392157,0.576470588235,0.737254901961,0.0,0.850980392157,0.623529411765,0.0,0.0313725490196,0.254901960784,0.619607843137,0.211764705882,0.6,0.247058823529,0.709803921569,0.207843137255,0.250980392157,0.862745098039,0.756862745098,0.0,0.741176470588,0.329411764706,0.623529411765,0.0,0.556862745098,0.713725490196,0.83137254902,0.886274509804,0.886274509804,0.698039215686,0.752941176471,0.764705882353,0.580392156863,0.627450980392,0.635294117647,0.450980392157,0.490196078431,0.498039215686,0.329411764706,0.360784313725,0.36862745098,0.211764705882,0.23137254902,0.239215686275,32.2,3.5,-33.6
Daylight (D65),Methylphenidate HCl,negative,0.560784313725,0.560784313725,0.694117647059,0.462745098039,0.341176470588,0.278431372549,0.745098039216,0.572549019608,0.521568627451,0.317647058824,0.494117647059,0.647058823529,0.345098039216,0.454901960784,0.227450980392,0.486274509804,0.513725490196,0.725490196078,0.247058823529,0.745098039216,0.690196078431,0.827450980392,0.474509803922,0.00392156862745,0.188235294118,0.372549019608,0.701960784314,0.76862745098,0.329411764706,0.411764705882,0.372549019608,0.254901960784,0.450980392157,0.576470588235,0.737254901961,0.0,0.850980392157,0.623529411765,0.0,0.0313725490196,0.254901960784,0.619607843137,0.211764705882,0.6,0.247058823529,0.709803921569,0.207843137255,0.250980392157,0.862745098039,0.756862745098,0.0,0.741176470588,0.329411764706,0.623529411765,0.0,0.556862745098,0.713725490196,0.83137254902,0.886274509804,0.886274509804,0.698039215686,0.752941176471,0.764705882353,0.580392156863,0.627450980392,0.635294117647,0.450980392157,0.490196078431,0.498039215686,0.329411764706,0.360784313725,0.36862745098,0.211764705882,0.23137254902,0.239215686275,61.0,8.4,-13.8
Tube light (FL2),MDMA HCl,positive,0.0156862745098,0.164705882353,0.313725490196,0.419607843137,0.337254901961,0.23137254902,0.709803921569,0.572549019608,0.462745098039,0.349019607843,0.435294117647,0.549019607843,0.345098039216,0.423529411765,0.207843137255,0.462745098039,0.458823529412,0.61568627451,0.419607843137,0.686274509804,0.611764705882,0.788235294118,0.537254901961,0.0313725490196,0.239215686275,0.290196078431,0.588235294118,0.682352941176,0.364705882353,0.349019607843,0.298039215686,0.223529411765,0.364705882353,0.603921568627,0.725490196078,0.117647058824,0.81568627451,0.674509803922,0.0,0.105882352941,0.152941176471,0.517647058824,0.329411764706,0.552941176471,0.258823529412,0.58431372549,0.262745098039,0.21568627451,0.850980392157,0.792156862745,0.0,0.635294117647,0.329411764706,0.525490196078,0.0627450980392,0.447058823529,0.607843137255,0.870588235294,0.890196078431,0.803921568627,0.725490196078,0.741176470588,0.682352941176,0.588235294118,0.6,0.556862745098,0.447058823529,0.458823529412,0.423529411765,0.313725490196,0.325490196078,0.301960784314,0.192156862745,0.2,0.180392156863,19.6,-0.6,-24.8
Tube light (FL2),MDMA HCl,positive,0.0156862745098,0.160784313725,0.317647058824,0.419607843137,0.337254901961,0.23137254902,0.709803921569,0.572549019608,0.462745098039,0.349019607843,0.435294117647,0.549019607843,0.345098039216,0.423529411765,0.207843137255,0.462745098039,0.458823529412,0.61568627451,0.419607843137,0.686274509804,0.611764705882,0.788235294118,0.537254901961,0.0313725490196,0.239215686275,0.290196078431,0.588235294118,0.682352941176,0.364705882353,0.349019607843,0.298039215686,0.223529411765,0.364705882353,0.603921568627,0.725490196078,0.117647058824,0.81568627451,0.674509803922,0.0,0.105882352941,0.152941176471,0.517647058824,0.329411764706,0.552941176471,0.258823529412,0.58431372549,0.262745098039,0.21568627451,0.850980392157,0.792156862745,0.0,0.635294117647,0.329411764706,0.525490196078,0.0627450980392,0.447058823529,0.607843137255,0.870588235294,0.890196078431,0.803921568627,0.725490196078,0.741176470588,0.682352941176,0.588235294118,0.6,0.556862745098,0.447058823529,0.458823529412,0.423529411765,0.313725490196,0.325490196078,0.301960784314,0.192156862745,0.2,0.180392156863,19.3,-0.1,-25.3
White LED torch (LED-B3),Methylphenidate HCl,negative,0.490196078431,0.43137254902,0.560784313725,0.364705882353,0.243137254902,0.18431372549,0.658823529412,0.466666666667,0.407843137255,0.270588235294,0.341176470588,0.521568627451,0.270588235294,0.337254901961,0.164705882353,0.4,0.356862745098,0.588235294118,0.286274509804,0.6,0.564705882353,0.745098039216,0.411764705882,0.00392156862745,0.16862745098,0.188235294118,0.564705882353,0.666666666667,0.250980392157,0.298039215686,0.258823529412,0.141176470588,0.329411764706,0.509803921569,0.643137254902,0.0235294117647,0.764705882353,0.556862745098,0.0078431372549,0.043137254902,0.043137254902,0.490196078431,0.211764705882,0.478431372549,0.196078431373,0.58431372549,0.156862745098,0.164705882353,0.8,0.694117647059,0.0,0.627450980392,0.211764705882,0.494117647059,0.0,0.376470588235,0.572549019608,0.807843137255,0.788235294118,0.803921568627,0.650980392157,0.643137254902,0.662745098039,0.513725490196,0.505882352941,0.525490196078,0.372549019608,0.36862745098,0.388235294118,0.250980392157,0.247058823529,0.266666666667,0.137254901961,0.137254901961,0.145098039216,61.6,7.6,-11.1
Incandescent bulb (A),Dimethoxy-meth HCl,negative,0.00392156862745,0.207843137255,0.392156862745,0.41568627451,0.290196078431,0.18431372549,0.756862745098,0.541176470588,0.423529411765,0.317647058824,0.4,0.498039215686,0.301960784314,0.38431372549,0.164705882353,0.470588235294,0.423529411765,0.564705882353,0.305882352941,0.662745098039,0.592156862745,0.839215686275,0.490196078431,0.0274509803922,0.219607843137,0.258823529412,0.529411764706,0.764705882353,0.321568627451,0.298039215686,0.325490196078,0.18431372549,0.298039215686,0.556862745098,0.705882352941,0.16862745098,0.858823529412,0.63137254902,0.00392156862745,0.0823529411765,0.129411764706,0.454901960784,0.223529411765,0.525490196078,0.258823529412,0.709803921569,0.211764705882,0.176470588235,0.898039215686,0.772549019608,0.00392156862745,0.749019607843,0.294117647059,0.466666666667,0.0,0.423529411765,0.572549019608,0.909803921569,0.905882352941,0.788235294118,0.725490196078,0.733333333333,0.650980392157,0.572549019608,0.576470588235,0.513725490196,0.419607843137,0.419607843137,0.372549019608,0.278431372549,0.282352941176,0.250980392157,0.156862745098,0.156862745098,0.133333333333,31.2,-0.1,-32.3
Incandescent bulb (A),Methylphenidate HCl,negative,0.674509803922,0.63137254902,0.627450980392,0.41568627451,0.290196078431,0.18431372549,0.756862745098,0.541176470588,0.423529411765,0.317647058824,0.4,0.498039215686,0.301960784314,0.38431372549,0.164705882353,0.470588235294,0.423529411765,0.564705882353,0.305882352941,0.662745098039,0.592156862745,0.839215686275,0.490196078431,0.0274509803922,0.219607843137,0.258823529412,0.529411764706,0.764705882353,0.321568627451,0.298039215686,0.325490196078,0.18431372549,0.298039215686,0.556862745098,0.705882352941,0.16862745098,0.858823529412,0.63137254902,0.00392156862745,0.0823529411765,0.129411764706,0.454901960784,0.223529411765,0.525490196078,0.258823529412,0.709803921569,0.211764705882,0.176470588235,0.898039215686,0.772549019608,0.00392156862745,0.749019607843,0.294117647059,0.466666666667,0.0,0.423529411765,0.572549019608,0.909803921569,0.905882352941,0.788235294118,0.725490196078,0.733333333333,0.650980392157,0.572549019608,0.576470588235,0.513725490196,0.419607843137,0.419607843137,0.372549019608,0.278431372549,0.282352941176,0.250980392157,0.156862745098,0.156862745098,0.133333333333,65.5,5.5,-8.7
Daylight (D65),d-Methamphetamine HCl,positive,0.0,0.211764705882,0.360784313725,0.41568627451,0.329411764706,0.239215686275,0.701960784314,0.58431372549,0.482352941176,0.219607843137,0.490196078431,0.619607843137,0.278431372549,0.43137254902,0.16862745098,0.411764705882,0.505882352941,0.686274509804,0.0156862745098,0.749019607843,0.647058823529,0.811764705882,0.474509803922,0.0,0.0666666666667,0.364705882353,0.682352941176,0.733333333333,0.325490196078,0.36862745098,0.313725490196,0.239215686275,0.41568627451,0.501960784314,0.741176470588,0.0,0.807843137255,0.619607843137,0.0,0.0,0.250980392157,0.603921568627,0.0588235294118,0.6,0.176470588235,0.674509803922,0.2,0.203921568627,0.823529411765,0.776470588235,0.0,0.694117647059,0.329411764706,0.588235294118,0.0,0.545098039216,0.674509803922,0.78431372549,0.952941176471,0.890196078431,0.643137254902,0.788235294118,0.756862745098,0.513725490196,0.635294117647,0.611764705882,0.38431372549,0.482352941176,0.458823529412,0.266666666667,0.341176470588,0.325490196078,0.160784313725,0.207843137255,0.2,21.0,3.5,-25.6
Daylight (D65),Dimethoxy-meth HCl,negative,0.0,0.301960784314,0.505882352941,0.41568627451,0.329411764706,0.239215686275,0.701960784314,0.58431372549,0.482352941176,0.219607843137,0.490196078431,0.619607843137,0.278431372549,0.43137254902,0.16862745098,0.411764705882,0.505882352941,0.686274509804,0.0156862745098,0.749019607843,0.647058823529,0.811764705882,0.474509803922,0.0,0.0666666666667,0.364705882353,0.682352941176,0.733333333333,0.325490196078,0.36862745098,0.313725490196,0.239215686275,0.41568627451,0.501960784314,0.741176470588,0.0,0.807843137255,0.619607843137,0.0,0.0,0.250980392157,0.603921568627,0.0588235294118,0.6,0.176470588235,0.674509803922,0.2,0.203921568627,0.823529411765,0.776470588235,0.0,0.694117647059,0.329411764706,0.588235294118,0.0,0.545098039216,0.674509803922,0.78431372549,0.952941176471,0.890196078431,0.643137254902,0.788235294118,0.756862745098,0.513725490196,0.635294117647,0.611764705882,0.38431372549,0.482352941176,0.458823529412,0.266666666667,0.341176470588,0.325490196078,0.160784313725,0.207843137255,0.2,31.6,5.8,-33.3
Tube light (FL2),MDMA HCl,positive,0.0117647058824,0.172549019608,0.298039215686,0.423529411765,0.392156862745,0.266666666667,0.662745098039,0.552941176471,0.407843137255,0.321568627451,0.43137254902,0.509803921569,0.317647058824,0.411764705882,0.164705882353,0.427450980392,0.454901960784,0.564705882353,0.364705882353,0.658823529412,0.541176470588,0.733333333333,0.521568627451,0.0078431372549,0.21568627451,0.305882352941,0.549019607843,0.639215686275,0.356862745098,0.313725490196,0.282352941176,0.23137254902,0.337254901961,0.545098039216,0.690196078431,0.00392156862745,0.749019607843,0.639215686275,0.00392156862745,0.0862745098039,0.18431372549,0.486274509804,0.286274509804,0.533333333333,0.2,0.549019607843,0.254901960784,0.188235294118,0.780392156863,0.752941176471,0.0,0.592156862745,0.333333333333,0.482352941176,0.0117647058824,0.443137254902,0.556862745098,0.788235294118,0.850980392157,0.717647058824,0.658823529412,0.713725490196,0.611764705882,0.537254901961,0.58431372549,0.498039215686,0.411764705882,0.450980392157,0.380392156863,0.294117647059,0.325490196078,0.274509803922,0.18431372549,0.2,0.164705882353,20.4,-0.7,-25.4
Tube light (FL2),d-Methamphetamine HCl,positive,0.0156862745098,0.16862745098,0.298039215686,0.423529411765,0.392156862745,0.266666666667,0.662745098039,0.552941176471,0.407843137255,0.321568627451,0.43137254902,0.509803921569,0.317647058824,0.411764705882,0.164705882353,0.427450980392,0.454901960784,0.564705882353,0.364705882353,0.658823529412,0.541176470588,0.733333333333,0.521568627451,0.0078431372549,0.21568627451,0.305882352941,0.549019607843,0.639215686275,0.356862745098,0.313725490196,0.282352941176,0.23137254902,0.337254901961,0.545098039216,0.690196078431,0.00392156862745,0.749019607843,0.639215686275,0.00392156862745,0.0862745098039,0.18431372549,0.486274509804,0.286274509804,0.533333333333,0.2,0.549019607843,0.254901960784,0.188235294118,0.780392156863,0.752941176471,0.0,0.592156862745,0.333333333333,0.482352941176,0.0117647058824,0.443137254902,0.556862745098,0.788235294118,0.850980392157,0.717647058824,0.658823529412,0.713725490196,0.611764705882,0.537254901961,0.58431372549,0.498039215686,0.411764705882,0.450980392157,0.380392156863,0.294117647059,0.325490196078,0.274509803922,0.18431372549,0.2,0.164705882353,20.0,-0.0,-25.8
White LED torch (LED-B3),Dimethoxy-meth HCl,negative,0.0,0.282352941176,0.43137254902,0.38431372549,0.333333333333,0.18431372549,0.647058823529,0.576470588235,0.380392156863,0.258823529412,0.462745098039,0.505882352941,0.278431372549,0.43137254902,0.125490196078,0.403921568627,0.490196078431,0.572549019608,0.21568627451,0.717647058824,0.525490196078,0.725490196078,0.509803921569,0.00392156862745,0.141176470588,0.333333333333,0.552941176471,0.662745098039,0.364705882353,0.301960784314,0.282352941176,0.247058823529,0.341176470588,0.490196078431,0.733333333333,0.0,0.749019607843,0.658823529412,0.0,0.0156862745098,0.207843137255,0.490196078431,0.164705882353,0.56862745098,0.109803921569,0.592156862745,0.262745098039,0.176470588235,0.764705882353,0.78431372549,0.00392156862745,0.63137254902,0.356862745098,0.490196078431,0.0,0.498039215686,0.556862745098,0.741176470588,0.898039215686,0.698039215686,0.611764705882,0.756862745098,0.596078431373,0.494117647059,0.61568627451,0.490196078431,0.380392156863,0.474509803922,0.36862745098,0.266666666667,0.341176470588,0.266666666667,0.160784313725,0.207843137255,0.156862745098,32.5,4.6,-34.3
White LED torch (LED-B3),d-Methamphetamine HCl,positive,0.0,0.196078431373,0.298039215686,0.38431372549,0.333333333333,0.18431372549,0.647058823529,0.576470588235,0.380392156863,0.258823529412,0.462745098039,0.505882352941,0.278431372549,0.43137254902,0.125490196078,0.403921568627,0.490196078431,0.572549019608,0.21568627451,0.717647058824,0.525490196078,0.725490196078,0.509803921569,0.00392156862745,0.141176470588,0.333333333333,0.552941176471,0.662745098039,0.364705882353,0.301960784314,0.282352941176,0.247058823529,0.341176470588,0.490196078431,0.733333333333,0.0,0.749019607843,0.658823529412,0.0,0.0156862745098,0.207843137255,0.490196078431,0.164705882353,0.56862745098,0.109803921569,0.592156862745,0.262745098039,0.176470588235,0.764705882353,0.78431372549,0.00392156862745,0.63137254902,0.356862745098,0.490196078431,0.0,0.498039215686,0.556862745098,0.741176470588,0.898039215686,0.698039215686,0.611764705882,0.756862745098,0.596078431373,0.494117647059,0.61568627451,0.490196078431,0.380392156863,0.474509803922,0.36862745098,0.266666666667,0.341176470588,0.266666666667,0.160784313725,0.207843137255,0.156862745098,21.0,1.7,-25.2
Incandescent bulb (A),Dimethoxy-meth HCl,negative,0.741176470588,0.76862745098,0.694117647059,0.474509803922,0.305882352941,0.133333333333,0.850980392157,0.560784313725,0.36862745098,0.337254901961,0.439215686275,0.509803921569,0.321568627451,0.411764705882,0.0588235294118,0.525490196078,0.462745098039,0.56862745098,0.274509803922,0.721568627451,0.564705882353,0.945098039216,0.501960784314,0.0,0.239215686275,0.290196078431,0.560784313725,0.866666666667,0.305882352941,0.235294117647,0.372549019608,0.196078431373,0.305882352941,0.596078431373,0.752941176471,0.0,0.952941176471,0.658823529412,0.00392156862745,0.0901960784314,0.160784313725,0.490196078431,0.18431372549,0.572549019608,0.133333333333,0.807843137255,0.164705882353,0.0666666666667,0.988235294118,0.81568627451,0.0,0.850980392157,0.278431372549,0.454901960784,0.0,0.466666666667,0.592156862745,0.992156862745,0.964705882353,0.749019607843,0.803921568627,0.78431372549,0.619607843137,0.63137254902,0.619607843137,0.486274509804,0.458823529412,0.450980392157,0.352941176471,0.309803921569,0.305882352941,0.235294117647,0.180392156863,0.172549019608,0.125490196078,76.2,-2.4,-9.8
Incandescent bulb (A),Dimethoxy-meth HCl,negative,0.0,0.239215686275,0.407843137255,0.474509803922,0.305882352941,0.133333333333,0.850980392157,0.560784313725,0.36862745098,0.337254901961,0.439215686275,0.509803921569,0.321568627451,0.411764705882,0.0588235294118,0.525490196078,0.462745098039,0.56862745098,0.274509803922,0.721568627451,0.564705882353,0.945098039216,0.501960784314,0.0,0.239215686275,0.290196078431,0.560784313725,0.866666666667,0.305882352941,0.235294117647,0.372549019608,0.196078431373,0.305882352941,0.596078431373,0.752941176471,0.0,0.952941176471,0.658823529412,0.00392156862745,0.0901960784314,0.160784313725,0.490196078431,0.18431372549,0.572549019608,0.133333333333,0.807843137255,0.164705882353,0.0666666666667,0.988235294118,0.81568627451,0.0,0.850980392157,0.278431372549,0.454901960784,0.0,0.466666666667,0.592156862745,0.992156862745,0.964705882353,0.749019607843,0.803921568627,0.78431372549,0.619607843137,0.63137254902,0.619607843137,0.486274509804,0.458823529412,0.450980392157,0.352941176471,0.309803921569,0.305882352941,0.235294117647,0.180392156863,0.172549019608,0.125490196078,31.4,1.4,-33.8
Daylight (D65),MDMA HCl,positive,0.0078431372549,0.239215686275,0.372549019608,0.450980392157,0.349019607843,0.274509803922,0.725490196078,0.588235294118,0.501960784314,0.325490196078,0.501960784314,0.603921568627,0.341176470588,0.450980392157,0.223529411765,0.474509803922,0.521568627451,0.670588235294,0.305882352941,0.737254901961,0.647058823529,0.803921568627,0.490196078431,0.0470588235294,0.207843137255,0.388235294118,0.650980392157,0.737254901961,0.356862745098,0.396078431373,0.352941176471,0.266666666667,0.419607843137,0.572549019608,0.729411764706,0.0313725490196,0.81568627451,0.623529411765,0.0,0.043137254902,0.274509803922,0.58431372549,0.254901960784,0.596078431373,0.262745098039,0.682352941176,0.239215686275,0.254901960784,0.839215686275,0.760784313725,0.00392156862745,0.705882352941,0.360784313725,0.588235294118,0.00392156862745,0.556862745098,0.662745098039,0.83137254902,0.909803921569,0.858823529412,0.698039215686,0.76862745098,0.737254901961,0.572549019608,0.635294117647,0.603921568627,0.447058823529,0.498039215686,0.470588235294,0.321568627451,0.364705882353,0.349019607843,0.203921568627,0.23137254902,0.219607843137,20.1,-0.0,-25.8
Daylight (D65),d-Methamphetamine HCl,positive,0.0078431372549,0.235294117647,0.36862745098,0.450980392157,0.349019607843,0.274509803922,0.725490196078,0.588235294118,0.501960784314,0.325490196078,0.501960784314,0.603921568627,0.341176470588,0.450980392157,0.223529411765,0.474509803922,0.521568627451,0.670588235294,0.305882352941,0.737254901961,0.647058823529,0.803921568627,0.490196078431,0.0470588235294,0.207843137255,0.388235294118,0.650980392157,0.737254901961,0.356862745098,0.396078431373,0.352941176471,0.266666666667,0.419607843137,0.572549019608,0.729411764706,0.0313725490196,0.81568627451,0.623529411765,0.0,0.043137254902,0.274509803922,0.58431372549,0.254901960784,0.596078431373,0.262745098039,0.682352941176,0.239215686275,0.254901960784,0.839215686275,0.760784313725,0.00392156862745,0.705882352941,0.360784313725,0.588235294118,0.00392156862745,0.556862745098,0.662745098039,0.83137254902,0.909803921569,0.858823529412,0.698039215686,0.76862745098,0.737254901961,0.572549019608,0.635294117647,0.603921568627,0.447058823529,0.498039215686,0.470588235294,0.321568627451,0.364705882353,0.349019607843,0.203921568627,0.23137254902,0.219607843137,19.7,0.1,-25.7
Tube light (FL2),Dimethoxy-meth HCl,negative,0.0,0.18431372549,0.458823529412,0.419607843137,0.294117647059,0.2,0.721568627451,0.521568627451,0.443137254902,0.313725490196,0.38431372549,0.572549019608,0.309803921569,0.388235294118,0.156862745098,0.443137254902,0.403921568627,0.643137254902,0.349019607843,0.650980392157,0.627450980392,0.827450980392,0.494117647059,0.00392156862745,0.203921568627,0.223529411765,0.63137254902,0.709803921569,0.294117647059,0.321568627451,0.278431372549,0.16862745098,0.364705882353,0.576470588235,0.709803921569,0.0,0.835294117647,0.643137254902,0.00392156862745,0.0627450980392,0.0549019607843,0.552941176471,0.262745098039,0.529411764706,0.196078431373,0.596078431373,0.192156862745,0.164705882353,0.866666666667,0.772549019608,0.0,0.647058823529,0.250980392157,0.541176470588,0.0,0.4,0.643137254902,0.890196078431,0.870588235294,0.854901960784,0.725490196078,0.709803921569,0.705882352941,0.572549019608,0.56862745098,0.560784313725,0.423529411765,0.419607843137,0.411764705882,0.286274509804,0.286274509804,0.290196078431,0.16862745098,0.160784313725,0.164705882353,31.4,0.9,-32.8
Tube light (FL2),d-Methamphetamine HCl,positive,0.0078431372549,0.113725490196,0.321568627451,0.419607843137,0.294117647059,0.2,0.721568627451,0.521568627451,0.443137254902,0.313725490196,0.38431372549,0.572549019608,0.309803921569,0.388235294118,0.156862745098,0.443137254902,0.403921568627,0.643137254902,0.349019607843,0.650980392157,0.627450980392,0.827450980392,0.494117647059,0.00392156862745,0.203921568627,0.223529411765,0.63137254902,0.709803921569,0.294117647059,0.321568627451,0.278431372549,0.16862745098,0.364705882353,0.576470588235,0.709803921569,0.0,0.835294117647,0.643137254902,0.00392156862745,0.0627450980392,0.0549019607843,0.552941176471,0.262745098039,0.529411764706,0.196078431373,0.596078431373,0.192156862745,0.164705882353,0.866666666667,0.772549019608,0.0,0.647058823529,0.250980392157,0.541176470588,0.0,0.4,0.643137254902,0.890196078431,0.870588235294,0.854901960784,0.725490196078,0.709803921569,0.705882352941,0.572549019608,0.56862745098,0.560784313725,0.423529411765,0.419607843137,0.411764705882,0.286274509804,0.286274509804,0.290196078431,0.16862745098,0.160784313725,0.164705882353,20.6,0.3,-25.0
White LED torch (LED-B3),Methylphenidate HCl,negative,0.576470588235,0.560784313725,0.619607843137,0.486274509804,0.360784313725,0.211764705882,0.796078431373,0.603921568627,0.435294117647,0.345098039216,0.490196078431,0.603921568627,0.349019607843,0.466666666667,0.113725490196,0.494117647059,0.501960784314,0.666666666667,0.286274509804,0.749019607843,0.607843137255,0.894117647059,0.541176470588,0.0,0.23137254902,0.337254901961,0.678431372549,0.807843137255,0.356862745098,0.345098039216,0.364705882353,0.243137254902,0.41568627451,0.592156862745,0.772549019608,0.0,0.878431372549,0.674509803922,0.0,0.0627450980392,0.188235294118,0.61568627451,0.223529411765,0.623529411765,0.0705882352941,0.729411764706,0.235294117647,0.176470588235,0.909803921569,0.827450980392,0.0,0.760784313725,0.329411764706,0.576470588235,0.0,0.525490196078,0.650980392157,0.913725490196,0.956862745098,0.83137254902,0.760784313725,0.8,0.705882352941,0.61568627451,0.650980392157,0.576470588235,0.470588235294,0.501960784314,0.443137254902,0.337254901961,0.360784313725,0.321568627451,0.211764705882,0.223529411765,0.192156862745,60.0,7.5,-11.7
White LED torch (LED-B3),Methylphenidate HCl,negative,0.58431372549,0.560784313725,0.61568627451,0.486274509804,0.360784313725,0.211764705882,0.796078431373,0.603921568627,0.435294117647,0.345098039216,0.490196078431,0.603921568627,0.349019607843,0.466666666667,0.113725490196,0.494117647059,0.501960784314,0.666666666667,0.286274509804,0.749019607843,0.607843137255,0.894117647059,0.541176470588,0.0,0.23137254902,0.337254901961,0.678431372549,0.807843137255,0.356862745098,0.345098039216,0.364705882353,0.243137254902,0.41568627451,0.592156862745,0.772549019608,0.0,0.878431372549,0.674509803922,0.0,0.0627450980392,0.188235294118,0.61568627451,0.223529411765,0.623529411765,0.0705882352941,0.729411764706,0.235294117647,0.176470588235,0.909803921569,0.827450980392,0.0,0.760784313725,0.329411764706,0.576470588235,0.0,0.525490196078,0.650980392157,0.913725490196,0.956862745098,0.83137254902,0.760784313725,0.8,0.705882352941,0.61568627451,0.650980392157,0.576470588235,0.470588235294,0.501960784314,0.443137254902,0.337254901961,0.360784313725,0.321568627451,0.211764705882,0.223529411765,0.192156862745,60.0,8.0,-11.0
Incandescent bulb (A),MDMA HCl,positive,0.0,0.188235294118,0.243137254902,0.447058823529,0.349019607843,0.121568627451,0.776470588235,0.623529411765,0.329411764706,0.317647058824,0.486274509804,0.447058823529,0.313725490196,0.439215686275,0.043137254902,0.482352941176,0.517647058824,0.498039215686,0.258823529412,0.752941176471,0.474509803922,0.858823529412,0.556862745098,0.0,0.223529411765,0.356862745098,0.494117647059,0.792156862745,0.388235294118,0.227450980392,0.352941176471,0.247058823529,0.274509803922,0.545098039216,0.772549019608,0.0,0.854901960784,0.694117647059,0.00392156862745,0.0745098039216,0.235294117647,0.43137254902,0.18431372549,0.6,0.0901960784314,0.741176470588,0.266666666667,0.109803921569,0.886274509804,0.843137254902,0.00392156862745,0.76862745098,0.376470588235,0.407843137255,0.00392156862745,0.513725490196,0.509803921569,0.905882352941,0.996078431373,0.639215686275,0.733333333333,0.835294117647,0.533333333333,0.580392156863,0.666666666667,0.41568627451,0.43137254902,0.494117647059,0.309803921569,0.286274509804,0.341176470588,0.203921568627,0.176470588235,0.2,0.105882352941,20.2,0.9,-27.0
Incandescent bulb (A),Dimethoxy-meth HCl,negative,0.58431372549,0.729411764706,0.541176470588,0.447058823529,0.349019607843,0.121568627451,0.776470588235,0.623529411765,0.329411764706,0.317647058824,0.486274509804,0.447058823529,0.313725490196,0.439215686275,0.043137254902,0.482352941176,0.517647058824,0.498039215686,0.258823529412,0.752941176471,0.474509803922,0.858823529412,0.556862745098,0.0,0.223529411765,0.356862745098,0.494117647059,0.792156862745,0.388235294118,0.227450980392,0.352941176471,0.247058823529,0.274509803922,0.545098039216,0.772549019608,0.0,0.854901960784,0.694117647059,0.00392156862745,0.0745098039216,0.235294117647,0.43137254902,0.18431372549,0.6,0.0901960784314,0.741176470588,0.266666666667,0.109803921569,0.886274509804,0.843137254902,0.00392156862745,0.76862745098,0.376470588235,0.407843137255,0.00392156862745,0.513725490196,0.509803921569,0.905882352941,0.996078431373,0.639215686275,0.733333333333,0.835294117647,0.533333333333,0.580392156863,0.666666666667,0.41568627451,0.43137254902,0.494117647059,0.309803921569,0.286274509804,0.341176470588,0.203921568627,0.176470588235,0.2,0.105882352941,49.8,-2.3,-20.0
Daylight (D65),d-Methamphetamine HCl,positive,0.00392156862745,0.258823529412,0.376470588235,0.458823529412,0.360784313725,0.274509803922,0.733333333333,0.611764705882,0.501960784314,0.325490196078,0.521568627451,0.611764705882,0.349019607843,0.466666666667,0.223529411765,0.486274509804,0.549019607843,0.682352941176,0.313725490196,0.780392156863,0.662745098039,0.811764705882,0.501960784314,0.0274509803922,0.207843137255,0.407843137255,0.654901960784,0.756862745098,0.376470588235,0.407843137255,0.36862745098,0.282352941176,0.43137254902,0.588235294118,0.76862745098,0.0078431372549,0.847058823529,0.658823529412,0.0,0.0352941176471,0.294117647059,0.588235294118,0.250980392157,0.619607843137,0.250980392157,0.694117647059,0.258823529412,0.254901960784,0.858823529412,0.792156862745,0.0,0.729411764706,0.388235294118,0.592156862745,0.00392156862745,0.596078431373,0.678431372549,0.839215686275,0.937254901961,0.854901960784,0.709803921569,0.803921568627,0.741176470588,0.58431372549,0.662745098039,0.619607843137,0.458823529412,0.521568627451,0.482352941176,0.333333333333,0.38431372549,0.356862745098,0.21568627451,0.250980392157,0.23137254902,20.3,-0.4,-25.4
Daylight (D65),MDMA HCl,positive,0.00392156862745,0.258823529412,0.380392156863,0.458823529412,0.360784313725,0.274509803922,0.733333333333,0.611764705882,0.501960784314,0.325490196078,0.521568627451,0.611764705882,0.349019607843,0.466666666667,0.223529411765,0.486274509804,0.549019607843,0.682352941176,0.313725490196,0.780392156863,0.662745098039,0.811764705882,0.501960784314,0.0274509803922,0.207843137255,0.407843137255,0.654901960784,0.756862745098,0.376470588235,0.407843137255,0.36862745098,0.282352941176,0.43137254902,0.588235294118,0.76862745098,0.0078431372549,0.847058823529,0.658823529412,0.0,0.0352941176471,0.294117647059,0.588235294118,0.250980392157,0.619607843137,0.250980392157,0.694117647059,0.258823529412,0.254901960784,0.858823529412,0.792156862745,0.0,0.729411764706,0.388235294118,0.592156862745,0.00392156862745,0.596078431373,0.678431372549,0.839215686275,0.937254901961,0.854901960784,0.709803921569,0.803921568627,0.741176470588,0.58431372549,0.662745098039,0.619607843137,0.458823529412,0.521568627451,0.482352941176,0.333333333333,0.38431372549,0.356862745098,0.21568627451,0.250980392157,0.23137254902,20.1,-0.1,-25.7
Tube light (FL2),Methylphenidate HCl,negative,0.494117647059,0.541176470588,0.588235294118,0.396078431373,0.325490196078,0.149019607843,0.705882352941,0.58431372549,0.392156862745,0.243137254902,0.439215686275,0.572549019608,0.262745098039,0.423529411765,0.0509803921569,0.392156862745,0.462745098039,0.643137254902,0.149019607843,0.725490196078,0.588235294118,0.823529411765,0.541176470588,0.0,0.109803921569,0.278431372549,0.639215686275,0.709803921569,0.333333333333,0.282352941176,0.254901960784,0.203921568627,0.364705882353,0.513725490196,0.776470588235,0.0,0.81568627451,0.701960784314,0.0,0.0117647058824,0.133333333333,0.560784313725,0.125490196078,0.580392156863,0.0352941176471,0.596078431373,0.219607843137,0.105882352941,0.835294117647,0.850980392157,0.0,0.643137254902,0.301960784314,0.537254901961,0.0,0.454901960784,0.639215686275,0.827450980392,0.980392156863,0.807843137255,0.662745098039,0.796078431373,0.674509803922,0.525490196078,0.63137254902,0.533333333333,0.380392156863,0.466666666667,0.388235294118,0.258823529412,0.317647058824,0.266666666667,0.141176470588,0.180392156863,0.149019607843,61.0,7.3,-10.8
Tube light (FL2),Methylphenidate HCl,negative,0.494117647059,0.537254901961,0.588235294118,0.396078431373,0.325490196078,0.149019607843,0.705882352941,0.58431372549,0.392156862745,0.243137254902,0.439215686275,0.572549019608,0.262745098039,0.423529411765,0.0509803921569,0.392156862745,0.462745098039,0.643137254902,0.149019607843,0.725490196078,0.588235294118,0.823529411765,0.541176470588,0.0,0.109803921569,0.278431372549,0.639215686275,0.709803921569,0.333333333333,0.282352941176,0.254901960784,0.203921568627,0.364705882353,0.513725490196,0.776470588235,0.0,0.81568627451,0.701960784314,0.0,0.0117647058824,0.133333333333,0.560784313725,0.125490196078,0.580392156863,0.0352941176471,0.596078431373,0.219607843137,0.105882352941,0.835294117647,0.850980392157,0.0,0.643137254902,0.301960784314,0.537254901961,0.0,0.454901960784,0.639215686275,0.827450980392,0.980392156863,0.807843137255,0.662745098039,0.796078431373,0.674509803922,0.525490196078,0.63137254902,0.533333333333,0.380392156863,0.466666666667,0.388235294118,0.258823529412,0.317647058824,0.266666666667,0.141176470588,0.180392156863,0.149019607843,60.7,7.4,-11.3
White LED torch (LED-B3),Methylphenidate HCl,negative,0.58431372549,0.533333333333,0.63137254902,0.454901960784,0.333333333333,0.254901960784,0.752941176471,0.56862745098,0.486274509804,0.360784313725,0.443137254902,0.596078431373,0.356862745098,0.435294117647,0.23137254902,0.498039215686,0.462745098039,0.662745098039,0.396078431373,0.701960784314,0.643137254902,0.83137254902,0.513725490196,0.0470588235294,0.254901960784,0.290196078431,0.639215686275,0.756862745098,0.345098039216,0.380392156863,0.349019607843,0.219607843137,0.407843137255,0.611764705882,0.733333333333,0.105882352941,0.854901960784,0.654901960784,0.0,0.101960784314,0.133333333333,0.56862745098,0.309803921569,0.576470588235,0.266666666667,0.678431372549,0.243137254902,0.239215686275,0.886274509804,0.78431372549,0.00392156862745,0.717647058824,0.313725490196,0.572549019608,0.0078431372549,0.482352941176,0.647058823529,0.898039215686,0.882352941176,0.854901960784,0.749019607843,0.741176470588,0.725490196078,0.611764705882,0.607843137255,0.596078431373,0.470588235294,0.466666666667,0.458823529412,0.337254901961,0.337254901961,0.333333333333,0.211764705882,0.207843137255,0.207843137255,61.1,7.6,-11.5
White LED torch (LED-B3),MDMA HCl,positive,0.0117647058824,0.180392156863,0.352941176471,0.454901960784,0.333333333333,0.254901960784,0.752941176471,0.56862745098,0.486274509804,0.360784313725,0.443137254902,0.596078431373,0.356862745098,0.435294117647,0.23137254902,0.498039215686,0.462745098039,0.662745098039,0.396078431373,0.701960784314,0.643137254902,0.83137254902,0.513725490196,0.0470588235294,0.254901960784,0.290196078431,0.639215686275,0.756862745098,0.345098039216,0.380392156863,0.349019607843,0.219607843137,0.407843137255,0.611764705882,0.733333333333,0.105882352941,0.854901960784,0.654901960784,0.0,0.101960784314,0.133333333333,0.56862745098,0.309803921569,0.576470588235,0.266666666667,0.678431372549,0.243137254902,0.239215686275,0.886274509804,0.78431372549,0.00392156862745,0.717647058824,0.313725490196,0.572549019608,0.0078431372549,0.482352941176,0.647058823529,0.898039215686,0.882352941176,0.854901960784,0.749019607843,0.741176470588,0.725490196078,0.611764705882,0.607843137255,0.596078431373,0.470588235294,0.466666666667,0.458823529412,0.337254901961,0.337254901961,0.333333333333,0.211764705882,0.207843137255,0.207843137255,19.8,-0.8,-24.8
Incandescent bulb (A),Dimethoxy-meth HCl,negative,0.00392156862745,0.192156862745,0.380392156863,0.396078431373,0.274509803922,0.2,0.694117647059,0.498039215686,0.43137254902,0.305882352941,0.372549019608,0.482352941176,0.298039215686,0.356862745098,0.188235294118,0.450980392157,0.392156862745,0.545098039216,0.313725490196,0.611764705882,0.572549019608,0.764705882353,0.458823529412,0.117647058824,0.211764705882,0.239215686275,0.505882352941,0.701960784314,0.309803921569,0.309803921569,0.309803921569,0.180392156863,0.294117647059,0.525490196078,0.647058823529,0.243137254902,0.780392156863,0.58431372549,0.0549019607843,0.0862745098039,0.117647058824,0.435294117647,0.235294117647,0.490196078431,0.278431372549,0.654901960784,0.211764705882,0.196078431373,0.81568627451,0.709803921569,0.125490196078,0.686274509804,0.282352941176,0.458823529412,0.0078431372549,0.392156862745,0.556862745098,0.839215686275,0.81568627451,0.76862745098,0.682352941176,0.670588235294,0.643137254902,0.545098039216,0.533333333333,0.505882352941,0.396078431373,0.392156862745,0.376470588235,0.274509803922,0.270588235294,0.254901960784,0.156862745098,0.152941176471,0.141176470588,30.1,-0.8,-32.2
Incandescent bulb (A),d-Methamphetamine HCl,positive,0.00392156862745,0.125490196078,0.254901960784,0.396078431373,0.274509803922,0.2,0.694117647059,0.498039215686,0.43137254902,0.305882352941,0.372549019608,0.482352941176,0.298039215686,0.356862745098,0.188235294118,0.450980392157,0.392156862745,0.545098039216,0.313725490196,0.611764705882,0.572549019608,0.764705882353,0.458823529412,0.117647058824,0.211764705882,0.239215686275,0.505882352941,0.701960784314,0.309803921569,0.309803921569,0.309803921569,0.180392156863,0.294117647059,0.525490196078,0.647058823529,0.243137254902,0.780392156863,0.58431372549,0.0549019607843,0.0862745098039,0.117647058824,0.435294117647,0.235294117647,0.490196078431,0.278431372549,0.654901960784,0.211764705882,0.196078431373,0.81568627451,0.709803921569,0.125490196078,0.686274509804,0.282352941176,0.458823529412,0.0078431372549,0.392156862745,0.556862745098,0.839215686275,0.81568627451,0.76862745098,0.682352941176,0.670588235294,0.643137254902,0.545098039216,0.533333333333,0.505882352941,0.396078431373,0.392156862745,0.376470588235,0.274509803922,0.270588235294,0.254901960784,0.156862745098,0.152941176471,0.141176470588,19.8,-1.2,-24.0
Daylight (D65),d-Methamphetamine HCl,positive,0.0117647058824,0.18431372549,0.298039215686,0.407843137255,0.286274509804,0.21568627451,0.709803921569,0.533333333333,0.443137254902,0.313725490196,0.443137254902,0.533333333333,0.313725490196,0.38431372549,0.180392156863,0.450980392157,0.462745098039,0.6,0.341176470588,0.690196078431,0.588235294118,0.78431372549,0.427450980392,0.0745098039216,0.211764705882,0.329411764706,0.580392156863,0.705882352941,0.298039215686,0.333333333333,0.309803921569,0.211764705882,0.349019607843,0.560784313725,0.678431372549,0.0549019607843,0.803921568627,0.564705882353,0.00392156862745,0.0705882352941,0.223529411765,0.509803921569,0.266666666667,0.537254901961,0.21568627451,0.639215686275,0.18431372549,0.207843137255,0.847058823529,0.713725490196,0.0,0.682352941176,0.301960784314,0.513725490196,0.0078431372549,0.498039215686,0.588235294118,0.866666666667,0.882352941176,0.823529411765,0.701960784314,0.725490196078,0.678431372549,0.560784313725,0.58431372549,0.545098039216,0.41568627451,0.435294117647,0.407843137255,0.290196078431,0.298039215686,0.286274509804,0.16862745098,0.176470588235,0.164705882353,20.0,0.1,-24.6
Daylight (D65),Dimethoxy-meth HCl,negative,0.00392156862745,0.270588235294,0.43137254902,0.407843137255,0.286274509804,0.21568627451,0.709803921569,0.533333333333,0.443137254902,0.313725490196,0.443137254902,0.533333333333,0.313725490196,0.38431372549,0.180392156863,0.450980392157,0.462745098039,0.6,0.341176470588,0.690196078431,0.588235294118,0.78431372549,0.427450980392,0.0745098039216,0.211764705882,0.329411764706,0.580392156863,0.705882352941,0.298039215686,0.333333333333,0.309803921569,0.211764705882,0.349019607843,0.560784313725,0.678431372549,0.0549019607843,0.803921568627,0.564705882353,0.00392156862745,0.0705882352941,0.223529411765,0.509803921569,0.266666666667,0.537254901961,0.21568627451,0.639215686275,0.18431372549,0.207843137255,0.847058823529,0.713725490196,0.0,0.682352941176,0.301960784314,0.513725490196,0.0078431372549,0.498039215686,0.588235294118,0.866666666667,0.882352941176,0.823529411765,0.701960784314,0.725490196078,0.678431372549,0.560784313725,0.58431372549,0.545098039216,0.41568627451,0.435294117647,0.407843137255,0.290196078431,0.298039215686,0.286274509804,0.16862745098,0.176470588235,0.164705882353,30.5,1.0,-33.6
Tube light (FL2),MDMA HCl,positive,0.0078431372549,0.223529411765,0.345098039216,0.450980392157,0.403921568627,0.223529411765,0.721568627451,0.650980392157,0.43137254902,0.337254901961,0.517647058824,0.564705882353,0.349019607843,0.490196078431,0.145098039216,0.462745098039,0.545098039216,0.619607843137,0.356862745098,0.760784313725,0.58431372549,0.807843137255,0.607843137255,0.00392156862745,0.223529411765,0.38431372549,0.61568627451,0.713725490196,0.43137254902,0.345098039216,0.321568627451,0.294117647059,0.388235294118,0.58431372549,0.792156862745,0.0,0.807843137255,0.737254901961,0.0,0.0588235294118,0.254901960784,0.552941176471,0.286274509804,0.627450980392,0.160784313725,0.61568627451,0.317647058824,0.2,0.835294117647,0.866666666667,0.0,0.658823529412,0.411764705882,0.533333333333,0.0,0.533333333333,0.61568627451,0.843137254902,0.980392156863,0.760784313725,0.701960784314,0.823529411765,0.650980392157,0.58431372549,0.686274509804,0.541176470588,0.454901960784,0.533333333333,0.423529411765,0.325490196078,0.396078431373,0.309803921569,0.211764705882,0.250980392157,0.188235294118,20.4,-0.2,-25.9
Tube light (FL2),Dimethoxy-meth HCl,negative,0.447058823529,0.607843137255,0.596078431373,0.450980392157,0.403921568627,0.223529411765,0.721568627451,0.650980392157,0.43137254902,0.337254901961,0.517647058824,0.564705882353,0.349019607843,0.490196078431,0.145098039216,0.462745098039,0.545098039216,0.619607843137,0.356862745098,0.760784313725,0.58431372549,0.807843137255,0.607843137255,0.00392156862745,0.223529411765,0.38431372549,0.61568627451,0.713725490196,0.43137254902,0.345098039216,0.321568627451,0.294117647059,0.388235294118,0.58431372549,0.792156862745,0.0,0.807843137255,0.737254901961,0.0,0.0588235294118,0.254901960784,0.552941176471,0.286274509804,0.627450980392,0.160784313725,0.61568627451,0.317647058824,0.2,0.835294117647,0.866666666667,0.0,0.658823529412,0.411764705882,0.533333333333,0.0,0.533333333333,0.61568627451,0.843137254902,0.980392156863,0.760784313725,0.701960784314,0.823529411765,0.650980392157,0.58431372549,0.686274509804,0.541176470588,0.454901960784,0.533333333333,0.423529411765,0.325490196078,0.396078431373,0.309803921569,0.211764705882,0.250980392157,0.188235294118,47.1,-1.8,-22.2
White LED torch (LED-B3),MDMA HCl,positive,0.00392156862745,0.152941176471,0.243137254902,0.36862745098,0.294117647059,0.0745098039216,0.658823529412,0.541176470588,0.254901960784,0.207843137255,0.427450980392,0.447058823529,0.23137254902,0.388235294118,0.0078431372549,0.372549019608,0.447058823529,0.505882352941,0.0392156862745,0.690196078431,0.41568627451,0.760784313725,0.470588235294,0.0,0.0980392156863,0.294117647059,0.525490196078,0.686274509804,0.298039215686,0.2,0.250980392157,0.196078431373,0.290196078431,0.443137254902,0.709803921569,0.0,0.752941176471,0.611764705882,0.0,0.0117647058824,0.176470588235,0.466666666667,0.0313725490196,0.545098039216,0.00392156862745,0.603921568627,0.18431372549,0.0352941176471,0.780392156863,0.764705882353,0.0,0.63137254902,0.290196078431,0.427450980392,0.0,0.458823529412,0.498039215686,0.764705882353,0.925490196078,0.619607843137,0.611764705882,0.752941176471,0.513725490196,0.482352941176,0.592156862745,0.4,0.341176470588,0.439215686275,0.286274509804,0.23137254902,0.294117647059,0.192156862745,0.125490196078,0.160784313725,0.101960784314,21.5,4.3,-25.9
White LED torch (LED-B3),MDMA HCl,positive,0.00392156862745,0.152941176471,0.243137254902,0.36862745098,0.294117647059,0.0745098039216,0.658823529412,0.541176470588,0.254901960784,0.207843137255,0.427450980392,0.447058823529,0.23137254902,0.388235294118,0.0078431372549,0.372549019608,0.447058823529,0.505882352941,0.0392156862745,0.690196078431,0.41568627451,0.760784313725,0.470588235294,0.0,0.0980392156863,0.294117647059,0.525490196078,0.686274509804,0.298039215686,0.2,0.250980392157,0.196078431373,0.290196078431,0.443137254902,0.709803921569,0.0,0.752941176471,0.611764705882,0.0,0.0117647058824,0.176470588235,0.466666666667,0.0313725490196,0.545098039216,0.00392156862745,0.603921568627,0.18431372549,0.0352941176471,0.780392156863,0.764705882353,0.0,0.63137254902,0.290196078431,0.427450980392,0.0,0.458823529412,0.498039215686,0.764705882353,0.925490196078,0.619607843137,0.611764705882,0.752941176471,0.513725490196,0.482352941176,0.592156862745,0.4,0.341176470588,0.439215686275,0.286274509804,0.23137254902,0.294117647059,0.192156862745,0.125490196078,0.160784313725,0.101960784314,21.5,4.5,-25.8
Incandescent bulb (A),Methylphenidate HCl,negative,0.521568627451,0.470588235294,0.509803921569,0.403921568627,0.270588235294,0.160784313725,0.705882352941,0.486274509804,0.376470588235,0.290196078431,0.376470588235,0.478431372549,0.286274509804,0.364705882353,0.129411764706,0.454901960784,0.4,0.537254901961,0.250980392157,0.623529411765,0.549019607843,0.776470588235,0.439215686275,0.00392156862745,0.2,0.247058823529,0.509803921569,0.729411764706,0.282352941176,0.254901960784,0.325490196078,0.176470588235,0.294117647059,0.513725490196,0.658823529412,0.0117647058824,0.803921568627,0.58431372549,0.0,0.0705882352941,0.121568627451,0.443137254902,0.172549019608,0.494117647059,0.207843137255,0.682352941176,0.172549019608,0.125490196078,0.827450980392,0.705882352941,0.00392156862745,0.721568627451,0.258823529412,0.439215686275,0.0,0.407843137255,0.560784313725,0.819607843137,0.803921568627,0.698039215686,0.666666666667,0.662745098039,0.58431372549,0.537254901961,0.533333333333,0.470588235294,0.396078431373,0.396078431373,0.349019607843,0.274509803922,0.274509803922,0.243137254902,0.160784313725,0.156862745098,0.133333333333,61.9,5.7,-10.6
Incandescent bulb (A),Dimethoxy-meth HCl,negative,0.00392156862745,0.207843137255,0.388235294118,0.403921568627,0.270588235294,0.160784313725,0.705882352941,0.486274509804,0.376470588235,0.290196078431,0.376470588235,0.478431372549,0.286274509804,0.364705882353,0.129411764706,0.454901960784,0.4,0.537254901961,0.250980392157,0.623529411765,0.549019607843,0.776470588235,0.439215686275,0.00392156862745,0.2,0.247058823529,0.509803921569,0.729411764706,0.282352941176,0.254901960784,0.325490196078,0.176470588235,0.294117647059,0.513725490196,0.658823529412,0.0117647058824,0.803921568627,0.58431372549,0.0,0.0705882352941,0.121568627451,0.443137254902,0.172549019608,0.494117647059,0.207843137255,0.682352941176,0.172549019608,0.125490196078,0.827450980392,0.705882352941,0.00392156862745,0.721568627451,0.258823529412,0.439215686275,0.0,0.407843137255,0.560784313725,0.819607843137,0.803921568627,0.698039215686,0.666666666667,0.662745098039,0.58431372549,0.537254901961,0.533333333333,0.470588235294,0.396078431373,0.396078431373,0.349019607843,0.274509803922,0.274509803922,0.243137254902,0.160784313725,0.156862745098,0.133333333333,31.7,0.1,-32.2
Daylight (D65),d-Methamphetamine HCl,positive,0.0078431372549,0.2,0.321568627451,0.407843137255,0.305882352941,0.207843137255,0.678431372549,0.541176470588,0.423529411765,0.270588235294,0.454901960784,0.541176470588,0.290196078431,0.403921568627,0.137254901961,0.419607843137,0.478431372549,0.603921568627,0.2,0.690196078431,0.560784313725,0.76862745098,0.43137254902,0.0,0.149019607843,0.352941176471,0.596078431373,0.694117647059,0.298039215686,0.321568627451,0.313725490196,0.227450980392,0.36862745098,0.509803921569,0.674509803922,0.0,0.76862745098,0.560784313725,0.00392156862745,0.0274509803922,0.243137254902,0.533333333333,0.16862745098,0.552941176471,0.125490196078,0.635294117647,0.180392156863,0.18431372549,0.788235294118,0.705882352941,0.0,0.662745098039,0.313725490196,0.517647058824,0.00392156862745,0.509803921569,0.592156862745,0.772549019608,0.866666666667,0.764705882353,0.639215686275,0.721568627451,0.654901960784,0.521568627451,0.58431372549,0.533333333333,0.396078431373,0.447058823529,0.407843137255,0.274509803922,0.317647058824,0.282352941176,0.164705882353,0.192156862745,0.172549019608,20.3,4.0,-27.3
Daylight (D65),MDMA HCl,positive,0.00392156862745,0.203921568627,0.317647058824,0.407843137255,0.305882352941,0.207843137255,0.678431372549,0.541176470588,0.423529411765,0.270588235294,0.454901960784,0.541176470588,0.290196078431,0.403921568627,0.137254901961,0.419607843137,0.478431372549,0.603921568627,0.2,0.690196078431,0.560784313725,0.76862745098,0.43137254902,0.0,0.149019607843,0.352941176471,0.596078431373,0.694117647059,0.298039215686,0.321568627451,0.313725490196,0.227450980392,0.36862745098,0.509803921569,0.674509803922,0.0,0.76862745098,0.560784313725,0.00392156862745,0.0274509803922,0.243137254902,0.533333333333,0.16862745098,0.552941176471,0.125490196078,0.635294117647,0.180392156863,0.18431372549,0.788235294118,0.705882352941,0.0,0.662745098039,0.313725490196,0.517647058824,0.00392156862745,0.509803921569,0.592156862745,0.772549019608,0.866666666667,0.764705882353,0.639215686275,0.721568627451,0.654901960784,0.521568627451,0.58431372549,0.533333333333,0.396078431373,0.447058823529,0.407843137255,0.274509803922,0.317647058824,0.282352941176,0.164705882353,0.192156862745,0.172549019608,20.6,2.8,-26.1
Tube light (FL2),d-Methamphetamine HCl,positive,0.0078431372549,0.180392156863,0.38431372549,0.462745098039,0.36862745098,0.258823529412,0.752941176471,0.611764705882,0.509803921569,0.349019607843,0.470588235294,0.643137254902,0.352941176471,0.466666666667,0.207843137255,0.482352941176,0.494117647059,0.709803921569,0.36862745098,0.737254901961,0.682352941176,0.850980392157,0.58431372549,0.0078431372549,0.227450980392,0.305882352941,0.694117647059,0.745098039216,0.388235294118,0.388235294118,0.329411764706,0.243137254902,0.435294117647,0.61568627451,0.788235294118,0.0,0.862745098039,0.721568627451,0.0,0.0627450980392,0.137254901961,0.623529411765,0.294117647059,0.611764705882,0.266666666667,0.647058823529,0.278431372549,0.235294117647,0.898039215686,0.858823529412,0.0,0.694117647059,0.345098039216,0.611764705882,0.00392156862745,0.486274509804,0.717647058824,0.901960784314,0.956862745098,0.905882352941,0.749019607843,0.8,0.772549019608,0.61568627451,0.650980392157,0.63137254902,0.470588235294,0.505882352941,0.486274509804,0.341176470588,0.364705882353,0.356862745098,0.211764705882,0.227450980392,0.223529411765,20.1,0.3,-25.5
Tube light (FL2),Methylphenidate HCl,negative,0.580392156863,0.572549019608,0.666666666667,0.462745098039,0.36862745098,0.258823529412,0.752941176471,0.611764705882,0.509803921569,0.349019607843,0.470588235294,0.643137254902,0.352941176471,0.466666666667,0.207843137255,0.482352941176,0.494117647059,0.709803921569,0.36862745098,0.737254901961,0.682352941176,0.850980392157,0.58431372549,0.0078431372549,0.227450980392,0.305882352941,0.694117647059,0.745098039216,0.388235294118,0.388235294118,0.329411764706,0.243137254902,0.435294117647,0.61568627451,0.788235294118,0.0,0.862745098039,0.721568627451,0.0,0.0627450980392,0.137254901961,0.623529411765,0.294117647059,0.611764705882,0.266666666667,0.647058823529,0.278431372549,0.235294117647,0.898039215686,0.858823529412,0.0,0.694117647059,0.345098039216,0.611764705882,0.00392156862745,0.486274509804,0.717647058824,0.901960784314,0.956862745098,0.905882352941,0.749019607843,0.8,0.772549019608,0.61568627451,0.650980392157,0.63137254902,0.470588235294,0.505882352941,0.486274509804,0.341176470588,0.364705882353,0.356862745098,0.211764705882,0.227450980392,0.223529411765,61.4,7.0,-9.7
White LED torch (LED-B3),Dimethoxy-meth HCl,negative,0.0,0.294117647059,0.498039215686,0.494117647059,0.36862745098,0.270588235294,0.792156862745,0.61568627451,0.486274509804,0.380392156863,0.494117647059,0.611764705882,0.376470588235,0.474509803922,0.219607843137,0.521568627451,0.513725490196,0.670588235294,0.392156862745,0.745098039216,0.643137254902,0.874509803922,0.556862745098,0.0,0.270588235294,0.341176470588,0.670588235294,0.792156862745,0.38431372549,0.388235294118,0.372549019608,0.258823529412,0.423529411765,0.623529411765,0.772549019608,0.0,0.870588235294,0.686274509804,0.00392156862745,0.109803921569,0.196078431373,0.6,0.317647058824,0.619607843137,0.247058823529,0.713725490196,0.270588235294,0.239215686275,0.909803921569,0.823529411765,0.0078431372549,0.749019607843,0.352941176471,0.580392156863,0.0,0.521568627451,0.650980392157,0.925490196078,0.941176470588,0.858823529412,0.776470588235,0.792156862745,0.733333333333,0.63137254902,0.650980392157,0.607843137255,0.494117647059,0.505882352941,0.470588235294,0.356862745098,0.36862745098,0.341176470588,0.227450980392,0.23137254902,0.21568627451,30.7,-0.9,-32.5
White LED torch (LED-B3),MDMA HCl,positive,0.741176470588,0.776470588235,0.741176470588,0.494117647059,0.36862745098,0.270588235294,0.792156862745,0.61568627451,0.486274509804,0.380392156863,0.494117647059,0.611764705882,0.376470588235,0.474509803922,0.219607843137,0.521568627451,0.513725490196,0.670588235294,0.392156862745,0.745098039216,0.643137254902,0.874509803922,0.556862745098,0.0,0.270588235294,0.341176470588,0.670588235294,0.792156862745,0.38431372549,0.388235294118,0.372549019608,0.258823529412,0.423529411765,0.623529411765,0.772549019608,0.0,0.870588235294,0.686274509804,0.00392156862745,0.109803921569,0.196078431373,0.6,0.317647058824,0.619607843137,0.247058823529,0.713725490196,0.270588235294,0.239215686275,0.909803921569,0.823529411765,0.0078431372549,0.749019607843,0.352941176471,0.580392156863,0.0,0.521568627451,0.650980392157,0.925490196078,0.941176470588,0.858823529412,0.776470588235,0.792156862745,0.733333333333,0.63137254902,0.650980392157,0.607843137255,0.494117647059,0.505882352941,0.470588235294,0.356862745098,0.36862745098,0.341176470588,0.227450980392,0.23137254902,0.21568627451,49.2,-1.8,-8.4
Incandescent bulb (A),d-Methamphetamine HCl,positive,0.0078431372549,0.149019607843,0.247058823529,0.423529411765,0.301960784314,0.176470588235,0.737254901961,0.533333333333,0.388235294118,0.325490196078,0.411764705882,0.462745098039,0.313725490196,0.38431372549,0.149019607843,0.474509803922,0.43137254902,0.509803921569,0.325490196078,0.643137254902,0.517647058824,0.807843137255,0.482352941176,0.00392156862745,0.239215686275,0.290196078431,0.494117647059,0.741176470588,0.325490196078,0.278431372549,0.337254901961,0.207843137255,0.286274509804,0.545098039216,0.674509803922,0.0705882352941,0.803921568627,0.603921568627,0.0,0.105882352941,0.172549019608,0.435294117647,0.243137254902,0.521568627451,0.223529411765,0.690196078431,0.223529411765,0.172549019608,0.847058823529,0.733333333333,0.0,0.717647058824,0.309803921569,0.427450980392,0.00392156862745,0.43137254902,0.521568627451,0.874509803922,0.862745098039,0.701960784314,0.709803921569,0.709803921569,0.580392156863,0.56862745098,0.56862745098,0.466666666667,0.419607843137,0.423529411765,0.345098039216,0.290196078431,0.294117647059,0.239215686275,0.172549019608,0.172549019608,0.129411764706,19.3,-0.5,-24.8
Incandescent bulb (A),MDMA HCl,positive,0.0078431372549,0.152941176471,0.247058823529,0.423529411765,0.301960784314,0.176470588235,0.737254901961,0.533333333333,0.388235294118,0.325490196078,0.411764705882,0.462745098039,0.313725490196,0.38431372549,0.149019607843,0.474509803922,0.43137254902,0.509803921569,0.325490196078,0.643137254902,0.517647058824,0.807843137255,0.482352941176,0.00392156862745,0.239215686275,0.290196078431,0.494117647059,0.741176470588,0.325490196078,0.278431372549,0.337254901961,0.207843137255,0.286274509804,0.545098039216,0.674509803922,0.0705882352941,0.803921568627,0.603921568627,0.0,0.105882352941,0.172549019608,0.435294117647,0.243137254902,0.521568627451,0.223529411765,0.690196078431,0.223529411765,0.172549019608,0.847058823529,0.733333333333,0.0,0.717647058824,0.309803921569,0.427450980392,0.00392156862745,0.43137254902,0.521568627451,0.874509803922,0.862745098039,0.701960784314,0.709803921569,0.709803921569,0.580392156863,0.56862745098,0.56862745098,0.466666666667,0.419607843137,0.423529411765,0.345098039216,0.290196078431,0.294117647059,0.239215686275,0.172549019608,0.172549019608,0.129411764706,19.1,-0.9,-24.2
Daylight (D65),MDMA HCl,positive,0.00392156862745,0.188235294118,0.290196078431,0.356862745098,0.298039215686,0.2,0.619607843137,0.545098039216,0.419607843137,0.211764705882,0.454901960784,0.525490196078,0.247058823529,0.396078431373,0.156862745098,0.364705882353,0.482352941176,0.592156862745,0.113725490196,0.701960784314,0.564705882353,0.705882352941,0.447058823529,0.0078431372549,0.0745098039216,0.345098039216,0.56862745098,0.635294117647,0.313725490196,0.321568627451,0.266666666667,0.223529411765,0.341176470588,0.458823529412,0.690196078431,0.0,0.717647058824,0.58431372549,0.0,0.00392156862745,0.235294117647,0.494117647059,0.121568627451,0.545098039216,0.180392156863,0.580392156863,0.207843137255,0.18431372549,0.737254901961,0.721568627451,0.0,0.607843137255,0.329411764706,0.501960784314,0.0,0.509803921569,0.572549019608,0.713725490196,0.894117647059,0.780392156863,0.572549019608,0.737254901961,0.650980392157,0.458823529412,0.592156862745,0.525490196078,0.341176470588,0.443137254902,0.392156862745,0.23137254902,0.309803921569,0.274509803922,0.129411764706,0.18431372549,0.156862745098,20.6,3.8,-24.6
Daylight (D65),d-Methamphetamine HCl,positive,0.00392156862745,0.188235294118,0.290196078431,0.356862745098,0.298039215686,0.2,0.619607843137,0.545098039216,0.419607843137,0.211764705882,0.454901960784,0.525490196078,0.247058823529,0.396078431373,0.156862745098,0.364705882353,0.482352941176,0.592156862745,0.113725490196,0.701960784314,0.564705882353,0.705882352941,0.447058823529,0.0078431372549,0.0745098039216,0.345098039216,0.56862745098,0.635294117647,0.313725490196,0.321568627451,0.266666666667,0.223529411765,0.341176470588,0.458823529412,0.690196078431,0.0,0.717647058824,0.58431372549,0.0,0.00392156862745,0.235294117647,0.494117647059,0.121568627451,0.545098039216,0.180392156863,0.580392156863,0.207843137255,0.18431372549,0.737254901961,0.721568627451,0.0,0.607843137255,0.329411764706,0.501960784314,0.0,0.509803921569,0.572549019608,0.713725490196,0.894117647059,0.780392156863,0.572549019608,0.737254901961,0.650980392157,0.458823529412,0.592156862745,0.525490196078,0.341176470588,0.443137254902,0.392156862745,0.23137254902,0.309803921569,0.274509803922,0.129411764706,0.18431372549,0.156862745098,20.6,3.8,-24.6
Tube light (FL2),MDMA HCl,positive,0.0117647058824,0.172549019608,0.360784313725,0.435294117647,0.337254901961,0.21568627451,0.705882352941,0.552941176471,0.439215686275,0.329411764706,0.43137254902,0.58431372549,0.333333333333,0.427450980392,0.152941176471,0.458823529412,0.450980392157,0.647058823529,0.337254901961,0.670588235294,0.611764705882,0.792156862745,0.517647058824,0.0,0.219607843137,0.286274509804,0.635294117647,0.701960784314,0.345098039216,0.337254901961,0.313725490196,0.227450980392,0.4,0.564705882353,0.713725490196,0.0,0.803921568627,0.650980392157,0.0,0.078431372549,0.133333333333,0.56862745098,0.266666666667,0.556862745098,0.180392156863,0.607843137255,0.243137254902,0.18431372549,0.823529411765,0.76862745098,0.00392156862745,0.654901960784,0.305882352941,0.552941176471,0.0,0.454901960784,0.647058823529,0.819607843137,0.847058823529,0.78431372549,0.690196078431,0.717647058824,0.674509803922,0.56862745098,0.588235294118,0.560784313725,0.439215686275,0.458823529412,0.43137254902,0.317647058824,0.337254901961,0.313725490196,0.203921568627,0.211764705882,0.196078431373,20.6,1.0,-27.4
White LED torch (LED-B3),Dimethoxy-meth HCl,negative,0.0,0.239215686275,0.454901960784,0.411764705882,0.294117647059,0.180392156863,0.698039215686,0.517647058824,0.388235294118,0.282352941176,0.411764705882,0.545098039216,0.290196078431,0.4,0.109803921569,0.435294117647,0.427450980392,0.611764705882,0.23137254902,0.674509803922,0.564705882353,0.788235294118,0.454901960784,0.0,0.176470588235,0.266666666667,0.603921568627,0.717647058824,0.290196078431,0.298039215686,0.305882352941,0.192156862745,0.36862745098,0.525490196078,0.698039215686,0.0,0.807843137255,0.607843137255,0.00392156862745,0.043137254902,0.121568627451,0.541176470588,0.172549019608,0.541176470588,0.0862745098039,0.643137254902,0.18431372549,0.145098039216,0.823529411765,0.741176470588,0.0,0.682352941176,0.262745098039,0.525490196078,0.0,0.454901960784,0.607843137255,0.811764705882,0.843137254902,0.760784313725,0.666666666667,0.698039215686,0.639215686275,0.541176470588,0.56862745098,0.517647058824,0.407843137255,0.427450980392,0.4,0.286274509804,0.305882352941,0.282352941176,0.172549019608,0.18431372549,0.164705882353,32.1,2.4,-32.8
White LED torch (LED-B3),MDMA HCl,positive,0.125490196078,0.247058823529,0.364705882353,0.411764705882,0.294117647059,0.180392156863,0.698039215686,0.517647058824,0.388235294118,0.282352941176,0.411764705882,0.545098039216,0.290196078431,0.4,0.109803921569,0.435294117647,0.427450980392,0.611764705882,0.23137254902,0.674509803922,0.564705882353,0.788235294118,0.454901960784,0.0,0.176470588235,0.266666666667,0.603921568627,0.717647058824,0.290196078431,0.298039215686,0.305882352941,0.192156862745,0.36862745098,0.525490196078,0.698039215686,0.0,0.807843137255,0.607843137255,0.00392156862745,0.043137254902,0.121568627451,0.541176470588,0.172549019608,0.541176470588,0.0862745098039,0.643137254902,0.18431372549,0.145098039216,0.823529411765,0.741176470588,0.0,0.682352941176,0.262745098039,0.525490196078,0.0,0.454901960784,0.607843137255,0.811764705882,0.843137254902,0.760784313725,0.666666666667,0.698039215686,0.639215686275,0.541176470588,0.56862745098,0.517647058824,0.407843137255,0.427450980392,0.4,0.286274509804,0.305882352941,0.282352941176,0.172549019608,0.18431372549,0.164705882353,23.2,0.0,-24.6
Incandescent bulb (A),d-Methamphetamine HCl,positive,0.00392156862745,0.145098039216,0.262745098039,0.427450980392,0.294117647059,0.137254901961,0.76862745098,0.537254901961,0.364705882353,0.294117647059,0.41568627451,0.486274509804,0.294117647059,0.392156862745,0.0862745098039,0.474509803922,0.435294117647,0.549019607843,0.211764705882,0.682352941176,0.545098039216,0.854901960784,0.482352941176,0.00392156862745,0.2,0.274509803922,0.533333333333,0.788235294118,0.305882352941,0.243137254902,0.333333333333,0.192156862745,0.294117647059,0.529411764706,0.717647058824,0.00392156862745,0.862745098039,0.627450980392,0.0,0.0588235294118,0.149019607843,0.462745098039,0.137254901961,0.541176470588,0.160784313725,0.737254901961,0.180392156863,0.0901960784314,0.890196078431,0.776470588235,0.0,0.772549019608,0.282352941176,0.443137254902,0.0,0.443137254902,0.56862745098,0.898039215686,0.909803921569,0.725490196078,0.717647058824,0.741176470588,0.6,0.56862745098,0.588235294118,0.470588235294,0.41568627451,0.43137254902,0.345098039216,0.278431372549,0.294117647059,0.23137254902,0.160784313725,0.164705882353,0.117647058824,20.7,0.5,-25.3
Incandescent bulb (A),Dimethoxy-meth HCl,negative,0.0,0.223529411765,0.392156862745,0.427450980392,0.294117647059,0.137254901961,0.76862745098,0.537254901961,0.364705882353,0.294117647059,0.41568627451,0.486274509804,0.294117647059,0.392156862745,0.0862745098039,0.474509803922,0.435294117647,0.549019607843,0.211764705882,0.682352941176,0.545098039216,0.854901960784,0.482352941176,0.00392156862745,0.2,0.274509803922,0.533333333333,0.788235294118,0.305882352941,0.243137254902,0.333333333333,0.192156862745,0.294117647059,0.529411764706,0.717647058824,0.00392156862745,0.862745098039,0.627450980392,0.0,0.0588235294118,0.149019607843,0.462745098039,0.137254901961,0.541176470588,0.160784313725,0.737254901961,0.180392156863,0.0901960784314,0.890196078431,0.776470588235,0.0,0.772549019608,0.282352941176,0.443137254902,0.0,0.443137254902,0.56862745098,0.898039215686,0.909803921569,0.725490196078,0.717647058824,0.741176470588,0.6,0.56862745098,0.588235294118,0.470588235294,0.41568627451,0.43137254902,0.345098039216,0.278431372549,0.294117647059,0.23137254902,0.160784313725,0.164705882353,0.117647058824,31.2,1.4,-33.8
Daylight (D65),Methylphenidate HCl,negative,0.458823529412,0.552941176471,0.56862745098,0.396078431373,0.329411764706,0.227450980392,0.650980392157,0.572549019608,0.435294117647,0.227450980392,0.486274509804,0.552941176471,0.270588235294,0.423529411765,0.160784313725,0.388235294118,0.505882352941,0.607843137255,0.078431372549,0.721568627451,0.572549019608,0.741176470588,0.470588235294,0.00392156862745,0.0862745098039,0.380392156863,0.603921568627,0.678431372549,0.341176470588,0.337254901961,0.301960784314,0.250980392157,0.380392156863,0.478431372549,0.709803921569,0.00392156862745,0.741176470588,0.603921568627,0.0078431372549,0.00392156862745,0.274509803922,0.537254901961,0.109803921569,0.576470588235,0.164705882353,0.627450980392,0.227450980392,0.207843137255,0.760784313725,0.741176470588,0.0,0.643137254902,0.356862745098,0.533333333333,0.0,0.537254901961,0.6,0.737254901961,0.913725490196,0.78431372549,0.603921568627,0.772549019608,0.666666666667,0.494117647059,0.623529411765,0.541176470588,0.372549019608,0.478431372549,0.411764705882,0.258823529412,0.345098039216,0.298039215686,0.160784313725,0.211764705882,0.18431372549,60.0,6.3,-11.1
Daylight (D65),d-Methamphetamine HCl,positive,0.00392156862745,0.223529411765,0.329411764706,0.396078431373,0.329411764706,0.227450980392,0.650980392157,0.572549019608,0.435294117647,0.227450980392,0.486274509804,0.552941176471,0.270588235294,0.423529411765,0.160784313725,0.388235294118,0.505882352941,0.607843137255,0.078431372549,0.721568627451,0.572549019608,0.741176470588,0.470588235294,0.00392156862745,0.0862745098039,0.380392156863,0.603921568627,0.678431372549,0.341176470588,0.337254901961,0.301960784314,0.250980392157,0.380392156863,0.478431372549,0.709803921569,0.00392156862745,0.741176470588,0.603921568627,0.0078431372549,0.00392156862745,0.274509803922,0.537254901961,0.109803921569,0.576470588235,0.164705882353,0.627450980392,0.227450980392,0.207843137255,0.760784313725,0.741176470588,0.0,0.643137254902,0.356862745098,0.533333333333,0.0,0.537254901961,0.6,0.737254901961,0.913725490196,0.78431372549,0.603921568627,0.772549019608,0.666666666667,0.494117647059,0.623529411765,0.541176470588,0.372549019608,0.478431372549,0.411764705882,0.258823529412,0.345098039216,0.298039215686,0.160784313725,0.211764705882,0.18431372549,20.8,2.6,-26.7
Tube light (FL2),Methylphenidate HCl,negative,0.541176470588,0.549019607843,0.607843137255,0.427450980392,0.337254901961,0.176470588235,0.741176470588,0.588235294118,0.419607843137,0.298039215686,0.447058823529,0.588235294118,0.301960784314,0.435294117647,0.0980392156863,0.439215686275,0.470588235294,0.654901960784,0.286274509804,0.729411764706,0.619607843137,0.847058823529,0.552941176471,0.00392156862745,0.180392156863,0.286274509804,0.650980392157,0.733333333333,0.349019607843,0.313725490196,0.286274509804,0.21568627451,0.380392156863,0.572549019608,0.776470588235,0.00392156862745,0.847058823529,0.701960784314,0.0,0.0352941176471,0.137254901961,0.572549019608,0.223529411765,0.588235294118,0.105882352941,0.623529411765,0.235294117647,0.145098039216,0.874509803922,0.850980392157,0.0,0.670588235294,0.313725490196,0.552941176471,0.00392156862745,0.466666666667,0.654901960784,0.878431372549,0.972549019608,0.839215686275,0.717647058824,0.796078431373,0.698039215686,0.56862745098,0.639215686275,0.552941176471,0.423529411765,0.478431372549,0.411764705882,0.290196078431,0.329411764706,0.294117647059,0.172549019608,0.192156862745,0.164705882353,61.2,8.3,-11.0
Tube light (FL2),Dimethoxy-meth HCl,negative,0.0,0.235294117647,0.478431372549,0.427450980392,0.337254901961,0.176470588235,0.741176470588,0.588235294118,0.419607843137,0.298039215686,0.447058823529,0.588235294118,0.301960784314,0.435294117647,0.0980392156863,0.439215686275,0.470588235294,0.654901960784,0.286274509804,0.729411764706,0.619607843137,0.847058823529,0.552941176471,0.00392156862745,0.180392156863,0.286274509804,0.650980392157,0.733333333333,0.349019607843,0.313725490196,0.286274509804,0.21568627451,0.380392156863,0.572549019608,0.776470588235,0.00392156862745,0.847058823529,0.701960784314,0.0,0.0352941176471,0.137254901961,0.572549019608,0.223529411765,0.588235294118,0.105882352941,0.623529411765,0.235294117647,0.145098039216,0.874509803922,0.850980392157,0.0,0.670588235294,0.313725490196,0.552941176471,0.00392156862745,0.466666666667,0.654901960784,0.878431372549,0.972549019608,0.839215686275,0.717647058824,0.796078431373,0.698039215686,0.56862745098,0.639215686275,0.552941176471,0.423529411765,0.478431372549,0.411764705882,0.290196078431,0.329411764706,0.294117647059,0.172549019608,0.192156862745,0.164705882353,32.1,3.8,-34.1
White LED torch (LED-B3),Dimethoxy-meth HCl,negative,0.00392156862745,0.243137254902,0.486274509804,0.458823529412,0.333333333333,0.247058823529,0.796078431373,0.596078431373,0.490196078431,0.352941176471,0.454901960784,0.607843137255,0.345098039216,0.439215686275,0.211764705882,0.498039215686,0.474509803922,0.678431372549,0.38431372549,0.741176470588,0.658823529412,0.886274509804,0.533333333333,0.0235294117647,0.235294117647,0.290196078431,0.662745098039,0.792156862745,0.349019607843,0.372549019608,0.329411764706,0.21568627451,0.396078431373,0.623529411765,0.776470588235,0.0666666666667,0.901960784314,0.686274509804,0.0,0.078431372549,0.133333333333,0.58431372549,0.290196078431,0.6,0.250980392157,0.698039215686,0.235294117647,0.227450980392,0.941176470588,0.839215686275,0.0,0.745098039216,0.313725490196,0.580392156863,0.0,0.490196078431,0.662745098039,0.964705882353,0.96862745098,0.917647058824,0.78431372549,0.796078431373,0.764705882353,0.627450980392,0.635294117647,0.611764705882,0.466666666667,0.474509803922,0.454901960784,0.321568627451,0.329411764706,0.317647058824,0.192156862745,0.192156862745,0.18431372549,30.6,0.6,-33.1
White LED torch (LED-B3),MDMA HCl,positive,0.00392156862745,0.164705882353,0.333333333333,0.458823529412,0.333333333333,0.247058823529,0.796078431373,0.596078431373,0.490196078431,0.352941176471,0.454901960784,0.607843137255,0.345098039216,0.439215686275,0.211764705882,0.498039215686,0.474509803922,0.678431372549,0.38431372549,0.741176470588,0.658823529412,0.886274509804,0.533333333333,0.0235294117647,0.235294117647,0.290196078431,0.662745098039,0.792156862745,0.349019607843,0.372549019608,0.329411764706,0.21568627451,0.396078431373,0.623529411765,0.776470588235,0.0666666666667,0.901960784314,0.686274509804,0.0,0.078431372549,0.133333333333,0.58431372549,0.290196078431,0.6,0.250980392157,0.698039215686,0.235294117647,0.227450980392,0.941176470588,0.839215686275,0.0,0.745098039216,0.313725490196,0.580392156863,0.0,0.490196078431,0.662745098039,0.964705882353,0.96862745098,0.917647058824,0.78431372549,0.796078431373,0.764705882353,0.627450980392,0.635294117647,0.611764705882,0.466666666667,0.474509803922,0.454901960784,0.321568627451,0.329411764706,0.317647058824,0.192156862745,0.192156862745,0.18431372549,19.9,-0.2,-25.0
Incandescent bulb (A),Methylphenidate HCl,negative,0.603921568627,0.556862745098,0.596078431373,0.482352941176,0.349019607843,0.247058823529,0.811764705882,0.6,0.498039215686,0.380392156863,0.462745098039,0.556862745098,0.36862745098,0.439215686275,0.23137254902,0.537254901961,0.486274509804,0.619607843137,0.392156862745,0.721568627451,0.647058823529,0.882352941176,0.556862745098,0.125490196078,0.278431372549,0.317647058824,0.588235294118,0.81568627451,0.38431372549,0.364705882353,0.38431372549,0.239215686275,0.356862745098,0.623529411765,0.756862745098,0.274509803922,0.894117647059,0.690196078431,0.0274509803922,0.133333333333,0.180392156863,0.509803921569,0.301960784314,0.58431372549,0.329411764706,0.760784313725,0.274509803922,0.247058823529,0.937254901961,0.827450980392,0.0901960784314,0.8,0.360784313725,0.525490196078,0.00392156862745,0.486274509804,0.63137254902,0.964705882353,0.949019607843,0.850980392157,0.792156862745,0.788235294118,0.717647058824,0.643137254902,0.635294117647,0.580392156863,0.482352941176,0.482352941176,0.435294117647,0.341176470588,0.341176470588,0.309803921569,0.211764705882,0.207843137255,0.188235294118,60.7,5.4,-10.2
Incandescent bulb (A),Dimethoxy-meth HCl,negative,0.0,0.258823529412,0.443137254902,0.482352941176,0.349019607843,0.247058823529,0.811764705882,0.6,0.498039215686,0.380392156863,0.462745098039,0.556862745098,0.36862745098,0.439215686275,0.23137254902,0.537254901961,0.486274509804,0.619607843137,0.392156862745,0.721568627451,0.647058823529,0.882352941176,0.556862745098,0.125490196078,0.278431372549,0.317647058824,0.588235294118,0.81568627451,0.38431372549,0.364705882353,0.38431372549,0.239215686275,0.356862745098,0.623529411765,0.756862745098,0.274509803922,0.894117647059,0.690196078431,0.0274509803922,0.133333333333,0.180392156863,0.509803921569,0.301960784314,0.58431372549,0.329411764706,0.760784313725,0.274509803922,0.247058823529,0.937254901961,0.827450980392,0.0901960784314,0.8,0.360784313725,0.525490196078,0.00392156862745,0.486274509804,0.63137254902,0.964705882353,0.949019607843,0.850980392157,0.792156862745,0.788235294118,0.717647058824,0.643137254902,0.635294117647,0.580392156863,0.482352941176,0.482352941176,0.435294117647,0.341176470588,0.341176470588,0.309803921569,0.211764705882,0.207843137255,0.188235294118,30.5,-1.1,-32.1
Daylight (D65),Methylphenidate HCl,negative,0.552941176471,0.564705882353,0.639215686275,0.454901960784,0.329411764706,0.23137254902,0.752941176471,0.580392156863,0.466666666667,0.294117647059,0.498039215686,0.611764705882,0.321568627451,0.443137254902,0.145098039216,0.466666666667,0.517647058824,0.682352941176,0.196078431373,0.760784313725,0.63137254902,0.854901960784,0.466666666667,0.0,0.160784313725,0.376470588235,0.670588235294,0.776470588235,0.321568627451,0.356862745098,0.345098039216,0.247058823529,0.407843137255,0.564705882353,0.749019607843,0.0,0.854901960784,0.619607843137,0.0,0.0196078431373,0.262745098039,0.592156862745,0.172549019608,0.603921568627,0.129411764706,0.709803921569,0.188235294118,0.203921568627,0.878431372549,0.776470588235,0.0,0.737254901961,0.329411764706,0.580392156863,0.00392156862745,0.556862745098,0.662745098039,0.862745098039,0.949019607843,0.858823529412,0.705882352941,0.788235294118,0.729411764706,0.572549019608,0.643137254902,0.588235294118,0.427450980392,0.490196078431,0.447058823529,0.305882352941,0.345098039216,0.317647058824,0.18431372549,0.211764705882,0.192156862745,60.4,8.9,-12.5
Daylight (D65),d-Methamphetamine HCl,positive,0.0078431372549,0.219607843137,0.352941176471,0.454901960784,0.329411764706,0.23137254902,0.752941176471,0.580392156863,0.466666666667,0.294117647059,0.498039215686,0.611764705882,0.321568627451,0.443137254902,0.145098039216,0.466666666667,0.517647058824,0.682352941176,0.196078431373,0.760784313725,0.63137254902,0.854901960784,0.466666666667,0.0,0.160784313725,0.376470588235,0.670588235294,0.776470588235,0.321568627451,0.356862745098,0.345098039216,0.247058823529,0.407843137255,0.564705882353,0.749019607843,0.0,0.854901960784,0.619607843137,0.0,0.0196078431373,0.262745098039,0.592156862745,0.172549019608,0.603921568627,0.129411764706,0.709803921569,0.188235294118,0.203921568627,0.878431372549,0.776470588235,0.0,0.737254901961,0.329411764706,0.580392156863,0.00392156862745,0.556862745098,0.662745098039,0.862745098039,0.949019607843,0.858823529412,0.705882352941,0.788235294118,0.729411764706,0.572549019608,0.643137254902,0.588235294118,0.427450980392,0.490196078431,0.447058823529,0.305882352941,0.345098039216,0.317647058824,0.18431372549,0.211764705882,0.192156862745,20.5,3.1,-26.3
Tube light (FL2),d-Methamphetamine HCl,positive,0.0078431372549,0.21568627451,0.356862745098,0.470588235294,0.396078431373,0.196078431373,0.760784313725,0.639215686275,0.41568627451,0.349019607843,0.513725490196,0.58431372549,0.349019607843,0.490196078431,0.0823529411765,0.482352941176,0.537254901961,0.643137254902,0.349019607843,0.76862745098,0.588235294118,0.862745098039,0.6,0.0,0.227450980392,0.372549019608,0.647058823529,0.764705882353,0.411764705882,0.329411764706,0.337254901961,0.278431372549,0.4,0.603921568627,0.807843137255,0.0,0.854901960784,0.737254901961,0.0,0.0627450980392,0.235294117647,0.576470588235,0.282352941176,0.635294117647,0.0588235294118,0.662745098039,0.294117647059,0.172549019608,0.886274509804,0.870588235294,0.0,0.698039215686,0.392156862745,0.549019607843,0.0,0.529411764706,0.643137254902,0.894117647059,0.992156862745,0.76862745098,0.745098039216,0.835294117647,0.654901960784,0.607843137255,0.690196078431,0.541176470588,0.466666666667,0.529411764706,0.41568627451,0.341176470588,0.388235294118,0.301960784314,0.219607843137,0.250980392157,0.196078431373,19.8,2.3,-28.3
White LED torch (LED-B3),Methylphenidate HCl,negative,0.576470588235,0.564705882353,0.635294117647,0.450980392157,0.337254901961,0.219607843137,0.776470588235,0.596078431373,0.454901960784,0.325490196078,0.466666666667,0.596078431373,0.325490196078,0.447058823529,0.164705882353,0.478431372549,0.490196078431,0.666666666667,0.305882352941,0.752941176471,0.627450980392,0.870588235294,0.533333333333,0.00392156862745,0.203921568627,0.309803921569,0.650980392157,0.780392156863,0.349019607843,0.345098039216,0.329411764706,0.223529411765,0.392156862745,0.588235294118,0.78431372549,0.00392156862745,0.882352941176,0.686274509804,0.0,0.0470588235294,0.160784313725,0.580392156863,0.239215686275,0.607843137255,0.176470588235,0.694117647059,0.235294117647,0.192156862745,0.909803921569,0.843137254902,0.0,0.737254901961,0.321568627451,0.564705882353,0.00392156862745,0.505882352941,0.650980392157,0.917647058824,0.972549019608,0.870588235294,0.749019607843,0.803921568627,0.733333333333,0.6,0.643137254902,0.580392156863,0.447058823529,0.482352941176,0.439215686275,0.309803921569,0.341176470588,0.309803921569,0.188235294118,0.2,0.180392156863,61.3,7.7,-11.6
White LED torch (LED-B3),Dimethoxy-meth HCl,negative,0.0,0.262745098039,0.486274509804,0.450980392157,0.337254901961,0.219607843137,0.776470588235,0.596078431373,0.454901960784,0.325490196078,0.466666666667,0.596078431373,0.325490196078,0.447058823529,0.164705882353,0.478431372549,0.490196078431,0.666666666667,0.305882352941,0.752941176471,0.627450980392,0.870588235294,0.533333333333,0.00392156862745,0.203921568627,0.309803921569,0.650980392157,0.780392156863,0.349019607843,0.345098039216,0.329411764706,0.223529411765,0.392156862745,0.588235294118,0.78431372549,0.00392156862745,0.882352941176,0.686274509804,0.0,0.0470588235294,0.160784313725,0.580392156863,0.239215686275,0.607843137255,0.176470588235,0.694117647059,0.235294117647,0.192156862745,0.909803921569,0.843137254902,0.0,0.737254901961,0.321568627451,0.564705882353,0.00392156862745,0.505882352941,0.650980392157,0.917647058824,0.972549019608,0.870588235294,0.749019607843,0.803921568627,0.733333333333,0.6,0.643137254902,0.580392156863,0.447058823529,0.482352941176,0.439215686275,0.309803921569,0.341176470588,0.309803921569,0.188235294118,0.2,0.180392156863,31.4,1.9,-33.6
Incandescent bulb (A),MDMA HCl,positive,0.00392156862745,0.247058823529,0.317647058824,0.513725490196,0.407843137255,0.192156862745,0.819607843137,0.658823529412,0.4,0.380392156863,0.541176470588,0.521568627451,0.376470588235,0.498039215686,0.0941176470588,0.549019607843,0.564705882353,0.576470588235,0.325490196078,0.788235294118,0.552941176471,0.894117647059,0.603921568627,0.00392156862745,0.282352941176,0.411764705882,0.564705882353,0.843137254902,0.439215686275,0.298039215686,0.423529411765,0.305882352941,0.349019607843,0.607843137255,0.807843137255,0.0,0.894117647059,0.737254901961,0.0,0.125490196078,0.286274509804,0.509803921569,0.247058823529,0.647058823529,0.172549019608,0.796078431373,0.317647058824,0.172549019608,0.921568627451,0.866666666667,0.0,0.823529411765,0.427450980392,0.482352941176,0.0,0.56862745098,0.592156862745,0.929411764706,1.0,0.701960784314,0.776470588235,0.850980392157,0.6,0.639215686275,0.701960784314,0.494117647059,0.498039215686,0.549019607843,0.380392156863,0.360784313725,0.403921568627,0.278431372549,0.239215686275,0.258823529412,0.16862745098,20.6,0.0,-26.3
Incandescent bulb (A),d-Methamphetamine HCl,positive,0.00392156862745,0.247058823529,0.317647058824,0.513725490196,0.407843137255,0.192156862745,0.819607843137,0.658823529412,0.4,0.380392156863,0.541176470588,0.521568627451,0.376470588235,0.498039215686,0.0941176470588,0.549019607843,0.564705882353,0.576470588235,0.325490196078,0.788235294118,0.552941176471,0.894117647059,0.603921568627,0.00392156862745,0.282352941176,0.411764705882,0.564705882353,0.843137254902,0.439215686275,0.298039215686,0.423529411765,0.305882352941,0.349019607843,0.607843137255,0.807843137255,0.0,0.894117647059,0.737254901961,0.0,0.125490196078,0.286274509804,0.509803921569,0.247058823529,0.647058823529,0.172549019608,0.796078431373,0.317647058824,0.172549019608,0.921568627451,0.866666666667,0.0,0.823529411765,0.427450980392,0.482352941176,0.0,0.56862745098,0.592156862745,0.929411764706,1.0,0.701960784314,0.776470588235,0.850980392157,0.6,0.639215686275,0.701960784314,0.494117647059,0.498039215686,0.549019607843,0.380392156863,0.360784313725,0.403921568627,0.278431372549,0.239215686275,0.258823529412,0.16862745098,20.6,0.0,-26.3
Tube light (FL2),MDMA HCl,positive,0.0313725490196,0.188235294118,0.372549019608,0.498039215686,0.376470588235,0.290196078431,0.8,0.61568627451,0.533333333333,0.427450980392,0.474509803922,0.623529411765,0.41568627451,0.466666666667,0.266666666667,0.549019607843,0.498039215686,0.686274509804,0.517647058824,0.729411764706,0.690196078431,0.882352941176,0.588235294118,0.0862745098039,0.309803921569,0.317647058824,0.662745098039,0.772549019608,0.4,0.41568627451,0.360784313725,0.254901960784,0.423529411765,0.701960784314,0.776470588235,0.219607843137,0.909803921569,0.725490196078,0.00392156862745,0.172549019608,0.156862745098,0.588235294118,0.407843137255,0.603921568627,0.325490196078,0.666666666667,0.294117647059,0.270588235294,0.949019607843,0.843137254902,0.00392156862745,0.717647058824,0.364705882353,0.6,0.176470588235,0.490196078431,0.682352941176,0.988235294118,0.937254901961,0.901960784314,0.827450980392,0.792156862745,0.772549019608,0.682352941176,0.650980392157,0.639215686275,0.529411764706,0.509803921569,0.494117647059,0.38431372549,0.36862745098,0.360784313725,0.250980392157,0.235294117647,0.227450980392,19.7,-1.0,-24.5
Tube light (FL2),Dimethoxy-meth HCl,negative,0.0078431372549,0.266666666667,0.513725490196,0.498039215686,0.376470588235,0.290196078431,0.8,0.61568627451,0.533333333333,0.427450980392,0.474509803922,0.623529411765,0.41568627451,0.466666666667,0.266666666667,0.549019607843,0.498039215686,0.686274509804,0.517647058824,0.729411764706,0.690196078431,0.882352941176,0.588235294118,0.0862745098039,0.309803921569,0.317647058824,0.662745098039,0.772549019608,0.4,0.41568627451,0.360784313725,0.254901960784,0.423529411765,0.701960784314,0.776470588235,0.219607843137,0.909803921569,0.725490196078,0.00392156862745,0.172549019608,0.156862745098,0.588235294118,0.407843137255,0.603921568627,0.325490196078,0.666666666667,0.294117647059,0.270588235294,0.949019607843,0.843137254902,0.00392156862745,0.717647058824,0.364705882353,0.6,0.176470588235,0.490196078431,0.682352941176,0.988235294118,0.937254901961,0.901960784314,0.827450980392,0.792156862745,0.772549019608,0.682352941176,0.650980392157,0.639215686275,0.529411764706,0.509803921569,0.494117647059,0.38431372549,0.36862745098,0.360784313725,0.250980392157,0.235294117647,0.227450980392,31.0,-1.8,-31.7
White LED torch (LED-B3),Methylphenidate HCl,negative,0.549019607843,0.537254901961,0.564705882353,0.462745098039,0.345098039216,0.196078431373,0.752941176471,0.588235294118,0.4,0.337254901961,0.474509803922,0.549019607843,0.349019607843,0.447058823529,0.109803921569,0.486274509804,0.490196078431,0.607843137255,0.329411764706,0.717647058824,0.549019607843,0.839215686275,0.521568627451,0.0,0.235294117647,0.341176470588,0.619607843137,0.764705882353,0.356862745098,0.321568627451,0.345098039216,0.243137254902,0.380392156863,0.576470588235,0.737254901961,0.0,0.843137254902,0.650980392157,0.00392156862745,0.0823529411765,0.207843137255,0.556862745098,0.258823529412,0.592156862745,0.0823529411765,0.686274509804,0.239215686275,0.176470588235,0.858823529412,0.78431372549,0.0,0.717647058824,0.333333333333,0.529411764706,0.0,0.505882352941,0.592156862745,0.874509803922,0.905882352941,0.745098039216,0.725490196078,0.760784313725,0.639215686275,0.592156862745,0.623529411765,0.529411764706,0.458823529412,0.478431372549,0.4,0.333333333333,0.349019607843,0.294117647059,0.203921568627,0.21568627451,0.172549019608,59.6,7.2,-12.1
Incandescent bulb (A),MDMA HCl,positive,0.00392156862745,0.152941176471,0.270588235294,0.435294117647,0.301960784314,0.18431372549,0.745098039216,0.537254901961,0.407843137255,0.317647058824,0.41568627451,0.494117647059,0.313725490196,0.392156862745,0.152941176471,0.478431372549,0.435294117647,0.552941176471,0.298039215686,0.658823529412,0.560784313725,0.81568627451,0.486274509804,0.0,0.23137254902,0.282352941176,0.529411764706,0.760784313725,0.325490196078,0.282352941176,0.345098039216,0.203921568627,0.305882352941,0.549019607843,0.690196078431,0.0509803921569,0.827450980392,0.619607843137,0.0,0.0941176470588,0.156862745098,0.462745098039,0.21568627451,0.533333333333,0.235294117647,0.709803921569,0.21568627451,0.164705882353,0.858823529412,0.752941176471,0.00392156862745,0.741176470588,0.301960784314,0.458823529412,0.0,0.439215686275,0.564705882353,0.870588235294,0.866666666667,0.733333333333,0.713725490196,0.713725490196,0.619607843137,0.56862745098,0.576470588235,0.490196078431,0.427450980392,0.43137254902,0.36862745098,0.294117647059,0.301960784314,0.254901960784,0.176470588235,0.176470588235,0.145098039216,20.0,-1.2,-24.5
Incandescent bulb (A),d-Methamphetamine HCl,positive,0.00392156862745,0.152941176471,0.270588235294,0.435294117647,0.301960784314,0.18431372549,0.745098039216,0.537254901961,0.407843137255,0.317647058824,0.41568627451,0.494117647059,0.313725490196,0.392156862745,0.152941176471,0.478431372549,0.435294117647,0.552941176471,0.298039215686,0.658823529412,0.560784313725,0.81568627451,0.486274509804,0.0,0.23137254902,0.282352941176,0.529411764706,0.760784313725,0.325490196078,0.282352941176,0.345098039216,0.203921568627,0.305882352941,0.549019607843,0.690196078431,0.0509803921569,0.827450980392,0.619607843137,0.0,0.0941176470588,0.156862745098,0.462745098039,0.21568627451,0.533333333333,0.235294117647,0.709803921569,0.21568627451,0.164705882353,0.858823529412,0.752941176471,0.00392156862745,0.741176470588,0.301960784314,0.458823529412,0.0,0.439215686275,0.564705882353,0.870588235294,0.866666666667,0.733333333333,0.713725490196,0.713725490196,0.619607843137,0.56862745098,0.576470588235,0.490196078431,0.427450980392,0.43137254902,0.36862745098,0.294117647059,0.301960784314,0.254901960784,0.176470588235,0.176470588235,0.145098039216,20.0,-1.2,-24.5
Daylight (D65),d-Methamphetamine HCl,positive,0.0,0.16862745098,0.294117647059,0.4,0.254901960784,0.152941176471,0.737254901961,0.505882352941,0.372549019608,0.258823529412,0.43137254902,0.529411764706,0.286274509804,0.372549019608,0.0509803921569,0.439215686275,0.450980392157,0.611764705882,0.18431372549,0.713725490196,0.556862745098,0.839215686275,0.38431372549,0.0,0.149019607843,0.309803921569,0.6,0.760784313725,0.235294117647,0.278431372549,0.305882352941,0.18431372549,0.345098039216,0.549019607843,0.694117647059,0.00392156862745,0.870588235294,0.552941176471,0.0,0.0235294117647,0.2,0.517647058824,0.141176470588,0.541176470588,0.0117647058824,0.686274509804,0.0705882352941,0.105882352941,0.901960784314,0.721568627451,0.0,0.733333333333,0.247058823529,0.521568627451,0.00392156862745,0.505882352941,0.611764705882,0.890196078431,0.913725490196,0.803921568627,0.713725490196,0.745098039216,0.662745098039,0.560784313725,0.588235294118,0.525490196078,0.403921568627,0.427450980392,0.372549019608,0.270588235294,0.286274509804,0.258823529412,0.152941176471,0.156862745098,0.137254901961,20.8,3.7,-26.2
Daylight (D65),MDMA HCl,positive,0.0,0.16862745098,0.301960784314,0.4,0.254901960784,0.152941176471,0.737254901961,0.505882352941,0.372549019608,0.258823529412,0.43137254902,0.529411764706,0.286274509804,0.372549019608,0.0509803921569,0.439215686275,0.450980392157,0.611764705882,0.18431372549,0.713725490196,0.556862745098,0.839215686275,0.38431372549,0.0,0.149019607843,0.309803921569,0.6,0.760784313725,0.235294117647,0.278431372549,0.305882352941,0.18431372549,0.345098039216,0.549019607843,0.694117647059,0.00392156862745,0.870588235294,0.552941176471,0.0,0.0235294117647,0.2,0.517647058824,0.141176470588,0.541176470588,0.0117647058824,0.686274509804,0.0705882352941,0.105882352941,0.901960784314,0.721568627451,0.0,0.733333333333,0.247058823529,0.521568627451,0.00392156862745,0.505882352941,0.611764705882,0.890196078431,0.913725490196,0.803921568627,0.713725490196,0.745098039216,0.662745098039,0.560784313725,0.588235294118,0.525490196078,0.403921568627,0.427450980392,0.372549019608,0.270588235294,0.286274509804,0.258823529412,0.152941176471,0.156862745098,0.137254901961,21.4,4.5,-27.6
Tube light (FL2),MDMA HCl,positive,0.0117647058824,0.109803921569,0.250980392157,0.36862745098,0.270588235294,0.180392156863,0.670588235294,0.501960784314,0.4,0.301960784314,0.360784313725,0.490196078431,0.286274509804,0.352941176471,0.156862745098,0.407843137255,0.38431372549,0.549019607843,0.36862745098,0.611764705882,0.545098039216,0.756862745098,0.470588235294,0.0196078431373,0.196078431373,0.223529411765,0.529411764706,0.639215686275,0.290196078431,0.290196078431,0.243137254902,0.160784313725,0.301960784314,0.552941176471,0.658823529412,0.0823529411765,0.76862745098,0.603921568627,0.0,0.0745098039216,0.0941176470588,0.458823529412,0.278431372549,0.486274509804,0.203921568627,0.525490196078,0.196078431373,0.164705882353,0.81568627451,0.733333333333,0.0,0.580392156863,0.258823529412,0.458823529412,0.0588235294118,0.372549019608,0.545098039216,0.854901960784,0.843137254902,0.76862745098,0.690196078431,0.682352941176,0.63137254902,0.537254901961,0.537254901961,0.494117647059,0.388235294118,0.388235294118,0.356862745098,0.258823529412,0.258823529412,0.239215686275,0.145098039216,0.141176470588,0.129411764706,20.2,-0.1,-24.3
Tube light (FL2),Methylphenidate HCl,negative,0.490196078431,0.450980392157,0.513725490196,0.36862745098,0.270588235294,0.180392156863,0.670588235294,0.501960784314,0.4,0.301960784314,0.360784313725,0.490196078431,0.286274509804,0.352941176471,0.156862745098,0.407843137255,0.38431372549,0.549019607843,0.36862745098,0.611764705882,0.545098039216,0.756862745098,0.470588235294,0.0196078431373,0.196078431373,0.223529411765,0.529411764706,0.639215686275,0.290196078431,0.290196078431,0.243137254902,0.160784313725,0.301960784314,0.552941176471,0.658823529412,0.0823529411765,0.76862745098,0.603921568627,0.0,0.0745098039216,0.0941176470588,0.458823529412,0.278431372549,0.486274509804,0.203921568627,0.525490196078,0.196078431373,0.164705882353,0.81568627451,0.733333333333,0.0,0.580392156863,0.258823529412,0.458823529412,0.0588235294118,0.372549019608,0.545098039216,0.854901960784,0.843137254902,0.76862745098,0.690196078431,0.682352941176,0.63137254902,0.537254901961,0.537254901961,0.494117647059,0.388235294118,0.388235294118,0.356862745098,0.258823529412,0.258823529412,0.239215686275,0.145098039216,0.141176470588,0.129411764706,60.1,7.6,-10.7
White LED torch (LED-B3),MDMA HCl,positive,0.00392156862745,0.129411764706,0.270588235294,0.388235294118,0.266666666667,0.149019607843,0.705882352941,0.498039215686,0.352941176471,0.266666666667,0.38431372549,0.505882352941,0.270588235294,0.364705882353,0.0627450980392,0.411764705882,0.4,0.576470588235,0.227450980392,0.650980392157,0.521568627451,0.792156862745,0.43137254902,0.0,0.160784313725,0.243137254902,0.56862745098,0.709803921569,0.254901960784,0.254901960784,0.274509803922,0.164705882353,0.321568627451,0.509803921569,0.678431372549,0.00392156862745,0.803921568627,0.576470588235,0.00392156862745,0.0352941176471,0.109803921569,0.498039215686,0.156862745098,0.517647058824,0.0352941176471,0.627450980392,0.145098039216,0.105882352941,0.835294117647,0.729411764706,0.00392156862745,0.662745098039,0.23137254902,0.478431372549,0.0,0.419607843137,0.560784313725,0.835294117647,0.854901960784,0.737254901961,0.674509803922,0.694117647059,0.611764705882,0.529411764706,0.545098039216,0.486274509804,0.38431372549,0.4,0.352941176471,0.258823529412,0.266666666667,0.235294117647,0.141176470588,0.149019607843,0.125490196078,20.7,3.6,-25.4
White LED torch (LED-B3),d-Methamphetamine HCl,positive,0.00392156862745,0.129411764706,0.274509803922,0.388235294118,0.266666666667,0.149019607843,0.705882352941,0.498039215686,0.352941176471,0.266666666667,0.38431372549,0.505882352941,0.270588235294,0.364705882353,0.0627450980392,0.411764705882,0.4,0.576470588235,0.227450980392,0.650980392157,0.521568627451,0.792156862745,0.43137254902,0.0,0.160784313725,0.243137254902,0.56862745098,0.709803921569,0.254901960784,0.254901960784,0.274509803922,0.164705882353,0.321568627451,0.509803921569,0.678431372549,0.00392156862745,0.803921568627,0.576470588235,0.00392156862745,0.0352941176471,0.109803921569,0.498039215686,0.156862745098,0.517647058824,0.0352941176471,0.627450980392,0.145098039216,0.105882352941,0.835294117647,0.729411764706,0.00392156862745,0.662745098039,0.23137254902,0.478431372549,0.0,0.419607843137,0.560784313725,0.835294117647,0.854901960784,0.737254901961,0.674509803922,0.694117647059,0.611764705882,0.529411764706,0.545098039216,0.486274509804,0.38431372549,0.4,0.352941176471,0.258823529412,0.266666666667,0.235294117647,0.141176470588,0.149019607843,0.125490196078,20.9,3.9,-25.9
Incandescent bulb (A),d-Methamphetamine HCl,positive,0.00392156862745,0.156862745098,0.298039215686,0.427450980392,0.329411764706,0.211764705882,0.760784313725,0.588235294118,0.474509803922,0.286274509804,0.443137254902,0.556862745098,0.294117647059,0.423529411765,0.188235294118,0.462745098039,0.470588235294,0.623529411765,0.203921568627,0.721568627451,0.647058823529,0.847058823529,0.545098039216,0.00392156862745,0.18431372549,0.290196078431,0.592156862745,0.780392156863,0.360784313725,0.325490196078,0.337254901961,0.21568627451,0.341176470588,0.529411764706,0.764705882353,0.152941176471,0.850980392157,0.690196078431,0.0,0.0313725490196,0.152941176471,0.513725490196,0.149019607843,0.576470588235,0.286274509804,0.729411764706,0.247058823529,0.192156862745,0.878431372549,0.835294117647,0.0,0.760784313725,0.333333333333,0.517647058824,0.0,0.466666666667,0.639215686275,0.878431372549,0.96862745098,0.866666666667,0.705882352941,0.788235294118,0.713725490196,0.560784313725,0.627450980392,0.56862745098,0.411764705882,0.466666666667,0.419607843137,0.278431372549,0.321568627451,0.290196078431,0.160784313725,0.18431372549,0.160784313725,20.4,-0.3,-23.2
Incandescent bulb (A),MDMA HCl,positive,0.00392156862745,0.156862745098,0.301960784314,0.427450980392,0.329411764706,0.211764705882,0.760784313725,0.588235294118,0.474509803922,0.286274509804,0.443137254902,0.556862745098,0.294117647059,0.423529411765,0.188235294118,0.462745098039,0.470588235294,0.623529411765,0.203921568627,0.721568627451,0.647058823529,0.847058823529,0.545098039216,0.00392156862745,0.18431372549,0.290196078431,0.592156862745,0.780392156863,0.360784313725,0.325490196078,0.337254901961,0.21568627451,0.341176470588,0.529411764706,0.764705882353,0.152941176471,0.850980392157,0.690196078431,0.0,0.0313725490196,0.152941176471,0.513725490196,0.149019607843,0.576470588235,0.286274509804,0.729411764706,0.247058823529,0.192156862745,0.878431372549,0.835294117647,0.0,0.760784313725,0.333333333333,0.517647058824,0.0,0.466666666667,0.639215686275,0.878431372549,0.96862745098,0.866666666667,0.705882352941,0.788235294118,0.713725490196,0.560784313725,0.627450980392,0.56862745098,0.411764705882,0.466666666667,0.419607843137,0.278431372549,0.321568627451,0.290196078431,0.160784313725,0.18431372549,0.160784313725,20.3,0.4,-24.1
Daylight (D65),MDMA HCl,positive,0.0078431372549,0.2,0.325490196078,0.423529411765,0.298039215686,0.207843137255,0.701960784314,0.529411764706,0.423529411765,0.274509803922,0.454901960784,0.556862745098,0.298039215686,0.4,0.125490196078,0.43137254902,0.466666666667,0.619607843137,0.196078431373,0.690196078431,0.576470588235,0.792156862745,0.419607843137,0.0,0.160784313725,0.345098039216,0.611764705882,0.721568627451,0.282352941176,0.329411764706,0.325490196078,0.223529411765,0.376470588235,0.521568627451,0.678431372549,0.0,0.796078431373,0.556862745098,0.0,0.0274509803922,0.239215686275,0.545098039216,0.16862745098,0.552941176471,0.105882352941,0.662745098039,0.156862745098,0.176470588235,0.81568627451,0.701960784314,0.0,0.690196078431,0.294117647059,0.533333333333,0.0,0.509803921569,0.603921568627,0.803921568627,0.862745098039,0.788235294118,0.662745098039,0.717647058824,0.666666666667,0.537254901961,0.58431372549,0.541176470588,0.4,0.447058823529,0.407843137255,0.282352941176,0.317647058824,0.286274509804,0.172549019608,0.192156862745,0.176470588235,20.3,3.3,-27.8
Daylight (D65),MDMA HCl,positive,0.00392156862745,0.203921568627,0.325490196078,0.423529411765,0.298039215686,0.207843137255,0.701960784314,0.529411764706,0.423529411765,0.274509803922,0.454901960784,0.556862745098,0.298039215686,0.4,0.125490196078,0.43137254902,0.466666666667,0.619607843137,0.196078431373,0.690196078431,0.576470588235,0.792156862745,0.419607843137,0.0,0.160784313725,0.345098039216,0.611764705882,0.721568627451,0.282352941176,0.329411764706,0.325490196078,0.223529411765,0.376470588235,0.521568627451,0.678431372549,0.0,0.796078431373,0.556862745098,0.0,0.0274509803922,0.239215686275,0.545098039216,0.16862745098,0.552941176471,0.105882352941,0.662745098039,0.156862745098,0.176470588235,0.81568627451,0.701960784314,0.0,0.690196078431,0.294117647059,0.533333333333,0.0,0.509803921569,0.603921568627,0.803921568627,0.862745098039,0.788235294118,0.662745098039,0.717647058824,0.666666666667,0.537254901961,0.58431372549,0.541176470588,0.4,0.447058823529,0.407843137255,0.282352941176,0.317647058824,0.286274509804,0.172549019608,0.192156862745,0.176470588235,21.1,2.0,-26.6
Tube light (FL2),Dimethoxy-meth HCl,negative,0.00392156862745,0.172549019608,0.380392156863,0.364705882353,0.254901960784,0.160784313725,0.650980392157,0.470588235294,0.36862745098,0.298039215686,0.349019607843,0.474509803922,0.282352941176,0.341176470588,0.125490196078,0.403921568627,0.372549019608,0.533333333333,0.360784313725,0.592156862745,0.521568627451,0.737254901961,0.443137254902,0.0,0.192156862745,0.21568627451,0.513725490196,0.63137254902,0.274509803922,0.270588235294,0.247058823529,0.160784313725,0.301960784314,0.541176470588,0.635294117647,0.0078431372549,0.760784313725,0.580392156863,0.0,0.078431372549,0.0941176470588,0.450980392157,0.270588235294,0.470588235294,0.176470588235,0.529411764706,0.180392156863,0.145098039216,0.8,0.701960784314,0.0,0.58431372549,0.243137254902,0.450980392157,0.043137254902,0.36862745098,0.533333333333,0.835294117647,0.803921568627,0.729411764706,0.666666666667,0.654901960784,0.596078431373,0.537254901961,0.521568627451,0.478431372549,0.392156862745,0.380392156863,0.352941176471,0.262745098039,0.258823529412,0.239215686275,0.145098039216,0.145098039216,0.125490196078,30.6,1.4,-33.2
Tube light (FL2),d-Methamphetamine HCl,positive,0.0117647058824,0.113725490196,0.258823529412,0.364705882353,0.254901960784,0.160784313725,0.650980392157,0.470588235294,0.36862745098,0.298039215686,0.349019607843,0.474509803922,0.282352941176,0.341176470588,0.125490196078,0.403921568627,0.372549019608,0.533333333333,0.360784313725,0.592156862745,0.521568627451,0.737254901961,0.443137254902,0.0,0.192156862745,0.21568627451,0.513725490196,0.63137254902,0.274509803922,0.270588235294,0.247058823529,0.160784313725,0.301960784314,0.541176470588,0.635294117647,0.0078431372549,0.760784313725,0.580392156863,0.0,0.078431372549,0.0941176470588,0.450980392157,0.270588235294,0.470588235294,0.176470588235,0.529411764706,0.180392156863,0.145098039216,0.8,0.701960784314,0.0,0.58431372549,0.243137254902,0.450980392157,0.043137254902,0.36862745098,0.533333333333,0.835294117647,0.803921568627,0.729411764706,0.666666666667,0.654901960784,0.596078431373,0.537254901961,0.521568627451,0.478431372549,0.392156862745,0.380392156863,0.352941176471,0.262745098039,0.258823529412,0.239215686275,0.145098039216,0.145098039216,0.125490196078,20.7,1.1,-24.7
White LED torch (LED-B3),Dimethoxy-meth HCl,negative,0.00392156862745,0.254901960784,0.498039215686,0.462745098039,0.325490196078,0.219607843137,0.78431372549,0.564705882353,0.447058823529,0.345098039216,0.447058823529,0.6,0.345098039216,0.435294117647,0.156862745098,0.498039215686,0.462745098039,0.670588235294,0.345098039216,0.717647058824,0.623529411765,0.870588235294,0.501960784314,0.0,0.23137254902,0.286274509804,0.658823529412,0.792156862745,0.317647058824,0.345098039216,0.349019607843,0.207843137255,0.4,0.603921568627,0.749019607843,0.0,0.886274509804,0.654901960784,0.0,0.0823529411765,0.133333333333,0.58431372549,0.254901960784,0.580392156863,0.164705882353,0.705882352941,0.203921568627,0.188235294118,0.913725490196,0.792156862745,0.00392156862745,0.749019607843,0.286274509804,0.56862745098,0.00392156862745,0.486274509804,0.654901960784,0.913725490196,0.901960784314,0.835294117647,0.752941176471,0.752941176471,0.709803921569,0.611764705882,0.607843137255,0.576470588235,0.462745098039,0.462745098039,0.439215686275,0.325490196078,0.329411764706,0.309803921569,0.2,0.2,0.18431372549,31.9,1.6,-33.7
White LED torch (LED-B3),Dimethoxy-meth HCl,negative,0.00392156862745,0.250980392157,0.494117647059,0.462745098039,0.325490196078,0.219607843137,0.78431372549,0.564705882353,0.447058823529,0.345098039216,0.447058823529,0.6,0.345098039216,0.435294117647,0.156862745098,0.498039215686,0.462745098039,0.670588235294,0.345098039216,0.717647058824,0.623529411765,0.870588235294,0.501960784314,0.0,0.23137254902,0.286274509804,0.658823529412,0.792156862745,0.317647058824,0.345098039216,0.349019607843,0.207843137255,0.4,0.603921568627,0.749019607843,0.0,0.886274509804,0.654901960784,0.0,0.0823529411765,0.133333333333,0.58431372549,0.254901960784,0.580392156863,0.164705882353,0.705882352941,0.203921568627,0.188235294118,0.913725490196,0.792156862745,0.00392156862745,0.749019607843,0.286274509804,0.56862745098,0.00392156862745,0.486274509804,0.654901960784,0.913725490196,0.901960784314,0.835294117647,0.752941176471,0.752941176471,0.709803921569,0.611764705882,0.607843137255,0.576470588235,0.462745098039,0.462745098039,0.439215686275,0.325490196078,0.329411764706,0.309803921569,0.2,0.2,0.18431372549,31.4,1.8,-33.7
Incandescent bulb (A),Methylphenidate HCl,negative,0.580392156863,0.564705882353,0.517647058824,0.447058823529,0.333333333333,0.176470588235,0.788235294118,0.603921568627,0.4,0.333333333333,0.462745098039,0.482352941176,0.325490196078,0.427450980392,0.149019607843,0.501960784314,0.494117647059,0.537254901961,0.337254901961,0.737254901961,0.549019607843,0.870588235294,0.545098039216,0.0,0.235294117647,0.329411764706,0.517647058824,0.8,0.380392156863,0.286274509804,0.352941176471,0.23137254902,0.294117647059,0.580392156863,0.76862745098,0.0627450980392,0.886274509804,0.690196078431,0.00392156862745,0.0980392156863,0.203921568627,0.443137254902,0.247058823529,0.580392156863,0.223529411765,0.741176470588,0.262745098039,0.180392156863,0.921568627451,0.839215686275,0.00392156862745,0.780392156863,0.364705882353,0.450980392157,0.0,0.494117647059,0.552941176471,0.945098039216,0.992156862745,0.741176470588,0.760784313725,0.811764705882,0.603921568627,0.6,0.643137254902,0.478431372549,0.443137254902,0.478431372549,0.356862745098,0.305882352941,0.325490196078,0.239215686275,0.180392156863,0.188235294118,0.137254901961,61.2,7.5,-11.8
Incandescent bulb (A),d-Methamphetamine HCl,positive,0.654901960784,0.717647058824,0.572549019608,0.447058823529,0.333333333333,0.176470588235,0.788235294118,0.603921568627,0.4,0.333333333333,0.462745098039,0.482352941176,0.325490196078,0.427450980392,0.149019607843,0.501960784314,0.494117647059,0.537254901961,0.337254901961,0.737254901961,0.549019607843,0.870588235294,0.545098039216,0.0,0.235294117647,0.329411764706,0.517647058824,0.8,0.380392156863,0.286274509804,0.352941176471,0.23137254902,0.294117647059,0.580392156863,0.76862745098,0.0627450980392,0.886274509804,0.690196078431,0.00392156862745,0.0980392156863,0.203921568627,0.443137254902,0.247058823529,0.580392156863,0.223529411765,0.741176470588,0.262745098039,0.180392156863,0.921568627451,0.839215686275,0.00392156862745,0.780392156863,0.364705882353,0.450980392157,0.0,0.494117647059,0.552941176471,0.945098039216,0.992156862745,0.741176470588,0.760784313725,0.811764705882,0.603921568627,0.6,0.643137254902,0.478431372549,0.443137254902,0.478431372549,0.356862745098,0.305882352941,0.325490196078,0.239215686275,0.180392156863,0.188235294118,0.137254901961,62.3,-1.9,-4.8
Tube light (FL2),Dimethoxy-meth HCl,negative,0.00392156862745,0.313725490196,0.466666666667,0.478431372549,0.4,0.203921568627,0.752941176471,0.647058823529,0.41568627451,0.36862745098,0.517647058824,0.552941176471,0.36862745098,0.490196078431,0.0980392156863,0.494117647059,0.545098039216,0.611764705882,0.396078431373,0.764705882353,0.560784313725,0.839215686275,0.6,0.0,0.258823529412,0.388235294118,0.607843137255,0.741176470588,0.423529411765,0.329411764706,0.341176470588,0.294117647059,0.388235294118,0.619607843137,0.796078431373,0.0,0.843137254902,0.733333333333,0.0,0.101960784314,0.258823529412,0.549019607843,0.321568627451,0.627450980392,0.0980392156863,0.643137254902,0.309803921569,0.188235294118,0.874509803922,0.858823529412,0.0,0.686274509804,0.407843137255,0.533333333333,0.00392156862745,0.537254901961,0.611764705882,0.886274509804,0.980392156863,0.737254901961,0.741176470588,0.827450980392,0.635294117647,0.61568627451,0.682352941176,0.517647058824,0.478431372549,0.533333333333,0.403921568627,0.345098039216,0.392156862745,0.298039215686,0.223529411765,0.254901960784,0.18431372549,31.7,1.8,-35.4
Tube light (FL2),Methylphenidate HCl,negative,0.729411764706,0.780392156863,0.666666666667,0.478431372549,0.4,0.203921568627,0.752941176471,0.647058823529,0.41568627451,0.36862745098,0.517647058824,0.552941176471,0.36862745098,0.490196078431,0.0980392156863,0.494117647059,0.545098039216,0.611764705882,0.396078431373,0.764705882353,0.560784313725,0.839215686275,0.6,0.0,0.258823529412,0.388235294118,0.607843137255,0.741176470588,0.423529411765,0.329411764706,0.341176470588,0.294117647059,0.388235294118,0.619607843137,0.796078431373,0.0,0.843137254902,0.733333333333,0.0,0.101960784314,0.258823529412,0.549019607843,0.321568627451,0.627450980392,0.0980392156863,0.643137254902,0.309803921569,0.188235294118,0.874509803922,0.858823529412,0.0,0.686274509804,0.407843137255,0.533333333333,0.00392156862745,0.537254901961,0.611764705882,0.886274509804,0.980392156863,0.737254901961,0.741176470588,0.827450980392,0.635294117647,0.61568627451,0.682352941176,0.517647058824,0.478431372549,0.533333333333,0.403921568627,0.345098039216,0.392156862745,0.298039215686,0.223529411765,0.254901960784,0.18431372549,70.7,6.0,-7.1
White LED torch (LED-B3),Dimethoxy-meth HCl,negative,0.00392156862745,0.286274509804,0.505882352941,0.443137254902,0.341176470588,0.2,0.733333333333,0.580392156863,0.411764705882,0.301960784314,0.470588235294,0.580392156863,0.321568627451,0.454901960784,0.109803921569,0.470588235294,0.494117647059,0.650980392157,0.239215686275,0.737254901961,0.592156862745,0.819607843137,0.513725490196,0.00392156862745,0.192156862745,0.321568627451,0.639215686275,0.760784313725,0.349019607843,0.329411764706,0.341176470588,0.239215686275,0.403921568627,0.552941176471,0.756862745098,0.0,0.843137254902,0.670588235294,0.0,0.0392156862745,0.18431372549,0.572549019608,0.172549019608,0.596078431373,0.0745098039216,0.686274509804,0.235294117647,0.172549019608,0.850980392157,0.8,0.00392156862745,0.721568627451,0.329411764706,0.560784313725,0.00392156862745,0.513725490196,0.639215686275,0.823529411765,0.898039215686,0.772549019608,0.690196078431,0.760784313725,0.666666666667,0.56862745098,0.627450980392,0.549019607843,0.439215686275,0.486274509804,0.419607843137,0.313725490196,0.352941176471,0.305882352941,0.196078431373,0.223529411765,0.188235294118,33.4,4.1,-34.7
Incandescent bulb (A),MDMA HCl,positive,0.00392156862745,0.137254901961,0.235294117647,0.403921568627,0.274509803922,0.133333333333,0.717647058824,0.505882352941,0.349019607843,0.286274509804,0.388235294118,0.443137254902,0.282352941176,0.360784313725,0.0980392156863,0.447058823529,0.407843137255,0.498039215686,0.258823529412,0.63137254902,0.498039215686,0.796078431373,0.454901960784,0.00392156862745,0.2,0.262745098039,0.482352941176,0.733333333333,0.290196078431,0.23137254902,0.313725490196,0.180392156863,0.266666666667,0.513725490196,0.662745098039,0.00392156862745,0.803921568627,0.588235294118,0.0,0.0705882352941,0.145098039216,0.419607843137,0.176470588235,0.501960784314,0.16862745098,0.682352941176,0.180392156863,0.113725490196,0.839215686275,0.721568627451,0.0,0.717647058824,0.270588235294,0.403921568627,0.0,0.41568627451,0.517647058824,0.854901960784,0.850980392157,0.670588235294,0.686274509804,0.690196078431,0.556862745098,0.541176470588,0.545098039216,0.435294117647,0.392156862745,0.403921568627,0.317647058824,0.266666666667,0.274509803922,0.211764705882,0.149019607843,0.152941176471,0.109803921569,20.5,0.7,-25.2
Incandescent bulb (A),d-Methamphetamine HCl,positive,0.00392156862745,0.133333333333,0.235294117647,0.403921568627,0.274509803922,0.133333333333,0.717647058824,0.505882352941,0.349019607843,0.286274509804,0.388235294118,0.443137254902,0.282352941176,0.360784313725,0.0980392156863,0.447058823529,0.407843137255,0.498039215686,0.258823529412,0.63137254902,0.498039215686,0.796078431373,0.454901960784,0.00392156862745,0.2,0.262745098039,0.482352941176,0.733333333333,0.290196078431,0.23137254902,0.313725490196,0.180392156863,0.266666666667,0.513725490196,0.662745098039,0.00392156862745,0.803921568627,0.588235294118,0.0,0.0705882352941,0.145098039216,0.419607843137,0.176470588235,0.501960784314,0.16862745098,0.682352941176,0.180392156863,0.113725490196,0.839215686275,0.721568627451,0.0,0.717647058824,0.270588235294,0.403921568627,0.0,0.41568627451,0.517647058824,0.854901960784,0.850980392157,0.670588235294,0.686274509804,0.690196078431,0.556862745098,0.541176470588,0.545098039216,0.435294117647,0.392156862745,0.403921568627,0.317647058824,0.266666666667,0.274509803922,0.211764705882,0.149019607843,0.152941176471,0.109803921569,20.5,0.7,-25.2
Daylight (D65),MDMA HCl,positive,0.0117647058824,0.188235294118,0.321568627451,0.423529411765,0.298039215686,0.223529411765,0.733333333333,0.545098039216,0.458823529412,0.317647058824,0.454901960784,0.564705882353,0.329411764706,0.403921568627,0.18431372549,0.470588235294,0.478431372549,0.639215686275,0.325490196078,0.709803921569,0.611764705882,0.819607843137,0.435294117647,0.0156862745098,0.219607843137,0.337254901961,0.619607843137,0.741176470588,0.301960784314,0.356862745098,0.325490196078,0.21568627451,0.372549019608,0.580392156863,0.701960784314,0.0,0.839215686275,0.580392156863,0.0,0.0627450980392,0.227450980392,0.541176470588,0.258823529412,0.556862745098,0.211764705882,0.674509803922,0.176470588235,0.211764705882,0.882352941176,0.733333333333,0.0,0.705882352941,0.305882352941,0.549019607843,0.0,0.521568627451,0.627450980392,0.890196078431,0.905882352941,0.850980392157,0.725490196078,0.749019607843,0.709803921569,0.580392156863,0.6,0.576470588235,0.43137254902,0.450980392157,0.43137254902,0.305882352941,0.313725490196,0.301960784314,0.180392156863,0.18431372549,0.176470588235,19.8,1.9,-25.9
Daylight (D65),Methylphenidate HCl,negative,0.549019607843,0.529411764706,0.61568627451,0.423529411765,0.298039215686,0.223529411765,0.733333333333,0.545098039216,0.458823529412,0.317647058824,0.454901960784,0.564705882353,0.329411764706,0.403921568627,0.18431372549,0.470588235294,0.478431372549,0.639215686275,0.325490196078,0.709803921569,0.611764705882,0.819607843137,0.435294117647,0.0156862745098,0.219607843137,0.337254901961,0.619607843137,0.741176470588,0.301960784314,0.356862745098,0.325490196078,0.21568627451,0.372549019608,0.580392156863,0.701960784314,0.0,0.839215686275,0.580392156863,0.0,0.0627450980392,0.227450980392,0.541176470588,0.258823529412,0.556862745098,0.211764705882,0.674509803922,0.176470588235,0.211764705882,0.882352941176,0.733333333333,0.0,0.705882352941,0.305882352941,0.549019607843,0.0,0.521568627451,0.627450980392,0.890196078431,0.905882352941,0.850980392157,0.725490196078,0.749019607843,0.709803921569,0.580392156863,0.6,0.576470588235,0.43137254902,0.450980392157,0.43137254902,0.305882352941,0.313725490196,0.301960784314,0.180392156863,0.18431372549,0.176470588235,60.8,8.5,-12.7
Tube light (FL2),Methylphenidate HCl,negative,0.529411764706,0.564705882353,0.6,0.427450980392,0.352941176471,0.180392156863,0.705882352941,0.596078431373,0.407843137255,0.290196078431,0.466666666667,0.572549019608,0.305882352941,0.450980392157,0.0823529411765,0.43137254902,0.490196078431,0.643137254902,0.258823529412,0.729411764706,0.592156862745,0.811764705882,0.556862745098,0.0,0.16862745098,0.317647058824,0.635294117647,0.717647058824,0.36862745098,0.313725490196,0.294117647059,0.239215686275,0.388235294118,0.549019607843,0.772549019608,0.0,0.819607843137,0.705882352941,0.0,0.0235294117647,0.180392156863,0.56862745098,0.203921568627,0.596078431373,0.078431372549,0.61568627451,0.258823529412,0.152941176471,0.839215686275,0.843137254902,0.0,0.658823529412,0.345098039216,0.549019607843,0.0,0.490196078431,0.647058823529,0.827450980392,0.949019607843,0.78431372549,0.686274509804,0.792156862745,0.666666666667,0.556862745098,0.647058823529,0.545098039216,0.423529411765,0.494117647059,0.41568627451,0.301960784314,0.352941176471,0.298039215686,0.180392156863,0.219607843137,0.176470588235,61.4,7.9,-11.5
Tube light (FL2),Dimethoxy-meth HCl,negative,0.00392156862745,0.262745098039,0.486274509804,0.427450980392,0.352941176471,0.180392156863,0.705882352941,0.596078431373,0.407843137255,0.290196078431,0.466666666667,0.572549019608,0.305882352941,0.450980392157,0.0823529411765,0.43137254902,0.490196078431,0.643137254902,0.258823529412,0.729411764706,0.592156862745,0.811764705882,0.556862745098,0.0,0.16862745098,0.317647058824,0.635294117647,0.717647058824,0.36862745098,0.313725490196,0.294117647059,0.239215686275,0.388235294118,0.549019607843,0.772549019608,0.0,0.819607843137,0.705882352941,0.0,0.0235294117647,0.180392156863,0.56862745098,0.203921568627,0.596078431373,0.078431372549,0.61568627451,0.258823529412,0.152941176471,0.839215686275,0.843137254902,0.0,0.658823529412,0.345098039216,0.549019607843,0.0,0.490196078431,0.647058823529,0.827450980392,0.949019607843,0.78431372549,0.686274509804,0.792156862745,0.666666666667,0.556862745098,0.647058823529,0.545098039216,0.423529411765,0.494117647059,0.41568627451,0.301960784314,0.352941176471,0.298039215686,0.180392156863,0.219607843137,0.176470588235,32.4,5.3,-34.4
White LED torch (LED-B3),Methylphenidate HCl,negative,0.603921568627,0.537254901961,0.611764705882,0.478431372549,0.352941176471,0.262745098039,0.772549019608,0.576470588235,0.478431372549,0.388235294118,0.462745098039,0.588235294118,0.376470588235,0.447058823529,0.219607843137,0.521568627451,0.478431372549,0.643137254902,0.41568627451,0.705882352941,0.61568627451,0.843137254902,0.517647058824,0.0078431372549,0.282352941176,0.317647058824,0.635294117647,0.76862745098,0.356862745098,0.372549019608,0.36862745098,0.243137254902,0.407843137255,0.619607843137,0.729411764706,0.0117647058824,0.850980392157,0.647058823529,0.00392156862745,0.133333333333,0.176470588235,0.576470588235,0.329411764706,0.58431372549,0.243137254902,0.690196078431,0.250980392157,0.243137254902,0.882352941176,0.772549019608,0.0,0.725490196078,0.329411764706,0.556862745098,0.0235294117647,0.494117647059,0.63137254902,0.905882352941,0.878431372549,0.81568627451,0.756862745098,0.741176470588,0.698039215686,0.623529411765,0.611764705882,0.58431372549,0.482352941176,0.478431372549,0.458823529412,0.352941176471,0.349019607843,0.333333333333,0.227450980392,0.223529411765,0.207843137255,61.0,8.7,-10.7
White LED torch (LED-B3),d-Methamphetamine HCl,positive,0.0156862745098,0.2,0.356862745098,0.478431372549,0.352941176471,0.262745098039,0.772549019608,0.576470588235,0.478431372549,0.388235294118,0.462745098039,0.588235294118,0.376470588235,0.447058823529,0.219607843137,0.521568627451,0.478431372549,0.643137254902,0.41568627451,0.705882352941,0.61568627451,0.843137254902,0.517647058824,0.0078431372549,0.282352941176,0.317647058824,0.635294117647,0.76862745098,0.356862745098,0.372549019608,0.36862745098,0.243137254902,0.407843137255,0.619607843137,0.729411764706,0.0117647058824,0.850980392157,0.647058823529,0.00392156862745,0.133333333333,0.176470588235,0.576470588235,0.329411764706,0.58431372549,0.243137254902,0.690196078431,0.250980392157,0.243137254902,0.882352941176,0.772549019608,0.0,0.725490196078,0.329411764706,0.556862745098,0.0235294117647,0.494117647059,0.63137254902,0.905882352941,0.878431372549,0.81568627451,0.756862745098,0.741176470588,0.698039215686,0.623529411765,0.611764705882,0.58431372549,0.482352941176,0.478431372549,0.458823529412,0.352941176471,0.349019607843,0.333333333333,0.227450980392,0.223529411765,0.207843137255,19.7,0.4,-26.0
Incandescent bulb (A),Dimethoxy-meth HCl,negative,0.00392156862745,0.250980392157,0.419607843137,0.458823529412,0.329411764706,0.192156862745,0.788235294118,0.58431372549,0.43137254902,0.329411764706,0.450980392157,0.529411764706,0.325490196078,0.427450980392,0.156862745098,0.501960784314,0.474509803922,0.592156862745,0.282352941176,0.713725490196,0.6,0.870588235294,0.533333333333,0.00392156862745,0.23137254902,0.309803921569,0.56862745098,0.807843137255,0.356862745098,0.301960784314,0.364705882353,0.223529411765,0.329411764706,0.56862745098,0.749019607843,0.0196078431373,0.874509803922,0.670588235294,0.0,0.0823529411765,0.176470588235,0.498039215686,0.203921568627,0.576470588235,0.243137254902,0.752941176471,0.235294117647,0.172549019608,0.909803921569,0.811764705882,0.0,0.78431372549,0.333333333333,0.486274509804,0.00392156862745,0.474509803922,0.607843137255,0.913725490196,0.941176470588,0.788235294118,0.741176470588,0.776470588235,0.658823529412,0.596078431373,0.623529411765,0.529411764706,0.447058823529,0.466666666667,0.396078431373,0.305882352941,0.325490196078,0.270588235294,0.18431372549,0.192156862745,0.156862745098,30.7,-0.3,-32.1
Incandescent bulb (A),Dimethoxy-meth HCl,negative,0.00392156862745,0.250980392157,0.419607843137,0.458823529412,0.329411764706,0.192156862745,0.788235294118,0.58431372549,0.43137254902,0.329411764706,0.450980392157,0.529411764706,0.325490196078,0.427450980392,0.156862745098,0.501960784314,0.474509803922,0.592156862745,0.282352941176,0.713725490196,0.6,0.870588235294,0.533333333333,0.00392156862745,0.23137254902,0.309803921569,0.56862745098,0.807843137255,0.356862745098,0.301960784314,0.364705882353,0.223529411765,0.329411764706,0.56862745098,0.749019607843,0.0196078431373,0.874509803922,0.670588235294,0.0,0.0823529411765,0.176470588235,0.498039215686,0.203921568627,0.576470588235,0.243137254902,0.752941176471,0.235294117647,0.172549019608,0.909803921569,0.811764705882,0.0,0.78431372549,0.333333333333,0.486274509804,0.00392156862745,0.474509803922,0.607843137255,0.913725490196,0.941176470588,0.788235294118,0.741176470588,0.776470588235,0.658823529412,0.596078431373,0.623529411765,0.529411764706,0.447058823529,0.466666666667,0.396078431373,0.305882352941,0.325490196078,0.270588235294,0.18431372549,0.192156862745,0.156862745098,30.6,-0.6,-31.6
Daylight (D65),MDMA HCl,positive,0.00392156862745,0.192156862745,0.290196078431,0.364705882353,0.301960784314,0.203921568627,0.623529411765,0.545098039216,0.41568627451,0.223529411765,0.454901960784,0.517647058824,0.254901960784,0.396078431373,0.152941176471,0.36862745098,0.474509803922,0.580392156863,0.129411764706,0.686274509804,0.549019607843,0.709803921569,0.447058823529,0.00392156862745,0.0941176470588,0.352941176471,0.56862745098,0.639215686275,0.317647058824,0.321568627451,0.270588235294,0.227450980392,0.345098039216,0.462745098039,0.674509803922,0.0,0.709803921569,0.56862745098,0.0,0.0078431372549,0.247058823529,0.501960784314,0.129411764706,0.545098039216,0.172549019608,0.58431372549,0.211764705882,0.188235294118,0.737254901961,0.713725490196,0.0,0.607843137255,0.329411764706,0.498039215686,0.0,0.505882352941,0.564705882353,0.713725490196,0.882352941176,0.764705882353,0.58431372549,0.733333333333,0.643137254902,0.466666666667,0.592156862745,0.517647058824,0.349019607843,0.447058823529,0.392156862745,0.239215686275,0.313725490196,0.274509803922,0.137254901961,0.188235294118,0.160784313725,19.9,4.1,-25.5
Daylight (D65),MDMA HCl,positive,0.00392156862745,0.192156862745,0.290196078431,0.364705882353,0.301960784314,0.203921568627,0.623529411765,0.545098039216,0.41568627451,0.223529411765,0.454901960784,0.517647058824,0.254901960784,0.396078431373,0.152941176471,0.36862745098,0.474509803922,0.580392156863,0.129411764706,0.686274509804,0.549019607843,0.709803921569,0.447058823529,0.00392156862745,0.0941176470588,0.352941176471,0.56862745098,0.639215686275,0.317647058824,0.321568627451,0.270588235294,0.227450980392,0.345098039216,0.462745098039,0.674509803922,0.0,0.709803921569,0.56862745098,0.0,0.0078431372549,0.247058823529,0.501960784314,0.129411764706,0.545098039216,0.172549019608,0.58431372549,0.211764705882,0.188235294118,0.737254901961,0.713725490196,0.0,0.607843137255,0.329411764706,0.498039215686,0.0,0.505882352941,0.564705882353,0.713725490196,0.882352941176,0.764705882353,0.58431372549,0.733333333333,0.643137254902,0.466666666667,0.592156862745,0.517647058824,0.349019607843,0.447058823529,0.392156862745,0.239215686275,0.313725490196,0.274509803922,0.137254901961,0.188235294118,0.160784313725,19.8,3.5,-24.8
Tube light (FL2),Dimethoxy-meth HCl,negative,0.0,0.172549019608,0.443137254902,0.4,0.290196078431,0.196078431373,0.713725490196,0.525490196078,0.439215686275,0.298039215686,0.38431372549,0.56862745098,0.298039215686,0.380392156863,0.149019607843,0.427450980392,0.396078431373,0.63137254902,0.333333333333,0.647058823529,0.611764705882,0.823529411765,0.498039215686,0.0,0.188235294118,0.21568627451,0.61568627451,0.698039215686,0.294117647059,0.309803921569,0.262745098039,0.164705882353,0.352941176471,0.564705882353,0.701960784314,0.0,0.81568627451,0.639215686275,0.0,0.0549019607843,0.0588235294118,0.537254901961,0.250980392157,0.521568627451,0.196078431373,0.580392156863,0.188235294118,0.164705882353,0.862745098039,0.776470588235,0.0,0.627450980392,0.247058823529,0.525490196078,0.0,0.388235294118,0.623529411765,0.886274509804,0.886274509804,0.862745098039,0.713725490196,0.713725490196,0.705882352941,0.560784313725,0.564705882353,0.556862745098,0.407843137255,0.407843137255,0.403921568627,0.274509803922,0.274509803922,0.274509803922,0.152941176471,0.152941176471,0.152941176471,30.9,2.7,-33.1
Tube light (FL2),Methylphenidate HCl,negative,0.513725490196,0.474509803922,0.580392156863,0.4,0.290196078431,0.196078431373,0.713725490196,0.525490196078,0.439215686275,0.298039215686,0.38431372549,0.56862745098,0.298039215686,0.380392156863,0.149019607843,0.427450980392,0.396078431373,0.63137254902,0.333333333333,0.647058823529,0.611764705882,0.823529411765,0.498039215686,0.0,0.188235294118,0.21568627451,0.61568627451,0.698039215686,0.294117647059,0.309803921569,0.262745098039,0.164705882353,0.352941176471,0.564705882353,0.701960784314,0.0,0.81568627451,0.639215686275,0.0,0.0549019607843,0.0588235294118,0.537254901961,0.250980392157,0.521568627451,0.196078431373,0.580392156863,0.188235294118,0.164705882353,0.862745098039,0.776470588235,0.0,0.627450980392,0.247058823529,0.525490196078,0.0,0.388235294118,0.623529411765,0.886274509804,0.886274509804,0.862745098039,0.713725490196,0.713725490196,0.705882352941,0.560784313725,0.564705882353,0.556862745098,0.407843137255,0.407843137255,0.403921568627,0.274509803922,0.274509803922,0.274509803922,0.152941176471,0.152941176471,0.152941176471,60.6,6.5,-9.5
White LED torch (LED-B3),d-Methamphetamine HCl,positive,0.00392156862745,0.141176470588,0.298039215686,0.388235294118,0.286274509804,0.156862745098,0.701960784314,0.533333333333,0.364705882353,0.235294117647,0.41568627451,0.545098039216,0.254901960784,0.392156862745,0.0588235294118,0.4,0.43137254902,0.611764705882,0.105882352941,0.694117647059,0.549019607843,0.803921568627,0.466666666667,0.0,0.125490196078,0.262745098039,0.611764705882,0.717647058824,0.290196078431,0.278431372549,0.274509803922,0.180392156863,0.345098039216,0.486274509804,0.721568627451,0.0,0.803921568627,0.627450980392,0.0,0.0078431372549,0.129411764706,0.529411764706,0.0705882352941,0.552941176471,0.0235294117647,0.639215686275,0.172549019608,0.105882352941,0.827450980392,0.772549019608,0.0,0.670588235294,0.262745098039,0.509803921569,0.0,0.454901960784,0.592156862745,0.81568627451,0.909803921569,0.776470588235,0.650980392157,0.741176470588,0.639215686275,0.513725490196,0.588235294118,0.509803921569,0.376470588235,0.43137254902,0.380392156863,0.250980392157,0.290196078431,0.254901960784,0.141176470588,0.160784313725,0.137254901961,21.4,2.7,-24.6
White LED torch (LED-B3),MDMA HCl,positive,0.00392156862745,0.141176470588,0.298039215686,0.388235294118,0.286274509804,0.156862745098,0.701960784314,0.533333333333,0.364705882353,0.235294117647,0.41568627451,0.545098039216,0.254901960784,0.392156862745,0.0588235294118,0.4,0.43137254902,0.611764705882,0.105882352941,0.694117647059,0.549019607843,0.803921568627,0.466666666667,0.0,0.125490196078,0.262745098039,0.611764705882,0.717647058824,0.290196078431,0.278431372549,0.274509803922,0.180392156863,0.345098039216,0.486274509804,0.721568627451,0.0,0.803921568627,0.627450980392,0.0,0.0078431372549,0.129411764706,0.529411764706,0.0705882352941,0.552941176471,0.0235294117647,0.639215686275,0.172549019608,0.105882352941,0.827450980392,0.772549019608,0.0,0.670588235294,0.262745098039,0.509803921569,0.0,0.454901960784,0.592156862745,0.81568627451,0.909803921569,0.776470588235,0.650980392157,0.741176470588,0.639215686275,0.513725490196,0.588235294118,0.509803921569,0.376470588235,0.43137254902,0.380392156863,0.250980392157,0.290196078431,0.254901960784,0.141176470588,0.160784313725,0.137254901961,21.6,3.0,-25.0
Daylight (D65),d-Methamphetamine HCl,positive,0.0117647058824,0.18431372549,0.345098039216,0.419607843137,0.305882352941,0.274509803922,0.705882352941,0.552941176471,0.525490196078,0.317647058824,0.447058823529,0.607843137255,0.321568627451,0.411764705882,0.247058823529,0.450980392157,0.470588235294,0.678431372549,0.341176470588,0.698039215686,0.678431372549,0.776470588235,0.462745098039,0.192156862745,0.2,0.329411764706,0.647058823529,0.701960784314,0.321568627451,0.396078431373,0.321568627451,0.219607843137,0.4,0.564705882353,0.701960784314,0.247058823529,0.796078431373,0.592156862745,0.113725490196,0.0509803921569,0.211764705882,0.572549019608,0.274509803922,0.556862745098,0.309803921569,0.639215686275,0.219607843137,0.258823529412,0.835294117647,0.741176470588,0.0705882352941,0.674509803922,0.317647058824,0.580392156863,0.00392156862745,0.501960784314,0.662745098039,0.850980392157,0.890196078431,0.925490196078,0.701960784314,0.741176470588,0.780392156863,0.564705882353,0.6,0.635294117647,0.423529411765,0.450980392157,0.474509803922,0.298039215686,0.317647058824,0.341176470588,0.176470588235,0.188235294118,0.207843137255,19.6,0.3,-25.0
Daylight (D65),Methylphenidate HCl,negative,0.529411764706,0.525490196078,0.658823529412,0.419607843137,0.305882352941,0.274509803922,0.705882352941,0.552941176471,0.525490196078,0.317647058824,0.447058823529,0.607843137255,0.321568627451,0.411764705882,0.247058823529,0.450980392157,0.470588235294,0.678431372549,0.341176470588,0.698039215686,0.678431372549,0.776470588235,0.462745098039,0.192156862745,0.2,0.329411764706,0.647058823529,0.701960784314,0.321568627451,0.396078431373,0.321568627451,0.219607843137,0.4,0.564705882353,0.701960784314,0.247058823529,0.796078431373,0.592156862745,0.113725490196,0.0509803921569,0.211764705882,0.572549019608,0.274509803922,0.556862745098,0.309803921569,0.639215686275,0.219607843137,0.258823529412,0.835294117647,0.741176470588,0.0705882352941,0.674509803922,0.317647058824,0.580392156863,0.00392156862745,0.501960784314,0.662745098039,0.850980392157,0.890196078431,0.925490196078,0.701960784314,0.741176470588,0.780392156863,0.564705882353,0.6,0.635294117647,0.423529411765,0.450980392157,0.474509803922,0.298039215686,0.317647058824,0.341176470588,0.176470588235,0.188235294118,0.207843137255,60.6,7.9,-11.8
Tube light (FL2),MDMA HCl,positive,0.00392156862745,0.192156862745,0.337254901961,0.43137254902,0.364705882353,0.196078431373,0.709803921569,0.607843137255,0.419607843137,0.317647058824,0.478431372549,0.556862745098,0.325490196078,0.454901960784,0.125490196078,0.450980392157,0.505882352941,0.619607843137,0.341176470588,0.733333333333,0.58431372549,0.796078431373,0.572549019608,0.00392156862745,0.203921568627,0.337254901961,0.607843137255,0.705882352941,0.388235294118,0.325490196078,0.301960784314,0.254901960784,0.376470588235,0.572549019608,0.76862745098,0.0,0.81568627451,0.713725490196,0.00392156862745,0.0549019607843,0.203921568627,0.545098039216,0.270588235294,0.596078431373,0.152941176471,0.607843137255,0.278431372549,0.180392156863,0.839215686275,0.835294117647,0.0,0.650980392157,0.364705882353,0.533333333333,0.0,0.498039215686,0.623529411765,0.843137254902,0.952941176471,0.764705882353,0.701960784314,0.796078431373,0.654901960784,0.576470588235,0.650980392157,0.541176470588,0.439215686275,0.498039215686,0.407843137255,0.313725490196,0.360784313725,0.294117647059,0.196078431373,0.223529411765,0.180392156863,20.6,1.5,-27.3
Tube light (FL2),MDMA HCl,positive,0.0078431372549,0.196078431373,0.333333333333,0.43137254902,0.364705882353,0.196078431373,0.709803921569,0.607843137255,0.419607843137,0.317647058824,0.478431372549,0.556862745098,0.325490196078,0.454901960784,0.125490196078,0.450980392157,0.505882352941,0.619607843137,0.341176470588,0.733333333333,0.58431372549,0.796078431373,0.572549019608,0.00392156862745,0.203921568627,0.337254901961,0.607843137255,0.705882352941,0.388235294118,0.325490196078,0.301960784314,0.254901960784,0.376470588235,0.572549019608,0.76862745098,0.0,0.81568627451,0.713725490196,0.00392156862745,0.0549019607843,0.203921568627,0.545098039216,0.270588235294,0.596078431373,0.152941176471,0.607843137255,0.278431372549,0.180392156863,0.839215686275,0.835294117647,0.0,0.650980392157,0.364705882353,0.533333333333,0.0,0.498039215686,0.623529411765,0.843137254902,0.952941176471,0.764705882353,0.701960784314,0.796078431373,0.654901960784,0.576470588235,0.650980392157,0.541176470588,0.439215686275,0.498039215686,0.407843137255,0.313725490196,0.360784313725,0.294117647059,0.196078431373,0.223529411765,0.180392156863,20.7,0.6,-26.4
White LED torch (LED-B3),Dimethoxy-meth HCl,negative,0.00392156862745,0.286274509804,0.458823529412,0.439215686275,0.349019607843,0.223529411765,0.725490196078,0.592156862745,0.435294117647,0.329411764706,0.470588235294,0.549019607843,0.333333333333,0.447058823529,0.176470588235,0.474509803922,0.498039215686,0.619607843137,0.345098039216,0.733333333333,0.58431372549,0.807843137255,0.529411764706,0.00392156862745,0.223529411765,0.333333333333,0.6,0.733333333333,0.36862745098,0.341176470588,0.329411764706,0.247058823529,0.376470588235,0.580392156863,0.756862745098,0.0,0.835294117647,0.678431372549,0.0,0.0745098039216,0.2,0.537254901961,0.266666666667,0.592156862745,0.192156862745,0.662745098039,0.262745098039,0.207843137255,0.858823529412,0.811764705882,0.0,0.701960784314,0.356862745098,0.537254901961,0.0,0.513725490196,0.607843137255,0.862745098039,0.929411764706,0.788235294118,0.717647058824,0.780392156863,0.674509803922,0.58431372549,0.639215686275,0.549019607843,0.443137254902,0.490196078431,0.423529411765,0.317647058824,0.352941176471,0.301960784314,0.2,0.219607843137,0.18431372549,31.2,0.2,-32.9
White LED torch (LED-B3),d-Methamphetamine HCl,positive,0.0078431372549,0.2,0.333333333333,0.439215686275,0.349019607843,0.223529411765,0.725490196078,0.592156862745,0.435294117647,0.329411764706,0.470588235294,0.549019607843,0.333333333333,0.447058823529,0.176470588235,0.474509803922,0.498039215686,0.619607843137,0.345098039216,0.733333333333,0.58431372549,0.807843137255,0.529411764706,0.00392156862745,0.223529411765,0.333333333333,0.6,0.733333333333,0.36862745098,0.341176470588,0.329411764706,0.247058823529,0.376470588235,0.580392156863,0.756862745098,0.0,0.835294117647,0.678431372549,0.0,0.0745098039216,0.2,0.537254901961,0.266666666667,0.592156862745,0.192156862745,0.662745098039,0.262745098039,0.207843137255,0.858823529412,0.811764705882,0.0,0.701960784314,0.356862745098,0.537254901961,0.0,0.513725490196,0.607843137255,0.862745098039,0.929411764706,0.788235294118,0.717647058824,0.780392156863,0.674509803922,0.58431372549,0.639215686275,0.549019607843,0.443137254902,0.490196078431,0.423529411765,0.317647058824,0.352941176471,0.301960784314,0.2,0.219607843137,0.18431372549,19.9,0.6,-26.4
Incandescent bulb (A),MDMA HCl,positive,0.0078431372549,0.180392156863,0.301960784314,0.458823529412,0.329411764706,0.223529411765,0.741176470588,0.545098039216,0.447058823529,0.356862745098,0.43137254902,0.517647058824,0.345098039216,0.411764705882,0.2,0.501960784314,0.450980392157,0.560784313725,0.345098039216,0.654901960784,0.580392156863,0.8,0.501960784314,0.0235294117647,0.266666666667,0.305882352941,0.545098039216,0.752941176471,0.349019607843,0.325490196078,0.372549019608,0.23137254902,0.333333333333,0.56862745098,0.686274509804,0.16862745098,0.81568627451,0.619607843137,0.00392156862745,0.125490196078,0.18431372549,0.482352941176,0.266666666667,0.541176470588,0.282352941176,0.709803921569,0.243137254902,0.211764705882,0.843137254902,0.733333333333,0.0,0.737254901961,0.325490196078,0.482352941176,0.00392156862745,0.454901960784,0.576470588235,0.854901960784,0.839215686275,0.741176470588,0.717647058824,0.705882352941,0.63137254902,0.58431372549,0.576470588235,0.517647058824,0.454901960784,0.447058823529,0.4,0.325490196078,0.325490196078,0.290196078431,0.203921568627,0.203921568627,0.176470588235,19.5,-0.3,-25.1
Daylight (D65),Methylphenidate HCl,negative,0.474509803922,0.537254901961,0.6,0.388235294118,0.294117647059,0.2,0.690196078431,0.552941176471,0.435294117647,0.211764705882,0.458823529412,0.572549019608,0.258823529412,0.4,0.125490196078,0.392156862745,0.478431372549,0.643137254902,0.0313725490196,0.733333333333,0.603921568627,0.796078431373,0.435294117647,0.0,0.0745098039216,0.337254901961,0.63137254902,0.717647058824,0.286274509804,0.321568627451,0.290196078431,0.207843137255,0.36862745098,0.490196078431,0.717647058824,0.0,0.8,0.588235294118,0.0,0.00392156862745,0.219607843137,0.549019607843,0.0627450980392,0.564705882353,0.105882352941,0.650980392157,0.160784313725,0.160784313725,0.823529411765,0.752941176471,0.00392156862745,0.682352941176,0.294117647059,0.545098039216,0.0,0.521568627451,0.63137254902,0.788235294118,0.937254901961,0.847058823529,0.635294117647,0.76862745098,0.705882352941,0.505882352941,0.607843137255,0.556862745098,0.364705882353,0.447058823529,0.411764705882,0.247058823529,0.309803921569,0.278431372549,0.137254901961,0.176470588235,0.160784313725,60.8,6.4,-11.2
Daylight (D65),Methylphenidate HCl,negative,0.474509803922,0.533333333333,0.607843137255,0.388235294118,0.294117647059,0.2,0.690196078431,0.552941176471,0.435294117647,0.211764705882,0.458823529412,0.572549019608,0.258823529412,0.4,0.125490196078,0.392156862745,0.478431372549,0.643137254902,0.0313725490196,0.733333333333,0.603921568627,0.796078431373,0.435294117647,0.0,0.0745098039216,0.337254901961,0.63137254902,0.717647058824,0.286274509804,0.321568627451,0.290196078431,0.207843137255,0.36862745098,0.490196078431,0.717647058824,0.0,0.8,0.588235294118,0.0,0.00392156862745,0.219607843137,0.549019607843,0.0627450980392,0.564705882353,0.105882352941,0.650980392157,0.160784313725,0.160784313725,0.823529411765,0.752941176471,0.00392156862745,0.682352941176,0.294117647059,0.545098039216,0.0,0.521568627451,0.63137254902,0.788235294118,0.937254901961,0.847058823529,0.635294117647,0.76862745098,0.705882352941,0.505882352941,0.607843137255,0.556862745098,0.364705882353,0.447058823529,0.411764705882,0.247058823529,0.309803921569,0.278431372549,0.137254901961,0.176470588235,0.160784313725,60.6,7.3,-12.6
Tube light (FL2),d-Methamphetamine HCl,positive,0.450980392157,0.549019607843,0.505882352941,0.38431372549,0.325490196078,0.160784313725,0.658823529412,0.560784313725,0.372549019608,0.270588235294,0.43137254902,0.521568627451,0.278431372549,0.41568627451,0.078431372549,0.396078431373,0.454901960784,0.580392156863,0.254901960784,0.678431372549,0.537254901961,0.752941176471,0.525490196078,0.0,0.152941176471,0.298039215686,0.576470588235,0.658823529412,0.345098039216,0.286274509804,0.262745098039,0.219607843137,0.345098039216,0.505882352941,0.717647058824,0.0,0.749019607843,0.658823529412,0.0,0.0313725490196,0.16862745098,0.513725490196,0.203921568627,0.552941176471,0.0823529411765,0.560784313725,0.239215686275,0.141176470588,0.780392156863,0.78431372549,0.0,0.6,0.317647058824,0.494117647059,0.0,0.447058823529,0.580392156863,0.776470588235,0.898039215686,0.725490196078,0.643137254902,0.745098039216,0.61568627451,0.513725490196,0.6,0.494117647059,0.38431372549,0.454901960784,0.372549019608,0.270588235294,0.321568627451,0.258823529412,0.156862745098,0.192156862745,0.149019607843,44.3,-1.5,-11.0
Tube light (FL2),Methylphenidate HCl,negative,0.478431372549,0.517647058824,0.533333333333,0.38431372549,0.325490196078,0.160784313725,0.658823529412,0.560784313725,0.372549019608,0.270588235294,0.43137254902,0.521568627451,0.278431372549,0.41568627451,0.078431372549,0.396078431373,0.454901960784,0.580392156863,0.254901960784,0.678431372549,0.537254901961,0.752941176471,0.525490196078,0.0,0.152941176471,0.298039215686,0.576470588235,0.658823529412,0.345098039216,0.286274509804,0.262745098039,0.219607843137,0.345098039216,0.505882352941,0.717647058824,0.0,0.749019607843,0.658823529412,0.0,0.0313725490196,0.16862745098,0.513725490196,0.203921568627,0.552941176471,0.0823529411765,0.560784313725,0.239215686275,0.141176470588,0.780392156863,0.78431372549,0.0,0.6,0.317647058824,0.494117647059,0.0,0.447058823529,0.580392156863,0.776470588235,0.898039215686,0.725490196078,0.643137254902,0.745098039216,0.61568627451,0.513725490196,0.6,0.494117647059,0.38431372549,0.454901960784,0.372549019608,0.270588235294,0.321568627451,0.258823529412,0.156862745098,0.192156862745,0.149019607843,60.5,7.1,-10.9
Incandescent bulb (A),MDMA HCl,positive,0.00392156862745,0.129411764706,0.223529411765,0.396078431373,0.282352941176,0.160784313725,0.705882352941,0.513725490196,0.38431372549,0.294117647059,0.388235294118,0.443137254902,0.278431372549,0.364705882353,0.129411764706,0.439215686275,0.407843137255,0.498039215686,0.282352941176,0.619607843137,0.505882352941,0.780392156863,0.466666666667,0.00392156862745,0.2,0.266666666667,0.478431372549,0.709803921569,0.309803921569,0.254901960784,0.305882352941,0.18431372549,0.266666666667,0.505882352941,0.654901960784,0.078431372549,0.76862745098,0.58431372549,0.00392156862745,0.078431372549,0.149019607843,0.411764705882,0.207843137255,0.498039215686,0.211764705882,0.658823529412,0.203921568627,0.152941176471,0.81568627451,0.721568627451,0.0,0.682352941176,0.286274509804,0.407843137255,0.00392156862745,0.403921568627,0.501960784314,0.843137254902,0.850980392157,0.698039215686,0.674509803922,0.694117647059,0.56862745098,0.529411764706,0.545098039216,0.450980392157,0.38431372549,0.403921568627,0.325490196078,0.258823529412,0.270588235294,0.21568627451,0.145098039216,0.149019607843,0.113725490196,19.8,-1.4,-23.3
Incandescent bulb (A),MDMA HCl,positive,0.588235294118,0.619607843137,0.537254901961,0.396078431373,0.282352941176,0.160784313725,0.705882352941,0.513725490196,0.38431372549,0.294117647059,0.388235294118,0.443137254902,0.278431372549,0.364705882353,0.129411764706,0.439215686275,0.407843137255,0.498039215686,0.282352941176,0.619607843137,0.505882352941,0.780392156863,0.466666666667,0.00392156862745,0.2,0.266666666667,0.478431372549,0.709803921569,0.309803921569,0.254901960784,0.305882352941,0.18431372549,0.266666666667,0.505882352941,0.654901960784,0.078431372549,0.76862745098,0.58431372549,0.00392156862745,0.078431372549,0.149019607843,0.411764705882,0.207843137255,0.498039215686,0.211764705882,0.658823529412,0.203921568627,0.152941176471,0.81568627451,0.721568627451,0.0,0.682352941176,0.286274509804,0.407843137255,0.00392156862745,0.403921568627,0.501960784314,0.843137254902,0.850980392157,0.698039215686,0.674509803922,0.694117647059,0.56862745098,0.529411764706,0.545098039216,0.450980392157,0.38431372549,0.403921568627,0.325490196078,0.258823529412,0.270588235294,0.21568627451,0.145098039216,0.149019607843,0.113725490196,53.6,-1.9,-6.5
Daylight (D65),d-Methamphetamine HCl,positive,0.0,0.16862745098,0.301960784314,0.360784313725,0.258823529412,0.16862745098,0.650980392157,0.509803921569,0.396078431373,0.176470588235,0.423529411765,0.545098039216,0.239215686275,0.36862745098,0.0901960784314,0.364705882353,0.447058823529,0.623529411765,0.00392156862745,0.705882352941,0.588235294118,0.752941176471,0.392156862745,0.00392156862745,0.0470588235294,0.301960784314,0.596078431373,0.686274509804,0.247058823529,0.294117647059,0.270588235294,0.180392156863,0.345098039216,0.458823529412,0.690196078431,0.0,0.788235294118,0.560784313725,0.0,0.0078431372549,0.188235294118,0.521568627451,0.0235294117647,0.529411764706,0.0509803921569,0.623529411765,0.121568627451,0.129411764706,0.796078431373,0.713725490196,0.00392156862745,0.658823529412,0.262745098039,0.521568627451,0.00392156862745,0.494117647059,0.619607843137,0.745098039216,0.882352941176,0.803921568627,0.596078431373,0.721568627451,0.670588235294,0.470588235294,0.572549019608,0.529411764706,0.341176470588,0.419607843137,0.392156862745,0.223529411765,0.282352941176,0.262745098039,0.121568627451,0.156862745098,0.145098039216,21.8,4.8,-25.0
Tube light (FL2),Dimethoxy-meth HCl,negative,0.0,0.266666666667,0.490196078431,0.450980392157,0.356862745098,0.18431372549,0.741176470588,0.592156862745,0.4,0.329411764706,0.466666666667,0.572549019608,0.337254901961,0.450980392157,0.0745098039216,0.466666666667,0.486274509804,0.635294117647,0.329411764706,0.721568627451,0.58431372549,0.839215686275,0.552941176471,0.0,0.219607843137,0.321568627451,0.639215686275,0.741176470588,0.360784313725,0.309803921569,0.321568627451,0.243137254902,0.392156862745,0.588235294118,0.756862745098,0.0,0.839215686275,0.690196078431,0.0,0.0666666666667,0.18431372549,0.572549019608,0.258823529412,0.592156862745,0.0627450980392,0.639215686275,0.250980392157,0.152941176471,0.862745098039,0.81568627451,0.0,0.682352941176,0.333333333333,0.545098039216,0.0,0.486274509804,0.643137254902,0.866666666667,0.925490196078,0.764705882353,0.721568627451,0.772549019608,0.654901960784,0.596078431373,0.635294117647,0.533333333333,0.454901960784,0.490196078431,0.407843137255,0.325490196078,0.352941176471,0.294117647059,0.203921568627,0.219607843137,0.180392156863,32.5,3.8,-35.5
White LED torch (LED-B3),Methylphenidate HCl,negative,0.537254901961,0.552941176471,0.498039215686,0.423529411765,0.305882352941,0.0549019607843,0.756862745098,0.576470588235,0.235294117647,0.262745098039,0.458823529412,0.486274509804,0.270588235294,0.41568627451,0.0,0.435294117647,0.482352941176,0.549019607843,0.105882352941,0.752941176471,0.443137254902,0.878431372549,0.486274509804,0.0,0.145098039216,0.317647058824,0.564705882353,0.776470588235,0.301960784314,0.188235294118,0.298039215686,0.207843137255,0.317647058824,0.525490196078,0.76862745098,0.0,0.874509803922,0.650980392157,0.00392156862745,0.0196078431373,0.18431372549,0.505882352941,0.0666666666667,0.588235294118,0.0,0.690196078431,0.16862745098,0.0078431372549,0.898039215686,0.819607843137,0.0,0.729411764706,0.294117647059,0.458823529412,0.0,0.501960784314,0.545098039216,0.890196078431,0.992156862745,0.643137254902,0.705882352941,0.803921568627,0.537254901961,0.556862745098,0.639215686275,0.41568627451,0.403921568627,0.462745098039,0.301960784314,0.270588235294,0.309803921569,0.203921568627,0.156862745098,0.172549019608,0.105882352941,61.2,8.2,-11.7
White LED torch (LED-B3),Dimethoxy-meth HCl,negative,0.0,0.254901960784,0.403921568627,0.423529411765,0.305882352941,0.0549019607843,0.756862745098,0.576470588235,0.235294117647,0.262745098039,0.458823529412,0.486274509804,0.270588235294,0.41568627451,0.0,0.435294117647,0.482352941176,0.549019607843,0.105882352941,0.752941176471,0.443137254902,0.878431372549,0.486274509804,0.0,0.145098039216,0.317647058824,0.564705882353,0.776470588235,0.301960784314,0.188235294118,0.298039215686,0.207843137255,0.317647058824,0.525490196078,0.76862745098,0.0,0.874509803922,0.650980392157,0.00392156862745,0.0196078431373,0.18431372549,0.505882352941,0.0666666666667,0.588235294118,0.0,0.690196078431,0.16862745098,0.0078431372549,0.898039215686,0.819607843137,0.0,0.729411764706,0.294117647059,0.458823529412,0.0,0.501960784314,0.545098039216,0.890196078431,0.992156862745,0.643137254902,0.705882352941,0.803921568627,0.537254901961,0.556862745098,0.639215686275,0.41568627451,0.403921568627,0.462745098039,0.301960784314,0.270588235294,0.309803921569,0.203921568627,0.156862745098,0.172549019608,0.105882352941,32.4,6.2,-36.6
Incandescent bulb (A),d-Methamphetamine HCl,positive,0.00392156862745,0.152941176471,0.294117647059,0.458823529412,0.309803921569,0.211764705882,0.796078431373,0.552941176471,0.454901960784,0.349019607843,0.423529411765,0.537254901961,0.337254901961,0.403921568627,0.188235294118,0.513725490196,0.443137254902,0.596078431373,0.341176470588,0.682352941176,0.61568627451,0.874509803922,0.505882352941,0.00392156862745,0.250980392157,0.278431372549,0.56862745098,0.811764705882,0.333333333333,0.317647058824,0.36862745098,0.203921568627,0.333333333333,0.592156862745,0.721568627451,0.149019607843,0.886274509804,0.643137254902,0.00392156862745,0.109803921569,0.145098039216,0.498039215686,0.250980392157,0.549019607843,0.274509803922,0.752941176471,0.21568627451,0.192156862745,0.925490196078,0.78431372549,0.0,0.792156862745,0.301960784314,0.494117647059,0.00392156862745,0.447058823529,0.61568627451,0.945098039216,0.901960784314,0.81568627451,0.76862745098,0.741176470588,0.678431372549,0.619607843137,0.596078431373,0.545098039216,0.458823529412,0.443137254902,0.403921568627,0.313725490196,0.309803921569,0.282352941176,0.188235294118,0.180392156863,0.160784313725,19.8,-0.8,-24.8
Incandescent bulb (A),MDMA HCl,positive,0.61568627451,0.611764705882,0.596078431373,0.458823529412,0.309803921569,0.211764705882,0.796078431373,0.552941176471,0.454901960784,0.349019607843,0.423529411765,0.537254901961,0.337254901961,0.403921568627,0.188235294118,0.513725490196,0.443137254902,0.596078431373,0.341176470588,0.682352941176,0.61568627451,0.874509803922,0.505882352941,0.00392156862745,0.250980392157,0.278431372549,0.56862745098,0.811764705882,0.333333333333,0.317647058824,0.36862745098,0.203921568627,0.333333333333,0.592156862745,0.721568627451,0.149019607843,0.886274509804,0.643137254902,0.00392156862745,0.109803921569,0.145098039216,0.498039215686,0.250980392157,0.549019607843,0.274509803922,0.752941176471,0.21568627451,0.192156862745,0.925490196078,0.78431372549,0.0,0.792156862745,0.301960784314,0.494117647059,0.00392156862745,0.447058823529,0.61568627451,0.945098039216,0.901960784314,0.81568627451,0.76862745098,0.741176470588,0.678431372549,0.619607843137,0.596078431373,0.545098039216,0.458823529412,0.443137254902,0.403921568627,0.313725490196,0.309803921569,0.282352941176,0.188235294118,0.180392156863,0.160784313725,44.9,-1.8,-10.3
Daylight (D65),MDMA HCl,positive,0.00392156862745,0.164705882353,0.298039215686,0.333333333333,0.266666666667,0.18431372549,0.596078431373,0.517647058824,0.407843137255,0.105882352941,0.423529411765,0.541176470588,0.2,0.372549019608,0.117647058824,0.309803921569,0.447058823529,0.619607843137,0.0,0.690196078431,0.580392156863,0.698039215686,0.407843137255,0.00392156862745,0.0078431372549,0.305882352941,0.596078431373,0.63137254902,0.270588235294,0.301960784314,0.239215686275,0.188235294118,0.345098039216,0.396078431373,0.678431372549,0.00392156862745,0.709803921569,0.560784313725,0.0,0.00392156862745,0.192156862745,0.517647058824,0.00392156862745,0.525490196078,0.109803921569,0.576470588235,0.152941176471,0.149019607843,0.717647058824,0.713725490196,0.0,0.596078431373,0.278431372549,0.513725490196,0.0,0.482352941176,0.603921568627,0.650980392157,0.878431372549,0.807843137255,0.517647058824,0.717647058824,0.670588235294,0.407843137255,0.56862745098,0.533333333333,0.294117647059,0.41568627451,0.392156862745,0.192156862745,0.282352941176,0.266666666667,0.101960784314,0.156862745098,0.149019607843,21.6,5.3,-24.1
Daylight (D65),d-Methamphetamine HCl,positive,0.00392156862745,0.160784313725,0.298039215686,0.333333333333,0.266666666667,0.18431372549,0.596078431373,0.517647058824,0.407843137255,0.105882352941,0.423529411765,0.541176470588,0.2,0.372549019608,0.117647058824,0.309803921569,0.447058823529,0.619607843137,0.0,0.690196078431,0.580392156863,0.698039215686,0.407843137255,0.00392156862745,0.0078431372549,0.305882352941,0.596078431373,0.63137254902,0.270588235294,0.301960784314,0.239215686275,0.188235294118,0.345098039216,0.396078431373,0.678431372549,0.00392156862745,0.709803921569,0.560784313725,0.0,0.00392156862745,0.192156862745,0.517647058824,0.00392156862745,0.525490196078,0.109803921569,0.576470588235,0.152941176471,0.149019607843,0.717647058824,0.713725490196,0.0,0.596078431373,0.278431372549,0.513725490196,0.0,0.482352941176,0.603921568627,0.650980392157,0.878431372549,0.807843137255,0.517647058824,0.717647058824,0.670588235294,0.407843137255,0.56862745098,0.533333333333,0.294117647059,0.41568627451,0.392156862745,0.192156862745,0.282352941176,0.266666666667,0.101960784314,0.156862745098,0.149019607843,21.2,5.9,-24.6
Tube light (FL2),MDMA HCl,positive,0.00392156862745,0.172549019608,0.305882352941,0.376470588235,0.325490196078,0.109803921569,0.650980392157,0.560784313725,0.309803921569,0.247058823529,0.443137254902,0.498039215686,0.262745098039,0.419607843137,0.0117647058824,0.388235294118,0.470588235294,0.56862745098,0.16862745098,0.705882352941,0.501960784314,0.745098039216,0.517647058824,0.0,0.121568627451,0.309803921569,0.560784313725,0.662745098039,0.341176470588,0.247058823529,0.262745098039,0.227450980392,0.333333333333,0.490196078431,0.733333333333,0.0,0.760784313725,0.674509803922,0.00392156862745,0.0156862745098,0.18431372549,0.498039215686,0.133333333333,0.556862745098,0.0078431372549,0.56862745098,0.235294117647,0.0862745098039,0.776470588235,0.796078431373,0.0,0.611764705882,0.329411764706,0.478431372549,0.0,0.470588235294,0.56862745098,0.745098039216,0.901960784314,0.658823529412,0.619607843137,0.752941176471,0.556862745098,0.505882352941,0.611764705882,0.450980392157,0.376470588235,0.470588235294,0.345098039216,0.258823529412,0.329411764706,0.235294117647,0.156862745098,0.2,0.137254901961,21.5,4.5,-27.3
Tube light (FL2),MDMA HCl,positive,0.00392156862745,0.172549019608,0.305882352941,0.376470588235,0.325490196078,0.109803921569,0.650980392157,0.560784313725,0.309803921569,0.247058823529,0.443137254902,0.498039215686,0.262745098039,0.419607843137,0.0117647058824,0.388235294118,0.470588235294,0.56862745098,0.16862745098,0.705882352941,0.501960784314,0.745098039216,0.517647058824,0.0,0.121568627451,0.309803921569,0.560784313725,0.662745098039,0.341176470588,0.247058823529,0.262745098039,0.227450980392,0.333333333333,0.490196078431,0.733333333333,0.0,0.760784313725,0.674509803922,0.00392156862745,0.0156862745098,0.18431372549,0.498039215686,0.133333333333,0.556862745098,0.0078431372549,0.56862745098,0.235294117647,0.0862745098039,0.776470588235,0.796078431373,0.0,0.611764705882,0.329411764706,0.478431372549,0.0,0.470588235294,0.56862745098,0.745098039216,0.901960784314,0.658823529412,0.619607843137,0.752941176471,0.556862745098,0.505882352941,0.611764705882,0.450980392157,0.376470588235,0.470588235294,0.345098039216,0.258823529412,0.329411764706,0.235294117647,0.156862745098,0.2,0.137254901961,21.5,4.5,-27.3
White LED torch (LED-B3),Methylphenidate HCl,negative,0.572549019608,0.509803921569,0.662745098039,0.466666666667,0.337254901961,0.274509803922,0.745098039216,0.549019607843,0.505882352941,0.349019607843,0.435294117647,0.63137254902,0.352941176471,0.439215686275,0.235294117647,0.490196078431,0.443137254902,0.698039215686,0.337254901961,0.678431372549,0.666666666667,0.835294117647,0.501960784314,0.00392156862745,0.243137254902,0.266666666667,0.690196078431,0.760784313725,0.325490196078,0.4,0.360784313725,0.211764705882,0.443137254902,0.58431372549,0.713725490196,0.0196078431373,0.839215686275,0.635294117647,0.00392156862745,0.0823529411765,0.0588235294118,0.627450980392,0.266666666667,0.576470588235,0.266666666667,0.690196078431,0.223529411765,0.247058823529,0.858823529412,0.756862745098,0.0,0.721568627451,0.274509803922,0.607843137255,0.0,0.466666666667,0.686274509804,0.862745098039,0.839215686275,0.878431372549,0.725490196078,0.713725490196,0.756862745098,0.6,0.588235294118,0.623529411765,0.466666666667,0.458823529412,0.490196078431,0.337254901961,0.337254901961,0.360784313725,0.219607843137,0.21568627451,0.235294117647,61.0,7.4,-11.3
White LED torch (LED-B3),Dimethoxy-meth HCl,negative,0.00392156862745,0.247058823529,0.533333333333,0.466666666667,0.337254901961,0.274509803922,0.745098039216,0.549019607843,0.505882352941,0.349019607843,0.435294117647,0.63137254902,0.352941176471,0.439215686275,0.235294117647,0.490196078431,0.443137254902,0.698039215686,0.337254901961,0.678431372549,0.666666666667,0.835294117647,0.501960784314,0.00392156862745,0.243137254902,0.266666666667,0.690196078431,0.760784313725,0.325490196078,0.4,0.360784313725,0.211764705882,0.443137254902,0.58431372549,0.713725490196,0.0196078431373,0.839215686275,0.635294117647,0.00392156862745,0.0823529411765,0.0588235294118,0.627450980392,0.266666666667,0.576470588235,0.266666666667,0.690196078431,0.223529411765,0.247058823529,0.858823529412,0.756862745098,0.0,0.721568627451,0.274509803922,0.607843137255,0.0,0.466666666667,0.686274509804,0.862745098039,0.839215686275,0.878431372549,0.725490196078,0.713725490196,0.756862745098,0.6,0.588235294118,0.623529411765,0.466666666667,0.458823529412,0.490196078431,0.337254901961,0.337254901961,0.360784313725,0.219607843137,0.21568627451,0.235294117647,31.2,0.3,-33.3
Incandescent bulb (A),MDMA HCl,positive,0.00392156862745,0.188235294118,0.258823529412,0.458823529412,0.325490196078,0.078431372549,0.760784313725,0.552941176471,0.286274509804,0.325490196078,0.450980392157,0.439215686275,0.317647058824,0.41568627451,0.0156862745098,0.486274509804,0.466666666667,0.490196078431,0.239215686275,0.674509803922,0.447058823529,0.839215686275,0.494117647059,0.0,0.243137254902,0.333333333333,0.498039215686,0.780392156863,0.333333333333,0.188235294118,0.372549019608,0.235294117647,0.286274509804,0.533333333333,0.698039215686,0.0,0.823529411765,0.611764705882,0.00392156862745,0.0980392156863,0.223529411765,0.454901960784,0.172549019608,0.560784313725,0.0274509803922,0.741176470588,0.211764705882,0.0509803921569,0.854901960784,0.749019607843,0.0,0.760784313725,0.321568627451,0.4,0.0,0.478431372549,0.509803921569,0.870588235294,0.890196078431,0.576470588235,0.717647058824,0.741176470588,0.490196078431,0.58431372549,0.6,0.4,0.439215686275,0.458823529412,0.298039215686,0.309803921569,0.329411764706,0.203921568627,0.192156862745,0.2,0.113725490196,20.2,0.9,-26.9
Incandescent bulb (A),d-Methamphetamine HCl,positive,0.00392156862745,0.188235294118,0.258823529412,0.458823529412,0.325490196078,0.078431372549,0.760784313725,0.552941176471,0.286274509804,0.325490196078,0.450980392157,0.439215686275,0.317647058824,0.41568627451,0.0156862745098,0.486274509804,0.466666666667,0.490196078431,0.239215686275,0.674509803922,0.447058823529,0.839215686275,0.494117647059,0.0,0.243137254902,0.333333333333,0.498039215686,0.780392156863,0.333333333333,0.188235294118,0.372549019608,0.235294117647,0.286274509804,0.533333333333,0.698039215686,0.0,0.823529411765,0.611764705882,0.00392156862745,0.0980392156863,0.223529411765,0.454901960784,0.172549019608,0.560784313725,0.0274509803922,0.741176470588,0.211764705882,0.0509803921569,0.854901960784,0.749019607843,0.0,0.760784313725,0.321568627451,0.4,0.0,0.478431372549,0.509803921569,0.870588235294,0.890196078431,0.576470588235,0.717647058824,0.741176470588,0.490196078431,0.58431372549,0.6,0.4,0.439215686275,0.458823529412,0.298039215686,0.309803921569,0.329411764706,0.203921568627,0.192156862745,0.2,0.113725490196,20.3,1.4,-27.6
Daylight (D65),Dimethoxy-meth HCl,negative,0.0,0.294117647059,0.403921568627,0.392156862745,0.305882352941,0.211764705882,0.670588235294,0.552941176471,0.419607843137,0.298039215686,0.466666666667,0.494117647059,0.301960784314,0.396078431373,0.16862745098,0.427450980392,0.490196078431,0.556862745098,0.321568627451,0.701960784314,0.541176470588,0.745098039216,0.450980392157,0.0862745098039,0.2,0.360784313725,0.537254901961,0.670588235294,0.325490196078,0.317647058824,0.294117647059,0.235294117647,0.325490196078,0.533333333333,0.682352941176,0.0352941176471,0.760784313725,0.580392156863,0.0,0.0588235294118,0.254901960784,0.474509803922,0.250980392157,0.545098039216,0.196078431373,0.607843137255,0.219607843137,0.2,0.8,0.721568627451,0.00392156862745,0.643137254902,0.345098039216,0.486274509804,0.00392156862745,0.517647058824,0.549019607843,0.81568627451,0.901960784314,0.752941176471,0.666666666667,0.745098039216,0.635294117647,0.529411764706,0.6,0.505882352941,0.4,0.450980392157,0.380392156863,0.274509803922,0.313725490196,0.270588235294,0.160784313725,0.188235294118,0.152941176471,30.6,0.8,-33.3
Daylight (D65),d-Methamphetamine HCl,positive,0.0117647058824,0.2,0.278431372549,0.392156862745,0.305882352941,0.211764705882,0.670588235294,0.552941176471,0.419607843137,0.298039215686,0.466666666667,0.494117647059,0.301960784314,0.396078431373,0.16862745098,0.427450980392,0.490196078431,0.556862745098,0.321568627451,0.701960784314,0.541176470588,0.745098039216,0.450980392157,0.0862745098039,0.2,0.360784313725,0.537254901961,0.670588235294,0.325490196078,0.317647058824,0.294117647059,0.235294117647,0.325490196078,0.533333333333,0.682352941176,0.0352941176471,0.760784313725,0.580392156863,0.0,0.0588235294118,0.254901960784,0.474509803922,0.250980392157,0.545098039216,0.196078431373,0.607843137255,0.219607843137,0.2,0.8,0.721568627451,0.00392156862745,0.643137254902,0.345098039216,0.486274509804,0.00392156862745,0.517647058824,0.549019607843,0.81568627451,0.901960784314,0.752941176471,0.666666666667,0.745098039216,0.635294117647,0.529411764706,0.6,0.505882352941,0.4,0.450980392157,0.380392156863,0.274509803922,0.313725490196,0.270588235294,0.160784313725,0.188235294118,0.152941176471,19.7,-0.2,-24.4
Tube light (FL2),d-Methamphetamine HCl,positive,0.792156862745,0.8,0.792156862745,0.423529411765,0.317647058824,0.219607843137,0.729411764706,0.556862745098,0.458823529412,0.337254901961,0.411764705882,0.576470588235,0.329411764706,0.411764705882,0.180392156863,0.462745098039,0.435294117647,0.639215686275,0.392156862745,0.682352941176,0.63137254902,0.827450980392,0.525490196078,0.0,0.223529411765,0.258823529412,0.619607843137,0.709803921569,0.333333333333,0.337254901961,0.286274509804,0.196078431373,0.36862745098,0.607843137255,0.729411764706,0.0078431372549,0.839215686275,0.666666666667,0.00392156862745,0.0823529411765,0.105882352941,0.541176470588,0.305882352941,0.549019607843,0.23137254902,0.6,0.227450980392,0.196078431373,0.882352941176,0.8,0.0,0.650980392157,0.290196078431,0.537254901961,0.0156862745098,0.427450980392,0.635294117647,0.905882352941,0.901960784314,0.850980392157,0.741176470588,0.741176470588,0.709803921569,0.592156862745,0.592156862745,0.572549019608,0.439215686275,0.443137254902,0.423529411765,0.305882352941,0.305882352941,0.298039215686,0.180392156863,0.180392156863,0.16862745098,66.4,-1.2,-4.1
Tube light (FL2),Dimethoxy-meth HCl,negative,0.0,0.211764705882,0.462745098039,0.423529411765,0.317647058824,0.219607843137,0.729411764706,0.556862745098,0.458823529412,0.337254901961,0.411764705882,0.576470588235,0.329411764706,0.411764705882,0.180392156863,0.462745098039,0.435294117647,0.639215686275,0.392156862745,0.682352941176,0.63137254902,0.827450980392,0.525490196078,0.0,0.223529411765,0.258823529412,0.619607843137,0.709803921569,0.333333333333,0.337254901961,0.286274509804,0.196078431373,0.36862745098,0.607843137255,0.729411764706,0.0078431372549,0.839215686275,0.666666666667,0.00392156862745,0.0823529411765,0.105882352941,0.541176470588,0.305882352941,0.549019607843,0.23137254902,0.6,0.227450980392,0.196078431373,0.882352941176,0.8,0.0,0.650980392157,0.290196078431,0.537254901961,0.0156862745098,0.427450980392,0.635294117647,0.905882352941,0.901960784314,0.850980392157,0.741176470588,0.741176470588,0.709803921569,0.592156862745,0.592156862745,0.572549019608,0.439215686275,0.443137254902,0.423529411765,0.305882352941,0.305882352941,0.298039215686,0.180392156863,0.180392156863,0.16862745098,31.3,0.6,-32.9
White LED torch (LED-B3),d-Methamphetamine HCl,positive,0.00392156862745,0.156862745098,0.313725490196,0.443137254902,0.305882352941,0.180392156863,0.776470588235,0.552941176471,0.392156862745,0.321568627451,0.435294117647,0.556862745098,0.321568627451,0.41568627451,0.0941176470588,0.478431372549,0.447058823529,0.623529411765,0.301960784314,0.705882352941,0.56862745098,0.870588235294,0.482352941176,0.00392156862745,0.21568627451,0.282352941176,0.623529411765,0.78431372549,0.298039215686,0.301960784314,0.325490196078,0.196078431373,0.364705882353,0.580392156863,0.737254901961,0.00392156862745,0.878431372549,0.635294117647,0.00392156862745,0.0666666666667,0.141176470588,0.552941176471,0.227450980392,0.572549019608,0.0666666666667,0.694117647059,0.180392156863,0.145098039216,0.909803921569,0.788235294118,0.0,0.737254901961,0.274509803922,0.529411764706,0.00392156862745,0.474509803922,0.611764705882,0.921568627451,0.917647058824,0.796078431373,0.749019607843,0.756862745098,0.666666666667,0.6,0.603921568627,0.533333333333,0.443137254902,0.450980392157,0.396078431373,0.305882352941,0.313725490196,0.274509803922,0.180392156863,0.180392156863,0.156862745098,20.6,1.7,-26.1
White LED torch (LED-B3),MDMA HCl,positive,0.00392156862745,0.156862745098,0.317647058824,0.443137254902,0.305882352941,0.180392156863,0.776470588235,0.552941176471,0.392156862745,0.321568627451,0.435294117647,0.556862745098,0.321568627451,0.41568627451,0.0941176470588,0.478431372549,0.447058823529,0.623529411765,0.301960784314,0.705882352941,0.56862745098,0.870588235294,0.482352941176,0.00392156862745,0.21568627451,0.282352941176,0.623529411765,0.78431372549,0.298039215686,0.301960784314,0.325490196078,0.196078431373,0.364705882353,0.580392156863,0.737254901961,0.00392156862745,0.878431372549,0.635294117647,0.00392156862745,0.0666666666667,0.141176470588,0.552941176471,0.227450980392,0.572549019608,0.0666666666667,0.694117647059,0.180392156863,0.145098039216,0.909803921569,0.788235294118,0.0,0.737254901961,0.274509803922,0.529411764706,0.00392156862745,0.474509803922,0.611764705882,0.921568627451,0.917647058824,0.796078431373,0.749019607843,0.756862745098,0.666666666667,0.6,0.603921568627,0.533333333333,0.443137254902,0.450980392157,0.396078431373,0.305882352941,0.313725490196,0.274509803922,0.180392156863,0.180392156863,0.156862745098,20.7,2.0,-26.6
Incandescent bulb (A),d-Methamphetamine HCl,positive,0.00392156862745,0.117647058824,0.262745098039,0.388235294118,0.270588235294,0.145098039216,0.717647058824,0.509803921569,0.38431372549,0.247058823529,0.380392156863,0.490196078431,0.250980392157,0.364705882353,0.101960784314,0.427450980392,0.4,0.560784313725,0.101960784314,0.647058823529,0.564705882353,0.807843137255,0.458823529412,0.0,0.156862745098,0.239215686275,0.533333333333,0.745098039216,0.278431372549,0.243137254902,0.305882352941,0.164705882353,0.290196078431,0.478431372549,0.682352941176,0.00392156862745,0.811764705882,0.603921568627,0.0,0.0313725490196,0.105882352941,0.466666666667,0.0588235294118,0.509803921569,0.192156862745,0.694117647059,0.160784313725,0.0901960784314,0.835294117647,0.749019607843,0.00392156862745,0.725490196078,0.250980392157,0.443137254902,0.0,0.407843137255,0.576470588235,0.83137254902,0.874509803922,0.756862745098,0.658823529412,0.705882352941,0.623529411765,0.517647058824,0.552941176471,0.486274509804,0.376470588235,0.4,0.352941176471,0.247058823529,0.266666666667,0.23137254902,0.137254901961,0.145098039216,0.121568627451,20.6,1.9,-25.2
Incandescent bulb (A),MDMA HCl,positive,0.00392156862745,0.121568627451,0.258823529412,0.388235294118,0.270588235294,0.145098039216,0.717647058824,0.509803921569,0.38431372549,0.247058823529,0.380392156863,0.490196078431,0.250980392157,0.364705882353,0.101960784314,0.427450980392,0.4,0.560784313725,0.101960784314,0.647058823529,0.564705882353,0.807843137255,0.458823529412,0.0,0.156862745098,0.239215686275,0.533333333333,0.745098039216,0.278431372549,0.243137254902,0.305882352941,0.164705882353,0.290196078431,0.478431372549,0.682352941176,0.00392156862745,0.811764705882,0.603921568627,0.0,0.0313725490196,0.105882352941,0.466666666667,0.0588235294118,0.509803921569,0.192156862745,0.694117647059,0.160784313725,0.0901960784314,0.835294117647,0.749019607843,0.00392156862745,0.725490196078,0.250980392157,0.443137254902,0.0,0.407843137255,0.576470588235,0.83137254902,0.874509803922,0.756862745098,0.658823529412,0.705882352941,0.623529411765,0.517647058824,0.552941176471,0.486274509804,0.376470588235,0.4,0.352941176471,0.247058823529,0.266666666667,0.23137254902,0.137254901961,0.145098039216,0.121568627451,20.9,1.5,-24.8
Daylight (D65),Dimethoxy-meth HCl,negative,0.00392156862745,0.274509803922,0.427450980392,0.388235294118,0.274509803922,0.207843137255,0.666666666667,0.501960784314,0.419607843137,0.301960784314,0.423529411765,0.517647058824,0.301960784314,0.376470588235,0.172549019608,0.435294117647,0.450980392157,0.580392156863,0.321568627451,0.666666666667,0.56862745098,0.733333333333,0.403921568627,0.0470588235294,0.203921568627,0.317647058824,0.552941176471,0.670588235294,0.286274509804,0.325490196078,0.305882352941,0.207843137255,0.341176470588,0.541176470588,0.650980392157,0.0235294117647,0.772549019608,0.549019607843,0.00392156862745,0.0705882352941,0.21568627451,0.486274509804,0.247058823529,0.513725490196,0.2,0.611764705882,0.180392156863,0.196078431373,0.796078431373,0.678431372549,0.0,0.654901960784,0.298039215686,0.501960784314,0.00392156862745,0.486274509804,0.576470588235,0.792156862745,0.819607843137,0.756862745098,0.658823529412,0.682352941176,0.643137254902,0.533333333333,0.552941176471,0.525490196078,0.4,0.419607843137,0.396078431373,0.282352941176,0.298039215686,0.278431372549,0.172549019608,0.176470588235,0.164705882353,31.2,0.9,-33.0
Daylight (D65),Methylphenidate HCl,negative,0.517647058824,0.501960784314,0.56862745098,0.388235294118,0.274509803922,0.207843137255,0.666666666667,0.501960784314,0.419607843137,0.301960784314,0.423529411765,0.517647058824,0.301960784314,0.376470588235,0.172549019608,0.435294117647,0.450980392157,0.580392156863,0.321568627451,0.666666666667,0.56862745098,0.733333333333,0.403921568627,0.0470588235294,0.203921568627,0.317647058824,0.552941176471,0.670588235294,0.286274509804,0.325490196078,0.305882352941,0.207843137255,0.341176470588,0.541176470588,0.650980392157,0.0235294117647,0.772549019608,0.549019607843,0.00392156862745,0.0705882352941,0.21568627451,0.486274509804,0.247058823529,0.513725490196,0.2,0.611764705882,0.180392156863,0.196078431373,0.796078431373,0.678431372549,0.0,0.654901960784,0.298039215686,0.501960784314,0.00392156862745,0.486274509804,0.576470588235,0.792156862745,0.819607843137,0.756862745098,0.658823529412,0.682352941176,0.643137254902,0.533333333333,0.552941176471,0.525490196078,0.4,0.419607843137,0.396078431373,0.282352941176,0.298039215686,0.278431372549,0.172549019608,0.176470588235,0.164705882353,62.0,8.0,-12.6
Tube light (FL2),Methylphenidate HCl,negative,0.552941176471,0.556862745098,0.572549019608,0.443137254902,0.364705882353,0.21568627451,0.713725490196,0.588235294118,0.427450980392,0.349019607843,0.470588235294,0.552941176471,0.345098039216,0.450980392157,0.152941176471,0.466666666667,0.494117647059,0.607843137255,0.376470588235,0.705882352941,0.576470588235,0.796078431373,0.556862745098,0.0,0.235294117647,0.337254901961,0.6,0.698039215686,0.38431372549,0.337254901961,0.317647058824,0.258823529412,0.380392156863,0.58431372549,0.737254901961,0.0,0.8,0.682352941176,0.0,0.0901960784314,0.207843137255,0.537254901961,0.301960784314,0.580392156863,0.180392156863,0.611764705882,0.278431372549,0.196078431373,0.827450980392,0.8,0.0,0.647058823529,0.360784313725,0.525490196078,0.00392156862745,0.486274509804,0.607843137255,0.843137254902,0.898039215686,0.756862745098,0.709803921569,0.760784313725,0.643137254902,0.580392156863,0.627450980392,0.533333333333,0.447058823529,0.494117647059,0.41568627451,0.329411764706,0.356862745098,0.301960784314,0.21568627451,0.227450980392,0.192156862745,61.3,8.5,-10.9
Tube light (FL2),Methylphenidate HCl,negative,0.552941176471,0.556862745098,0.572549019608,0.443137254902,0.364705882353,0.21568627451,0.713725490196,0.588235294118,0.427450980392,0.349019607843,0.470588235294,0.552941176471,0.345098039216,0.450980392157,0.152941176471,0.466666666667,0.494117647059,0.607843137255,0.376470588235,0.705882352941,0.576470588235,0.796078431373,0.556862745098,0.0,0.235294117647,0.337254901961,0.6,0.698039215686,0.38431372549,0.337254901961,0.317647058824,0.258823529412,0.380392156863,0.58431372549,0.737254901961,0.0,0.8,0.682352941176,0.0,0.0901960784314,0.207843137255,0.537254901961,0.301960784314,0.580392156863,0.180392156863,0.611764705882,0.278431372549,0.196078431373,0.827450980392,0.8,0.0,0.647058823529,0.360784313725,0.525490196078,0.00392156862745,0.486274509804,0.607843137255,0.843137254902,0.898039215686,0.756862745098,0.709803921569,0.760784313725,0.643137254902,0.580392156863,0.627450980392,0.533333333333,0.447058823529,0.494117647059,0.41568627451,0.329411764706,0.356862745098,0.301960784314,0.21568627451,0.227450980392,0.192156862745,61.3,8.5,-10.9
White LED torch (LED-B3),Methylphenidate HCl,negative,0.525490196078,0.501960784314,0.552941176471,0.396078431373,0.298039215686,0.207843137255,0.682352941176,0.529411764706,0.41568627451,0.309803921569,0.411764705882,0.509803921569,0.313725490196,0.396078431373,0.176470588235,0.439215686275,0.435294117647,0.576470588235,0.349019607843,0.662745098039,0.556862745098,0.752941176471,0.470588235294,0.043137254902,0.207843137255,0.274509803922,0.549019607843,0.678431372549,0.321568627451,0.317647058824,0.294117647059,0.2,0.333333333333,0.552941176471,0.686274509804,0.0627450980392,0.78431372549,0.611764705882,0.0,0.0745098039216,0.145098039216,0.482352941176,0.262745098039,0.525490196078,0.207843137255,0.603921568627,0.223529411765,0.196078431373,0.811764705882,0.737254901961,0.0,0.647058823529,0.301960784314,0.494117647059,0.0078431372549,0.447058823529,0.556862745098,0.823529411765,0.843137254902,0.756862745098,0.674509803922,0.701960784314,0.635294117647,0.541176470588,0.564705882353,0.509803921569,0.403921568627,0.427450980392,0.388235294118,0.282352941176,0.301960784314,0.274509803922,0.172549019608,0.176470588235,0.156862745098,62.1,8.0,-10.9
White LED torch (LED-B3),Dimethoxy-meth HCl,negative,0.0,0.235294117647,0.411764705882,0.396078431373,0.298039215686,0.207843137255,0.682352941176,0.529411764706,0.41568627451,0.309803921569,0.411764705882,0.509803921569,0.313725490196,0.396078431373,0.176470588235,0.439215686275,0.435294117647,0.576470588235,0.349019607843,0.662745098039,0.556862745098,0.752941176471,0.470588235294,0.043137254902,0.207843137255,0.274509803922,0.549019607843,0.678431372549,0.321568627451,0.317647058824,0.294117647059,0.2,0.333333333333,0.552941176471,0.686274509804,0.0627450980392,0.78431372549,0.611764705882,0.0,0.0745098039216,0.145098039216,0.482352941176,0.262745098039,0.525490196078,0.207843137255,0.603921568627,0.223529411765,0.196078431373,0.811764705882,0.737254901961,0.0,0.647058823529,0.301960784314,0.494117647059,0.0078431372549,0.447058823529,0.556862745098,0.823529411765,0.843137254902,0.756862745098,0.674509803922,0.701960784314,0.635294117647,0.541176470588,0.564705882353,0.509803921569,0.403921568627,0.427450980392,0.388235294118,0.282352941176,0.301960784314,0.274509803922,0.172549019608,0.176470588235,0.156862745098,30.9,-1.1,-32.1
Incandescent bulb (A),MDMA HCl,positive,0.847058823529,0.81568627451,0.803921568627,0.43137254902,0.278431372549,0.172549019608,0.749019607843,0.494117647059,0.41568627451,0.309803921569,0.380392156863,0.521568627451,0.298039215686,0.376470588235,0.145098039216,0.470588235294,0.392156862745,0.58431372549,0.23137254902,0.627450980392,0.596078431373,0.83137254902,0.450980392157,0.0,0.211764705882,0.235294117647,0.564705882353,0.776470588235,0.274509803922,0.278431372549,0.345098039216,0.172549019608,0.321568627451,0.529411764706,0.666666666667,0.0196078431373,0.839215686275,0.588235294118,0.00392156862745,0.0745098039216,0.0941176470588,0.486274509804,0.160784313725,0.509803921569,0.239215686275,0.721568627451,0.145098039216,0.129411764706,0.862745098039,0.717647058824,0.00392156862745,0.752941176471,0.23137254902,0.474509803922,0.0,0.403921568627,0.603921568627,0.862745098039,0.807843137255,0.772549019608,0.705882352941,0.670588235294,0.643137254902,0.564705882353,0.537254901961,0.513725490196,0.419607843137,0.4,0.388235294118,0.282352941176,0.278431372549,0.266666666667,0.16862745098,0.160784313725,0.145098039216,92.1,-3.0,-0.9
Incandescent bulb (A),d-Methamphetamine HCl,positive,0.00392156862745,0.133333333333,0.286274509804,0.43137254902,0.278431372549,0.172549019608,0.749019607843,0.494117647059,0.41568627451,0.309803921569,0.380392156863,0.521568627451,0.298039215686,0.376470588235,0.145098039216,0.470588235294,0.392156862745,0.58431372549,0.23137254902,0.627450980392,0.596078431373,0.83137254902,0.450980392157,0.0,0.211764705882,0.235294117647,0.564705882353,0.776470588235,0.274509803922,0.278431372549,0.345098039216,0.172549019608,0.321568627451,0.529411764706,0.666666666667,0.0196078431373,0.839215686275,0.588235294118,0.00392156862745,0.0745098039216,0.0941176470588,0.486274509804,0.160784313725,0.509803921569,0.239215686275,0.721568627451,0.145098039216,0.129411764706,0.862745098039,0.717647058824,0.00392156862745,0.752941176471,0.23137254902,0.474509803922,0.0,0.403921568627,0.603921568627,0.862745098039,0.807843137255,0.772549019608,0.705882352941,0.670588235294,0.643137254902,0.564705882353,0.537254901961,0.513725490196,0.419607843137,0.4,0.388235294118,0.282352941176,0.278431372549,0.266666666667,0.16862745098,0.160784313725,0.145098039216,20.4,-1.2,-24.0
Daylight (D65),MDMA HCl,positive,0.00392156862745,0.270588235294,0.372549019608,0.439215686275,0.392156862745,0.278431372549,0.698039215686,0.650980392157,0.501960784314,0.266666666667,0.556862745098,0.607843137255,0.321568627451,0.490196078431,0.219607843137,0.435294117647,0.58431372549,0.674509803922,0.141176470588,0.807843137255,0.647058823529,0.780392156863,0.549019607843,0.0274509803922,0.109803921569,0.443137254902,0.654901960784,0.717647058824,0.41568627451,0.396078431373,0.333333333333,0.309803921569,0.419607843137,0.537254901961,0.788235294118,0.00392156862745,0.792156862745,0.686274509804,0.0,0.00392156862745,0.329411764706,0.58431372549,0.16862745098,0.643137254902,0.243137254902,0.662745098039,0.294117647059,0.254901960784,0.811764705882,0.823529411765,0.0078431372549,0.686274509804,0.427450980392,0.588235294118,0.0,0.611764705882,0.658823529412,0.780392156863,0.996078431373,0.850980392157,0.650980392157,0.843137254902,0.729411764706,0.533333333333,0.698039215686,0.603921568627,0.41568627451,0.545098039216,0.470588235294,0.298039215686,0.4,0.349019607843,0.188235294118,0.258823529412,0.223529411765,20.2,1.9,-25.3
Daylight (D65),MDMA HCl,positive,0.00392156862745,0.266666666667,0.372549019608,0.439215686275,0.392156862745,0.278431372549,0.698039215686,0.650980392157,0.501960784314,0.266666666667,0.556862745098,0.607843137255,0.321568627451,0.490196078431,0.219607843137,0.435294117647,0.58431372549,0.674509803922,0.141176470588,0.807843137255,0.647058823529,0.780392156863,0.549019607843,0.0274509803922,0.109803921569,0.443137254902,0.654901960784,0.717647058824,0.41568627451,0.396078431373,0.333333333333,0.309803921569,0.419607843137,0.537254901961,0.788235294118,0.00392156862745,0.792156862745,0.686274509804,0.0,0.00392156862745,0.329411764706,0.58431372549,0.16862745098,0.643137254902,0.243137254902,0.662745098039,0.294117647059,0.254901960784,0.811764705882,0.823529411765,0.0078431372549,0.686274509804,0.427450980392,0.588235294118,0.0,0.611764705882,0.658823529412,0.780392156863,0.996078431373,0.850980392157,0.650980392157,0.843137254902,0.729411764706,0.533333333333,0.698039215686,0.603921568627,0.41568627451,0.545098039216,0.470588235294,0.298039215686,0.4,0.349019607843,0.188235294118,0.258823529412,0.223529411765,20.2,1.9,-25.3
Tube light (FL2),Methylphenidate HCl,negative,0.564705882353,0.572549019608,0.654901960784,0.458823529412,0.380392156863,0.274509803922,0.737254901961,0.61568627451,0.509803921569,0.360784313725,0.478431372549,0.627450980392,0.360784313725,0.470588235294,0.239215686275,0.486274509804,0.501960784314,0.690196078431,0.388235294118,0.729411764706,0.666666666667,0.827450980392,0.588235294118,0.0,0.243137254902,0.321568627451,0.670588235294,0.729411764706,0.4,0.392156862745,0.329411764706,0.258823529412,0.43137254902,0.611764705882,0.772549019608,0.0196078431373,0.835294117647,0.717647058824,0.00392156862745,0.0705882352941,0.164705882353,0.603921568627,0.321568627451,0.607843137255,0.286274509804,0.63137254902,0.294117647059,0.250980392157,0.858823529412,0.839215686275,0.0,0.674509803922,0.360784313725,0.592156862745,0.00392156862745,0.490196078431,0.690196078431,0.874509803922,0.929411764706,0.870588235294,0.733333333333,0.78431372549,0.745098039216,0.603921568627,0.647058823529,0.61568627451,0.466666666667,0.501960784314,0.478431372549,0.345098039216,0.36862745098,0.352941176471,0.223529411765,0.239215686275,0.227450980392,61.5,6.5,-10.7
Tube light (FL2),Dimethoxy-meth HCl,negative,0.00392156862745,0.266666666667,0.521568627451,0.458823529412,0.380392156863,0.274509803922,0.737254901961,0.61568627451,0.509803921569,0.360784313725,0.478431372549,0.627450980392,0.360784313725,0.470588235294,0.239215686275,0.486274509804,0.501960784314,0.690196078431,0.388235294118,0.729411764706,0.666666666667,0.827450980392,0.588235294118,0.0,0.243137254902,0.321568627451,0.670588235294,0.729411764706,0.4,0.392156862745,0.329411764706,0.258823529412,0.43137254902,0.611764705882,0.772549019608,0.0196078431373,0.835294117647,0.717647058824,0.00392156862745,0.0705882352941,0.164705882353,0.603921568627,0.321568627451,0.607843137255,0.286274509804,0.63137254902,0.294117647059,0.250980392157,0.858823529412,0.839215686275,0.0,0.674509803922,0.360784313725,0.592156862745,0.00392156862745,0.490196078431,0.690196078431,0.874509803922,0.929411764706,0.870588235294,0.733333333333,0.78431372549,0.745098039216,0.603921568627,0.647058823529,0.61568627451,0.466666666667,0.501960784314,0.478431372549,0.345098039216,0.36862745098,0.352941176471,0.223529411765,0.239215686275,0.227450980392,31.0,0.3,-33.5
White LED torch (LED-B3),MDMA HCl,positive,0.00392156862745,0.160784313725,0.258823529412,0.360784313725,0.294117647059,0.145098039216,0.635294117647,0.533333333333,0.333333333333,0.247058823529,0.423529411765,0.454901960784,0.258823529412,0.388235294118,0.078431372549,0.38431372549,0.447058823529,0.521568627451,0.219607843137,0.678431372549,0.474509803922,0.713725490196,0.470588235294,0.00392156862745,0.145098039216,0.294117647059,0.509803921569,0.647058823529,0.321568627451,0.254901960784,0.258823529412,0.203921568627,0.301960784314,0.478431372549,0.690196078431,0.0,0.733333333333,0.611764705882,0.0,0.0235294117647,0.176470588235,0.450980392157,0.164705882353,0.529411764706,0.0549019607843,0.572549019608,0.21568627451,0.133333333333,0.756862745098,0.745098039216,0.00392156862745,0.607843137255,0.309803921569,0.443137254902,0.00392156862745,0.458823529412,0.505882352941,0.741176470588,0.874509803922,0.658823529412,0.607843137255,0.721568627451,0.549019607843,0.482352941176,0.576470588235,0.443137254902,0.356862745098,0.427450980392,0.325490196078,0.243137254902,0.298039215686,0.223529411765,0.141176470588,0.172549019608,0.125490196078,20.8,2.9,-26.2
White LED torch (LED-B3),Dimethoxy-meth HCl,negative,0.00392156862745,0.239215686275,0.380392156863,0.360784313725,0.294117647059,0.145098039216,0.635294117647,0.533333333333,0.333333333333,0.247058823529,0.423529411765,0.454901960784,0.258823529412,0.388235294118,0.078431372549,0.38431372549,0.447058823529,0.521568627451,0.219607843137,0.678431372549,0.474509803922,0.713725490196,0.470588235294,0.00392156862745,0.145098039216,0.294117647059,0.509803921569,0.647058823529,0.321568627451,0.254901960784,0.258823529412,0.203921568627,0.301960784314,0.478431372549,0.690196078431,0.0,0.733333333333,0.611764705882,0.0,0.0235294117647,0.176470588235,0.450980392157,0.164705882353,0.529411764706,0.0549019607843,0.572549019608,0.21568627451,0.133333333333,0.756862745098,0.745098039216,0.00392156862745,0.607843137255,0.309803921569,0.443137254902,0.00392156862745,0.458823529412,0.505882352941,0.741176470588,0.874509803922,0.658823529412,0.607843137255,0.721568627451,0.549019607843,0.482352941176,0.576470588235,0.443137254902,0.356862745098,0.427450980392,0.325490196078,0.243137254902,0.298039215686,0.223529411765,0.141176470588,0.172549019608,0.125490196078,31.8,4.6,-34.2
Daylight (D65),Dimethoxy-meth HCl,negative,0.0,0.290196078431,0.443137254902,0.407843137255,0.309803921569,0.196078431373,0.698039215686,0.560784313725,0.41568627451,0.247058823529,0.474509803922,0.552941176471,0.282352941176,0.411764705882,0.109803921569,0.411764705882,0.490196078431,0.619607843137,0.121568627451,0.725490196078,0.56862745098,0.8,0.447058823529,0.0,0.121568627451,0.360784313725,0.611764705882,0.717647058824,0.305882352941,0.321568627451,0.305882352941,0.227450980392,0.364705882353,0.505882352941,0.709803921569,0.0,0.796078431373,0.58431372549,0.0,0.0078431372549,0.250980392157,0.545098039216,0.125490196078,0.572549019608,0.0862745098039,0.658823529412,0.180392156863,0.16862745098,0.823529411765,0.741176470588,0.0,0.682352941176,0.317647058824,0.525490196078,0.0,0.529411764706,0.603921568627,0.803921568627,0.933333333333,0.803921568627,0.654901960784,0.76862745098,0.674509803922,0.525490196078,0.61568627451,0.537254901961,0.38431372549,0.462745098039,0.403921568627,0.266666666667,0.321568627451,0.282352941176,0.152941176471,0.192156862745,0.160784313725,30.6,5.7,-33.8
Daylight (D65),Methylphenidate HCl,negative,0.486274509804,0.529411764706,0.576470588235,0.407843137255,0.309803921569,0.196078431373,0.698039215686,0.560784313725,0.41568627451,0.247058823529,0.474509803922,0.552941176471,0.282352941176,0.411764705882,0.109803921569,0.411764705882,0.490196078431,0.619607843137,0.121568627451,0.725490196078,0.56862745098,0.8,0.447058823529,0.0,0.121568627451,0.360784313725,0.611764705882,0.717647058824,0.305882352941,0.321568627451,0.305882352941,0.227450980392,0.364705882353,0.505882352941,0.709803921569,0.0,0.796078431373,0.58431372549,0.0,0.0078431372549,0.250980392157,0.545098039216,0.125490196078,0.572549019608,0.0862745098039,0.658823529412,0.180392156863,0.16862745098,0.823529411765,0.741176470588,0.0,0.682352941176,0.317647058824,0.525490196078,0.0,0.529411764706,0.603921568627,0.803921568627,0.933333333333,0.803921568627,0.654901960784,0.76862745098,0.674509803922,0.525490196078,0.61568627451,0.537254901961,0.38431372549,0.462745098039,0.403921568627,0.266666666667,0.321568627451,0.282352941176,0.152941176471,0.192156862745,0.160784313725,59.1,8.2,-13.4
Tube light (FL2),Methylphenidate HCl,negative,0.517647058824,0.521568627451,0.537254901961,0.396078431373,0.321568627451,0.192156862745,0.682352941176,0.564705882353,0.407843137255,0.313725490196,0.427450980392,0.509803921569,0.305882352941,0.407843137255,0.152941176471,0.427450980392,0.454901960784,0.56862745098,0.36862745098,0.678431372549,0.552941176471,0.772549019608,0.529411764706,0.0,0.207843137255,0.294117647059,0.556862745098,0.662745098039,0.352941176471,0.305882352941,0.270588235294,0.21568627451,0.329411764706,0.564705882353,0.717647058824,0.0,0.780392156863,0.662745098039,0.00392156862745,0.078431372549,0.16862745098,0.486274509804,0.290196078431,0.549019607843,0.2,0.560784313725,0.247058823529,0.180392156863,0.819607843137,0.792156862745,0.0,0.607843137255,0.329411764706,0.486274509804,0.0156862745098,0.447058823529,0.560784313725,0.850980392157,0.913725490196,0.760784313725,0.694117647059,0.752941176471,0.635294117647,0.556862745098,0.603921568627,0.509803921569,0.41568627451,0.454901960784,0.380392156863,0.286274509804,0.317647058824,0.262745098039,0.16862745098,0.18431372549,0.149019607843,60.7,7.7,-10.9
Tube light (FL2),d-Methamphetamine HCl,positive,0.0117647058824,0.152941176471,0.282352941176,0.396078431373,0.321568627451,0.192156862745,0.682352941176,0.564705882353,0.407843137255,0.313725490196,0.427450980392,0.509803921569,0.305882352941,0.407843137255,0.152941176471,0.427450980392,0.454901960784,0.56862745098,0.36862745098,0.678431372549,0.552941176471,0.772549019608,0.529411764706,0.0,0.207843137255,0.294117647059,0.556862745098,0.662745098039,0.352941176471,0.305882352941,0.270588235294,0.21568627451,0.329411764706,0.564705882353,0.717647058824,0.0,0.780392156863,0.662745098039,0.00392156862745,0.078431372549,0.16862745098,0.486274509804,0.290196078431,0.549019607843,0.2,0.560784313725,0.247058823529,0.180392156863,0.819607843137,0.792156862745,0.0,0.607843137255,0.329411764706,0.486274509804,0.0156862745098,0.447058823529,0.560784313725,0.850980392157,0.913725490196,0.760784313725,0.694117647059,0.752941176471,0.635294117647,0.556862745098,0.603921568627,0.509803921569,0.41568627451,0.454901960784,0.380392156863,0.286274509804,0.317647058824,0.262745098039,0.16862745098,0.18431372549,0.149019607843,20.2,0.1,-25.2
White LED torch (LED-B3),MDMA HCl,positive,0.0078431372549,0.109803921569,0.301960784314,0.411764705882,0.266666666667,0.23137254902,0.749019607843,0.501960784314,0.474509803922,0.333333333333,0.364705882353,0.576470588235,0.321568627451,0.36862745098,0.219607843137,0.470588235294,0.380392156863,0.654901960784,0.403921568627,0.643137254902,0.647058823529,0.83137254902,0.450980392157,0.141176470588,0.223529411765,0.192156862745,0.619607843137,0.741176470588,0.274509803922,0.352941176471,0.298039215686,0.149019607843,0.360784313725,0.607843137255,0.690196078431,0.223529411765,0.870588235294,0.603921568627,0.0666666666667,0.0901960784314,0.0235294117647,0.533333333333,0.286274509804,0.513725490196,0.270588235294,0.647058823529,0.176470588235,0.211764705882,0.913725490196,0.745098039216,0.0549019607843,0.698039215686,0.23137254902,0.549019607843,0.0509803921569,0.396078431373,0.643137254902,0.933333333333,0.839215686275,0.901960784314,0.752941176471,0.682352941176,0.745098039216,0.596078431373,0.541176470588,0.592156862745,0.435294117647,0.396078431373,0.439215686275,0.298039215686,0.262745098039,0.294117647059,0.16862745098,0.145098039216,0.16862745098,20.5,-0.2,-23.5
Incandescent bulb (A),Methylphenidate HCl,negative,0.537254901961,0.552941176471,0.478431372549,0.450980392157,0.360784313725,0.164705882353,0.741176470588,0.6,0.372549019608,0.321568627451,0.482352941176,0.482352941176,0.325490196078,0.443137254902,0.0980392156863,0.482352941176,0.501960784314,0.529411764706,0.247058823529,0.709803921569,0.513725490196,0.811764705882,0.549019607843,0.0,0.23137254902,0.360784313725,0.529411764706,0.760784313725,0.392156862745,0.270588235294,0.36862745098,0.262745098039,0.317647058824,0.537254901961,0.733333333333,0.0,0.803921568627,0.658823529412,0.0,0.0823529411765,0.243137254902,0.470588235294,0.18431372549,0.58431372549,0.16862745098,0.713725490196,0.278431372549,0.149019607843,0.835294117647,0.792156862745,0.0,0.737254901961,0.372549019608,0.443137254902,0.0,0.501960784314,0.541176470588,0.839215686275,0.925490196078,0.670588235294,0.694117647059,0.772549019608,0.564705882353,0.56862745098,0.635294117647,0.462745098039,0.435294117647,0.490196078431,0.352941176471,0.305882352941,0.352941176471,0.250980392157,0.192156862745,0.223529411765,0.141176470588,59.6,6.4,-10.6
Incandescent bulb (A),Dimethoxy-meth HCl,negative,0.0,0.290196078431,0.388235294118,0.450980392157,0.360784313725,0.164705882353,0.741176470588,0.6,0.372549019608,0.321568627451,0.482352941176,0.482352941176,0.325490196078,0.443137254902,0.0980392156863,0.482352941176,0.501960784314,0.529411764706,0.247058823529,0.709803921569,0.513725490196,0.811764705882,0.549019607843,0.0,0.23137254902,0.360784313725,0.529411764706,0.760784313725,0.392156862745,0.270588235294,0.36862745098,0.262745098039,0.317647058824,0.537254901961,0.733333333333,0.0,0.803921568627,0.658823529412,0.0,0.0823529411765,0.243137254902,0.470588235294,0.18431372549,0.58431372549,0.16862745098,0.713725490196,0.278431372549,0.149019607843,0.835294117647,0.792156862745,0.0,0.737254901961,0.372549019608,0.443137254902,0.0,0.501960784314,0.541176470588,0.839215686275,0.925490196078,0.670588235294,0.694117647059,0.772549019608,0.564705882353,0.56862745098,0.635294117647,0.462745098039,0.435294117647,0.490196078431,0.352941176471,0.305882352941,0.352941176471,0.250980392157,0.192156862745,0.223529411765,0.141176470588,30.4,-0.3,-32.8
Daylight (D65),d-Methamphetamine HCl,positive,0.00392156862745,0.149019607843,0.298039215686,0.396078431373,0.254901960784,0.192156862745,0.725490196078,0.501960784314,0.435294117647,0.262745098039,0.411764705882,0.564705882353,0.278431372549,0.364705882353,0.129411764706,0.423529411765,0.427450980392,0.643137254902,0.207843137255,0.682352941176,0.607843137255,0.823529411765,0.38431372549,0.0,0.149019607843,0.286274509804,0.623529411765,0.733333333333,0.227450980392,0.313725490196,0.294117647059,0.16862745098,0.352941176471,0.529411764706,0.674509803922,0.00392156862745,0.83137254902,0.541176470588,0.0,0.0235294117647,0.172549019608,0.541176470588,0.160784313725,0.525490196078,0.141176470588,0.658823529412,0.0901960784314,0.149019607843,0.866666666667,0.701960784314,0.0,0.694117647059,0.23137254902,0.533333333333,0.00392156862745,0.470588235294,0.627450980392,0.862745098039,0.882352941176,0.866666666667,0.690196078431,0.709803921569,0.717647058824,0.537254901961,0.556862745098,0.560784313725,0.388235294118,0.403921568627,0.407843137255,0.254901960784,0.266666666667,0.274509803922,0.141176470588,0.145098039216,0.152941176471,20.6,2.6,-24.6
Tube light (FL2),d-Methamphetamine HCl,positive,0.0078431372549,0.101960784314,0.262745098039,0.337254901961,0.266666666667,0.180392156863,0.61568627451,0.486274509804,0.403921568627,0.254901960784,0.349019607843,0.498039215686,0.258823529412,0.345098039216,0.156862745098,0.36862745098,0.372549019608,0.560784313725,0.305882352941,0.6,0.552941176471,0.705882352941,0.458823529412,0.00392156862745,0.152941176471,0.207843137255,0.537254901961,0.6,0.282352941176,0.290196078431,0.219607843137,0.156862745098,0.309803921569,0.505882352941,0.647058823529,0.0470588235294,0.717647058824,0.592156862745,0.0,0.0392156862745,0.0745098039216,0.466666666667,0.23137254902,0.474509803922,0.203921568627,0.498039215686,0.196078431373,0.160784313725,0.756862745098,0.717647058824,0.0,0.545098039216,0.250980392157,0.470588235294,0.00392156862745,0.364705882353,0.556862745098,0.772549019608,0.819607843137,0.772549019608,0.623529411765,0.658823529412,0.639215686275,0.486274509804,0.521568627451,0.501960784314,0.352941176471,0.380392156863,0.364705882353,0.235294117647,0.254901960784,0.247058823529,0.129411764706,0.141176470588,0.137254901961,20.0,2.3,-24.3
Tube light (FL2),MDMA HCl,positive,0.0078431372549,0.101960784314,0.262745098039,0.337254901961,0.266666666667,0.180392156863,0.61568627451,0.486274509804,0.403921568627,0.254901960784,0.349019607843,0.498039215686,0.258823529412,0.345098039216,0.156862745098,0.36862745098,0.372549019608,0.560784313725,0.305882352941,0.6,0.552941176471,0.705882352941,0.458823529412,0.00392156862745,0.152941176471,0.207843137255,0.537254901961,0.6,0.282352941176,0.290196078431,0.219607843137,0.156862745098,0.309803921569,0.505882352941,0.647058823529,0.0470588235294,0.717647058824,0.592156862745,0.0,0.0392156862745,0.0745098039216,0.466666666667,0.23137254902,0.474509803922,0.203921568627,0.498039215686,0.196078431373,0.160784313725,0.756862745098,0.717647058824,0.0,0.545098039216,0.250980392157,0.470588235294,0.00392156862745,0.364705882353,0.556862745098,0.772549019608,0.819607843137,0.772549019608,0.623529411765,0.658823529412,0.639215686275,0.486274509804,0.521568627451,0.501960784314,0.352941176471,0.380392156863,0.364705882353,0.235294117647,0.254901960784,0.247058823529,0.129411764706,0.141176470588,0.137254901961,20.0,2.3,-24.3
White LED torch (LED-B3),Dimethoxy-meth HCl,negative,0.00392156862745,0.262745098039,0.466666666667,0.439215686275,0.333333333333,0.250980392157,0.717647058824,0.572549019608,0.470588235294,0.345098039216,0.447058823529,0.564705882353,0.341176470588,0.43137254902,0.227450980392,0.478431372549,0.470588235294,0.627450980392,0.380392156863,0.701960784314,0.61568627451,0.8,0.521568627451,0.0980392156863,0.235294117647,0.301960784314,0.607843137255,0.717647058824,0.356862745098,0.360784313725,0.325490196078,0.227450980392,0.38431372549,0.58431372549,0.725490196078,0.149019607843,0.81568627451,0.654901960784,0.00392156862745,0.0862745098039,0.160784313725,0.541176470588,0.301960784314,0.56862745098,0.266666666667,0.643137254902,0.254901960784,0.235294117647,0.850980392157,0.780392156863,0.00392156862745,0.682352941176,0.333333333333,0.545098039216,0.0117647058824,0.482352941176,0.61568627451,0.862745098039,0.890196078431,0.827450980392,0.721568627451,0.745098039216,0.705882352941,0.58431372549,0.603921568627,0.576470588235,0.447058823529,0.466666666667,0.443137254902,0.317647058824,0.333333333333,0.317647058824,0.2,0.203921568627,0.196078431373,31.1,-1.4,-32.3
White LED torch (LED-B3),MDMA HCl,positive,0.0078431372549,0.18431372549,0.329411764706,0.439215686275,0.333333333333,0.250980392157,0.717647058824,0.572549019608,0.470588235294,0.345098039216,0.447058823529,0.564705882353,0.341176470588,0.43137254902,0.227450980392,0.478431372549,0.470588235294,0.627450980392,0.380392156863,0.701960784314,0.61568627451,0.8,0.521568627451,0.0980392156863,0.235294117647,0.301960784314,0.607843137255,0.717647058824,0.356862745098,0.360784313725,0.325490196078,0.227450980392,0.38431372549,0.58431372549,0.725490196078,0.149019607843,0.81568627451,0.654901960784,0.00392156862745,0.0862745098039,0.160784313725,0.541176470588,0.301960784314,0.56862745098,0.266666666667,0.643137254902,0.254901960784,0.235294117647,0.850980392157,0.780392156863,0.00392156862745,0.682352941176,0.333333333333,0.545098039216,0.0117647058824,0.482352941176,0.61568627451,0.862745098039,0.890196078431,0.827450980392,0.721568627451,0.745098039216,0.705882352941,0.58431372549,0.603921568627,0.576470588235,0.447058823529,0.466666666667,0.443137254902,0.317647058824,0.333333333333,0.317647058824,0.2,0.203921568627,0.196078431373,20.4,-1.8,-24.0
Incandescent bulb (A),Dimethoxy-meth HCl,negative,0.00392156862745,0.282352941176,0.376470588235,0.447058823529,0.341176470588,0.188235294118,0.745098039216,0.576470588235,0.4,0.352941176471,0.462745098039,0.466666666667,0.345098039216,0.427450980392,0.160784313725,0.501960784314,0.490196078431,0.517647058824,0.36862745098,0.698039215686,0.525490196078,0.807843137255,0.529411764706,0.0156862745098,0.266666666667,0.345098039216,0.494117647059,0.756862745098,0.38431372549,0.298039215686,0.36862745098,0.254901960784,0.305882352941,0.580392156863,0.721568627451,0.078431372549,0.827450980392,0.658823529412,0.00392156862745,0.137254901961,0.227450980392,0.439215686275,0.278431372549,0.564705882353,0.235294117647,0.709803921569,0.278431372549,0.2,0.866666666667,0.78431372549,0.0,0.741176470588,0.376470588235,0.447058823529,0.0117647058824,0.490196078431,0.529411764706,0.886274509804,0.909803921569,0.686274509804,0.733333333333,0.760784313725,0.58431372549,0.6,0.623529411765,0.474509803922,0.458823529412,0.478431372549,0.360784313725,0.325490196078,0.345098039216,0.258823529412,0.203921568627,0.211764705882,0.152941176471,30.8,-1.5,-31.9
Incandescent bulb (A),Dimethoxy-meth HCl,negative,0.00392156862745,0.282352941176,0.380392156863,0.447058823529,0.341176470588,0.188235294118,0.745098039216,0.576470588235,0.4,0.352941176471,0.462745098039,0.466666666667,0.345098039216,0.427450980392,0.160784313725,0.501960784314,0.490196078431,0.517647058824,0.36862745098,0.698039215686,0.525490196078,0.807843137255,0.529411764706,0.0156862745098,0.266666666667,0.345098039216,0.494117647059,0.756862745098,0.38431372549,0.298039215686,0.36862745098,0.254901960784,0.305882352941,0.580392156863,0.721568627451,0.078431372549,0.827450980392,0.658823529412,0.00392156862745,0.137254901961,0.227450980392,0.439215686275,0.278431372549,0.564705882353,0.235294117647,0.709803921569,0.278431372549,0.2,0.866666666667,0.78431372549,0.0,0.741176470588,0.376470588235,0.447058823529,0.0117647058824,0.490196078431,0.529411764706,0.886274509804,0.909803921569,0.686274509804,0.733333333333,0.760784313725,0.58431372549,0.6,0.623529411765,0.474509803922,0.458823529412,0.478431372549,0.360784313725,0.325490196078,0.345098039216,0.258823529412,0.203921568627,0.211764705882,0.152941176471,30.8,-1.5,-31.9
Daylight (D65),Methylphenidate HCl,negative,0.521568627451,0.505882352941,0.603921568627,0.41568627451,0.290196078431,0.21568627451,0.705882352941,0.521568627451,0.443137254902,0.278431372549,0.443137254902,0.576470588235,0.301960784314,0.396078431373,0.152941176471,0.435294117647,0.458823529412,0.647058823529,0.207843137255,0.690196078431,0.607843137255,0.796078431373,0.41568627451,0.0,0.164705882353,0.325490196078,0.635294117647,0.729411764706,0.274509803922,0.345098039216,0.321568627451,0.211764705882,0.388235294118,0.533333333333,0.678431372549,0.0,0.81568627451,0.560784313725,0.00392156862745,0.0313725490196,0.219607843137,0.564705882353,0.176470588235,0.549019607843,0.160784313725,0.666666666667,0.149019607843,0.192156862745,0.83137254902,0.713725490196,0.0,0.698039215686,0.278431372549,0.552941176471,0.0,0.501960784314,0.639215686275,0.823529411765,0.862745098039,0.83137254902,0.670588235294,0.717647058824,0.701960784314,0.545098039216,0.580392156863,0.56862745098,0.41568627451,0.439215686275,0.43137254902,0.290196078431,0.313725490196,0.313725490196,0.16862745098,0.18431372549,0.18431372549,60.3,8.0,-11.5
Daylight (D65),Dimethoxy-meth HCl,negative,0.00392156862745,0.278431372549,0.478431372549,0.41568627451,0.290196078431,0.21568627451,0.705882352941,0.521568627451,0.443137254902,0.278431372549,0.443137254902,0.576470588235,0.301960784314,0.396078431373,0.152941176471,0.435294117647,0.458823529412,0.647058823529,0.207843137255,0.690196078431,0.607843137255,0.796078431373,0.41568627451,0.0,0.164705882353,0.325490196078,0.635294117647,0.729411764706,0.274509803922,0.345098039216,0.321568627451,0.211764705882,0.388235294118,0.533333333333,0.678431372549,0.0,0.81568627451,0.560784313725,0.00392156862745,0.0313725490196,0.219607843137,0.564705882353,0.176470588235,0.549019607843,0.160784313725,0.666666666667,0.149019607843,0.192156862745,0.83137254902,0.713725490196,0.0,0.698039215686,0.278431372549,0.552941176471,0.0,0.501960784314,0.639215686275,0.823529411765,0.862745098039,0.83137254902,0.670588235294,0.717647058824,0.701960784314,0.545098039216,0.580392156863,0.56862745098,0.41568627451,0.439215686275,0.43137254902,0.290196078431,0.313725490196,0.313725490196,0.16862745098,0.18431372549,0.18431372549,31.7,4.2,-33.7
Tube light (FL2),d-Methamphetamine HCl,positive,0.0078431372549,0.180392156863,0.329411764706,0.466666666667,0.356862745098,0.18431372549,0.788235294118,0.607843137255,0.41568627451,0.364705882353,0.474509803922,0.56862745098,0.356862745098,0.450980392157,0.101960784314,0.498039215686,0.498039215686,0.635294117647,0.407843137255,0.741176470588,0.588235294118,0.890196078431,0.56862745098,0.00392156862745,0.250980392157,0.325490196078,0.627450980392,0.772549019608,0.364705882353,0.313725490196,0.325490196078,0.239215686275,0.380392156863,0.639215686275,0.78431372549,0.0,0.890196078431,0.709803921569,0.0,0.109803921569,0.188235294118,0.560784313725,0.317647058824,0.603921568627,0.109803921569,0.654901960784,0.254901960784,0.164705882353,0.933333333333,0.854901960784,0.00392156862745,0.709803921569,0.341176470588,0.537254901961,0.0,0.494117647059,0.63137254902,0.956862745098,0.972549019608,0.788235294118,0.788235294118,0.811764705882,0.670588235294,0.635294117647,0.654901960784,0.537254901961,0.482352941176,0.494117647059,0.411764705882,0.341176470588,0.352941176471,0.286274509804,0.207843137255,0.211764705882,0.16862745098,20.5,0.6,-26.2
White LED torch (LED-B3),Methylphenidate HCl,negative,0.529411764706,0.541176470588,0.556862745098,0.411764705882,0.301960784314,0.133333333333,0.749019607843,0.576470588235,0.345098039216,0.262745098039,0.447058823529,0.529411764706,0.274509803922,0.41568627451,0.0274509803922,0.43137254902,0.466666666667,0.603921568627,0.18431372549,0.741176470588,0.529411764706,0.858823529412,0.494117647059,0.0,0.149019607843,0.294117647059,0.6,0.764705882353,0.305882352941,0.262745098039,0.290196078431,0.196078431373,0.337254901961,0.533333333333,0.76862745098,0.0,0.862745098039,0.658823529412,0.0,0.0156862745098,0.156862745098,0.529411764706,0.125490196078,0.58431372549,0.0078431372549,0.674509803922,0.18431372549,0.0901960784314,0.890196078431,0.827450980392,0.00392156862745,0.713725490196,0.290196078431,0.501960784314,0.0,0.486274509804,0.58431372549,0.890196078431,0.988235294118,0.764705882353,0.709803921569,0.8,0.63137254902,0.560784313725,0.627450980392,0.494117647059,0.403921568627,0.458823529412,0.360784313725,0.262745098039,0.305882352941,0.239215686275,0.145098039216,0.172549019608,0.125490196078,61.0,7.1,-11.8
White LED torch (LED-B3),d-Methamphetamine HCl,positive,0.0,0.149019607843,0.286274509804,0.411764705882,0.301960784314,0.133333333333,0.749019607843,0.576470588235,0.345098039216,0.262745098039,0.447058823529,0.529411764706,0.274509803922,0.41568627451,0.0274509803922,0.43137254902,0.466666666667,0.603921568627,0.18431372549,0.741176470588,0.529411764706,0.858823529412,0.494117647059,0.0,0.149019607843,0.294117647059,0.6,0.764705882353,0.305882352941,0.262745098039,0.290196078431,0.196078431373,0.337254901961,0.533333333333,0.76862745098,0.0,0.862745098039,0.658823529412,0.0,0.0156862745098,0.156862745098,0.529411764706,0.125490196078,0.58431372549,0.0078431372549,0.674509803922,0.18431372549,0.0901960784314,0.890196078431,0.827450980392,0.00392156862745,0.713725490196,0.290196078431,0.501960784314,0.0,0.486274509804,0.58431372549,0.890196078431,0.988235294118,0.764705882353,0.709803921569,0.8,0.63137254902,0.560784313725,0.627450980392,0.494117647059,0.403921568627,0.458823529412,0.360784313725,0.262745098039,0.305882352941,0.239215686275,0.145098039216,0.172549019608,0.125490196078,20.7,4.9,-27.1
Incandescent bulb (A),d-Methamphetamine HCl,positive,0.00392156862745,0.0941176470588,0.239215686275,0.372549019608,0.227450980392,0.180392156863,0.686274509804,0.439215686275,0.407843137255,0.298039215686,0.317647058824,0.458823529412,0.286274509804,0.313725490196,0.180392156863,0.443137254902,0.341176470588,0.525490196078,0.333333333333,0.560784313725,0.564705882353,0.745098039216,0.4,0.121568627451,0.203921568627,0.18431372549,0.478431372549,0.698039215686,0.254901960784,0.282352941176,0.298039215686,0.137254901961,0.274509803922,0.537254901961,0.6,0.250980392157,0.796078431373,0.541176470588,0.0901960784314,0.0862745098039,0.0588235294118,0.403921568627,0.23137254902,0.435294117647,0.262745098039,0.639215686275,0.164705882353,0.180392156863,0.827450980392,0.658823529412,0.160784313725,0.686274509804,0.223529411765,0.435294117647,0.0313725490196,0.341176470588,0.541176470588,0.835294117647,0.737254901961,0.749019607843,0.674509803922,0.6,0.61568627451,0.533333333333,0.474509803922,0.486274509804,0.388235294118,0.345098039216,0.352941176471,0.258823529412,0.23137254902,0.239215686275,0.145098039216,0.121568627451,0.129411764706,20.8,-1.8,-22.6
Incandescent bulb (A),Methylphenidate HCl,negative,0.517647058824,0.41568627451,0.513725490196,0.372549019608,0.227450980392,0.180392156863,0.686274509804,0.439215686275,0.407843137255,0.298039215686,0.317647058824,0.458823529412,0.286274509804,0.313725490196,0.180392156863,0.443137254902,0.341176470588,0.525490196078,0.333333333333,0.560784313725,0.564705882353,0.745098039216,0.4,0.121568627451,0.203921568627,0.18431372549,0.478431372549,0.698039215686,0.254901960784,0.282352941176,0.298039215686,0.137254901961,0.274509803922,0.537254901961,0.6,0.250980392157,0.796078431373,0.541176470588,0.0901960784314,0.0862745098039,0.0588235294118,0.403921568627,0.23137254902,0.435294117647,0.262745098039,0.639215686275,0.164705882353,0.180392156863,0.827450980392,0.658823529412,0.160784313725,0.686274509804,0.223529411765,0.435294117647,0.0313725490196,0.341176470588,0.541176470588,0.835294117647,0.737254901961,0.749019607843,0.674509803922,0.6,0.61568627451,0.533333333333,0.474509803922,0.486274509804,0.388235294118,0.345098039216,0.352941176471,0.258823529412,0.23137254902,0.239215686275,0.145098039216,0.121568627451,0.129411764706,62.0,6.5,-10.7
Daylight (D65),d-Methamphetamine HCl,positive,0.0,0.207843137255,0.341176470588,0.407843137255,0.325490196078,0.219607843137,0.705882352941,0.592156862745,0.454901960784,0.211764705882,0.498039215686,0.596078431373,0.274509803922,0.435294117647,0.141176470588,0.403921568627,0.521568627451,0.670588235294,0.0117647058824,0.772549019608,0.627450980392,0.811764705882,0.474509803922,0.0,0.0588235294118,0.376470588235,0.658823529412,0.737254901961,0.329411764706,0.349019607843,0.305882352941,0.243137254902,0.396078431373,0.501960784314,0.760784313725,0.0,0.819607843137,0.63137254902,0.0,0.00392156862745,0.258823529412,0.58431372549,0.0509803921569,0.607843137255,0.125490196078,0.678431372549,0.2,0.188235294118,0.839215686275,0.796078431373,0.0,0.698039215686,0.341176470588,0.572549019608,0.0,0.564705882353,0.666666666667,0.792156862745,0.98431372549,0.870588235294,0.647058823529,0.811764705882,0.733333333333,0.517647058824,0.650980392157,0.588235294118,0.38431372549,0.490196078431,0.439215686275,0.262745098039,0.345098039216,0.309803921569,0.156862745098,0.203921568627,0.180392156863,20.7,4.4,-25.9
Daylight (D65),Dimethoxy-meth HCl,negative,0.00392156862745,0.309803921569,0.490196078431,0.407843137255,0.325490196078,0.219607843137,0.705882352941,0.592156862745,0.454901960784,0.211764705882,0.498039215686,0.596078431373,0.274509803922,0.435294117647,0.141176470588,0.403921568627,0.521568627451,0.670588235294,0.0117647058824,0.772549019608,0.627450980392,0.811764705882,0.474509803922,0.0,0.0588235294118,0.376470588235,0.658823529412,0.737254901961,0.329411764706,0.349019607843,0.305882352941,0.243137254902,0.396078431373,0.501960784314,0.760784313725,0.0,0.819607843137,0.63137254902,0.0,0.00392156862745,0.258823529412,0.58431372549,0.0509803921569,0.607843137255,0.125490196078,0.678431372549,0.2,0.188235294118,0.839215686275,0.796078431373,0.0,0.698039215686,0.341176470588,0.572549019608,0.0,0.564705882353,0.666666666667,0.792156862745,0.98431372549,0.870588235294,0.647058823529,0.811764705882,0.733333333333,0.517647058824,0.650980392157,0.588235294118,0.38431372549,0.490196078431,0.439215686275,0.262745098039,0.345098039216,0.309803921569,0.156862745098,0.203921568627,0.180392156863,31.8,6.3,-33.5
Tube light (FL2),Dimethoxy-meth HCl,negative,0.00392156862745,0.16862745098,0.482352941176,0.423529411765,0.286274509804,0.2,0.749019607843,0.513725490196,0.447058823529,0.313725490196,0.372549019608,0.603921568627,0.309803921569,0.38431372549,0.137254901961,0.450980392157,0.388235294118,0.666666666667,0.337254901961,0.650980392157,0.639215686275,0.854901960784,0.486274509804,0.0,0.2,0.196078431373,0.658823529412,0.733333333333,0.270588235294,0.317647058824,0.282352941176,0.156862745098,0.38431372549,0.588235294118,0.709803921569,0.0,0.862745098039,0.635294117647,0.0,0.0588235294118,0.0235294117647,0.572549019608,0.250980392157,0.529411764706,0.176470588235,0.61568627451,0.16862745098,0.152941176471,0.898039215686,0.772549019608,0.0,0.670588235294,0.21568627451,0.560784313725,0.0,0.392156862745,0.674509803922,0.917647058824,0.870588235294,0.878431372549,0.745098039216,0.705882352941,0.737254901961,0.592156862745,0.552941176471,0.58431372549,0.435294117647,0.411764705882,0.427450980392,0.290196078431,0.278431372549,0.294117647059,0.164705882353,0.160784313725,0.160784313725,31.3,2.8,-33.3
Tube light (FL2),Dimethoxy-meth HCl,negative,0.00392156862745,0.16862745098,0.482352941176,0.423529411765,0.286274509804,0.2,0.749019607843,0.513725490196,0.447058823529,0.313725490196,0.372549019608,0.603921568627,0.309803921569,0.38431372549,0.137254901961,0.450980392157,0.388235294118,0.666666666667,0.337254901961,0.650980392157,0.639215686275,0.854901960784,0.486274509804,0.0,0.2,0.196078431373,0.658823529412,0.733333333333,0.270588235294,0.317647058824,0.282352941176,0.156862745098,0.38431372549,0.588235294118,0.709803921569,0.0,0.862745098039,0.635294117647,0.0,0.0588235294118,0.0235294117647,0.572549019608,0.250980392157,0.529411764706,0.176470588235,0.61568627451,0.16862745098,0.152941176471,0.898039215686,0.772549019608,0.0,0.670588235294,0.21568627451,0.560784313725,0.0,0.392156862745,0.674509803922,0.917647058824,0.870588235294,0.878431372549,0.745098039216,0.705882352941,0.737254901961,0.592156862745,0.552941176471,0.58431372549,0.435294117647,0.411764705882,0.427450980392,0.290196078431,0.278431372549,0.294117647059,0.164705882353,0.160784313725,0.160784313725,31.3,2.8,-33.3
White LED torch (LED-B3),Dimethoxy-meth HCl,negative,0.00392156862745,0.290196078431,0.498039215686,0.454901960784,0.356862745098,0.18431372549,0.760784313725,0.61568627451,0.4,0.278431372549,0.494117647059,0.58431372549,0.305882352941,0.466666666667,0.0549019607843,0.454901960784,0.517647058824,0.658823529412,0.109803921569,0.772549019608,0.580392156863,0.862745098039,0.541176470588,0.0,0.152941176471,0.341176470588,0.662745098039,0.78431372549,0.360784313725,0.313725490196,0.333333333333,0.247058823529,0.4,0.541176470588,0.792156862745,0.00392156862745,0.854901960784,0.694117647059,0.0,0.0156862745098,0.2,0.6,0.0862745098039,0.627450980392,0.0117647058824,0.705882352941,0.239215686275,0.141176470588,0.870588235294,0.847058823529,0.0,0.733333333333,0.337254901961,0.556862745098,0.0,0.537254901961,0.647058823529,0.854901960784,0.980392156863,0.796078431373,0.701960784314,0.819607843137,0.678431372549,0.56862745098,0.666666666667,0.549019607843,0.43137254902,0.505882352941,0.419607843137,0.301960784314,0.360784313725,0.294117647059,0.180392156863,0.219607843137,0.176470588235,32.4,5.4,-34.9
White LED torch (LED-B3),Methylphenidate HCl,negative,0.549019607843,0.576470588235,0.607843137255,0.454901960784,0.356862745098,0.18431372549,0.760784313725,0.61568627451,0.4,0.278431372549,0.494117647059,0.58431372549,0.305882352941,0.466666666667,0.0549019607843,0.454901960784,0.517647058824,0.658823529412,0.109803921569,0.772549019608,0.580392156863,0.862745098039,0.541176470588,0.0,0.152941176471,0.341176470588,0.662745098039,0.78431372549,0.360784313725,0.313725490196,0.333333333333,0.247058823529,0.4,0.541176470588,0.792156862745,0.00392156862745,0.854901960784,0.694117647059,0.0,0.0156862745098,0.2,0.6,0.0862745098039,0.627450980392,0.0117647058824,0.705882352941,0.239215686275,0.141176470588,0.870588235294,0.847058823529,0.0,0.733333333333,0.337254901961,0.556862745098,0.0,0.537254901961,0.647058823529,0.854901960784,0.980392156863,0.796078431373,0.701960784314,0.819607843137,0.678431372549,0.56862745098,0.666666666667,0.549019607843,0.43137254902,0.505882352941,0.419607843137,0.301960784314,0.360784313725,0.294117647059,0.180392156863,0.219607843137,0.176470588235,60.6,8.4,-12.1
Incandescent bulb (A),Methylphenidate HCl,negative,0.580392156863,0.501960784314,0.549019607843,0.458823529412,0.313725490196,0.211764705882,0.776470588235,0.533333333333,0.439215686275,0.352941176471,0.41568627451,0.517647058824,0.345098039216,0.4,0.18431372549,0.513725490196,0.435294117647,0.580392156863,0.349019607843,0.654901960784,0.592156862745,0.843137254902,0.494117647059,0.0,0.262745098039,0.278431372549,0.556862745098,0.788235294118,0.325490196078,0.309803921569,0.36862745098,0.207843137255,0.333333333333,0.58431372549,0.690196078431,0.121568627451,0.854901960784,0.619607843137,0.0,0.125490196078,0.152941176471,0.486274509804,0.258823529412,0.533333333333,0.270588235294,0.737254901961,0.21568627451,0.192156862745,0.894117647059,0.745098039216,0.00392156862745,0.76862745098,0.298039215686,0.478431372549,0.0,0.439215686275,0.588235294118,0.909803921569,0.850980392157,0.76862745098,0.741176470588,0.705882352941,0.643137254902,0.603921568627,0.572549019608,0.521568627451,0.458823529412,0.43137254902,0.392156862745,0.321568627451,0.309803921569,0.282352941176,0.2,0.188235294118,0.16862745098,61.2,5.8,-10.2
Incandescent bulb (A),MDMA HCl,positive,0.00392156862745,0.160784313725,0.294117647059,0.458823529412,0.313725490196,0.211764705882,0.776470588235,0.533333333333,0.439215686275,0.352941176471,0.41568627451,0.517647058824,0.345098039216,0.4,0.18431372549,0.513725490196,0.435294117647,0.580392156863,0.349019607843,0.654901960784,0.592156862745,0.843137254902,0.494117647059,0.0,0.262745098039,0.278431372549,0.556862745098,0.788235294118,0.325490196078,0.309803921569,0.36862745098,0.207843137255,0.333333333333,0.58431372549,0.690196078431,0.121568627451,0.854901960784,0.619607843137,0.0,0.125490196078,0.152941176471,0.486274509804,0.258823529412,0.533333333333,0.270588235294,0.737254901961,0.21568627451,0.192156862745,0.894117647059,0.745098039216,0.00392156862745,0.76862745098,0.298039215686,0.478431372549,0.0,0.439215686275,0.588235294118,0.909803921569,0.850980392157,0.76862745098,0.741176470588,0.705882352941,0.643137254902,0.603921568627,0.572549019608,0.521568627451,0.458823529412,0.43137254902,0.392156862745,0.321568627451,0.309803921569,0.282352941176,0.2,0.188235294118,0.16862745098,19.9,-0.8,-24.9
Daylight (D65),d-Methamphetamine HCl,positive,0.00392156862745,0.160784313725,0.258823529412,0.317647058824,0.270588235294,0.176470588235,0.572549019608,0.517647058824,0.388235294118,0.16862745098,0.423529411765,0.486274509804,0.211764705882,0.360784313725,0.137254901961,0.313725490196,0.443137254902,0.549019607843,0.0627450980392,0.658823529412,0.521568627451,0.658823529412,0.419607843137,0.0078431372549,0.0470588235294,0.313725490196,0.533333333333,0.588235294118,0.290196078431,0.290196078431,0.227450980392,0.2,0.309803921569,0.411764705882,0.650980392157,0.00392156862745,0.658823529412,0.545098039216,0.00392156862745,0.00392156862745,0.21568627451,0.466666666667,0.0862745098039,0.513725490196,0.164705882353,0.533333333333,0.188235294118,0.164705882353,0.690196078431,0.690196078431,0.0,0.556862745098,0.301960784314,0.466666666667,0.0,0.470588235294,0.537254901961,0.666666666667,0.878431372549,0.760784313725,0.537254901961,0.713725490196,0.623529411765,0.41568627451,0.564705882353,0.498039215686,0.298039215686,0.41568627451,0.356862745098,0.196078431373,0.278431372549,0.243137254902,0.105882352941,0.156862745098,0.133333333333,20.1,5.0,-25.2
Daylight (D65),MDMA HCl,positive,0.00392156862745,0.160784313725,0.258823529412,0.317647058824,0.270588235294,0.176470588235,0.572549019608,0.517647058824,0.388235294118,0.16862745098,0.423529411765,0.486274509804,0.211764705882,0.360784313725,0.137254901961,0.313725490196,0.443137254902,0.549019607843,0.0627450980392,0.658823529412,0.521568627451,0.658823529412,0.419607843137,0.0078431372549,0.0470588235294,0.313725490196,0.533333333333,0.588235294118,0.290196078431,0.290196078431,0.227450980392,0.2,0.309803921569,0.411764705882,0.650980392157,0.00392156862745,0.658823529412,0.545098039216,0.00392156862745,0.00392156862745,0.21568627451,0.466666666667,0.0862745098039,0.513725490196,0.164705882353,0.533333333333,0.188235294118,0.164705882353,0.690196078431,0.690196078431,0.0,0.556862745098,0.301960784314,0.466666666667,0.0,0.470588235294,0.537254901961,0.666666666667,0.878431372549,0.760784313725,0.537254901961,0.713725490196,0.623529411765,0.41568627451,0.564705882353,0.498039215686,0.298039215686,0.41568627451,0.356862745098,0.196078431373,0.278431372549,0.243137254902,0.105882352941,0.156862745098,0.133333333333,20.1,5.0,-25.2
Tube light (FL2),Dimethoxy-meth HCl,negative,0.00392156862745,0.250980392157,0.411764705882,0.4,0.333333333333,0.141176470588,0.666666666667,0.560784313725,0.345098039216,0.290196078431,0.443137254902,0.498039215686,0.286274509804,0.419607843137,0.0509803921569,0.403921568627,0.466666666667,0.556862745098,0.282352941176,0.682352941176,0.498039215686,0.756862745098,0.529411764706,0.00392156862745,0.180392156863,0.317647058824,0.556862745098,0.658823529412,0.352941176471,0.266666666667,0.278431372549,0.235294117647,0.333333333333,0.521568627451,0.713725490196,0.0078431372549,0.752941176471,0.654901960784,0.0078431372549,0.043137254902,0.2,0.498039215686,0.23137254902,0.556862745098,0.043137254902,0.576470588235,0.250980392157,0.125490196078,0.78431372549,0.788235294118,0.00392156862745,0.603921568627,0.341176470588,0.478431372549,0.0,0.466666666667,0.552941176471,0.792156862745,0.905882352941,0.678431372549,0.654901960784,0.756862745098,0.572549019608,0.533333333333,0.611764705882,0.466666666667,0.403921568627,0.466666666667,0.360784313725,0.282352941176,0.337254901961,0.247058823529,0.176470588235,0.2,0.145098039216,30.9,2.5,-33.8
Tube light (FL2),Dimethoxy-meth HCl,negative,0.0,0.254901960784,0.411764705882,0.4,0.333333333333,0.141176470588,0.666666666667,0.560784313725,0.345098039216,0.290196078431,0.443137254902,0.498039215686,0.286274509804,0.419607843137,0.0509803921569,0.403921568627,0.466666666667,0.556862745098,0.282352941176,0.682352941176,0.498039215686,0.756862745098,0.529411764706,0.00392156862745,0.180392156863,0.317647058824,0.556862745098,0.658823529412,0.352941176471,0.266666666667,0.278431372549,0.235294117647,0.333333333333,0.521568627451,0.713725490196,0.0078431372549,0.752941176471,0.654901960784,0.0078431372549,0.043137254902,0.2,0.498039215686,0.23137254902,0.556862745098,0.043137254902,0.576470588235,0.250980392157,0.125490196078,0.78431372549,0.788235294118,0.00392156862745,0.603921568627,0.341176470588,0.478431372549,0.0,0.466666666667,0.552941176471,0.792156862745,0.905882352941,0.678431372549,0.654901960784,0.756862745098,0.572549019608,0.533333333333,0.611764705882,0.466666666667,0.403921568627,0.466666666667,0.360784313725,0.282352941176,0.337254901961,0.247058823529,0.176470588235,0.2,0.145098039216,31.3,2.4,-34.0
White LED torch (LED-B3),MDMA HCl,positive,0.00392156862745,0.156862745098,0.258823529412,0.356862745098,0.290196078431,0.172549019608,0.635294117647,0.529411764706,0.360784313725,0.270588235294,0.411764705882,0.466666666667,0.270588235294,0.380392156863,0.137254901961,0.396078431373,0.439215686275,0.525490196078,0.290196078431,0.662745098039,0.498039215686,0.709803921569,0.466666666667,0.0078431372549,0.16862745098,0.286274509804,0.501960784314,0.635294117647,0.321568627451,0.278431372549,0.262745098039,0.203921568627,0.298039215686,0.498039215686,0.682352941176,0.0,0.737254901961,0.607843137255,0.00392156862745,0.0470588235294,0.16862745098,0.447058823529,0.219607843137,0.517647058824,0.156862745098,0.560784313725,0.223529411765,0.164705882353,0.760784313725,0.741176470588,0.00392156862745,0.603921568627,0.313725490196,0.447058823529,0.00392156862745,0.447058823529,0.513725490196,0.764705882353,0.862745098039,0.698039215686,0.627450980392,0.709803921569,0.580392156863,0.498039215686,0.572549019608,0.462745098039,0.36862745098,0.427450980392,0.345098039216,0.250980392157,0.294117647059,0.235294117647,0.149019607843,0.172549019608,0.133333333333,20.3,0.5,-25.9
Incandescent bulb (A),d-Methamphetamine HCl,positive,0.00392156862745,0.149019607843,0.290196078431,0.423529411765,0.313725490196,0.219607843137,0.737254901961,0.556862745098,0.462745098039,0.305882352941,0.423529411765,0.529411764706,0.309803921569,0.403921568627,0.207843137255,0.466666666667,0.447058823529,0.592156862745,0.286274509804,0.678431372549,0.61568627451,0.811764705882,0.517647058824,0.0470588235294,0.211764705882,0.282352941176,0.556862745098,0.749019607843,0.349019607843,0.329411764706,0.337254901961,0.207843137255,0.329411764706,0.541176470588,0.717647058824,0.219607843137,0.819607843137,0.650980392157,0.00392156862745,0.0745098039216,0.149019607843,0.486274509804,0.21568627451,0.549019607843,0.290196078431,0.701960784314,0.243137254902,0.207843137255,0.854901960784,0.78431372549,0.0156862745098,0.733333333333,0.321568627451,0.490196078431,0.0,0.443137254902,0.6,0.862745098039,0.898039215686,0.81568627451,0.698039215686,0.741176470588,0.678431372549,0.560784313725,0.592156862745,0.541176470588,0.419607843137,0.443137254902,0.403921568627,0.286274509804,0.305882352941,0.282352941176,0.172549019608,0.180392156863,0.164705882353,19.7,-0.9,-24.7
Incandescent bulb (A),Dimethoxy-meth HCl,negative,0.00392156862745,0.227450980392,0.41568627451,0.423529411765,0.313725490196,0.219607843137,0.737254901961,0.556862745098,0.462745098039,0.305882352941,0.423529411765,0.529411764706,0.309803921569,0.403921568627,0.207843137255,0.466666666667,0.447058823529,0.592156862745,0.286274509804,0.678431372549,0.61568627451,0.811764705882,0.517647058824,0.0470588235294,0.211764705882,0.282352941176,0.556862745098,0.749019607843,0.349019607843,0.329411764706,0.337254901961,0.207843137255,0.329411764706,0.541176470588,0.717647058824,0.219607843137,0.819607843137,0.650980392157,0.00392156862745,0.0745098039216,0.149019607843,0.486274509804,0.21568627451,0.549019607843,0.290196078431,0.701960784314,0.243137254902,0.207843137255,0.854901960784,0.78431372549,0.0156862745098,0.733333333333,0.321568627451,0.490196078431,0.0,0.443137254902,0.6,0.862745098039,0.898039215686,0.81568627451,0.698039215686,0.741176470588,0.678431372549,0.560784313725,0.592156862745,0.541176470588,0.419607843137,0.443137254902,0.403921568627,0.286274509804,0.305882352941,0.282352941176,0.172549019608,0.180392156863,0.164705882353,30.7,-1.8,-30.9
Daylight (D65),Dimethoxy-meth HCl,negative,0.00392156862745,0.329411764706,0.521568627451,0.41568627451,0.349019607843,0.247058823529,0.682352941176,0.603921568627,0.474509803922,0.16862745098,0.509803921569,0.619607843137,0.270588235294,0.454901960784,0.156862745098,0.388235294118,0.529411764706,0.686274509804,0.00392156862745,0.760784313725,0.639215686275,0.788235294118,0.494117647059,0.0,0.0196078431373,0.392156862745,0.682352941176,0.725490196078,0.345098039216,0.372549019608,0.317647058824,0.262745098039,0.43137254902,0.470588235294,0.749019607843,0.0,0.78431372549,0.627450980392,0.0,0.00392156862745,0.274509803922,0.611764705882,0.0078431372549,0.611764705882,0.145098039216,0.674509803922,0.223529411765,0.207843137255,0.792156862745,0.780392156863,0.0,0.690196078431,0.349019607843,0.588235294118,0.0,0.56862745098,0.674509803922,0.729411764706,0.945098039216,0.854901960784,0.603921568627,0.792156862745,0.733333333333,0.490196078431,0.647058823529,0.603921568627,0.372549019608,0.501960784314,0.466666666667,0.262745098039,0.364705882353,0.337254901961,0.160784313725,0.227450980392,0.207843137255,32.2,7.0,-33.5
Daylight (D65),Dimethoxy-meth HCl,negative,0.0,0.329411764706,0.513725490196,0.41568627451,0.349019607843,0.247058823529,0.682352941176,0.603921568627,0.474509803922,0.16862745098,0.509803921569,0.619607843137,0.270588235294,0.454901960784,0.156862745098,0.388235294118,0.529411764706,0.686274509804,0.00392156862745,0.760784313725,0.639215686275,0.788235294118,0.494117647059,0.0,0.0196078431373,0.392156862745,0.682352941176,0.725490196078,0.345098039216,0.372549019608,0.317647058824,0.262745098039,0.43137254902,0.470588235294,0.749019607843,0.0,0.78431372549,0.627450980392,0.0,0.00392156862745,0.274509803922,0.611764705882,0.0078431372549,0.611764705882,0.145098039216,0.674509803922,0.223529411765,0.207843137255,0.792156862745,0.780392156863,0.0,0.690196078431,0.349019607843,0.588235294118,0.0,0.56862745098,0.674509803922,0.729411764706,0.945098039216,0.854901960784,0.603921568627,0.792156862745,0.733333333333,0.490196078431,0.647058823529,0.603921568627,0.372549019608,0.501960784314,0.466666666667,0.262745098039,0.364705882353,0.337254901961,0.160784313725,0.227450980392,0.207843137255,32.0,6.2,-32.4
Tube light (FL2),MDMA HCl,positive,0.00392156862745,0.141176470588,0.309803921569,0.380392156863,0.305882352941,0.180392156863,0.654901960784,0.537254901961,0.403921568627,0.266666666667,0.407843137255,0.541176470588,0.274509803922,0.396078431373,0.129411764706,0.392156862745,0.423529411765,0.603921568627,0.270588235294,0.658823529412,0.576470588235,0.741176470588,0.501960784314,0.00392156862745,0.156862745098,0.254901960784,0.588235294118,0.647058823529,0.321568627451,0.301960784314,0.258823529412,0.196078431373,0.352941176471,0.513725490196,0.705882352941,0.00392156862745,0.756862745098,0.643137254902,0.0,0.0274509803922,0.117647058824,0.517647058824,0.211764705882,0.529411764706,0.164705882353,0.549019607843,0.223529411765,0.152941176471,0.780392156863,0.764705882353,0.0,0.6,0.290196078431,0.509803921569,0.0,0.423529411765,0.603921568627,0.772549019608,0.858823529412,0.76862745098,0.639215686275,0.709803921569,0.647058823529,0.509803921569,0.572549019608,0.517647058824,0.38431372549,0.43137254902,0.392156862745,0.266666666667,0.301960784314,0.274509803922,0.152941176471,0.180392156863,0.152941176471,21.0,3.6,-25.4
Tube light (FL2),MDMA HCl,positive,0.00392156862745,0.141176470588,0.309803921569,0.380392156863,0.305882352941,0.180392156863,0.654901960784,0.537254901961,0.403921568627,0.266666666667,0.407843137255,0.541176470588,0.274509803922,0.396078431373,0.129411764706,0.392156862745,0.423529411765,0.603921568627,0.270588235294,0.658823529412,0.576470588235,0.741176470588,0.501960784314,0.00392156862745,0.156862745098,0.254901960784,0.588235294118,0.647058823529,0.321568627451,0.301960784314,0.258823529412,0.196078431373,0.352941176471,0.513725490196,0.705882352941,0.00392156862745,0.756862745098,0.643137254902,0.0,0.0274509803922,0.117647058824,0.517647058824,0.211764705882,0.529411764706,0.164705882353,0.549019607843,0.223529411765,0.152941176471,0.780392156863,0.764705882353,0.0,0.6,0.290196078431,0.509803921569,0.0,0.423529411765,0.603921568627,0.772549019608,0.858823529412,0.76862745098,0.639215686275,0.709803921569,0.647058823529,0.509803921569,0.572549019608,0.517647058824,0.38431372549,0.43137254902,0.392156862745,0.266666666667,0.301960784314,0.274509803922,0.152941176471,0.180392156863,0.152941176471,21.0,3.6,-25.4
White LED torch (LED-B3),d-Methamphetamine HCl,positive,0.737254901961,0.8,0.705882352941,0.423529411765,0.329411764706,0.211764705882,0.733333333333,0.58431372549,0.427450980392,0.325490196078,0.454901960784,0.529411764706,0.325490196078,0.423529411765,0.16862745098,0.458823529412,0.474509803922,0.588235294118,0.352941176471,0.705882352941,0.556862745098,0.81568627451,0.525490196078,0.0117647058824,0.219607843137,0.317647058824,0.580392156863,0.725490196078,0.352941176471,0.329411764706,0.309803921569,0.227450980392,0.345098039216,0.572549019608,0.737254901961,0.0117647058824,0.81568627451,0.654901960784,0.00392156862745,0.0745098039216,0.188235294118,0.513725490196,0.274509803922,0.580392156863,0.192156862745,0.647058823529,0.247058823529,0.2,0.862745098039,0.803921568627,0.0,0.678431372549,0.337254901961,0.505882352941,0.00392156862745,0.482352941176,0.56862745098,0.886274509804,0.945098039216,0.792156862745,0.725490196078,0.776470588235,0.666666666667,0.576470588235,0.623529411765,0.529411764706,0.43137254902,0.466666666667,0.4,0.298039215686,0.321568627451,0.274509803922,0.172549019608,0.192156862745,0.160784313725,61.6,-0.7,-5.5
White LED torch (LED-B3),MDMA HCl,positive,0.0078431372549,0.172549019608,0.286274509804,0.423529411765,0.329411764706,0.211764705882,0.733333333333,0.58431372549,0.427450980392,0.325490196078,0.454901960784,0.529411764706,0.325490196078,0.423529411765,0.16862745098,0.458823529412,0.474509803922,0.588235294118,0.352941176471,0.705882352941,0.556862745098,0.81568627451,0.525490196078,0.0117647058824,0.219607843137,0.317647058824,0.580392156863,0.725490196078,0.352941176471,0.329411764706,0.309803921569,0.227450980392,0.345098039216,0.572549019608,0.737254901961,0.0117647058824,0.81568627451,0.654901960784,0.00392156862745,0.0745098039216,0.188235294118,0.513725490196,0.274509803922,0.580392156863,0.192156862745,0.647058823529,0.247058823529,0.2,0.862745098039,0.803921568627,0.0,0.678431372549,0.337254901961,0.505882352941,0.00392156862745,0.482352941176,0.56862745098,0.886274509804,0.945098039216,0.792156862745,0.725490196078,0.776470588235,0.666666666667,0.576470588235,0.623529411765,0.529411764706,0.43137254902,0.466666666667,0.4,0.298039215686,0.321568627451,0.274509803922,0.172549019608,0.192156862745,0.160784313725,19.8,0.3,-24.4
Incandescent bulb (A),Methylphenidate HCl,negative,0.56862745098,0.505882352941,0.509803921569,0.443137254902,0.309803921569,0.2,0.756862745098,0.549019607843,0.41568627451,0.349019607843,0.423529411765,0.482352941176,0.333333333333,0.403921568627,0.176470588235,0.498039215686,0.447058823529,0.533333333333,0.352941176471,0.662745098039,0.549019607843,0.823529411765,0.501960784314,0.0117647058824,0.254901960784,0.298039215686,0.517647058824,0.760784313725,0.345098039216,0.294117647059,0.352941176471,0.21568627451,0.301960784314,0.56862745098,0.694117647059,0.113725490196,0.83137254902,0.619607843137,0.0,0.121568627451,0.176470588235,0.454901960784,0.262745098039,0.537254901961,0.250980392157,0.705882352941,0.23137254902,0.192156862745,0.866666666667,0.752941176471,0.0,0.745098039216,0.321568627451,0.454901960784,0.0,0.447058823529,0.549019607843,0.886274509804,0.870588235294,0.725490196078,0.733333333333,0.717647058824,0.603921568627,0.588235294118,0.580392156863,0.490196078431,0.439215686275,0.439215686275,0.36862745098,0.305882352941,0.309803921569,0.254901960784,0.188235294118,0.188235294118,0.149019607843,60.7,7.3,-10.3
Incandescent bulb (A),Dimethoxy-meth HCl,negative,0.0,0.239215686275,0.38431372549,0.443137254902,0.309803921569,0.2,0.756862745098,0.549019607843,0.41568627451,0.349019607843,0.423529411765,0.482352941176,0.333333333333,0.403921568627,0.176470588235,0.498039215686,0.447058823529,0.533333333333,0.352941176471,0.662745098039,0.549019607843,0.823529411765,0.501960784314,0.0117647058824,0.254901960784,0.298039215686,0.517647058824,0.760784313725,0.345098039216,0.294117647059,0.352941176471,0.21568627451,0.301960784314,0.56862745098,0.694117647059,0.113725490196,0.83137254902,0.619607843137,0.0,0.121568627451,0.176470588235,0.454901960784,0.262745098039,0.537254901961,0.250980392157,0.705882352941,0.23137254902,0.192156862745,0.866666666667,0.752941176471,0.0,0.745098039216,0.321568627451,0.454901960784,0.0,0.447058823529,0.549019607843,0.886274509804,0.870588235294,0.725490196078,0.733333333333,0.717647058824,0.603921568627,0.588235294118,0.580392156863,0.490196078431,0.439215686275,0.439215686275,0.36862745098,0.305882352941,0.309803921569,0.254901960784,0.188235294118,0.188235294118,0.149019607843,30.7,-1.5,-31.8
Daylight (D65),d-Methamphetamine HCl,positive,0.00392156862745,0.2,0.298039215686,0.380392156863,0.309803921569,0.21568627451,0.678431372549,0.576470588235,0.447058823529,0.282352941176,0.478431372549,0.537254901961,0.294117647059,0.411764705882,0.176470588235,0.427450980392,0.505882352941,0.603921568627,0.274509803922,0.741176470588,0.592156862745,0.756862745098,0.458823529412,0.0745098039216,0.164705882353,0.364705882353,0.580392156863,0.686274509804,0.333333333333,0.333333333333,0.294117647059,0.239215686275,0.341176470588,0.529411764706,0.721568627451,0.0274509803922,0.788235294118,0.611764705882,0.00392156862745,0.0235294117647,0.247058823529,0.509803921569,0.219607843137,0.56862745098,0.207843137255,0.619607843137,0.219607843137,0.203921568627,0.81568627451,0.760784313725,0.0,0.658823529412,0.349019607843,0.525490196078,0.0,0.541176470588,0.592156862745,0.803921568627,0.941176470588,0.811764705882,0.654901960784,0.780392156863,0.686274509804,0.525490196078,0.623529411765,0.541176470588,0.38431372549,0.466666666667,0.403921568627,0.270588235294,0.321568627451,0.286274509804,0.152941176471,0.192156862745,0.16862745098,20.4,1.9,-23.6
Daylight (D65),MDMA HCl,positive,0.00392156862745,0.2,0.298039215686,0.380392156863,0.309803921569,0.21568627451,0.678431372549,0.576470588235,0.447058823529,0.282352941176,0.478431372549,0.537254901961,0.294117647059,0.411764705882,0.176470588235,0.427450980392,0.505882352941,0.603921568627,0.274509803922,0.741176470588,0.592156862745,0.756862745098,0.458823529412,0.0745098039216,0.164705882353,0.364705882353,0.580392156863,0.686274509804,0.333333333333,0.333333333333,0.294117647059,0.239215686275,0.341176470588,0.529411764706,0.721568627451,0.0274509803922,0.788235294118,0.611764705882,0.00392156862745,0.0235294117647,0.247058823529,0.509803921569,0.219607843137,0.56862745098,0.207843137255,0.619607843137,0.219607843137,0.203921568627,0.81568627451,0.760784313725,0.0,0.658823529412,0.349019607843,0.525490196078,0.0,0.541176470588,0.592156862745,0.803921568627,0.941176470588,0.811764705882,0.654901960784,0.780392156863,0.686274509804,0.525490196078,0.623529411765,0.541176470588,0.38431372549,0.466666666667,0.403921568627,0.270588235294,0.321568627451,0.286274509804,0.152941176471,0.192156862745,0.16862745098,20.5,2.4,-24.4
Tube light (FL2),d-Methamphetamine HCl,positive,0.0078431372549,0.152941176471,0.258823529412,0.349019607843,0.313725490196,0.16862745098,0.607843137255,0.552941176471,0.36862745098,0.258823529412,0.423529411765,0.478431372549,0.258823529412,0.396078431373,0.125490196078,0.36862745098,0.450980392157,0.533333333333,0.286274509804,0.670588235294,0.509803921569,0.701960784314,0.517647058824,0.0,0.149019607843,0.290196078431,0.513725490196,0.603921568627,0.349019607843,0.278431372549,0.23137254902,0.211764705882,0.301960784314,0.490196078431,0.705882352941,0.0,0.709803921569,0.650980392157,0.00392156862745,0.0274509803922,0.172549019608,0.450980392157,0.219607843137,0.533333333333,0.156862745098,0.505882352941,0.243137254902,0.152941176471,0.737254901961,0.780392156863,0.00392156862745,0.545098039216,0.329411764706,0.450980392157,0.0,0.439215686275,0.525490196078,0.749019607843,0.898039215686,0.698039215686,0.603921568627,0.741176470588,0.58431372549,0.486274509804,0.592156862745,0.462745098039,0.356862745098,0.447058823529,0.345098039216,0.239215686275,0.305882352941,0.235294117647,0.137254901961,0.176470588235,0.133333333333,20.8,1.0,-24.5
White LED torch (LED-B3),Methylphenidate HCl,negative,0.447058823529,0.458823529412,0.596078431373,0.36862745098,0.270588235294,0.192156862745,0.654901960784,0.505882352941,0.423529411765,0.23137254902,0.372549019608,0.560784313725,0.250980392157,0.372549019608,0.141176470588,0.38431372549,0.392156862745,0.63137254902,0.125490196078,0.643137254902,0.592156862745,0.752941176471,0.447058823529,0.00392156862745,0.109803921569,0.211764705882,0.61568627451,0.678431372549,0.270588235294,0.313725490196,0.262745098039,0.156862745098,0.356862745098,0.462745098039,0.682352941176,0.0078431372549,0.760784313725,0.588235294118,0.00392156862745,0.0117647058824,0.0509803921569,0.537254901961,0.0941176470588,0.517647058824,0.16862745098,0.596078431373,0.16862745098,0.156862745098,0.780392156863,0.737254901961,0.0,0.63137254902,0.23137254902,0.521568627451,0.0,0.407843137255,0.61568627451,0.760784313725,0.839215686275,0.835294117647,0.61568627451,0.686274509804,0.694117647059,0.486274509804,0.541176470588,0.552941176471,0.356862745098,0.4,0.407843137255,0.23137254902,0.270588235294,0.278431372549,0.133333333333,0.149019607843,0.152941176471,60.7,6.3,-12.5
White LED torch (LED-B3),d-Methamphetamine HCl,positive,0.0,0.121568627451,0.301960784314,0.36862745098,0.270588235294,0.192156862745,0.654901960784,0.505882352941,0.423529411765,0.23137254902,0.372549019608,0.560784313725,0.250980392157,0.372549019608,0.141176470588,0.38431372549,0.392156862745,0.63137254902,0.125490196078,0.643137254902,0.592156862745,0.752941176471,0.447058823529,0.00392156862745,0.109803921569,0.211764705882,0.61568627451,0.678431372549,0.270588235294,0.313725490196,0.262745098039,0.156862745098,0.356862745098,0.462745098039,0.682352941176,0.0078431372549,0.760784313725,0.588235294118,0.00392156862745,0.0117647058824,0.0509803921569,0.537254901961,0.0941176470588,0.517647058824,0.16862745098,0.596078431373,0.16862745098,0.156862745098,0.780392156863,0.737254901961,0.0,0.63137254902,0.23137254902,0.521568627451,0.0,0.407843137255,0.61568627451,0.760784313725,0.839215686275,0.835294117647,0.61568627451,0.686274509804,0.694117647059,0.486274509804,0.541176470588,0.552941176471,0.356862745098,0.4,0.407843137255,0.23137254902,0.270588235294,0.278431372549,0.133333333333,0.149019607843,0.152941176471,21.3,1.5,-24.2
Incandescent bulb (A),Methylphenidate HCl,negative,0.513725490196,0.482352941176,0.525490196078,0.388235294118,0.270588235294,0.137254901961,0.721568627451,0.505882352941,0.36862745098,0.247058823529,0.38431372549,0.494117647059,0.254901960784,0.372549019608,0.0862745098039,0.435294117647,0.411764705882,0.560784313725,0.0666666666667,0.662745098039,0.572549019608,0.803921568627,0.454901960784,0.0,0.156862745098,0.239215686275,0.533333333333,0.752941176471,0.274509803922,0.23137254902,0.309803921569,0.164705882353,0.298039215686,0.482352941176,0.698039215686,0.0,0.827450980392,0.611764705882,0.00392156862745,0.0274509803922,0.109803921569,0.458823529412,0.0392156862745,0.509803921569,0.164705882353,0.701960784314,0.149019607843,0.078431372549,0.843137254902,0.752941176471,0.0,0.741176470588,0.247058823529,0.447058823529,0.0,0.41568627451,0.580392156863,0.81568627451,0.858823529412,0.733333333333,0.658823529412,0.701960784314,0.607843137255,0.517647058824,0.552941176471,0.478431372549,0.372549019608,0.403921568627,0.345098039216,0.247058823529,0.274509803922,0.235294117647,0.137254901961,0.149019607843,0.121568627451,61.9,6.6,-10.7
Incandescent bulb (A),Methylphenidate HCl,negative,0.509803921569,0.482352941176,0.521568627451,0.388235294118,0.270588235294,0.137254901961,0.721568627451,0.505882352941,0.36862745098,0.247058823529,0.38431372549,0.494117647059,0.254901960784,0.372549019608,0.0862745098039,0.435294117647,0.411764705882,0.560784313725,0.0666666666667,0.662745098039,0.572549019608,0.803921568627,0.454901960784,0.0,0.156862745098,0.239215686275,0.533333333333,0.752941176471,0.274509803922,0.23137254902,0.309803921569,0.164705882353,0.298039215686,0.482352941176,0.698039215686,0.0,0.827450980392,0.611764705882,0.00392156862745,0.0274509803922,0.109803921569,0.458823529412,0.0392156862745,0.509803921569,0.164705882353,0.701960784314,0.149019607843,0.078431372549,0.843137254902,0.752941176471,0.0,0.741176470588,0.247058823529,0.447058823529,0.0,0.41568627451,0.580392156863,0.81568627451,0.858823529412,0.733333333333,0.658823529412,0.701960784314,0.607843137255,0.517647058824,0.552941176471,0.478431372549,0.372549019608,0.403921568627,0.345098039216,0.247058823529,0.274509803922,0.235294117647,0.137254901961,0.149019607843,0.121568627451,61.7,5.9,-10.3
Daylight (D65),Dimethoxy-meth HCl,negative,0.00392156862745,0.333333333333,0.505882352941,0.458823529412,0.349019607843,0.254901960784,0.737254901961,0.6,0.482352941176,0.313725490196,0.509803921569,0.6,0.337254901961,0.454901960784,0.180392156863,0.474509803922,0.529411764706,0.666666666667,0.254901960784,0.760784313725,0.635294117647,0.83137254902,0.486274509804,0.00392156862745,0.192156862745,0.4,0.654901960784,0.760784313725,0.349019607843,0.36862745098,0.360784313725,0.266666666667,0.419607843137,0.56862745098,0.745098039216,0.0,0.835294117647,0.63137254902,0.0,0.0274509803922,0.286274509804,0.592156862745,0.21568627451,0.607843137255,0.188235294118,0.705882352941,0.223529411765,0.23137254902,0.858823529412,0.772549019608,0.0,0.729411764706,0.356862745098,0.576470588235,0.0,0.56862745098,0.654901960784,0.835294117647,0.929411764706,0.835294117647,0.698039215686,0.780392156863,0.721568627451,0.576470588235,0.647058823529,0.592156862745,0.439215686275,0.501960784314,0.458823529412,0.317647058824,0.36862745098,0.333333333333,0.2,0.23137254902,0.211764705882,31.3,4.3,-34.4
Daylight (D65),MDMA HCl,positive,0.00392156862745,0.247058823529,0.36862745098,0.458823529412,0.349019607843,0.254901960784,0.737254901961,0.6,0.482352941176,0.313725490196,0.509803921569,0.6,0.337254901961,0.454901960784,0.180392156863,0.474509803922,0.529411764706,0.666666666667,0.254901960784,0.760784313725,0.635294117647,0.83137254902,0.486274509804,0.00392156862745,0.192156862745,0.4,0.654901960784,0.760784313725,0.349019607843,0.36862745098,0.360784313725,0.266666666667,0.419607843137,0.56862745098,0.745098039216,0.0,0.835294117647,0.63137254902,0.0,0.0274509803922,0.286274509804,0.592156862745,0.21568627451,0.607843137255,0.188235294118,0.705882352941,0.223529411765,0.23137254902,0.858823529412,0.772549019608,0.0,0.729411764706,0.356862745098,0.576470588235,0.0,0.56862745098,0.654901960784,0.835294117647,0.929411764706,0.835294117647,0.698039215686,0.780392156863,0.721568627451,0.576470588235,0.647058823529,0.592156862745,0.439215686275,0.501960784314,0.458823529412,0.317647058824,0.36862745098,0.333333333333,0.2,0.23137254902,0.211764705882,21.0,0.9,-25.7
Tube light (FL2),MDMA HCl,positive,0.0078431372549,0.109803921569,0.329411764706,0.43137254902,0.290196078431,0.176470588235,0.772549019608,0.529411764706,0.43137254902,0.313725490196,0.388235294118,0.603921568627,0.309803921569,0.392156862745,0.105882352941,0.462745098039,0.403921568627,0.674509803922,0.333333333333,0.674509803922,0.639215686275,0.882352941176,0.490196078431,0.00392156862745,0.203921568627,0.211764705882,0.662745098039,0.756862745098,0.270588235294,0.305882352941,0.290196078431,0.164705882353,0.380392156863,0.596078431373,0.729411764706,0.00392156862745,0.890196078431,0.650980392157,0.0,0.0588235294118,0.0392156862745,0.580392156863,0.247058823529,0.545098039216,0.125490196078,0.639215686275,0.160784313725,0.129411764706,0.925490196078,0.796078431373,0.0,0.690196078431,0.223529411765,0.560784313725,0.0,0.403921568627,0.674509803922,0.945098039216,0.898039215686,0.874509803922,0.764705882353,0.733333333333,0.725490196078,0.6,0.576470588235,0.572549019608,0.439215686275,0.423529411765,0.419607843137,0.298039215686,0.286274509804,0.290196078431,0.16862745098,0.156862745098,0.160784313725,21.2,2.1,-24.9
Tube light (FL2),Dimethoxy-meth HCl,negative,0.00392156862745,0.176470588235,0.486274509804,0.43137254902,0.290196078431,0.176470588235,0.772549019608,0.529411764706,0.43137254902,0.313725490196,0.388235294118,0.603921568627,0.309803921569,0.392156862745,0.105882352941,0.462745098039,0.403921568627,0.674509803922,0.333333333333,0.674509803922,0.639215686275,0.882352941176,0.490196078431,0.00392156862745,0.203921568627,0.211764705882,0.662745098039,0.756862745098,0.270588235294,0.305882352941,0.290196078431,0.164705882353,0.380392156863,0.596078431373,0.729411764706,0.00392156862745,0.890196078431,0.650980392157,0.0,0.0588235294118,0.0392156862745,0.580392156863,0.247058823529,0.545098039216,0.125490196078,0.639215686275,0.160784313725,0.129411764706,0.925490196078,0.796078431373,0.0,0.690196078431,0.223529411765,0.560784313725,0.0,0.403921568627,0.674509803922,0.945098039216,0.898039215686,0.874509803922,0.764705882353,0.733333333333,0.725490196078,0.6,0.576470588235,0.572549019608,0.439215686275,0.423529411765,0.419607843137,0.298039215686,0.286274509804,0.290196078431,0.16862745098,0.156862745098,0.160784313725,31.7,3.3,-34.0
White LED torch (LED-B3),Methylphenidate HCl,negative,0.560784313725,0.549019607843,0.623529411765,0.466666666667,0.36862745098,0.274509803922,0.733333333333,0.588235294118,0.482352941176,0.345098039216,0.474509803922,0.6,0.345098039216,0.458823529412,0.219607843137,0.482352941176,0.486274509804,0.658823529412,0.341176470588,0.709803921569,0.627450980392,0.81568627451,0.537254901961,0.0117647058824,0.235294117647,0.329411764706,0.650980392157,0.737254901961,0.372549019608,0.38431372549,0.349019607843,0.250980392157,0.41568627451,0.576470588235,0.741176470588,0.0117647058824,0.811764705882,0.662745098039,0.0,0.0745098039216,0.180392156863,0.592156862745,0.270588235294,0.596078431373,0.250980392157,0.670588235294,0.266666666667,0.243137254902,0.839215686275,0.788235294118,0.0,0.698039215686,0.341176470588,0.572549019608,0.0,0.501960784314,0.639215686275,0.847058823529,0.890196078431,0.827450980392,0.709803921569,0.756862745098,0.717647058824,0.588235294118,0.627450980392,0.596078431373,0.450980392157,0.490196078431,0.458823529412,0.333333333333,0.356862745098,0.341176470588,0.21568627451,0.23137254902,0.21568627451,60.6,7.7,-10.9
White LED torch (LED-B3),d-Methamphetamine HCl,positive,0.0078431372549,0.2,0.364705882353,0.466666666667,0.36862745098,0.274509803922,0.733333333333,0.588235294118,0.482352941176,0.345098039216,0.474509803922,0.6,0.345098039216,0.458823529412,0.219607843137,0.482352941176,0.486274509804,0.658823529412,0.341176470588,0.709803921569,0.627450980392,0.81568627451,0.537254901961,0.0117647058824,0.235294117647,0.329411764706,0.650980392157,0.737254901961,0.372549019608,0.38431372549,0.349019607843,0.250980392157,0.41568627451,0.576470588235,0.741176470588,0.0117647058824,0.811764705882,0.662745098039,0.0,0.0745098039216,0.180392156863,0.592156862745,0.270588235294,0.596078431373,0.250980392157,0.670588235294,0.266666666667,0.243137254902,0.839215686275,0.788235294118,0.0,0.698039215686,0.341176470588,0.572549019608,0.0,0.501960784314,0.639215686275,0.847058823529,0.890196078431,0.827450980392,0.709803921569,0.756862745098,0.717647058824,0.588235294118,0.627450980392,0.596078431373,0.450980392157,0.490196078431,0.458823529412,0.333333333333,0.356862745098,0.341176470588,0.21568627451,0.23137254902,0.21568627451,19.5,0.8,-26.3
Incandescent bulb (A),Dimethoxy-meth HCl,negative,0.490196078431,0.592156862745,0.6,0.435294117647,0.337254901961,0.21568627451,0.725490196078,0.564705882353,0.439215686275,0.313725490196,0.443137254902,0.517647058824,0.309803921569,0.419607843137,0.18431372549,0.466666666667,0.466666666667,0.56862745098,0.270588235294,0.678431372549,0.580392156863,0.796078431373,0.529411764706,0.0078431372549,0.227450980392,0.313725490196,0.549019607843,0.745098039216,0.36862745098,0.313725490196,0.349019607843,0.23137254902,0.333333333333,0.537254901961,0.713725490196,0.137254901961,0.8,0.647058823529,0.0,0.0745098039216,0.18431372549,0.486274509804,0.207843137255,0.560784313725,0.278431372549,0.698039215686,0.262745098039,0.203921568627,0.83137254902,0.776470588235,0.00392156862745,0.721568627451,0.349019607843,0.482352941176,0.0,0.466666666667,0.58431372549,0.839215686275,0.898039215686,0.76862745098,0.690196078431,0.745098039216,0.647058823529,0.560784313725,0.607843137255,0.521568627451,0.419607843137,0.462745098039,0.4,0.298039215686,0.329411764706,0.282352941176,0.18431372549,0.2,0.164705882353,48.6,-2.8,-19.6
Incandescent bulb (A),Dimethoxy-meth HCl,negative,0.0,0.254901960784,0.411764705882,0.435294117647,0.337254901961,0.21568627451,0.725490196078,0.564705882353,0.439215686275,0.313725490196,0.443137254902,0.517647058824,0.309803921569,0.419607843137,0.18431372549,0.466666666667,0.466666666667,0.56862745098,0.270588235294,0.678431372549,0.580392156863,0.796078431373,0.529411764706,0.0078431372549,0.227450980392,0.313725490196,0.549019607843,0.745098039216,0.36862745098,0.313725490196,0.349019607843,0.23137254902,0.333333333333,0.537254901961,0.713725490196,0.137254901961,0.8,0.647058823529,0.0,0.0745098039216,0.18431372549,0.486274509804,0.207843137255,0.560784313725,0.278431372549,0.698039215686,0.262745098039,0.203921568627,0.83137254902,0.776470588235,0.00392156862745,0.721568627451,0.349019607843,0.482352941176,0.0,0.466666666667,0.58431372549,0.839215686275,0.898039215686,0.76862745098,0.690196078431,0.745098039216,0.647058823529,0.560784313725,0.607843137255,0.521568627451,0.419607843137,0.462745098039,0.4,0.298039215686,0.329411764706,0.282352941176,0.18431372549,0.2,0.164705882353,30.4,-1.3,-31.8
Daylight (D65),MDMA HCl,positive,0.607843137255,0.690196078431,0.647058823529,0.423529411765,0.317647058824,0.235294117647,0.729411764706,0.58431372549,0.470588235294,0.325490196078,0.486274509804,0.556862745098,0.329411764706,0.423529411765,0.196078431373,0.470588235294,0.513725490196,0.623529411765,0.356862745098,0.749019607843,0.61568627451,0.811764705882,0.478431372549,0.121568627451,0.219607843137,0.372549019608,0.603921568627,0.733333333333,0.337254901961,0.352941176471,0.325490196078,0.243137254902,0.364705882353,0.58431372549,0.729411764706,0.105882352941,0.83137254902,0.619607843137,0.0,0.0745098039216,0.262745098039,0.525490196078,0.274509803922,0.58431372549,0.235294117647,0.666666666667,0.227450980392,0.223529411765,0.874509803922,0.772549019608,0.0,0.701960784314,0.352941176471,0.533333333333,0.0,0.549019607843,0.61568627451,0.886274509804,0.960784313725,0.850980392157,0.725490196078,0.796078431373,0.709803921569,0.580392156863,0.635294117647,0.56862745098,0.43137254902,0.478431372549,0.423529411765,0.301960784314,0.333333333333,0.298039215686,0.176470588235,0.2,0.172549019608,37.0,-1.1,-14.8
Daylight (D65),Methylphenidate HCl,negative,0.549019607843,0.564705882353,0.6,0.423529411765,0.317647058824,0.235294117647,0.729411764706,0.58431372549,0.470588235294,0.325490196078,0.486274509804,0.556862745098,0.329411764706,0.423529411765,0.196078431373,0.470588235294,0.513725490196,0.623529411765,0.356862745098,0.749019607843,0.61568627451,0.811764705882,0.478431372549,0.121568627451,0.219607843137,0.372549019608,0.603921568627,0.733333333333,0.337254901961,0.352941176471,0.325490196078,0.243137254902,0.364705882353,0.58431372549,0.729411764706,0.105882352941,0.83137254902,0.619607843137,0.0,0.0745098039216,0.262745098039,0.525490196078,0.274509803922,0.58431372549,0.235294117647,0.666666666667,0.227450980392,0.223529411765,0.874509803922,0.772549019608,0.0,0.701960784314,0.352941176471,0.533333333333,0.0,0.549019607843,0.61568627451,0.886274509804,0.960784313725,0.850980392157,0.725490196078,0.796078431373,0.709803921569,0.580392156863,0.635294117647,0.56862745098,0.43137254902,0.478431372549,0.423529411765,0.301960784314,0.333333333333,0.298039215686,0.176470588235,0.2,0.172549019608,60.7,8.1,-11.8
Tube light (FL2),Dimethoxy-meth HCl,negative,0.0078431372549,0.270588235294,0.466666666667,0.458823529412,0.36862745098,0.243137254902,0.741176470588,0.6,0.466666666667,0.38431372549,0.470588235294,0.564705882353,0.372549019608,0.450980392157,0.207843137255,0.498039215686,0.494117647059,0.627450980392,0.443137254902,0.709803921569,0.611764705882,0.819607843137,0.564705882353,0.0,0.274509803922,0.329411764706,0.607843137255,0.717647058824,0.392156862745,0.36862745098,0.329411764706,0.254901960784,0.388235294118,0.627450980392,0.745098039216,0.0235294117647,0.83137254902,0.690196078431,0.0,0.133333333333,0.196078431373,0.541176470588,0.356862745098,0.58431372549,0.254901960784,0.61568627451,0.286274509804,0.227450980392,0.870588235294,0.811764705882,0.0,0.666666666667,0.364705882353,0.545098039216,0.0705882352941,0.482352941176,0.619607843137,0.898039215686,0.913725490196,0.807843137255,0.756862745098,0.76862745098,0.686274509804,0.623529411765,0.635294117647,0.56862745098,0.478431372549,0.490196078431,0.439215686275,0.349019607843,0.360784313725,0.317647058824,0.223529411765,0.227450980392,0.203921568627,30.9,-1.4,-32.1
Tube light (FL2),Dimethoxy-meth HCl,negative,0.00392156862745,0.270588235294,0.474509803922,0.458823529412,0.36862745098,0.243137254902,0.741176470588,0.6,0.466666666667,0.38431372549,0.470588235294,0.564705882353,0.372549019608,0.450980392157,0.207843137255,0.498039215686,0.494117647059,0.627450980392,0.443137254902,0.709803921569,0.611764705882,0.819607843137,0.564705882353,0.0,0.274509803922,0.329411764706,0.607843137255,0.717647058824,0.392156862745,0.36862745098,0.329411764706,0.254901960784,0.388235294118,0.627450980392,0.745098039216,0.0235294117647,0.83137254902,0.690196078431,0.0,0.133333333333,0.196078431373,0.541176470588,0.356862745098,0.58431372549,0.254901960784,0.61568627451,0.286274509804,0.227450980392,0.870588235294,0.811764705882,0.0,0.666666666667,0.364705882353,0.545098039216,0.0705882352941,0.482352941176,0.619607843137,0.898039215686,0.913725490196,0.807843137255,0.756862745098,0.76862745098,0.686274509804,0.623529411765,0.635294117647,0.56862745098,0.478431372549,0.490196078431,0.439215686275,0.349019607843,0.360784313725,0.317647058824,0.223529411765,0.227450980392,0.203921568627,31.0,-0.2,-33.5
White LED torch (LED-B3),d-Methamphetamine HCl,positive,0.0,0.2,0.356862745098,0.435294117647,0.349019607843,0.211764705882,0.717647058824,0.592156862745,0.423529411765,0.274509803922,0.474509803922,0.588235294118,0.301960784314,0.454901960784,0.129411764706,0.443137254902,0.490196078431,0.654901960784,0.152941176471,0.737254901961,0.6,0.807843137255,0.529411764706,0.00392156862745,0.149019607843,0.325490196078,0.650980392157,0.741176470588,0.360784313725,0.337254901961,0.325490196078,0.243137254902,0.407843137255,0.521568627451,0.760784313725,0.0,0.811764705882,0.674509803922,0.0,0.0196078431373,0.180392156863,0.588235294118,0.117647058824,0.603921568627,0.101960784314,0.670588235294,0.247058823529,0.176470588235,0.827450980392,0.807843137255,0.0,0.701960784314,0.337254901961,0.560784313725,0.00392156862745,0.513725490196,0.639215686275,0.803921568627,0.917647058824,0.796078431373,0.666666666667,0.776470588235,0.686274509804,0.545098039216,0.635294117647,0.556862745098,0.419607843137,0.490196078431,0.435294117647,0.298039215686,0.356862745098,0.313725490196,0.18431372549,0.223529411765,0.192156862745,20.7,2.3,-26.0
White LED torch (LED-B3),d-Methamphetamine HCl,positive,0.0,0.203921568627,0.360784313725,0.435294117647,0.349019607843,0.211764705882,0.717647058824,0.592156862745,0.423529411765,0.274509803922,0.474509803922,0.588235294118,0.301960784314,0.454901960784,0.129411764706,0.443137254902,0.490196078431,0.654901960784,0.152941176471,0.737254901961,0.6,0.807843137255,0.529411764706,0.00392156862745,0.149019607843,0.325490196078,0.650980392157,0.741176470588,0.360784313725,0.337254901961,0.325490196078,0.243137254902,0.407843137255,0.521568627451,0.760784313725,0.0,0.811764705882,0.674509803922,0.0,0.0196078431373,0.180392156863,0.588235294118,0.117647058824,0.603921568627,0.101960784314,0.670588235294,0.247058823529,0.176470588235,0.827450980392,0.807843137255,0.0,0.701960784314,0.337254901961,0.560784313725,0.00392156862745,0.513725490196,0.639215686275,0.803921568627,0.917647058824,0.796078431373,0.666666666667,0.776470588235,0.686274509804,0.545098039216,0.635294117647,0.556862745098,0.419607843137,0.490196078431,0.435294117647,0.298039215686,0.356862745098,0.313725490196,0.18431372549,0.223529411765,0.192156862745,20.7,2.3,-26.0
Incandescent bulb (A),MDMA HCl,positive,0.00392156862745,0.145098039216,0.262745098039,0.388235294118,0.294117647059,0.2,0.670588235294,0.525490196078,0.423529411765,0.290196078431,0.4,0.486274509804,0.290196078431,0.376470588235,0.192156862745,0.435294117647,0.423529411765,0.545098039216,0.274509803922,0.635294117647,0.572549019608,0.737254901961,0.482352941176,0.0823529411765,0.192156862745,0.262745098039,0.505882352941,0.686274509804,0.333333333333,0.301960784314,0.305882352941,0.203921568627,0.309803921569,0.513725490196,0.670588235294,0.223529411765,0.752941176471,0.607843137255,0.0196078431373,0.0666666666667,0.141176470588,0.439215686275,0.2,0.505882352941,0.278431372549,0.643137254902,0.235294117647,0.2,0.788235294118,0.737254901961,0.0549019607843,0.674509803922,0.313725490196,0.458823529412,0.0,0.419607843137,0.560784313725,0.788235294118,0.835294117647,0.749019607843,0.647058823529,0.690196078431,0.627450980392,0.513725490196,0.556862745098,0.501960784314,0.380392156863,0.419607843137,0.376470588235,0.270588235294,0.290196078431,0.266666666667,0.160784313725,0.172549019608,0.152941176471,19.4,-2.0,-23.0
Incandescent bulb (A),Methylphenidate HCl,negative,0.498039215686,0.490196078431,0.533333333333,0.388235294118,0.294117647059,0.2,0.670588235294,0.525490196078,0.423529411765,0.290196078431,0.4,0.486274509804,0.290196078431,0.376470588235,0.192156862745,0.435294117647,0.423529411765,0.545098039216,0.274509803922,0.635294117647,0.572549019608,0.737254901961,0.482352941176,0.0823529411765,0.192156862745,0.262745098039,0.505882352941,0.686274509804,0.333333333333,0.301960784314,0.305882352941,0.203921568627,0.309803921569,0.513725490196,0.670588235294,0.223529411765,0.752941176471,0.607843137255,0.0196078431373,0.0666666666667,0.141176470588,0.439215686275,0.2,0.505882352941,0.278431372549,0.643137254902,0.235294117647,0.2,0.788235294118,0.737254901961,0.0549019607843,0.674509803922,0.313725490196,0.458823529412,0.0,0.419607843137,0.560784313725,0.788235294118,0.835294117647,0.749019607843,0.647058823529,0.690196078431,0.627450980392,0.513725490196,0.556862745098,0.501960784314,0.380392156863,0.419607843137,0.376470588235,0.270588235294,0.290196078431,0.266666666667,0.160784313725,0.172549019608,0.152941176471,61.6,6.9,-11.5
Daylight (D65),Dimethoxy-meth HCl,negative,0.0,0.278431372549,0.443137254902,0.4,0.290196078431,0.219607843137,0.694117647059,0.533333333333,0.447058823529,0.290196078431,0.447058823529,0.549019607843,0.301960784314,0.392156862745,0.172549019608,0.439215686275,0.470588235294,0.619607843137,0.290196078431,0.698039215686,0.6,0.772549019608,0.427450980392,0.0156862745098,0.180392156863,0.333333333333,0.596078431373,0.701960784314,0.298039215686,0.341176470588,0.309803921569,0.21568627451,0.360784313725,0.541176470588,0.686274509804,0.00392156862745,0.796078431373,0.572549019608,0.0,0.0392156862745,0.223529411765,0.521568627451,0.219607843137,0.545098039216,0.2,0.639215686275,0.18431372549,0.2,0.827450980392,0.717647058824,0.0,0.678431372549,0.305882352941,0.525490196078,0.0,0.509803921569,0.611764705882,0.819607843137,0.874509803922,0.807843137255,0.674509803922,0.725490196078,0.686274509804,0.541176470588,0.58431372549,0.549019607843,0.403921568627,0.443137254902,0.411764705882,0.282352941176,0.309803921569,0.290196078431,0.164705882353,0.18431372549,0.172549019608,30.9,3.0,-33.3
Daylight (D65),d-Methamphetamine HCl,positive,0.0078431372549,0.188235294118,0.309803921569,0.4,0.290196078431,0.219607843137,0.694117647059,0.533333333333,0.447058823529,0.290196078431,0.447058823529,0.549019607843,0.301960784314,0.392156862745,0.172549019608,0.439215686275,0.470588235294,0.619607843137,0.290196078431,0.698039215686,0.6,0.772549019608,0.427450980392,0.0156862745098,0.180392156863,0.333333333333,0.596078431373,0.701960784314,0.298039215686,0.341176470588,0.309803921569,0.21568627451,0.360784313725,0.541176470588,0.686274509804,0.00392156862745,0.796078431373,0.572549019608,0.0,0.0392156862745,0.223529411765,0.521568627451,0.219607843137,0.545098039216,0.2,0.639215686275,0.18431372549,0.2,0.827450980392,0.717647058824,0.0,0.678431372549,0.305882352941,0.525490196078,0.0,0.509803921569,0.611764705882,0.819607843137,0.874509803922,0.807843137255,0.674509803922,0.725490196078,0.686274509804,0.541176470588,0.58431372549,0.549019607843,0.403921568627,0.443137254902,0.411764705882,0.282352941176,0.309803921569,0.290196078431,0.164705882353,0.18431372549,0.172549019608,20.0,2.1,-25.2
Incandescent bulb (A),MDMA HCl,positive,0.00392156862745,0.16862745098,0.333333333333,0.466666666667,0.341176470588,0.250980392157,0.788235294118,0.580392156863,0.505882352941,0.345098039216,0.447058823529,0.58431372549,0.341176470588,0.439215686275,0.23137254902,0.509803921569,0.466666666667,0.647058823529,0.305882352941,0.705882352941,0.674509803922,0.862745098039,0.541176470588,0.0196078431373,0.243137254902,0.294117647059,0.619607843137,0.807843137255,0.36862745098,0.360784313725,0.376470588235,0.227450980392,0.376470588235,0.58431372549,0.745098039216,0.239215686275,0.874509803922,0.678431372549,0.0,0.0862745098039,0.145098039216,0.545098039216,0.23137254902,0.580392156863,0.333333333333,0.756862745098,0.254901960784,0.23137254902,0.905882352941,0.811764705882,0.00392156862745,0.788235294118,0.333333333333,0.545098039216,0.0,0.470588235294,0.666666666667,0.913725490196,0.921568627451,0.878431372549,0.752941176471,0.764705882353,0.741176470588,0.607843137255,0.623529411765,0.6,0.458823529412,0.474509803922,0.454901960784,0.325490196078,0.337254901961,0.325490196078,0.2,0.203921568627,0.192156862745,19.8,-1.2,-24.3
Incandescent bulb (A),Methylphenidate HCl,negative,0.58431372549,0.541176470588,0.619607843137,0.466666666667,0.341176470588,0.250980392157,0.788235294118,0.580392156863,0.505882352941,0.345098039216,0.447058823529,0.58431372549,0.341176470588,0.439215686275,0.23137254902,0.509803921569,0.466666666667,0.647058823529,0.305882352941,0.705882352941,0.674509803922,0.862745098039,0.541176470588,0.0196078431373,0.243137254902,0.294117647059,0.619607843137,0.807843137255,0.36862745098,0.360784313725,0.376470588235,0.227450980392,0.376470588235,0.58431372549,0.745098039216,0.239215686275,0.874509803922,0.678431372549,0.0,0.0862745098039,0.145098039216,0.545098039216,0.23137254902,0.580392156863,0.333333333333,0.756862745098,0.254901960784,0.23137254902,0.905882352941,0.811764705882,0.00392156862745,0.788235294118,0.333333333333,0.545098039216,0.0,0.470588235294,0.666666666667,0.913725490196,0.921568627451,0.878431372549,0.752941176471,0.764705882353,0.741176470588,0.607843137255,0.623529411765,0.6,0.458823529412,0.474509803922,0.454901960784,0.325490196078,0.337254901961,0.325490196078,0.2,0.203921568627,0.192156862745,60.4,6.8,-10.1
Daylight (D65),Dimethoxy-meth HCl,negative,0.0,0.192156862745,0.411764705882,0.349019607843,0.21568627451,0.176470588235,0.635294117647,0.427450980392,0.396078431373,0.207843137255,0.349019607843,0.521568627451,0.235294117647,0.313725490196,0.113725490196,0.364705882353,0.360784313725,0.592156862745,0.105882352941,0.592156862745,0.560784313725,0.725490196078,0.325490196078,0.0,0.101960784314,0.23137254902,0.572549019608,0.647058823529,0.172549019608,0.282352941176,0.250980392157,0.133333333333,0.325490196078,0.454901960784,0.588235294118,0.00392156862745,0.737254901961,0.466666666667,0.0,0.0117647058824,0.125490196078,0.501960784314,0.0901960784314,0.458823529412,0.117647058824,0.58431372549,0.043137254902,0.129411764706,0.764705882353,0.611764705882,0.0,0.619607843137,0.16862745098,0.490196078431,0.0,0.403921568627,0.572549019608,0.749019607843,0.764705882353,0.8,0.6,0.61568627451,0.658823529412,0.462745098039,0.478431372549,0.513725490196,0.333333333333,0.345098039216,0.372549019608,0.21568627451,0.23137254902,0.254901960784,0.117647058824,0.121568627451,0.137254901961,30.9,5.1,-33.5
Daylight (D65),Methylphenidate HCl,negative,0.443137254902,0.403921568627,0.549019607843,0.349019607843,0.21568627451,0.176470588235,0.635294117647,0.427450980392,0.396078431373,0.207843137255,0.349019607843,0.521568627451,0.235294117647,0.313725490196,0.113725490196,0.364705882353,0.360784313725,0.592156862745,0.105882352941,0.592156862745,0.560784313725,0.725490196078,0.325490196078,0.0,0.101960784314,0.23137254902,0.572549019608,0.647058823529,0.172549019608,0.282352941176,0.250980392157,0.133333333333,0.325490196078,0.454901960784,0.588235294118,0.00392156862745,0.737254901961,0.466666666667,0.0,0.0117647058824,0.125490196078,0.501960784314,0.0901960784314,0.458823529412,0.117647058824,0.58431372549,0.043137254902,0.129411764706,0.764705882353,0.611764705882,0.0,0.619607843137,0.16862745098,0.490196078431,0.0,0.403921568627,0.572549019608,0.749019607843,0.764705882353,0.8,0.6,0.61568627451,0.658823529412,0.462745098039,0.478431372549,0.513725490196,0.333333333333,0.345098039216,0.372549019608,0.21568627451,0.23137254902,0.254901960784,0.117647058824,0.121568627451,0.137254901961,60.4,8.6,-11.5
Tube light (FL2),MDMA HCl,positive,0.0078431372549,0.117647058824,0.309803921569,0.427450980392,0.298039215686,0.16862745098,0.772549019608,0.541176470588,0.41568627451,0.313725490196,0.4,0.58431372549,0.313725490196,0.396078431373,0.0862745098039,0.454901960784,0.41568627451,0.650980392157,0.321568627451,0.678431372549,0.607843137255,0.882352941176,0.498039215686,0.0,0.2,0.23137254902,0.647058823529,0.752941176471,0.286274509804,0.294117647059,0.282352941176,0.172549019608,0.364705882353,0.592156862745,0.733333333333,0.0,0.874509803922,0.650980392157,0.00392156862745,0.0588235294118,0.0745098039216,0.560784313725,0.243137254902,0.549019607843,0.0980392156863,0.627450980392,0.176470588235,0.121568627451,0.909803921569,0.803921568627,0.0,0.678431372549,0.239215686275,0.537254901961,0.00392156862745,0.41568627451,0.643137254902,0.929411764706,0.913725490196,0.843137254902,0.752941176471,0.745098039216,0.694117647059,0.592156862745,0.58431372549,0.552941176471,0.427450980392,0.423529411765,0.403921568627,0.286274509804,0.286274509804,0.270588235294,0.160784313725,0.160784313725,0.145098039216,20.5,2.7,-24.9
Tube light (FL2),MDMA HCl,positive,0.0078431372549,0.117647058824,0.305882352941,0.427450980392,0.298039215686,0.16862745098,0.772549019608,0.541176470588,0.41568627451,0.313725490196,0.4,0.58431372549,0.313725490196,0.396078431373,0.0862745098039,0.454901960784,0.41568627451,0.650980392157,0.321568627451,0.678431372549,0.607843137255,0.882352941176,0.498039215686,0.0,0.2,0.23137254902,0.647058823529,0.752941176471,0.286274509804,0.294117647059,0.282352941176,0.172549019608,0.364705882353,0.592156862745,0.733333333333,0.0,0.874509803922,0.650980392157,0.00392156862745,0.0588235294118,0.0745098039216,0.560784313725,0.243137254902,0.549019607843,0.0980392156863,0.627450980392,0.176470588235,0.121568627451,0.909803921569,0.803921568627,0.0,0.678431372549,0.239215686275,0.537254901961,0.00392156862745,0.41568627451,0.643137254902,0.929411764706,0.913725490196,0.843137254902,0.752941176471,0.745098039216,0.694117647059,0.592156862745,0.58431372549,0.552941176471,0.427450980392,0.423529411765,0.403921568627,0.286274509804,0.286274509804,0.270588235294,0.160784313725,0.160784313725,0.145098039216,20.5,2.7,-24.9
White LED torch (LED-B3),d-Methamphetamine HCl,positive,0.0078431372549,0.2,0.360784313725,0.470588235294,0.360784313725,0.274509803922,0.764705882353,0.6,0.505882352941,0.376470588235,0.474509803922,0.603921568627,0.376470588235,0.454901960784,0.247058823529,0.513725490196,0.490196078431,0.662745098039,0.411764705882,0.725490196078,0.647058823529,0.847058823529,0.545098039216,0.0901960784314,0.266666666667,0.325490196078,0.650980392157,0.764705882353,0.380392156863,0.396078431373,0.356862745098,0.247058823529,0.411764705882,0.623529411765,0.752941176471,0.141176470588,0.854901960784,0.674509803922,0.0,0.109803921569,0.176470588235,0.580392156863,0.329411764706,0.603921568627,0.290196078431,0.686274509804,0.274509803922,0.262745098039,0.890196078431,0.811764705882,0.0,0.721568627451,0.352941176471,0.580392156863,0.0078431372549,0.505882352941,0.647058823529,0.913725490196,0.921568627451,0.870588235294,0.764705882353,0.776470588235,0.741176470588,0.627450980392,0.639215686275,0.611764705882,0.482352941176,0.490196078431,0.470588235294,0.352941176471,0.356862745098,0.345098039216,0.227450980392,0.227450980392,0.21568627451,19.6,-0.5,-25.0
Incandescent bulb (A),Methylphenidate HCl,negative,0.61568627451,0.56862745098,0.647058823529,0.498039215686,0.372549019608,0.290196078431,0.803921568627,0.611764705882,0.545098039216,0.380392156863,0.478431372549,0.607843137255,0.380392156863,0.466666666667,0.278431372549,0.545098039216,0.501960784314,0.670588235294,0.364705882353,0.729411764706,0.701960784314,0.878431372549,0.572549019608,0.129411764706,0.278431372549,0.325490196078,0.639215686275,0.819607843137,0.403921568627,0.407843137255,0.403921568627,0.254901960784,0.403921568627,0.61568627451,0.76862745098,0.313725490196,0.886274509804,0.705882352941,0.0313725490196,0.113725490196,0.172549019608,0.56862745098,0.286274509804,0.603921568627,0.372549019608,0.772549019608,0.298039215686,0.274509803922,0.917647058824,0.83137254902,0.105882352941,0.803921568627,0.36862745098,0.576470588235,0.0,0.494117647059,0.690196078431,0.929411764706,0.933333333333,0.901960784314,0.776470588235,0.78431372549,0.764705882353,0.639215686275,0.647058823529,0.627450980392,0.494117647059,0.501960784314,0.490196078431,0.356862745098,0.364705882353,0.352941176471,0.23137254902,0.23137254902,0.223529411765,60.9,6.4,-10.2
Incandescent bulb (A),MDMA HCl,positive,0.00392156862745,0.2,0.356862745098,0.498039215686,0.372549019608,0.290196078431,0.803921568627,0.611764705882,0.545098039216,0.380392156863,0.478431372549,0.607843137255,0.380392156863,0.466666666667,0.278431372549,0.545098039216,0.501960784314,0.670588235294,0.364705882353,0.729411764706,0.701960784314,0.878431372549,0.572549019608,0.129411764706,0.278431372549,0.325490196078,0.639215686275,0.819607843137,0.403921568627,0.407843137255,0.403921568627,0.254901960784,0.403921568627,0.61568627451,0.76862745098,0.313725490196,0.886274509804,0.705882352941,0.0313725490196,0.113725490196,0.172549019608,0.56862745098,0.286274509804,0.603921568627,0.372549019608,0.772549019608,0.298039215686,0.274509803922,0.917647058824,0.83137254902,0.105882352941,0.803921568627,0.36862745098,0.576470588235,0.0,0.494117647059,0.690196078431,0.929411764706,0.933333333333,0.901960784314,0.776470588235,0.78431372549,0.764705882353,0.639215686275,0.647058823529,0.627450980392,0.494117647059,0.501960784314,0.490196078431,0.356862745098,0.364705882353,0.352941176471,0.23137254902,0.23137254902,0.223529411765,19.8,-1.6,-23.9
Daylight (D65),Methylphenidate HCl,negative,0.533333333333,0.541176470588,0.639215686275,0.43137254902,0.317647058824,0.262745098039,0.709803921569,0.560784313725,0.490196078431,0.313725490196,0.470588235294,0.6,0.325490196078,0.419607843137,0.223529411765,0.458823529412,0.490196078431,0.670588235294,0.301960784314,0.713725490196,0.647058823529,0.796078431373,0.458823529412,0.0627450980392,0.196078431373,0.352941176471,0.643137254902,0.725490196078,0.325490196078,0.38431372549,0.333333333333,0.239215686275,0.403921568627,0.564705882353,0.709803921569,0.0627450980392,0.81568627451,0.6,0.00392156862745,0.043137254902,0.239215686275,0.56862745098,0.247058823529,0.572549019608,0.254901960784,0.666666666667,0.211764705882,0.239215686275,0.839215686275,0.745098039216,0.0,0.698039215686,0.325490196078,0.576470588235,0.0,0.529411764706,0.654901960784,0.83137254902,0.890196078431,0.870588235294,0.690196078431,0.745098039216,0.745098039216,0.564705882353,0.611764705882,0.607843137255,0.43137254902,0.466666666667,0.462745098039,0.301960784314,0.337254901961,0.333333333333,0.188235294118,0.207843137255,0.207843137255,60.3,8.0,-12.3
Daylight (D65),d-Methamphetamine HCl,positive,0.00392156862745,0.207843137255,0.349019607843,0.43137254902,0.317647058824,0.262745098039,0.709803921569,0.560784313725,0.490196078431,0.313725490196,0.470588235294,0.6,0.325490196078,0.419607843137,0.223529411765,0.458823529412,0.490196078431,0.670588235294,0.301960784314,0.713725490196,0.647058823529,0.796078431373,0.458823529412,0.0627450980392,0.196078431373,0.352941176471,0.643137254902,0.725490196078,0.325490196078,0.38431372549,0.333333333333,0.239215686275,0.403921568627,0.564705882353,0.709803921569,0.0627450980392,0.81568627451,0.6,0.00392156862745,0.043137254902,0.239215686275,0.56862745098,0.247058823529,0.572549019608,0.254901960784,0.666666666667,0.211764705882,0.239215686275,0.839215686275,0.745098039216,0.0,0.698039215686,0.325490196078,0.576470588235,0.0,0.529411764706,0.654901960784,0.83137254902,0.890196078431,0.870588235294,0.690196078431,0.745098039216,0.745098039216,0.564705882353,0.611764705882,0.607843137255,0.43137254902,0.466666666667,0.462745098039,0.301960784314,0.337254901961,0.333333333333,0.188235294118,0.207843137255,0.207843137255,19.6,0.4,-25.6
Tube light (FL2),Methylphenidate HCl,negative,0.537254901961,0.494117647059,0.560784313725,0.392156862745,0.286274509804,0.172549019608,0.709803921569,0.529411764706,0.4,0.305882352941,0.392156862745,0.525490196078,0.301960784314,0.380392156863,0.129411764706,0.439215686275,0.41568627451,0.6,0.360784313725,0.666666666667,0.576470588235,0.811764705882,0.490196078431,0.0,0.196078431373,0.239215686275,0.572549019608,0.690196078431,0.298039215686,0.286274509804,0.262745098039,0.176470588235,0.329411764706,0.580392156863,0.713725490196,0.0,0.83137254902,0.647058823529,0.0,0.0666666666667,0.101960784314,0.494117647059,0.266666666667,0.521568627451,0.160784313725,0.572549019608,0.196078431373,0.149019607843,0.870588235294,0.780392156863,0.0,0.635294117647,0.270588235294,0.494117647059,0.0078431372549,0.407843137255,0.596078431373,0.890196078431,0.882352941176,0.788235294118,0.717647058824,0.721568627451,0.650980392157,0.564705882353,0.56862745098,0.517647058824,0.411764705882,0.419607843137,0.372549019608,0.274509803922,0.282352941176,0.254901960784,0.156862745098,0.156862745098,0.137254901961,61.7,8.5,-10.8
Tube light (FL2),d-Methamphetamine HCl,positive,0.0078431372549,0.121568627451,0.282352941176,0.392156862745,0.286274509804,0.172549019608,0.709803921569,0.529411764706,0.4,0.305882352941,0.392156862745,0.525490196078,0.301960784314,0.380392156863,0.129411764706,0.439215686275,0.41568627451,0.6,0.360784313725,0.666666666667,0.576470588235,0.811764705882,0.490196078431,0.0,0.196078431373,0.239215686275,0.572549019608,0.690196078431,0.298039215686,0.286274509804,0.262745098039,0.176470588235,0.329411764706,0.580392156863,0.713725490196,0.0,0.83137254902,0.647058823529,0.0,0.0666666666667,0.101960784314,0.494117647059,0.266666666667,0.521568627451,0.160784313725,0.572549019608,0.196078431373,0.149019607843,0.870588235294,0.780392156863,0.0,0.635294117647,0.270588235294,0.494117647059,0.0078431372549,0.407843137255,0.596078431373,0.890196078431,0.882352941176,0.788235294118,0.717647058824,0.721568627451,0.650980392157,0.564705882353,0.56862745098,0.517647058824,0.411764705882,0.419607843137,0.372549019608,0.274509803922,0.282352941176,0.254901960784,0.156862745098,0.156862745098,0.137254901961,21.0,0.8,-24.8
White LED torch (LED-B3),Methylphenidate HCl,negative,0.509803921569,0.43137254902,0.56862745098,0.380392156863,0.254901960784,0.203921568627,0.698039215686,0.490196078431,0.435294117647,0.298039215686,0.352941176471,0.529411764706,0.286274509804,0.345098039216,0.18431372549,0.423529411765,0.36862745098,0.596078431373,0.345098039216,0.619607843137,0.588235294118,0.788235294118,0.439215686275,0.109803921569,0.188235294118,0.2,0.572549019608,0.690196078431,0.266666666667,0.325490196078,0.266666666667,0.145098039216,0.325490196078,0.549019607843,0.658823529412,0.16862745098,0.8,0.576470588235,0.0274509803922,0.0666666666667,0.0509803921569,0.494117647059,0.258823529412,0.498039215686,0.235294117647,0.603921568627,0.176470588235,0.196078431373,0.847058823529,0.721568627451,0.0117647058824,0.643137254902,0.23137254902,0.501960784314,0.0235294117647,0.38431372549,0.58431372549,0.878431372549,0.835294117647,0.850980392157,0.705882352941,0.666666666667,0.698039215686,0.545098039216,0.525490196078,0.549019607843,0.396078431373,0.376470588235,0.4,0.258823529412,0.250980392157,0.270588235294,0.141176470588,0.133333333333,0.145098039216,60.2,8.9,-11.5
White LED torch (LED-B3),Methylphenidate HCl,negative,0.501960784314,0.435294117647,0.56862745098,0.380392156863,0.254901960784,0.203921568627,0.698039215686,0.490196078431,0.435294117647,0.298039215686,0.352941176471,0.529411764706,0.286274509804,0.345098039216,0.18431372549,0.423529411765,0.36862745098,0.596078431373,0.345098039216,0.619607843137,0.588235294118,0.788235294118,0.439215686275,0.109803921569,0.188235294118,0.2,0.572549019608,0.690196078431,0.266666666667,0.325490196078,0.266666666667,0.145098039216,0.325490196078,0.549019607843,0.658823529412,0.16862745098,0.8,0.576470588235,0.0274509803922,0.0666666666667,0.0509803921569,0.494117647059,0.258823529412,0.498039215686,0.235294117647,0.603921568627,0.176470588235,0.196078431373,0.847058823529,0.721568627451,0.0117647058824,0.643137254902,0.23137254902,0.501960784314,0.0235294117647,0.38431372549,0.58431372549,0.878431372549,0.835294117647,0.850980392157,0.705882352941,0.666666666667,0.698039215686,0.545098039216,0.525490196078,0.549019607843,0.396078431373,0.376470588235,0.4,0.258823529412,0.250980392157,0.270588235294,0.141176470588,0.133333333333,0.145098039216,60.3,7.6,-11.4
Daylight (D65),d-Methamphetamine HCl,positive,0.0117647058824,0.180392156863,0.317647058824,0.403921568627,0.290196078431,0.243137254902,0.698039215686,0.533333333333,0.482352941176,0.305882352941,0.439215686275,0.56862745098,0.309803921569,0.388235294118,0.211764705882,0.447058823529,0.458823529412,0.639215686275,0.329411764706,0.686274509804,0.627450980392,0.776470588235,0.439215686275,0.141176470588,0.203921568627,0.321568627451,0.607843137255,0.698039215686,0.301960784314,0.364705882353,0.309803921569,0.207843137255,0.36862745098,0.560784313725,0.682352941176,0.172549019608,0.796078431373,0.572549019608,0.0196078431373,0.0588235294118,0.211764705882,0.533333333333,0.258823529412,0.541176470588,0.258823529412,0.639215686275,0.196078431373,0.227450980392,0.835294117647,0.721568627451,0.0,0.674509803922,0.305882352941,0.549019607843,0.0,0.494117647059,0.623529411765,0.847058823529,0.878431372549,0.870588235294,0.694117647059,0.725490196078,0.733333333333,0.552941176471,0.580392156863,0.588235294118,0.41568627451,0.435294117647,0.443137254902,0.286274509804,0.301960784314,0.309803921569,0.16862745098,0.180392156863,0.180392156863,19.6,0.1,-24.6
Daylight (D65),MDMA HCl,positive,0.752941176471,0.8,0.823529411765,0.403921568627,0.290196078431,0.243137254902,0.698039215686,0.533333333333,0.482352941176,0.305882352941,0.439215686275,0.56862745098,0.309803921569,0.388235294118,0.211764705882,0.447058823529,0.458823529412,0.639215686275,0.329411764706,0.686274509804,0.627450980392,0.776470588235,0.439215686275,0.141176470588,0.203921568627,0.321568627451,0.607843137255,0.698039215686,0.301960784314,0.364705882353,0.309803921569,0.207843137255,0.36862745098,0.560784313725,0.682352941176,0.172549019608,0.796078431373,0.572549019608,0.0196078431373,0.0588235294118,0.211764705882,0.533333333333,0.258823529412,0.541176470588,0.258823529412,0.639215686275,0.196078431373,0.227450980392,0.835294117647,0.721568627451,0.0,0.674509803922,0.305882352941,0.549019607843,0.0,0.494117647059,0.623529411765,0.847058823529,0.878431372549,0.870588235294,0.694117647059,0.725490196078,0.733333333333,0.552941176471,0.580392156863,0.588235294118,0.41568627451,0.435294117647,0.443137254902,0.286274509804,0.301960784314,0.309803921569,0.16862745098,0.180392156863,0.180392156863,70.3,-1.2,-3.6
Tube light (FL2),MDMA HCl,positive,0.0078431372549,0.16862745098,0.309803921569,0.407843137255,0.345098039216,0.211764705882,0.701960784314,0.592156862745,0.439215686275,0.317647058824,0.450980392157,0.545098039216,0.317647058824,0.43137254902,0.172549019608,0.439215686275,0.482352941176,0.607843137255,0.36862745098,0.713725490196,0.592156862745,0.788235294118,0.556862745098,0.0,0.207843137255,0.309803921569,0.588235294118,0.682352941176,0.376470588235,0.329411764706,0.282352941176,0.23137254902,0.356862745098,0.576470588235,0.756862745098,0.00392156862745,0.803921568627,0.698039215686,0.0,0.0627450980392,0.176470588235,0.513725490196,0.286274509804,0.572549019608,0.219607843137,0.580392156863,0.266666666667,0.192156862745,0.843137254902,0.83137254902,0.0,0.627450980392,0.349019607843,0.521568627451,0.00392156862745,0.466666666667,0.607843137255,0.858823529412,0.945098039216,0.796078431373,0.705882352941,0.78431372549,0.674509803922,0.56862745098,0.63137254902,0.545098039216,0.423529411765,0.478431372549,0.407843137255,0.294117647059,0.333333333333,0.286274509804,0.176470588235,0.203921568627,0.16862745098,19.9,0.5,-25.5
Tube light (FL2),Dimethoxy-meth HCl,negative,0.00392156862745,0.247058823529,0.443137254902,0.407843137255,0.345098039216,0.211764705882,0.701960784314,0.592156862745,0.439215686275,0.317647058824,0.450980392157,0.545098039216,0.317647058824,0.43137254902,0.172549019608,0.439215686275,0.482352941176,0.607843137255,0.36862745098,0.713725490196,0.592156862745,0.788235294118,0.556862745098,0.0,0.207843137255,0.309803921569,0.588235294118,0.682352941176,0.376470588235,0.329411764706,0.282352941176,0.23137254902,0.356862745098,0.576470588235,0.756862745098,0.00392156862745,0.803921568627,0.698039215686,0.0,0.0627450980392,0.176470588235,0.513725490196,0.286274509804,0.572549019608,0.219607843137,0.580392156863,0.266666666667,0.192156862745,0.843137254902,0.83137254902,0.0,0.627450980392,0.349019607843,0.521568627451,0.00392156862745,0.466666666667,0.607843137255,0.858823529412,0.945098039216,0.796078431373,0.705882352941,0.78431372549,0.674509803922,0.56862745098,0.63137254902,0.545098039216,0.423529411765,0.478431372549,0.407843137255,0.294117647059,0.333333333333,0.286274509804,0.176470588235,0.203921568627,0.16862745098,31.1,1.1,-33.1
White LED torch (LED-B3),Methylphenidate HCl,negative,0.545098039216,0.490196078431,0.623529411765,0.419607843137,0.290196078431,0.219607843137,0.745098039216,0.529411764706,0.462745098039,0.309803921569,0.4,0.588235294118,0.309803921569,0.396078431373,0.18431372549,0.454901960784,0.41568627451,0.654901960784,0.317647058824,0.678431372549,0.63137254902,0.839215686275,0.474509803922,0.0,0.2,0.235294117647,0.639215686275,0.745098039216,0.294117647059,0.341176470588,0.301960784314,0.176470588235,0.376470588235,0.56862745098,0.713725490196,0.0078431372549,0.843137254902,0.623529411765,0.0,0.0549019607843,0.0705882352941,0.564705882353,0.239215686275,0.549019607843,0.219607843137,0.658823529412,0.188235294118,0.192156862745,0.882352941176,0.772549019608,0.0,0.701960784314,0.250980392157,0.552941176471,0.0,0.435294117647,0.643137254902,0.901960784314,0.886274509804,0.882352941176,0.725490196078,0.721568627451,0.741176470588,0.576470588235,0.576470588235,0.58431372549,0.427450980392,0.427450980392,0.435294117647,0.290196078431,0.290196078431,0.301960784314,0.16862745098,0.16862745098,0.172549019608,60.6,7.6,-11.4
Daylight (D65),MDMA HCl,positive,0.0,0.16862745098,0.305882352941,0.360784313725,0.274509803922,0.219607843137,0.639215686275,0.513725490196,0.450980392157,0.23137254902,0.423529411765,0.552941176471,0.262745098039,0.372549019608,0.180392156863,0.38431372549,0.439215686275,0.623529411765,0.172549019608,0.674509803922,0.61568627451,0.725490196078,0.41568627451,0.0117647058824,0.105882352941,0.301960784314,0.6,0.658823529412,0.282352941176,0.337254901961,0.274509803922,0.192156862745,0.360784313725,0.482352941176,0.666666666667,0.0156862745098,0.745098039216,0.556862745098,0.0,0.0117647058824,0.196078431373,0.529411764706,0.149019607843,0.525490196078,0.207843137255,0.6,0.172549019608,0.192156862745,0.780392156863,0.705882352941,0.0,0.63137254902,0.282352941176,0.533333333333,0.0,0.482352941176,0.61568627451,0.760784313725,0.866666666667,0.847058823529,0.61568627451,0.713725490196,0.701960784314,0.486274509804,0.564705882353,0.560784313725,0.360784313725,0.423529411765,0.419607843137,0.243137254902,0.294117647059,0.294117647059,0.141176470588,0.164705882353,0.164705882353,20.4,1.1,-23.6
Daylight (D65),Methylphenidate HCl,negative,0.462745098039,0.501960784314,0.607843137255,0.360784313725,0.274509803922,0.219607843137,0.639215686275,0.513725490196,0.450980392157,0.23137254902,0.423529411765,0.552941176471,0.262745098039,0.372549019608,0.180392156863,0.38431372549,0.439215686275,0.623529411765,0.172549019608,0.674509803922,0.61568627451,0.725490196078,0.41568627451,0.0117647058824,0.105882352941,0.301960784314,0.6,0.658823529412,0.282352941176,0.337254901961,0.274509803922,0.192156862745,0.360784313725,0.482352941176,0.666666666667,0.0156862745098,0.745098039216,0.556862745098,0.0,0.0117647058824,0.196078431373,0.529411764706,0.149019607843,0.525490196078,0.207843137255,0.6,0.172549019608,0.192156862745,0.780392156863,0.705882352941,0.0,0.63137254902,0.282352941176,0.533333333333,0.0,0.482352941176,0.61568627451,0.760784313725,0.866666666667,0.847058823529,0.61568627451,0.713725490196,0.701960784314,0.486274509804,0.564705882353,0.560784313725,0.360784313725,0.423529411765,0.419607843137,0.243137254902,0.294117647059,0.294117647059,0.141176470588,0.164705882353,0.164705882353,61.4,7.8,-12.6
Tube light (FL2),Methylphenidate HCl,negative,0.623529411765,0.576470588235,0.670588235294,0.494117647059,0.376470588235,0.270588235294,0.792156862745,0.611764705882,0.517647058824,0.4,0.474509803922,0.639215686275,0.396078431373,0.474509803922,0.23137254902,0.529411764706,0.494117647059,0.701960784314,0.450980392157,0.733333333333,0.686274509804,0.878431372549,0.580392156863,0.0,0.286274509804,0.313725490196,0.690196078431,0.776470588235,0.392156862745,0.4,0.360784313725,0.250980392157,0.443137254902,0.662745098039,0.780392156863,0.00392156862745,0.894117647059,0.721568627451,0.00392156862745,0.137254901961,0.141176470588,0.619607843137,0.360784313725,0.611764705882,0.282352941176,0.670588235294,0.286274509804,0.250980392157,0.925490196078,0.843137254902,0.0,0.721568627451,0.349019607843,0.607843137255,0.0235294117647,0.494117647059,0.701960784314,0.945098039216,0.933333333333,0.886274509804,0.792156862745,0.792156862745,0.764705882353,0.658823529412,0.654901960784,0.635294117647,0.513725490196,0.509803921569,0.494117647059,0.372549019608,0.372549019608,0.364705882353,0.239215686275,0.239215686275,0.23137254902,61.6,7.1,-10.4
Tube light (FL2),Methylphenidate HCl,negative,0.623529411765,0.572549019608,0.674509803922,0.494117647059,0.376470588235,0.270588235294,0.792156862745,0.611764705882,0.517647058824,0.4,0.474509803922,0.639215686275,0.396078431373,0.474509803922,0.23137254902,0.529411764706,0.494117647059,0.701960784314,0.450980392157,0.733333333333,0.686274509804,0.878431372549,0.580392156863,0.0,0.286274509804,0.313725490196,0.690196078431,0.776470588235,0.392156862745,0.4,0.360784313725,0.250980392157,0.443137254902,0.662745098039,0.780392156863,0.00392156862745,0.894117647059,0.721568627451,0.00392156862745,0.137254901961,0.141176470588,0.619607843137,0.360784313725,0.611764705882,0.282352941176,0.670588235294,0.286274509804,0.250980392157,0.925490196078,0.843137254902,0.0,0.721568627451,0.349019607843,0.607843137255,0.0235294117647,0.494117647059,0.701960784314,0.945098039216,0.933333333333,0.886274509804,0.792156862745,0.792156862745,0.764705882353,0.658823529412,0.654901960784,0.635294117647,0.513725490196,0.509803921569,0.494117647059,0.372549019608,0.372549019608,0.364705882353,0.239215686275,0.239215686275,0.23137254902,61.4,7.8,-11.2
White LED torch (LED-B3),Methylphenidate HCl,negative,0.466666666667,0.498039215686,0.541176470588,0.380392156863,0.294117647059,0.156862745098,0.662745098039,0.529411764706,0.352941176471,0.235294117647,0.41568627451,0.517647058824,0.250980392157,0.396078431373,0.0705882352941,0.388235294118,0.43137254902,0.580392156863,0.109803921569,0.670588235294,0.533333333333,0.756862745098,0.462745098039,0.0,0.117647058824,0.274509803922,0.58431372549,0.686274509804,0.298039215686,0.274509803922,0.274509803922,0.192156862745,0.341176470588,0.470588235294,0.701960784314,0.00392156862745,0.760784313725,0.607843137255,0.0,0.0156862745098,0.141176470588,0.521568627451,0.0823529411765,0.541176470588,0.0392156862745,0.611764705882,0.192156862745,0.121568627451,0.78431372549,0.749019607843,0.0,0.647058823529,0.274509803922,0.494117647059,0.00392156862745,0.450980392157,0.576470588235,0.764705882353,0.870588235294,0.733333333333,0.623529411765,0.717647058824,0.61568627451,0.494117647059,0.580392156863,0.498039215686,0.364705882353,0.43137254902,0.360784313725,0.250980392157,0.298039215686,0.258823529412,0.145098039216,0.172549019608,0.141176470588,60.7,7.2,-11.5
White LED torch (LED-B3),MDMA HCl,positive,0.00392156862745,0.152941176471,0.298039215686,0.380392156863,0.294117647059,0.156862745098,0.662745098039,0.529411764706,0.352941176471,0.235294117647,0.41568627451,0.517647058824,0.250980392157,0.396078431373,0.0705882352941,0.388235294118,0.43137254902,0.580392156863,0.109803921569,0.670588235294,0.533333333333,0.756862745098,0.462745098039,0.0,0.117647058824,0.274509803922,0.58431372549,0.686274509804,0.298039215686,0.274509803922,0.274509803922,0.192156862745,0.341176470588,0.470588235294,0.701960784314,0.00392156862745,0.760784313725,0.607843137255,0.0,0.0156862745098,0.141176470588,0.521568627451,0.0823529411765,0.541176470588,0.0392156862745,0.611764705882,0.192156862745,0.121568627451,0.78431372549,0.749019607843,0.0,0.647058823529,0.274509803922,0.494117647059,0.00392156862745,0.450980392157,0.576470588235,0.764705882353,0.870588235294,0.733333333333,0.623529411765,0.717647058824,0.61568627451,0.494117647059,0.580392156863,0.498039215686,0.364705882353,0.43137254902,0.360784313725,0.250980392157,0.298039215686,0.258823529412,0.145098039216,0.172549019608,0.141176470588,21.2,3.3,-26.1
Incandescent bulb (A),MDMA HCl,positive,0.00392156862745,0.152941176471,0.23137254902,0.419607843137,0.309803921569,0.152941176471,0.764705882353,0.580392156863,0.376470588235,0.305882352941,0.443137254902,0.454901960784,0.298039215686,0.403921568627,0.117647058824,0.474509803922,0.470588235294,0.513725490196,0.298039215686,0.717647058824,0.521568627451,0.850980392157,0.521568627451,0.0,0.211764705882,0.305882352941,0.494117647059,0.780392156863,0.352941176471,0.254901960784,0.325490196078,0.211764705882,0.270588235294,0.552941176471,0.745098039216,0.0156862745098,0.858823529412,0.666666666667,0.0,0.078431372549,0.18431372549,0.427450980392,0.211764705882,0.560784313725,0.192156862745,0.721568627451,0.235294117647,0.149019607843,0.901960784314,0.823529411765,0.00392156862745,0.760784313725,0.337254901961,0.423529411765,0.0,0.470588235294,0.529411764706,0.925490196078,0.98431372549,0.717647058824,0.737254901961,0.792156862745,0.58431372549,0.576470588235,0.623529411765,0.458823529412,0.41568627451,0.454901960784,0.329411764706,0.278431372549,0.305882352941,0.21568627451,0.156862745098,0.16862745098,0.113725490196,20.3,-0.2,-24.3
Incandescent bulb (A),MDMA HCl,positive,0.00392156862745,0.152941176471,0.23137254902,0.419607843137,0.309803921569,0.152941176471,0.764705882353,0.580392156863,0.376470588235,0.305882352941,0.443137254902,0.454901960784,0.298039215686,0.403921568627,0.117647058824,0.474509803922,0.470588235294,0.513725490196,0.298039215686,0.717647058824,0.521568627451,0.850980392157,0.521568627451,0.0,0.211764705882,0.305882352941,0.494117647059,0.780392156863,0.352941176471,0.254901960784,0.325490196078,0.211764705882,0.270588235294,0.552941176471,0.745098039216,0.0156862745098,0.858823529412,0.666666666667,0.0,0.078431372549,0.18431372549,0.427450980392,0.211764705882,0.560784313725,0.192156862745,0.721568627451,0.235294117647,0.149019607843,0.901960784314,0.823529411765,0.00392156862745,0.760784313725,0.337254901961,0.423529411765,0.0,0.470588235294,0.529411764706,0.925490196078,0.98431372549,0.717647058824,0.737254901961,0.792156862745,0.58431372549,0.576470588235,0.623529411765,0.458823529412,0.41568627451,0.454901960784,0.329411764706,0.278431372549,0.305882352941,0.21568627451,0.156862745098,0.16862745098,0.113725490196,20.4,0.2,-24.9
Daylight (D65),d-Methamphetamine HCl,positive,0.00392156862745,0.16862745098,0.301960784314,0.388235294118,0.286274509804,0.227450980392,0.701960784314,0.552941176471,0.470588235294,0.282352941176,0.447058823529,0.564705882353,0.286274509804,0.392156862745,0.192156862745,0.427450980392,0.474509803922,0.639215686275,0.298039215686,0.721568627451,0.63137254902,0.792156862745,0.443137254902,0.117647058824,0.16862745098,0.321568627451,0.607843137255,0.705882352941,0.301960784314,0.345098039216,0.290196078431,0.203921568627,0.356862745098,0.545098039216,0.709803921569,0.137254901961,0.811764705882,0.592156862745,0.0078431372549,0.0313725490196,0.207843137255,0.525490196078,0.23137254902,0.552941176471,0.235294117647,0.635294117647,0.192156862745,0.207843137255,0.850980392157,0.756862745098,0.0,0.674509803922,0.309803921569,0.541176470588,0.0,0.505882352941,0.627450980392,0.850980392157,0.933333333333,0.886274509804,0.686274509804,0.764705882353,0.729411764706,0.541176470588,0.6,0.580392156863,0.392156862745,0.443137254902,0.423529411765,0.262745098039,0.298039215686,0.286274509804,0.149019607843,0.164705882353,0.160784313725,20.6,1.4,-24.6
Daylight (D65),MDMA HCl,positive,0.00392156862745,0.16862745098,0.294117647059,0.388235294118,0.286274509804,0.227450980392,0.701960784314,0.552941176471,0.470588235294,0.282352941176,0.447058823529,0.564705882353,0.286274509804,0.392156862745,0.192156862745,0.427450980392,0.474509803922,0.639215686275,0.298039215686,0.721568627451,0.63137254902,0.792156862745,0.443137254902,0.117647058824,0.16862745098,0.321568627451,0.607843137255,0.705882352941,0.301960784314,0.345098039216,0.290196078431,0.203921568627,0.356862745098,0.545098039216,0.709803921569,0.137254901961,0.811764705882,0.592156862745,0.0078431372549,0.0313725490196,0.207843137255,0.525490196078,0.23137254902,0.552941176471,0.235294117647,0.635294117647,0.192156862745,0.207843137255,0.850980392157,0.756862745098,0.0,0.674509803922,0.309803921569,0.541176470588,0.0,0.505882352941,0.627450980392,0.850980392157,0.933333333333,0.886274509804,0.686274509804,0.764705882353,0.729411764706,0.541176470588,0.6,0.580392156863,0.392156862745,0.443137254902,0.423529411765,0.262745098039,0.298039215686,0.286274509804,0.149019607843,0.164705882353,0.160784313725,20.5,1.0,-24.1
Tube light (FL2),Methylphenidate HCl,negative,0.509803921569,0.513725490196,0.580392156863,0.4,0.321568627451,0.207843137255,0.662745098039,0.541176470588,0.43137254902,0.298039215686,0.41568627451,0.552941176471,0.301960784314,0.407843137255,0.164705882353,0.419607843137,0.435294117647,0.61568627451,0.317647058824,0.658823529412,0.592156862745,0.749019607843,0.509803921569,0.00392156862745,0.188235294118,0.270588235294,0.6,0.662745098039,0.337254901961,0.325490196078,0.278431372549,0.211764705882,0.372549019608,0.541176470588,0.701960784314,0.00392156862745,0.76862745098,0.643137254902,0.00392156862745,0.0509803921569,0.125490196078,0.533333333333,0.247058823529,0.537254901961,0.203921568627,0.564705882353,0.239215686275,0.18431372549,0.792156862745,0.760784313725,0.0,0.611764705882,0.301960784314,0.525490196078,0.0,0.43137254902,0.61568627451,0.792156862745,0.847058823529,0.776470588235,0.658823529412,0.709803921569,0.658823529412,0.533333333333,0.580392156863,0.541176470588,0.403921568627,0.443137254902,0.411764705882,0.286274509804,0.317647058824,0.294117647059,0.176470588235,0.192156862745,0.180392156863,61.7,7.1,-10.0
Tube light (FL2),d-Methamphetamine HCl,positive,0.0117647058824,0.152941176471,0.329411764706,0.4,0.321568627451,0.207843137255,0.662745098039,0.541176470588,0.43137254902,0.298039215686,0.41568627451,0.552941176471,0.301960784314,0.407843137255,0.164705882353,0.419607843137,0.435294117647,0.61568627451,0.317647058824,0.658823529412,0.592156862745,0.749019607843,0.509803921569,0.00392156862745,0.188235294118,0.270588235294,0.6,0.662745098039,0.337254901961,0.325490196078,0.278431372549,0.211764705882,0.372549019608,0.541176470588,0.701960784314,0.00392156862745,0.76862745098,0.643137254902,0.00392156862745,0.0509803921569,0.125490196078,0.533333333333,0.247058823529,0.537254901961,0.203921568627,0.564705882353,0.239215686275,0.18431372549,0.792156862745,0.760784313725,0.0,0.611764705882,0.301960784314,0.525490196078,0.0,0.43137254902,0.61568627451,0.792156862745,0.847058823529,0.776470588235,0.658823529412,0.709803921569,0.658823529412,0.533333333333,0.580392156863,0.541176470588,0.403921568627,0.443137254902,0.411764705882,0.286274509804,0.317647058824,0.294117647059,0.176470588235,0.192156862745,0.180392156863,20.2,1.1,-26.1
White LED torch (LED-B3),MDMA HCl,positive,0.00392156862745,0.176470588235,0.372549019608,0.447058823529,0.345098039216,0.239215686275,0.749019607843,0.607843137255,0.482352941176,0.266666666667,0.470588235294,0.643137254902,0.294117647059,0.458823529412,0.172549019608,0.443137254902,0.482352941176,0.717647058824,0.109803921569,0.752941176471,0.666666666667,0.858823529412,0.541176470588,0.00392156862745,0.137254901961,0.298039215686,0.709803921569,0.76862745098,0.352941176471,0.36862745098,0.321568627451,0.223529411765,0.427450980392,0.533333333333,0.792156862745,0.0,0.850980392157,0.694117647059,0.00392156862745,0.0117647058824,0.125490196078,0.63137254902,0.0941176470588,0.619607843137,0.180392156863,0.698039215686,0.23137254902,0.196078431373,0.866666666667,0.847058823529,0.0,0.721568627451,0.313725490196,0.607843137255,0.00392156862745,0.505882352941,0.698039215686,0.850980392157,0.972549019608,0.913725490196,0.698039215686,0.803921568627,0.776470588235,0.564705882353,0.647058823529,0.627450980392,0.41568627451,0.490196078431,0.474509803922,0.294117647059,0.349019607843,0.337254901961,0.172549019608,0.207843137255,0.2,20.8,2.7,-24.6
White LED torch (LED-B3),d-Methamphetamine HCl,positive,0.00392156862745,0.172549019608,0.372549019608,0.447058823529,0.345098039216,0.239215686275,0.749019607843,0.607843137255,0.482352941176,0.266666666667,0.470588235294,0.643137254902,0.294117647059,0.458823529412,0.172549019608,0.443137254902,0.482352941176,0.717647058824,0.109803921569,0.752941176471,0.666666666667,0.858823529412,0.541176470588,0.00392156862745,0.137254901961,0.298039215686,0.709803921569,0.76862745098,0.352941176471,0.36862745098,0.321568627451,0.223529411765,0.427450980392,0.533333333333,0.792156862745,0.0,0.850980392157,0.694117647059,0.00392156862745,0.0117647058824,0.125490196078,0.63137254902,0.0941176470588,0.619607843137,0.180392156863,0.698039215686,0.23137254902,0.196078431373,0.866666666667,0.847058823529,0.0,0.721568627451,0.313725490196,0.607843137255,0.00392156862745,0.505882352941,0.698039215686,0.850980392157,0.972549019608,0.913725490196,0.698039215686,0.803921568627,0.776470588235,0.564705882353,0.647058823529,0.627450980392,0.41568627451,0.490196078431,0.474509803922,0.294117647059,0.349019607843,0.337254901961,0.172549019608,0.207843137255,0.2,20.8,3.3,-25.4
Incandescent bulb (A),Dimethoxy-meth HCl,negative,0.00392156862745,0.180392156863,0.360784313725,0.360784313725,0.270588235294,0.180392156863,0.658823529412,0.498039215686,0.419607843137,0.250980392157,0.36862745098,0.470588235294,0.247058823529,0.349019607843,0.172549019608,0.396078431373,0.388235294118,0.529411764706,0.239215686275,0.6,0.556862745098,0.729411764706,0.462745098039,0.0705882352941,0.164705882353,0.23137254902,0.501960784314,0.662745098039,0.305882352941,0.286274509804,0.274509803922,0.16862745098,0.282352941176,0.474509803922,0.643137254902,0.219607843137,0.733333333333,0.58431372549,0.0156862745098,0.043137254902,0.109803921569,0.43137254902,0.172549019608,0.486274509804,0.254901960784,0.61568627451,0.207843137255,0.176470588235,0.764705882353,0.713725490196,0.0627450980392,0.647058823529,0.274509803922,0.43137254902,0.0,0.380392156863,0.541176470588,0.78431372549,0.835294117647,0.764705882353,0.627450980392,0.674509803922,0.627450980392,0.490196078431,0.529411764706,0.494117647059,0.356862745098,0.38431372549,0.356862745098,0.23137254902,0.258823529412,0.23137254902,0.129411764706,0.141176470588,0.129411764706,30.0,-0.3,-32.0
Incandescent bulb (A),d-Methamphetamine HCl,positive,0.0,0.113725490196,0.23137254902,0.360784313725,0.270588235294,0.180392156863,0.658823529412,0.498039215686,0.419607843137,0.250980392157,0.36862745098,0.470588235294,0.247058823529,0.349019607843,0.172549019608,0.396078431373,0.388235294118,0.529411764706,0.239215686275,0.6,0.556862745098,0.729411764706,0.462745098039,0.0705882352941,0.164705882353,0.23137254902,0.501960784314,0.662745098039,0.305882352941,0.286274509804,0.274509803922,0.16862745098,0.282352941176,0.474509803922,0.643137254902,0.219607843137,0.733333333333,0.58431372549,0.0156862745098,0.043137254902,0.109803921569,0.43137254902,0.172549019608,0.486274509804,0.254901960784,0.61568627451,0.207843137255,0.176470588235,0.764705882353,0.713725490196,0.0627450980392,0.647058823529,0.274509803922,0.43137254902,0.0,0.380392156863,0.541176470588,0.78431372549,0.835294117647,0.764705882353,0.627450980392,0.674509803922,0.627450980392,0.490196078431,0.529411764706,0.494117647059,0.356862745098,0.38431372549,0.356862745098,0.23137254902,0.258823529412,0.23137254902,0.129411764706,0.141176470588,0.129411764706,19.9,-0.9,-23.6
