Daylight (D65),Hydrocodone tartrate,negative,0.0392156862745,0.556862745098,0.674509803922,0.38431372549,0.258823529412,0.219607843137,0.694117647059,0.505882352941,0.450980392157,0.305882352941,0.411764705882,0.529411764706,0.298039215686,0.356862745098,0.196078431373,0.439215686275,0.435294117647,0.607843137255,0.352941176471,0.666666666667,0.611764705882,0.772549019608,0.403921568627,0.152941176471,0.203921568627,0.290196078431,0.576470588235,0.694117647059,0.274509803922,0.337254901961,0.290196078431,0.180392156863,0.337254901961,0.560784313725,0.658823529412,0.188235294118,0.803921568627,0.549019607843,0.0862745098039,0.0745098039216,0.18431372549,0.501960784314,0.266666666667,0.513725490196,0.239215686275,0.619607843137,0.172549019608,0.203921568627,0.847058823529,0.701960784314,0.0313725490196,0.670588235294,0.278431372549,0.517647058824,0.0196078431373,0.466666666667,0.6,0.870588235294,0.870588235294,0.850980392157,0.701960784314,0.709803921569,0.705882352941,0.552941176471,0.560784313725,0.556862745098,0.403921568627,0.407843137255,0.41568627451,0.270588235294,0.274509803922,0.282352941176,0.152941176471,0.156862745098,0.152941176471,60.7,-23.4,-24.9
Tube light (FL2),Cocaine HCl,positive,0.0,0.490196078431,0.709803921569,0.450980392157,0.36862745098,0.247058823529,0.745098039216,0.61568627451,0.494117647059,0.345098039216,0.470588235294,0.623529411765,0.349019607843,0.466666666667,0.207843137255,0.474509803922,0.494117647059,0.694117647059,0.376470588235,0.741176470588,0.670588235294,0.839215686275,0.580392156863,0.0,0.223529411765,0.309803921569,0.674509803922,0.737254901961,0.38431372549,0.380392156863,0.321568627451,0.247058823529,0.423529411765,0.611764705882,0.78431372549,0.0,0.850980392157,0.729411764706,0.0,0.0627450980392,0.152941176471,0.596078431373,0.298039215686,0.607843137255,0.250980392157,0.63137254902,0.282352941176,0.227450980392,0.878431372549,0.854901960784,0.0,0.682352941176,0.352941176471,0.592156862745,0.0,0.486274509804,0.686274509804,0.882352941176,0.949019607843,0.874509803922,0.737254901961,0.796078431373,0.745098039216,0.6,0.650980392157,0.611764705882,0.462745098039,0.505882352941,0.474509803922,0.329411764706,0.364705882353,0.337254901961,0.203921568627,0.223529411765,0.211764705882,53.1,-10.7,-31.8
Tube light (FL2),Cocaine HCl,positive,0.0,0.490196078431,0.709803921569,0.450980392157,0.36862745098,0.247058823529,0.745098039216,0.61568627451,0.494117647059,0.345098039216,0.470588235294,0.623529411765,0.349019607843,0.466666666667,0.207843137255,0.474509803922,0.494117647059,0.694117647059,0.376470588235,0.741176470588,0.670588235294,0.839215686275,0.580392156863,0.0,0.223529411765,0.309803921569,0.674509803922,0.737254901961,0.38431372549,0.380392156863,0.321568627451,0.247058823529,0.423529411765,0.611764705882,0.78431372549,0.0,0.850980392157,0.729411764706,0.0,0.0627450980392,0.152941176471,0.596078431373,0.298039215686,0.607843137255,0.250980392157,0.63137254902,0.282352941176,0.227450980392,0.878431372549,0.854901960784,0.0,0.682352941176,0.352941176471,0.592156862745,0.0,0.486274509804,0.686274509804,0.882352941176,0.949019607843,0.874509803922,0.737254901961,0.796078431373,0.745098039216,0.6,0.650980392157,0.611764705882,0.462745098039,0.505882352941,0.474509803922,0.329411764706,0.364705882353,0.337254901961,0.203921568627,0.223529411765,0.211764705882,53.1,-10.7,-31.8
White LED torch (LED-B3),Cocaine HCl,positive,0.0,0.435294117647,0.552941176471,0.356862745098,0.274509803922,0.160784313725,0.658823529412,0.521568627451,0.364705882353,0.250980392157,0.396078431373,0.478431372549,0.250980392157,0.372549019608,0.109803921569,0.38431372549,0.419607843137,0.549019607843,0.250980392157,0.666666666667,0.509803921569,0.745098039216,0.462745098039,0.0,0.145098039216,0.258823529412,0.529411764706,0.662745098039,0.298039215686,0.270588235294,0.247058823529,0.180392156863,0.298039215686,0.498039215686,0.694117647059,0.0,0.760784313725,0.607843137255,0.0,0.0274509803922,0.137254901961,0.462745098039,0.18431372549,0.521568627451,0.125490196078,0.588235294118,0.192156862745,0.141176470588,0.796078431373,0.756862745098,0.0,0.623529411765,0.282352941176,0.458823529412,0.0,0.435294117647,0.537254901961,0.803921568627,0.901960784314,0.745098039216,0.647058823529,0.725490196078,0.61568627451,0.501960784314,0.572549019608,0.478431372549,0.360784313725,0.411764705882,0.345098039216,0.235294117647,0.274509803922,0.23137254902,0.125490196078,0.149019607843,0.121568627451,53.2,-12.0,-29.4
White LED torch (LED-B3),Meperidine HCl,positive,0.00392156862745,0.439215686275,0.556862745098,0.356862745098,0.274509803922,0.160784313725,0.658823529412,0.521568627451,0.364705882353,0.250980392157,0.396078431373,0.478431372549,0.250980392157,0.372549019608,0.109803921569,0.38431372549,0.419607843137,0.549019607843,0.250980392157,0.666666666667,0.509803921569,0.745098039216,0.462745098039,0.0,0.145098039216,0.258823529412,0.529411764706,0.662745098039,0.298039215686,0.270588235294,0.247058823529,0.180392156863,0.298039215686,0.498039215686,0.694117647059,0.0,0.760784313725,0.607843137255,0.0,0.0274509803922,0.137254901961,0.462745098039,0.18431372549,0.521568627451,0.125490196078,0.588235294118,0.192156862745,0.141176470588,0.796078431373,0.756862745098,0.0,0.623529411765,0.282352941176,0.458823529412,0.0,0.435294117647,0.537254901961,0.803921568627,0.901960784314,0.745098039216,0.647058823529,0.725490196078,0.61568627451,0.501960784314,0.572549019608,0.478431372549,0.360784313725,0.411764705882,0.345098039216,0.235294117647,0.274509803922,0.23137254902,0.125490196078,0.149019607843,0.121568627451,53.6,-12.1,-29.4
Incandescent bulb (A),Meperidine HCl,positive,0.0,0.439215686275,0.58431372549,0.439215686275,0.301960784314,0.152941176471,0.745098039216,0.529411764706,0.376470588235,0.298039215686,0.419607843137,0.501960784314,0.301960784314,0.396078431373,0.0901960784314,0.470588235294,0.43137254902,0.556862745098,0.192156862745,0.658823529412,0.552941176471,0.827450980392,0.482352941176,0.0,0.211764705882,0.282352941176,0.552941176471,0.776470588235,0.305882352941,0.250980392157,0.352941176471,0.2,0.317647058824,0.517647058824,0.690196078431,0.00392156862745,0.823529411765,0.607843137255,0.0,0.0627450980392,0.156862745098,0.490196078431,0.125490196078,0.537254901961,0.180392156863,0.729411764706,0.18431372549,0.0980392156863,0.854901960784,0.745098039216,0.00392156862745,0.756862745098,0.282352941176,0.458823529412,0.0,0.443137254902,0.58431372549,0.854901960784,0.862745098039,0.717647058824,0.698039215686,0.713725490196,0.607843137255,0.560784313725,0.576470588235,0.486274509804,0.419607843137,0.43137254902,0.364705882353,0.294117647059,0.301960784314,0.254901960784,0.176470588235,0.180392156863,0.137254901961,53.1,-8.7,-32.1
Incandescent bulb (A),Quinine HCl,negative,0.76862745098,0.898039215686,0.909803921569,0.439215686275,0.301960784314,0.152941176471,0.745098039216,0.529411764706,0.376470588235,0.298039215686,0.419607843137,0.501960784314,0.301960784314,0.396078431373,0.0901960784314,0.470588235294,0.43137254902,0.556862745098,0.192156862745,0.658823529412,0.552941176471,0.827450980392,0.482352941176,0.0,0.211764705882,0.282352941176,0.552941176471,0.776470588235,0.305882352941,0.250980392157,0.352941176471,0.2,0.317647058824,0.517647058824,0.690196078431,0.00392156862745,0.823529411765,0.607843137255,0.0,0.0627450980392,0.156862745098,0.490196078431,0.125490196078,0.537254901961,0.180392156863,0.729411764706,0.18431372549,0.0980392156863,0.854901960784,0.745098039216,0.00392156862745,0.756862745098,0.282352941176,0.458823529412,0.0,0.443137254902,0.58431372549,0.854901960784,0.862745098039,0.717647058824,0.698039215686,0.713725490196,0.607843137255,0.560784313725,0.576470588235,0.486274509804,0.419607843137,0.43137254902,0.364705882353,0.294117647059,0.301960784314,0.254901960784,0.176470588235,0.180392156863,0.137254901961,92.2,-4.2,-25.5
Daylight (D65),Brompheniramine Maleate,negative,0.0,0.607843137255,0.705882352941,0.376470588235,0.294117647059,0.219607843137,0.666666666667,0.549019607843,0.454901960784,0.254901960784,0.450980392157,0.541176470588,0.278431372549,0.392156862745,0.180392156863,0.4,0.474509803922,0.611764705882,0.227450980392,0.709803921569,0.596078431373,0.741176470588,0.447058823529,0.0509803921569,0.133333333333,0.337254901961,0.592156862745,0.674509803922,0.309803921569,0.341176470588,0.278431372549,0.21568627451,0.349019607843,0.505882352941,0.698039215686,0.0352941176471,0.760784313725,0.58431372549,0.0,0.0156862745098,0.227450980392,0.517647058824,0.188235294118,0.549019607843,0.21568627451,0.611764705882,0.2,0.203921568627,0.792156862745,0.737254901961,0.00392156862745,0.643137254902,0.317647058824,0.521568627451,0.00392156862745,0.505882352941,0.603921568627,0.78431372549,0.913725490196,0.839215686275,0.63137254902,0.749019607843,0.694117647059,0.505882352941,0.6,0.549019607843,0.364705882353,0.443137254902,0.407843137255,0.247058823529,0.305882352941,0.286274509804,0.145098039216,0.176470588235,0.164705882353,63.0,-16.8,-27.0
Daylight (D65),Cocaine HCl,positive,0.00392156862745,0.501960784314,0.627450980392,0.376470588235,0.294117647059,0.219607843137,0.666666666667,0.549019607843,0.454901960784,0.254901960784,0.450980392157,0.541176470588,0.278431372549,0.392156862745,0.180392156863,0.4,0.474509803922,0.611764705882,0.227450980392,0.709803921569,0.596078431373,0.741176470588,0.447058823529,0.0509803921569,0.133333333333,0.337254901961,0.592156862745,0.674509803922,0.309803921569,0.341176470588,0.278431372549,0.21568627451,0.349019607843,0.505882352941,0.698039215686,0.0352941176471,0.760784313725,0.58431372549,0.0,0.0156862745098,0.227450980392,0.517647058824,0.188235294118,0.549019607843,0.21568627451,0.611764705882,0.2,0.203921568627,0.792156862745,0.737254901961,0.00392156862745,0.643137254902,0.317647058824,0.521568627451,0.00392156862745,0.505882352941,0.603921568627,0.78431372549,0.913725490196,0.839215686275,0.63137254902,0.749019607843,0.694117647059,0.505882352941,0.6,0.549019607843,0.364705882353,0.443137254902,0.407843137255,0.247058823529,0.305882352941,0.286274509804,0.145098039216,0.176470588235,0.164705882353,53.5,-10.7,-29.5
Tube light (FL2),Ephedrine HCl,positive,0.00392156862745,0.41568627451,0.533333333333,0.364705882353,0.282352941176,0.113725490196,0.650980392157,0.521568627451,0.313725490196,0.262745098039,0.396078431373,0.458823529412,0.258823529412,0.36862745098,0.0392156862745,0.380392156863,0.419607843137,0.517647058824,0.286274509804,0.650980392157,0.474509803922,0.752941176471,0.486274509804,0.00392156862745,0.160784313725,0.262745098039,0.513725490196,0.643137254902,0.301960784314,0.227450980392,0.239215686275,0.18431372549,0.286274509804,0.513725490196,0.686274509804,0.0,0.756862745098,0.623529411765,0.0,0.0392156862745,0.145098039216,0.450980392157,0.211764705882,0.513725490196,0.0235294117647,0.537254901961,0.196078431373,0.0941176470588,0.796078431373,0.764705882353,0.0,0.58431372549,0.286274509804,0.435294117647,0.0,0.41568627451,0.521568627451,0.811764705882,0.890196078431,0.670588235294,0.654901960784,0.725490196078,0.549019607843,0.513725490196,0.56862745098,0.427450980392,0.36862745098,0.419607843137,0.317647058824,0.247058823529,0.282352941176,0.207843137255,0.141176470588,0.156862745098,0.105882352941,52.6,-10.2,-33.1
Tube light (FL2),Cocaine HCl,positive,0.0,0.419607843137,0.533333333333,0.364705882353,0.282352941176,0.113725490196,0.650980392157,0.521568627451,0.313725490196,0.262745098039,0.396078431373,0.458823529412,0.258823529412,0.36862745098,0.0392156862745,0.380392156863,0.419607843137,0.517647058824,0.286274509804,0.650980392157,0.474509803922,0.752941176471,0.486274509804,0.00392156862745,0.160784313725,0.262745098039,0.513725490196,0.643137254902,0.301960784314,0.227450980392,0.239215686275,0.18431372549,0.286274509804,0.513725490196,0.686274509804,0.0,0.756862745098,0.623529411765,0.0,0.0392156862745,0.145098039216,0.450980392157,0.211764705882,0.513725490196,0.0235294117647,0.537254901961,0.196078431373,0.0941176470588,0.796078431373,0.764705882353,0.0,0.58431372549,0.286274509804,0.435294117647,0.0,0.41568627451,0.521568627451,0.811764705882,0.890196078431,0.670588235294,0.654901960784,0.725490196078,0.549019607843,0.513725490196,0.56862745098,0.427450980392,0.36862745098,0.419607843137,0.317647058824,0.247058823529,0.282352941176,0.207843137255,0.141176470588,0.156862745098,0.105882352941,52.6,-10.2,-33.2
White LED torch (LED-B3),Chlordiazepoxide HCl,negative,0.00392156862745,0.58431372549,0.725490196078,0.478431372549,0.309803921569,0.235294117647,0.823529411765,0.545098039216,0.470588235294,0.356862745098,0.423529411765,0.627450980392,0.349019607843,0.423529411765,0.172549019608,0.517647058824,0.435294117647,0.705882352941,0.356862745098,0.701960784314,0.654901960784,0.913725490196,0.482352941176,0.0,0.243137254902,0.250980392157,0.694117647059,0.823529411765,0.282352941176,0.360784313725,0.356862745098,0.18431372549,0.419607843137,0.623529411765,0.741176470588,0.00392156862745,0.925490196078,0.639215686275,0.0,0.0941176470588,0.0627450980392,0.619607843137,0.262745098039,0.580392156863,0.18431372549,0.737254901961,0.160784313725,0.18431372549,0.956862745098,0.788235294118,0.0,0.776470588235,0.235294117647,0.596078431373,0.0,0.466666666667,0.694117647059,0.976470588235,0.898039215686,0.905882352941,0.8,0.741176470588,0.760784313725,0.643137254902,0.592156862745,0.61568627451,0.486274509804,0.447058823529,0.466666666667,0.337254901961,0.313725490196,0.329411764706,0.203921568627,0.18431372549,0.192156862745,62.5,-24.5,-19.0
Incandescent bulb (A),Cocaine HCl,positive,0.0,0.494117647059,0.647058823529,0.466666666667,0.349019607843,0.211764705882,0.760784313725,0.580392156863,0.447058823529,0.317647058824,0.462745098039,0.560784313725,0.325490196078,0.447058823529,0.164705882353,0.498039215686,0.482352941176,0.61568627451,0.192156862745,0.709803921569,0.619607843137,0.839215686275,0.533333333333,0.0,0.223529411765,0.321568627451,0.603921568627,0.788235294118,0.364705882353,0.317647058824,0.380392156863,0.247058823529,0.36862745098,0.541176470588,0.737254901961,0.00392156862745,0.835294117647,0.666666666667,0.0,0.0588235294118,0.18431372549,0.541176470588,0.133333333333,0.58431372549,0.258823529412,0.749019607843,0.250980392157,0.176470588235,0.854901960784,0.792156862745,0.0,0.776470588235,0.337254901961,0.513725490196,0.0,0.490196078431,0.639215686275,0.843137254902,0.894117647059,0.780392156863,0.701960784314,0.756862745098,0.666666666667,0.576470588235,0.619607843137,0.549019607843,0.439215686275,0.482352941176,0.419607843137,0.317647058824,0.349019607843,0.305882352941,0.203921568627,0.219607843137,0.188235294118,53.8,-8.3,-32.0
Incandescent bulb (A),Chlordiazepoxide HCl,negative,0.0,0.6,0.654901960784,0.466666666667,0.349019607843,0.211764705882,0.760784313725,0.580392156863,0.447058823529,0.317647058824,0.462745098039,0.560784313725,0.325490196078,0.447058823529,0.164705882353,0.498039215686,0.482352941176,0.61568627451,0.192156862745,0.709803921569,0.619607843137,0.839215686275,0.533333333333,0.0,0.223529411765,0.321568627451,0.603921568627,0.788235294118,0.364705882353,0.317647058824,0.380392156863,0.247058823529,0.36862745098,0.541176470588,0.737254901961,0.00392156862745,0.835294117647,0.666666666667,0.0,0.0588235294118,0.18431372549,0.541176470588,0.133333333333,0.58431372549,0.258823529412,0.749019607843,0.250980392157,0.176470588235,0.854901960784,0.792156862745,0.0,0.776470588235,0.337254901961,0.513725490196,0.0,0.490196078431,0.639215686275,0.843137254902,0.894117647059,0.780392156863,0.701960784314,0.756862745098,0.666666666667,0.576470588235,0.619607843137,0.549019607843,0.439215686275,0.482352941176,0.419607843137,0.317647058824,0.349019607843,0.305882352941,0.203921568627,0.219607843137,0.188235294118,63.1,-18.4,-19.4
Daylight (D65),Meperidine HCl,positive,0.00392156862745,0.462745098039,0.63137254902,0.41568627451,0.266666666667,0.23137254902,0.729411764706,0.498039215686,0.466666666667,0.337254901961,0.407843137255,0.549019607843,0.333333333333,0.364705882353,0.203921568627,0.466666666667,0.427450980392,0.623529411765,0.38431372549,0.658823529412,0.61568627451,0.803921568627,0.407843137255,0.141176470588,0.23137254902,0.294117647059,0.588235294118,0.721568627451,0.270588235294,0.352941176471,0.321568627451,0.180392156863,0.352941176471,0.592156862745,0.650980392157,0.164705882353,0.827450980392,0.533333333333,0.0313725490196,0.105882352941,0.18431372549,0.513725490196,0.298039215686,0.513725490196,0.247058823529,0.647058823529,0.156862745098,0.211764705882,0.870588235294,0.686274509804,0.00392156862745,0.694117647059,0.266666666667,0.529411764706,0.0470588235294,0.466666666667,0.607843137255,0.901960784314,0.839215686275,0.850980392157,0.737254901961,0.694117647059,0.717647058824,0.588235294118,0.549019607843,0.572549019608,0.435294117647,0.411764705882,0.419607843137,0.301960784314,0.278431372549,0.294117647059,0.16862745098,0.160784313725,0.164705882353,52.7,-16.4,-29.5
Daylight (D65),Cocaine HCl,positive,0.00392156862745,0.466666666667,0.623529411765,0.41568627451,0.266666666667,0.23137254902,0.729411764706,0.498039215686,0.466666666667,0.337254901961,0.407843137255,0.549019607843,0.333333333333,0.364705882353,0.203921568627,0.466666666667,0.427450980392,0.623529411765,0.38431372549,0.658823529412,0.61568627451,0.803921568627,0.407843137255,0.141176470588,0.23137254902,0.294117647059,0.588235294118,0.721568627451,0.270588235294,0.352941176471,0.321568627451,0.180392156863,0.352941176471,0.592156862745,0.650980392157,0.164705882353,0.827450980392,0.533333333333,0.0313725490196,0.105882352941,0.18431372549,0.513725490196,0.298039215686,0.513725490196,0.247058823529,0.647058823529,0.156862745098,0.211764705882,0.870588235294,0.686274509804,0.00392156862745,0.694117647059,0.266666666667,0.529411764706,0.0470588235294,0.466666666667,0.607843137255,0.901960784314,0.839215686275,0.850980392157,0.737254901961,0.694117647059,0.717647058824,0.588235294118,0.549019607843,0.572549019608,0.435294117647,0.411764705882,0.419607843137,0.301960784314,0.278431372549,0.294117647059,0.16862745098,0.160784313725,0.164705882353,53.0,-17.8,-27.9
Tube light (FL2),Cocaine HCl,positive,0.0,0.482352941176,0.63137254902,0.41568627451,0.360784313725,0.18431372549,0.686274509804,0.6,0.403921568627,0.294117647059,0.470588235294,0.552941176471,0.305882352941,0.450980392157,0.101960784314,0.423529411765,0.494117647059,0.611764705882,0.274509803922,0.713725490196,0.564705882353,0.78431372549,0.560784313725,0.0,0.176470588235,0.333333333333,0.611764705882,0.690196078431,0.380392156863,0.313725490196,0.294117647059,0.250980392157,0.380392156863,0.537254901961,0.756862745098,0.0,0.780392156863,0.694117647059,0.00392156862745,0.0313725490196,0.2,0.552941176471,0.223529411765,0.592156862745,0.105882352941,0.6,0.274509803922,0.164705882353,0.807843137255,0.823529411765,0.00392156862745,0.639215686275,0.360784313725,0.533333333333,0.0,0.490196078431,0.61568627451,0.807843137255,0.937254901961,0.760784313725,0.670588235294,0.788235294118,0.647058823529,0.549019607843,0.647058823529,0.529411764706,0.419607843137,0.494117647059,0.407843137255,0.301960784314,0.356862745098,0.290196078431,0.18431372549,0.227450980392,0.172549019608,52.6,-7.0,-33.4
Tube light (FL2),Phencyclidine HCl,positive,0.0,0.494117647059,0.63137254902,0.41568627451,0.360784313725,0.18431372549,0.686274509804,0.6,0.403921568627,0.294117647059,0.470588235294,0.552941176471,0.305882352941,0.450980392157,0.101960784314,0.423529411765,0.494117647059,0.611764705882,0.274509803922,0.713725490196,0.564705882353,0.78431372549,0.560784313725,0.0,0.176470588235,0.333333333333,0.611764705882,0.690196078431,0.380392156863,0.313725490196,0.294117647059,0.250980392157,0.380392156863,0.537254901961,0.756862745098,0.0,0.780392156863,0.694117647059,0.00392156862745,0.0313725490196,0.2,0.552941176471,0.223529411765,0.592156862745,0.105882352941,0.6,0.274509803922,0.164705882353,0.807843137255,0.823529411765,0.00392156862745,0.639215686275,0.360784313725,0.533333333333,0.0,0.490196078431,0.61568627451,0.807843137255,0.937254901961,0.760784313725,0.670588235294,0.788235294118,0.647058823529,0.549019607843,0.647058823529,0.529411764706,0.419607843137,0.494117647059,0.407843137255,0.301960784314,0.356862745098,0.290196078431,0.18431372549,0.227450980392,0.172549019608,53.4,-8.4,-32.2
White LED torch (LED-B3),Benzphetamine HCl,negative,0.0,0.596078431373,0.788235294118,0.380392156863,0.254901960784,0.172549019608,0.690196078431,0.486274509804,0.403921568627,0.239215686275,0.360784313725,0.564705882353,0.254901960784,0.356862745098,0.109803921569,0.396078431373,0.372549019608,0.635294117647,0.141176470588,0.639215686275,0.592156862745,0.792156862745,0.423529411765,0.0,0.125490196078,0.196078431373,0.619607843137,0.709803921569,0.235294117647,0.290196078431,0.262745098039,0.141176470588,0.352941176471,0.486274509804,0.678431372549,0.0,0.796078431373,0.576470588235,0.0,0.0156862745098,0.0352941176471,0.537254901961,0.0941176470588,0.509803921569,0.109803921569,0.619607843137,0.125490196078,0.125490196078,0.819607843137,0.725490196078,0.00392156862745,0.654901960784,0.188235294118,0.525490196078,0.0,0.396078431373,0.619607843137,0.807843137255,0.83137254902,0.83137254902,0.643137254902,0.670588235294,0.686274509804,0.505882352941,0.525490196078,0.541176470588,0.364705882353,0.380392156863,0.392156862745,0.239215686275,0.254901960784,0.266666666667,0.133333333333,0.137254901961,0.145098039216,72.3,-19.6,-24.6
White LED torch (LED-B3),Chlorpromazine HCl,negative,0.00392156862745,0.498039215686,0.733333333333,0.380392156863,0.254901960784,0.172549019608,0.690196078431,0.486274509804,0.403921568627,0.239215686275,0.360784313725,0.564705882353,0.254901960784,0.356862745098,0.109803921569,0.396078431373,0.372549019608,0.635294117647,0.141176470588,0.639215686275,0.592156862745,0.792156862745,0.423529411765,0.0,0.125490196078,0.196078431373,0.619607843137,0.709803921569,0.235294117647,0.290196078431,0.262745098039,0.141176470588,0.352941176471,0.486274509804,0.678431372549,0.0,0.796078431373,0.576470588235,0.0,0.0156862745098,0.0352941176471,0.537254901961,0.0941176470588,0.509803921569,0.109803921569,0.619607843137,0.125490196078,0.125490196078,0.819607843137,0.725490196078,0.00392156862745,0.654901960784,0.188235294118,0.525490196078,0.0,0.396078431373,0.619607843137,0.807843137255,0.83137254902,0.83137254902,0.643137254902,0.670588235294,0.686274509804,0.505882352941,0.525490196078,0.541176470588,0.364705882353,0.380392156863,0.392156862745,0.239215686275,0.254901960784,0.266666666667,0.133333333333,0.137254901961,0.145098039216,63.6,-13.6,-28.3
Incandescent bulb (A),Cocaine HCl,positive,0.00392156862745,0.517647058824,0.596078431373,0.517647058824,0.352941176471,0.145098039216,0.843137254902,0.588235294118,0.36862745098,0.392156862745,0.482352941176,0.505882352941,0.38431372549,0.454901960784,0.0549019607843,0.56862745098,0.501960784314,0.564705882353,0.349019607843,0.733333333333,0.533333333333,0.925490196078,0.529411764706,0.00392156862745,0.301960784314,0.352941176471,0.560784313725,0.862745098039,0.360784313725,0.254901960784,0.423529411765,0.254901960784,0.333333333333,0.623529411765,0.752941176471,0.00392156862745,0.925490196078,0.662745098039,0.0,0.149019607843,0.23137254902,0.501960784314,0.258823529412,0.6,0.113725490196,0.81568627451,0.223529411765,0.109803921569,0.952941176471,0.8,0.0,0.847058823529,0.341176470588,0.462745098039,0.00392156862745,0.517647058824,0.580392156863,0.964705882353,0.929411764706,0.674509803922,0.807843137255,0.780392156863,0.576470588235,0.658823529412,0.639215686275,0.474509803922,0.509803921569,0.494117647059,0.356862745098,0.364705882353,0.356862745098,0.262745098039,0.235294117647,0.227450980392,0.149019607843,53.7,-9.0,-35.9
Incandescent bulb (A),Phencyclidine HCl,positive,0.423529411765,0.717647058824,0.674509803922,0.517647058824,0.352941176471,0.145098039216,0.843137254902,0.588235294118,0.36862745098,0.392156862745,0.482352941176,0.505882352941,0.38431372549,0.454901960784,0.0549019607843,0.56862745098,0.501960784314,0.564705882353,0.349019607843,0.733333333333,0.533333333333,0.925490196078,0.529411764706,0.00392156862745,0.301960784314,0.352941176471,0.560784313725,0.862745098039,0.360784313725,0.254901960784,0.423529411765,0.254901960784,0.333333333333,0.623529411765,0.752941176471,0.00392156862745,0.925490196078,0.662745098039,0.0,0.149019607843,0.23137254902,0.501960784314,0.258823529412,0.6,0.113725490196,0.81568627451,0.223529411765,0.109803921569,0.952941176471,0.8,0.0,0.847058823529,0.341176470588,0.462745098039,0.00392156862745,0.517647058824,0.580392156863,0.964705882353,0.929411764706,0.674509803922,0.807843137255,0.780392156863,0.576470588235,0.658823529412,0.639215686275,0.474509803922,0.509803921569,0.494117647059,0.356862745098,0.364705882353,0.356862745098,0.262745098039,0.235294117647,0.227450980392,0.149019607843,64.1,-16.3,-29.3
Daylight (D65),Cocaine HCl,positive,0.0,0.556862745098,0.733333333333,0.478431372549,0.349019607843,0.290196078431,0.756862745098,0.588235294118,0.525490196078,0.321568627451,0.501960784314,0.662745098039,0.349019607843,0.458823529412,0.227450980392,0.486274509804,0.517647058824,0.729411764706,0.243137254902,0.749019607843,0.690196078431,0.850980392157,0.490196078431,0.0078431372549,0.192156862745,0.380392156863,0.713725490196,0.780392156863,0.337254901961,0.41568627451,0.372549019608,0.258823529412,0.458823529412,0.576470588235,0.741176470588,0.00392156862745,0.854901960784,0.627450980392,0.00392156862745,0.0274509803922,0.262745098039,0.643137254902,0.211764705882,0.611764705882,0.254901960784,0.721568627451,0.211764705882,0.258823529412,0.874509803922,0.76862745098,0.00392156862745,0.745098039216,0.333333333333,0.627450980392,0.0,0.564705882353,0.709803921569,0.858823529412,0.913725490196,0.917647058824,0.717647058824,0.772549019608,0.78431372549,0.592156862745,0.639215686275,0.647058823529,0.454901960784,0.498039215686,0.505882352941,0.329411764706,0.36862745098,0.376470588235,0.207843137255,0.235294117647,0.243137254902,54.4,-10.6,-27.5
Daylight (D65),Cocaine HCl,positive,0.0,0.560784313725,0.733333333333,0.478431372549,0.349019607843,0.290196078431,0.756862745098,0.588235294118,0.525490196078,0.321568627451,0.501960784314,0.662745098039,0.349019607843,0.458823529412,0.227450980392,0.486274509804,0.517647058824,0.729411764706,0.243137254902,0.749019607843,0.690196078431,0.850980392157,0.490196078431,0.0078431372549,0.192156862745,0.380392156863,0.713725490196,0.780392156863,0.337254901961,0.41568627451,0.372549019608,0.258823529412,0.458823529412,0.576470588235,0.741176470588,0.00392156862745,0.854901960784,0.627450980392,0.00392156862745,0.0274509803922,0.262745098039,0.643137254902,0.211764705882,0.611764705882,0.254901960784,0.721568627451,0.211764705882,0.258823529412,0.874509803922,0.76862745098,0.00392156862745,0.745098039216,0.333333333333,0.627450980392,0.0,0.564705882353,0.709803921569,0.858823529412,0.913725490196,0.917647058824,0.717647058824,0.772549019608,0.78431372549,0.592156862745,0.639215686275,0.647058823529,0.454901960784,0.498039215686,0.505882352941,0.329411764706,0.36862745098,0.376470588235,0.207843137255,0.235294117647,0.243137254902,54.8,-10.8,-27.5
Tube light (FL2),Meperidine HCl,positive,0.0,0.450980392157,0.627450980392,0.407843137255,0.325490196078,0.227450980392,0.694117647059,0.552941176471,0.450980392157,0.341176470588,0.427450980392,0.541176470588,0.337254901961,0.41568627451,0.203921568627,0.458823529412,0.454901960784,0.607843137255,0.41568627451,0.682352941176,0.607843137255,0.760784313725,0.521568627451,0.0274509803922,0.23137254902,0.282352941176,0.572549019608,0.670588235294,0.352941176471,0.341176470588,0.290196078431,0.219607843137,0.360784313725,0.6,0.721568627451,0.121568627451,0.807843137255,0.666666666667,0.00392156862745,0.0980392156863,0.145098039216,0.501960784314,0.317647058824,0.537254901961,0.254901960784,0.56862745098,0.254901960784,0.211764705882,0.835294117647,0.78431372549,0.0,0.627450980392,0.329411764706,0.517647058824,0.0588235294118,0.447058823529,0.603921568627,0.843137254902,0.862745098039,0.78431372549,0.705882352941,0.721568627451,0.666666666667,0.576470588235,0.592156862745,0.545098039216,0.439215686275,0.450980392157,0.41568627451,0.313725490196,0.321568627451,0.298039215686,0.192156862745,0.196078431373,0.180392156863,53.2,-15.2,-31.5
Tube light (FL2),Cocaine HCl,positive,0.0,0.450980392157,0.627450980392,0.407843137255,0.325490196078,0.227450980392,0.694117647059,0.552941176471,0.450980392157,0.341176470588,0.427450980392,0.541176470588,0.337254901961,0.41568627451,0.203921568627,0.458823529412,0.454901960784,0.607843137255,0.41568627451,0.682352941176,0.607843137255,0.760784313725,0.521568627451,0.0274509803922,0.23137254902,0.282352941176,0.572549019608,0.670588235294,0.352941176471,0.341176470588,0.290196078431,0.219607843137,0.360784313725,0.6,0.721568627451,0.121568627451,0.807843137255,0.666666666667,0.00392156862745,0.0980392156863,0.145098039216,0.501960784314,0.317647058824,0.537254901961,0.254901960784,0.56862745098,0.254901960784,0.211764705882,0.835294117647,0.78431372549,0.0,0.627450980392,0.329411764706,0.517647058824,0.0588235294118,0.447058823529,0.603921568627,0.843137254902,0.862745098039,0.78431372549,0.705882352941,0.721568627451,0.666666666667,0.576470588235,0.592156862745,0.545098039216,0.439215686275,0.450980392157,0.41568627451,0.313725490196,0.321568627451,0.298039215686,0.192156862745,0.196078431373,0.180392156863,53.4,-15.6,-31.0
White LED torch (LED-B3),Cocaine HCl,positive,0.0,0.36862745098,0.58431372549,0.36862745098,0.247058823529,0.188235294118,0.666666666667,0.466666666667,0.407843137255,0.270588235294,0.345098039216,0.517647058824,0.266666666667,0.341176470588,0.160784313725,0.396078431373,0.356862745098,0.580392156863,0.278431372549,0.596078431373,0.560784313725,0.752941176471,0.419607843137,0.00392156862745,0.16862745098,0.192156862745,0.56862745098,0.666666666667,0.250980392157,0.301960784314,0.258823529412,0.141176470588,0.325490196078,0.505882352941,0.635294117647,0.0196078431373,0.756862745098,0.549019607843,0.0,0.043137254902,0.043137254902,0.498039215686,0.211764705882,0.482352941176,0.196078431373,0.58431372549,0.156862745098,0.164705882353,0.796078431373,0.690196078431,0.0,0.619607843137,0.211764705882,0.490196078431,0.0,0.372549019608,0.56862745098,0.819607843137,0.8,0.811764705882,0.654901960784,0.647058823529,0.666666666667,0.513725490196,0.505882352941,0.525490196078,0.372549019608,0.36862745098,0.38431372549,0.247058823529,0.247058823529,0.258823529412,0.137254901961,0.133333333333,0.141176470588,52.1,-13.6,-28.9
Incandescent bulb (A),Cocaine HCl,positive,0.0,0.43137254902,0.576470588235,0.411764705882,0.286274509804,0.188235294118,0.752941176471,0.533333333333,0.427450980392,0.313725490196,0.4,0.494117647059,0.301960784314,0.380392156863,0.164705882353,0.470588235294,0.427450980392,0.560784313725,0.305882352941,0.666666666667,0.58431372549,0.827450980392,0.486274509804,0.0235294117647,0.211764705882,0.258823529412,0.525490196078,0.760784313725,0.317647058824,0.294117647059,0.325490196078,0.18431372549,0.298039215686,0.556862745098,0.705882352941,0.16862745098,0.847058823529,0.63137254902,0.0,0.078431372549,0.125490196078,0.450980392157,0.219607843137,0.521568627451,0.254901960784,0.705882352941,0.207843137255,0.172549019608,0.886274509804,0.76862745098,0.0,0.745098039216,0.294117647059,0.462745098039,0.0,0.423529411765,0.572549019608,0.901960784314,0.898039215686,0.788235294118,0.729411764706,0.725490196078,0.647058823529,0.56862745098,0.572549019608,0.509803921569,0.411764705882,0.419607843137,0.36862745098,0.278431372549,0.282352941176,0.250980392157,0.156862745098,0.152941176471,0.133333333333,53.1,-13.9,-29.2
Incandescent bulb (A),Cocaine HCl,positive,0.0,0.423529411765,0.576470588235,0.411764705882,0.286274509804,0.188235294118,0.752941176471,0.533333333333,0.427450980392,0.313725490196,0.4,0.494117647059,0.301960784314,0.380392156863,0.164705882353,0.470588235294,0.427450980392,0.560784313725,0.305882352941,0.666666666667,0.58431372549,0.827450980392,0.486274509804,0.0235294117647,0.211764705882,0.258823529412,0.525490196078,0.760784313725,0.317647058824,0.294117647059,0.325490196078,0.18431372549,0.298039215686,0.556862745098,0.705882352941,0.16862745098,0.847058823529,0.63137254902,0.0,0.078431372549,0.125490196078,0.450980392157,0.219607843137,0.521568627451,0.254901960784,0.705882352941,0.207843137255,0.172549019608,0.886274509804,0.76862745098,0.0,0.745098039216,0.294117647059,0.462745098039,0.0,0.423529411765,0.572549019608,0.901960784314,0.898039215686,0.788235294118,0.729411764706,0.725490196078,0.647058823529,0.56862745098,0.572549019608,0.509803921569,0.411764705882,0.419607843137,0.36862745098,0.278431372549,0.282352941176,0.250980392157,0.156862745098,0.152941176471,0.133333333333,52.5,-13.0,-30.1
Daylight (D65),Cocaine HCl,positive,0.00392156862745,0.549019607843,0.709803921569,0.423529411765,0.325490196078,0.239215686275,0.705882352941,0.588235294118,0.486274509804,0.223529411765,0.490196078431,0.623529411765,0.282352941176,0.439215686275,0.164705882353,0.41568627451,0.509803921569,0.698039215686,0.0156862745098,0.756862745098,0.654901960784,0.811764705882,0.474509803922,0.0,0.0627450980392,0.36862745098,0.682352941176,0.737254901961,0.325490196078,0.372549019608,0.313725490196,0.239215686275,0.41568627451,0.505882352941,0.745098039216,0.0,0.811764705882,0.623529411765,0.0,0.0,0.250980392157,0.603921568627,0.0588235294118,0.603921568627,0.176470588235,0.682352941176,0.2,0.207843137255,0.83137254902,0.776470588235,0.00392156862745,0.698039215686,0.329411764706,0.592156862745,0.00392156862745,0.552941176471,0.682352941176,0.792156862745,0.952941176471,0.890196078431,0.643137254902,0.788235294118,0.756862745098,0.517647058824,0.639215686275,0.61568627451,0.388235294118,0.486274509804,0.470588235294,0.266666666667,0.345098039216,0.333333333333,0.164705882353,0.207843137255,0.2,54.8,-6.9,-28.6
Daylight (D65),Quinine HCl,negative,0.0,0.509803921569,0.803921568627,0.423529411765,0.325490196078,0.239215686275,0.705882352941,0.588235294118,0.486274509804,0.223529411765,0.490196078431,0.623529411765,0.282352941176,0.439215686275,0.164705882353,0.41568627451,0.509803921569,0.698039215686,0.0156862745098,0.756862745098,0.654901960784,0.811764705882,0.474509803922,0.0,0.0627450980392,0.36862745098,0.682352941176,0.737254901961,0.325490196078,0.372549019608,0.313725490196,0.239215686275,0.41568627451,0.505882352941,0.745098039216,0.0,0.811764705882,0.623529411765,0.0,0.0,0.250980392157,0.603921568627,0.0588235294118,0.603921568627,0.176470588235,0.682352941176,0.2,0.207843137255,0.83137254902,0.776470588235,0.00392156862745,0.698039215686,0.329411764706,0.592156862745,0.00392156862745,0.552941176471,0.682352941176,0.792156862745,0.952941176471,0.890196078431,0.643137254902,0.788235294118,0.756862745098,0.517647058824,0.639215686275,0.61568627451,0.388235294118,0.486274509804,0.470588235294,0.266666666667,0.345098039216,0.333333333333,0.164705882353,0.207843137255,0.2,53.0,7.0,-46.2
Tube light (FL2),Pseudoephedrine HCl,positive,0.0,0.439215686275,0.564705882353,0.4,0.329411764706,0.203921568627,0.654901960784,0.549019607843,0.403921568627,0.317647058824,0.427450980392,0.505882352941,0.313725490196,0.407843137255,0.160784313725,0.423529411765,0.450980392157,0.556862745098,0.356862745098,0.650980392157,0.533333333333,0.733333333333,0.521568627451,0.00392156862745,0.219607843137,0.301960784314,0.545098039216,0.639215686275,0.356862745098,0.313725490196,0.282352941176,0.227450980392,0.337254901961,0.541176470588,0.686274509804,0.0,0.737254901961,0.635294117647,0.0,0.0823529411765,0.180392156863,0.486274509804,0.286274509804,0.537254901961,0.196078431373,0.549019607843,0.254901960784,0.188235294118,0.776470588235,0.752941176471,0.0,0.588235294118,0.333333333333,0.478431372549,0.0117647058824,0.439215686275,0.552941176471,0.796078431373,0.858823529412,0.717647058824,0.662745098039,0.717647058824,0.611764705882,0.537254901961,0.58431372549,0.498039215686,0.411764705882,0.450980392157,0.380392156863,0.290196078431,0.321568627451,0.274509803922,0.176470588235,0.2,0.160784313725,51.3,-13.6,-31.9
Tube light (FL2),Propoxyphene HCl,positive,0.0,0.439215686275,0.56862745098,0.4,0.329411764706,0.203921568627,0.654901960784,0.549019607843,0.403921568627,0.317647058824,0.427450980392,0.505882352941,0.313725490196,0.407843137255,0.160784313725,0.423529411765,0.450980392157,0.556862745098,0.356862745098,0.650980392157,0.533333333333,0.733333333333,0.521568627451,0.00392156862745,0.219607843137,0.301960784314,0.545098039216,0.639215686275,0.356862745098,0.313725490196,0.282352941176,0.227450980392,0.337254901961,0.541176470588,0.686274509804,0.0,0.737254901961,0.635294117647,0.0,0.0823529411765,0.180392156863,0.486274509804,0.286274509804,0.537254901961,0.196078431373,0.549019607843,0.254901960784,0.188235294118,0.776470588235,0.752941176471,0.0,0.588235294118,0.333333333333,0.478431372549,0.0117647058824,0.439215686275,0.552941176471,0.796078431373,0.858823529412,0.717647058824,0.662745098039,0.717647058824,0.611764705882,0.537254901961,0.58431372549,0.498039215686,0.411764705882,0.450980392157,0.380392156863,0.290196078431,0.321568627451,0.274509803922,0.176470588235,0.2,0.160784313725,51.7,-13.7,-32.0
White LED torch (LED-B3),Cocaine HCl,positive,0.0,0.509803921569,0.588235294118,0.388235294118,0.337254901961,0.188235294118,0.650980392157,0.580392156863,0.380392156863,0.258823529412,0.466666666667,0.505882352941,0.278431372549,0.435294117647,0.125490196078,0.403921568627,0.494117647059,0.56862745098,0.21568627451,0.721568627451,0.529411764706,0.733333333333,0.521568627451,0.00392156862745,0.145098039216,0.337254901961,0.556862745098,0.666666666667,0.36862745098,0.305882352941,0.286274509804,0.247058823529,0.341176470588,0.498039215686,0.737254901961,0.0,0.749019607843,0.658823529412,0.0,0.0196078431373,0.211764705882,0.498039215686,0.172549019608,0.572549019608,0.117647058824,0.6,0.262745098039,0.176470588235,0.764705882353,0.792156862745,0.0,0.63137254902,0.360784313725,0.490196078431,0.0,0.505882352941,0.556862745098,0.749019607843,0.913725490196,0.709803921569,0.623529411765,0.76862745098,0.603921568627,0.501960784314,0.623529411765,0.490196078431,0.380392156863,0.478431372549,0.376470588235,0.270588235294,0.341176470588,0.266666666667,0.164705882353,0.211764705882,0.160784313725,54.3,-7.5,-31.9
White LED torch (LED-B3),Cocaine HCl,positive,0.0,0.505882352941,0.580392156863,0.388235294118,0.337254901961,0.188235294118,0.650980392157,0.580392156863,0.380392156863,0.258823529412,0.466666666667,0.505882352941,0.278431372549,0.435294117647,0.125490196078,0.403921568627,0.494117647059,0.56862745098,0.21568627451,0.721568627451,0.529411764706,0.733333333333,0.521568627451,0.00392156862745,0.145098039216,0.337254901961,0.556862745098,0.666666666667,0.36862745098,0.305882352941,0.286274509804,0.247058823529,0.341176470588,0.498039215686,0.737254901961,0.0,0.749019607843,0.658823529412,0.0,0.0196078431373,0.211764705882,0.498039215686,0.172549019608,0.572549019608,0.117647058824,0.6,0.262745098039,0.176470588235,0.764705882353,0.792156862745,0.0,0.63137254902,0.360784313725,0.490196078431,0.0,0.505882352941,0.556862745098,0.749019607843,0.913725490196,0.709803921569,0.623529411765,0.76862745098,0.603921568627,0.501960784314,0.623529411765,0.490196078431,0.380392156863,0.478431372549,0.376470588235,0.270588235294,0.341176470588,0.266666666667,0.164705882353,0.211764705882,0.160784313725,54.1,-8.2,-30.8
Incandescent bulb (A),Brompheniramine Maleate,negative,0.00392156862745,0.58431372549,0.694117647059,0.466666666667,0.298039215686,0.129411764706,0.847058823529,0.564705882353,0.372549019608,0.333333333333,0.439215686275,0.509803921569,0.321568627451,0.411764705882,0.0588235294118,0.525490196078,0.462745098039,0.56862745098,0.270588235294,0.721568627451,0.560784313725,0.937254901961,0.498039215686,0.00392156862745,0.235294117647,0.286274509804,0.552941176471,0.870588235294,0.305882352941,0.23137254902,0.372549019608,0.2,0.305882352941,0.592156862745,0.752941176471,0.0,0.952941176471,0.658823529412,0.00392156862745,0.0823529411765,0.156862745098,0.490196078431,0.18431372549,0.56862745098,0.133333333333,0.807843137255,0.160784313725,0.0666666666667,0.992156862745,0.81568627451,0.00392156862745,0.850980392157,0.278431372549,0.462745098039,0.00392156862745,0.470588235294,0.596078431373,1.0,0.964705882353,0.749019607843,0.8,0.780392156863,0.61568627451,0.635294117647,0.61568627451,0.490196078431,0.458823529412,0.450980392157,0.360784313725,0.301960784314,0.305882352941,0.235294117647,0.176470588235,0.172549019608,0.125490196078,63.5,-13.9,-33.3
Incandescent bulb (A),Doxepin HCl,negative,0.0,0.580392156863,0.690196078431,0.466666666667,0.298039215686,0.129411764706,0.847058823529,0.564705882353,0.372549019608,0.333333333333,0.439215686275,0.509803921569,0.321568627451,0.411764705882,0.0588235294118,0.525490196078,0.462745098039,0.56862745098,0.270588235294,0.721568627451,0.560784313725,0.937254901961,0.498039215686,0.00392156862745,0.235294117647,0.286274509804,0.552941176471,0.870588235294,0.305882352941,0.23137254902,0.372549019608,0.2,0.305882352941,0.592156862745,0.752941176471,0.0,0.952941176471,0.658823529412,0.00392156862745,0.0823529411765,0.156862745098,0.490196078431,0.18431372549,0.56862745098,0.133333333333,0.807843137255,0.160784313725,0.0666666666667,0.992156862745,0.81568627451,0.00392156862745,0.850980392157,0.278431372549,0.462745098039,0.00392156862745,0.470588235294,0.596078431373,1.0,0.964705882353,0.749019607843,0.8,0.780392156863,0.61568627451,0.635294117647,0.61568627451,0.490196078431,0.458823529412,0.450980392157,0.360784313725,0.301960784314,0.305882352941,0.235294117647,0.176470588235,0.172549019608,0.125490196078,63.1,-13.8,-33.2
Daylight (D65),Doxepin HCl,negative,0.0,0.647058823529,0.756862745098,0.454901960784,0.349019607843,0.274509803922,0.725490196078,0.588235294118,0.501960784314,0.325490196078,0.501960784314,0.603921568627,0.341176470588,0.450980392157,0.223529411765,0.474509803922,0.521568627451,0.670588235294,0.305882352941,0.737254901961,0.647058823529,0.803921568627,0.490196078431,0.0509803921569,0.211764705882,0.388235294118,0.654901960784,0.737254901961,0.356862745098,0.396078431373,0.356862745098,0.266666666667,0.419607843137,0.572549019608,0.729411764706,0.0274509803922,0.81568627451,0.623529411765,0.0,0.043137254902,0.278431372549,0.58431372549,0.258823529412,0.596078431373,0.258823529412,0.678431372549,0.243137254902,0.254901960784,0.839215686275,0.760784313725,0.00392156862745,0.705882352941,0.360784313725,0.58431372549,0.00392156862745,0.556862745098,0.658823529412,0.83137254902,0.909803921569,0.858823529412,0.698039215686,0.76862745098,0.737254901961,0.576470588235,0.635294117647,0.607843137255,0.447058823529,0.494117647059,0.474509803922,0.325490196078,0.364705882353,0.349019607843,0.207843137255,0.23137254902,0.223529411765,63.4,-16.5,-27.5
Daylight (D65),Phencyclidine HCl,positive,0.00392156862745,0.552941176471,0.678431372549,0.454901960784,0.349019607843,0.274509803922,0.725490196078,0.588235294118,0.501960784314,0.325490196078,0.501960784314,0.603921568627,0.341176470588,0.450980392157,0.223529411765,0.474509803922,0.521568627451,0.670588235294,0.305882352941,0.737254901961,0.647058823529,0.803921568627,0.490196078431,0.0509803921569,0.211764705882,0.388235294118,0.654901960784,0.737254901961,0.356862745098,0.396078431373,0.356862745098,0.266666666667,0.419607843137,0.572549019608,0.729411764706,0.0274509803922,0.81568627451,0.623529411765,0.0,0.043137254902,0.278431372549,0.58431372549,0.258823529412,0.596078431373,0.258823529412,0.678431372549,0.243137254902,0.254901960784,0.839215686275,0.760784313725,0.00392156862745,0.705882352941,0.360784313725,0.58431372549,0.00392156862745,0.556862745098,0.658823529412,0.83137254902,0.909803921569,0.858823529412,0.698039215686,0.76862745098,0.737254901961,0.576470588235,0.635294117647,0.607843137255,0.447058823529,0.494117647059,0.474509803922,0.325490196078,0.364705882353,0.349019607843,0.207843137255,0.23137254902,0.223529411765,54.0,-12.0,-28.2
Tube light (FL2),Phencyclidine HCl,positive,0.0,0.403921568627,0.666666666667,0.407843137255,0.290196078431,0.196078431373,0.717647058824,0.517647058824,0.435294117647,0.309803921569,0.380392156863,0.576470588235,0.305882352941,0.388235294118,0.152941176471,0.439215686275,0.4,0.639215686275,0.341176470588,0.650980392157,0.619607843137,0.81568627451,0.490196078431,0.0,0.2,0.219607843137,0.623529411765,0.705882352941,0.294117647059,0.317647058824,0.274509803922,0.16862745098,0.36862745098,0.576470588235,0.705882352941,0.00392156862745,0.83137254902,0.639215686275,0.0,0.0627450980392,0.0588235294118,0.545098039216,0.258823529412,0.525490196078,0.192156862745,0.592156862745,0.192156862745,0.164705882353,0.866666666667,0.772549019608,0.00392156862745,0.647058823529,0.250980392157,0.537254901961,0.0,0.4,0.643137254902,0.882352941176,0.862745098039,0.847058823529,0.713725490196,0.709803921569,0.701960784314,0.56862745098,0.564705882353,0.560784313725,0.423529411765,0.41568627451,0.41568627451,0.286274509804,0.286274509804,0.286274509804,0.16862745098,0.160784313725,0.164705882353,53.1,-12.0,-31.9
Tube light (FL2),Cocaine HCl,positive,0.0,0.4,0.670588235294,0.407843137255,0.290196078431,0.196078431373,0.717647058824,0.517647058824,0.435294117647,0.309803921569,0.380392156863,0.576470588235,0.305882352941,0.388235294118,0.152941176471,0.439215686275,0.4,0.639215686275,0.341176470588,0.650980392157,0.619607843137,0.81568627451,0.490196078431,0.0,0.2,0.219607843137,0.623529411765,0.705882352941,0.294117647059,0.317647058824,0.274509803922,0.16862745098,0.36862745098,0.576470588235,0.705882352941,0.00392156862745,0.83137254902,0.639215686275,0.0,0.0627450980392,0.0588235294118,0.545098039216,0.258823529412,0.525490196078,0.192156862745,0.592156862745,0.192156862745,0.164705882353,0.866666666667,0.772549019608,0.00392156862745,0.647058823529,0.250980392157,0.537254901961,0.0,0.4,0.643137254902,0.882352941176,0.862745098039,0.847058823529,0.713725490196,0.709803921569,0.701960784314,0.56862745098,0.564705882353,0.560784313725,0.423529411765,0.41568627451,0.41568627451,0.286274509804,0.286274509804,0.286274509804,0.16862745098,0.160784313725,0.164705882353,53.1,-11.0,-33.0
White LED torch (LED-B3),Cocaine HCl,positive,0.0,0.533333333333,0.694117647059,0.486274509804,0.360784313725,0.21568627451,0.796078431373,0.603921568627,0.435294117647,0.341176470588,0.490196078431,0.607843137255,0.352941176471,0.470588235294,0.117647058824,0.509803921569,0.505882352941,0.678431372549,0.290196078431,0.760784313725,0.619607843137,0.894117647059,0.537254901961,0.0,0.23137254902,0.337254901961,0.678431372549,0.81568627451,0.352941176471,0.349019607843,0.36862745098,0.247058823529,0.423529411765,0.6,0.78431372549,0.0,0.894117647059,0.686274509804,0.0,0.0588235294118,0.188235294118,0.611764705882,0.223529411765,0.623529411765,0.078431372549,0.737254901961,0.235294117647,0.180392156863,0.913725490196,0.83137254902,0.0,0.772549019608,0.329411764706,0.58431372549,0.0,0.533333333333,0.666666666667,0.905882352941,0.949019607843,0.823529411765,0.756862745098,0.796078431373,0.701960784314,0.619607843137,0.654901960784,0.580392156863,0.474509803922,0.505882352941,0.443137254902,0.341176470588,0.364705882353,0.321568627451,0.21568627451,0.227450980392,0.2,54.0,-8.9,-31.2
White LED torch (LED-B3),Methadone HCl,negative,0.00392156862745,0.63137254902,0.772549019608,0.486274509804,0.360784313725,0.21568627451,0.796078431373,0.603921568627,0.435294117647,0.341176470588,0.490196078431,0.607843137255,0.352941176471,0.470588235294,0.117647058824,0.509803921569,0.505882352941,0.678431372549,0.290196078431,0.760784313725,0.619607843137,0.894117647059,0.537254901961,0.0,0.23137254902,0.337254901961,0.678431372549,0.81568627451,0.352941176471,0.349019607843,0.36862745098,0.247058823529,0.423529411765,0.6,0.78431372549,0.0,0.894117647059,0.686274509804,0.0,0.0588235294118,0.188235294118,0.611764705882,0.223529411765,0.623529411765,0.078431372549,0.737254901961,0.235294117647,0.180392156863,0.913725490196,0.83137254902,0.0,0.772549019608,0.329411764706,0.58431372549,0.0,0.533333333333,0.666666666667,0.905882352941,0.949019607843,0.823529411765,0.756862745098,0.796078431373,0.701960784314,0.619607843137,0.654901960784,0.580392156863,0.474509803922,0.505882352941,0.443137254902,0.341176470588,0.364705882353,0.321568627451,0.21568627451,0.227450980392,0.2,63.7,-12.0,-32.4
Incandescent bulb (A),Benzphetamine HCl,negative,0.0,0.749019607843,0.627450980392,0.447058823529,0.349019607843,0.125490196078,0.772549019608,0.627450980392,0.321568627451,0.321568627451,0.490196078431,0.450980392157,0.305882352941,0.443137254902,0.043137254902,0.486274509804,0.521568627451,0.501960784314,0.262745098039,0.760784313725,0.482352941176,0.858823529412,0.556862745098,0.0,0.223529411765,0.356862745098,0.494117647059,0.792156862745,0.388235294118,0.23137254902,0.352941176471,0.254901960784,0.270588235294,0.556862745098,0.78431372549,0.00392156862745,0.862745098039,0.701960784314,0.00392156862745,0.0745098039216,0.235294117647,0.43137254902,0.18431372549,0.596078431373,0.0901960784314,0.745098039216,0.266666666667,0.113725490196,0.898039215686,0.847058823529,0.0,0.780392156863,0.38431372549,0.41568627451,0.0,0.521568627451,0.517647058824,0.901960784314,1.0,0.639215686275,0.729411764706,0.835294117647,0.533333333333,0.588235294118,0.666666666667,0.419607843137,0.435294117647,0.498039215686,0.313725490196,0.298039215686,0.345098039216,0.211764705882,0.176470588235,0.207843137255,0.113725490196,71.9,-20.7,-26.5
Incandescent bulb (A),Methylphenidate HCl,negative,0.0,0.650980392157,0.501960784314,0.447058823529,0.349019607843,0.125490196078,0.772549019608,0.627450980392,0.321568627451,0.321568627451,0.490196078431,0.450980392157,0.305882352941,0.443137254902,0.043137254902,0.486274509804,0.521568627451,0.501960784314,0.262745098039,0.760784313725,0.482352941176,0.858823529412,0.556862745098,0.0,0.223529411765,0.356862745098,0.494117647059,0.792156862745,0.388235294118,0.23137254902,0.352941176471,0.254901960784,0.270588235294,0.556862745098,0.78431372549,0.00392156862745,0.862745098039,0.701960784314,0.00392156862745,0.0745098039216,0.235294117647,0.43137254902,0.18431372549,0.596078431373,0.0901960784314,0.745098039216,0.266666666667,0.113725490196,0.898039215686,0.847058823529,0.0,0.780392156863,0.38431372549,0.41568627451,0.0,0.521568627451,0.517647058824,0.901960784314,1.0,0.639215686275,0.729411764706,0.835294117647,0.533333333333,0.588235294118,0.666666666667,0.419607843137,0.435294117647,0.498039215686,0.313725490196,0.298039215686,0.345098039216,0.211764705882,0.176470588235,0.207843137255,0.113725490196,62.6,-22.9,-15.7
Daylight (D65),Cocaine HCl,positive,0.00392156862745,0.596078431373,0.701960784314,0.478431372549,0.376470588235,0.286274509804,0.756862745098,0.635294117647,0.521568627451,0.341176470588,0.541176470588,0.627450980392,0.360784313725,0.482352941176,0.23137254902,0.494117647059,0.564705882353,0.694117647059,0.309803921569,0.788235294118,0.670588235294,0.847058823529,0.529411764706,0.0313725490196,0.21568627451,0.427450980392,0.682352941176,0.772549019608,0.388235294118,0.411764705882,0.372549019608,0.294117647059,0.439215686275,0.596078431373,0.776470588235,0.0078431372549,0.854901960784,0.666666666667,0.0,0.0352941176471,0.309803921569,0.611764705882,0.262745098039,0.639215686275,0.258823529412,0.713725490196,0.266666666667,0.266666666667,0.878431372549,0.811764705882,0.0,0.741176470588,0.396078431373,0.607843137255,0.00392156862745,0.6,0.686274509804,0.878431372549,0.976470588235,0.890196078431,0.733333333333,0.827450980392,0.764705882353,0.6,0.682352941176,0.63137254902,0.466666666667,0.533333333333,0.490196078431,0.337254901961,0.392156862745,0.360784313725,0.21568627451,0.250980392157,0.23137254902,53.8,-12.4,-28.1
Daylight (D65),Cocaine HCl,positive,0.00392156862745,0.596078431373,0.705882352941,0.478431372549,0.376470588235,0.286274509804,0.756862745098,0.635294117647,0.521568627451,0.341176470588,0.541176470588,0.627450980392,0.360784313725,0.482352941176,0.23137254902,0.494117647059,0.564705882353,0.694117647059,0.309803921569,0.788235294118,0.670588235294,0.847058823529,0.529411764706,0.0313725490196,0.21568627451,0.427450980392,0.682352941176,0.772549019608,0.388235294118,0.411764705882,0.372549019608,0.294117647059,0.439215686275,0.596078431373,0.776470588235,0.0078431372549,0.854901960784,0.666666666667,0.0,0.0352941176471,0.309803921569,0.611764705882,0.262745098039,0.639215686275,0.258823529412,0.713725490196,0.266666666667,0.266666666667,0.878431372549,0.811764705882,0.0,0.741176470588,0.396078431373,0.607843137255,0.00392156862745,0.6,0.686274509804,0.878431372549,0.976470588235,0.890196078431,0.733333333333,0.827450980392,0.764705882353,0.6,0.682352941176,0.63137254902,0.466666666667,0.533333333333,0.490196078431,0.337254901961,0.392156862745,0.360784313725,0.21568627451,0.250980392157,0.23137254902,53.5,-11.9,-28.6
Tube light (FL2),Cocaine HCl,positive,0.0,0.439215686275,0.63137254902,0.388235294118,0.321568627451,0.149019607843,0.694117647059,0.576470588235,0.380392156863,0.235294117647,0.427450980392,0.560784313725,0.250980392157,0.41568627451,0.0470588235294,0.380392156863,0.447058823529,0.623529411765,0.141176470588,0.701960784314,0.56862745098,0.811764705882,0.537254901961,0.0,0.109803921569,0.274509803922,0.63137254902,0.698039215686,0.329411764706,0.278431372549,0.250980392157,0.2,0.360784313725,0.498039215686,0.756862745098,0.0,0.788235294118,0.682352941176,0.0,0.0117647058824,0.129411764706,0.560784313725,0.117647058824,0.576470588235,0.0352941176471,0.588235294118,0.21568627451,0.109803921569,0.823529411765,0.839215686275,0.0,0.627450980392,0.294117647059,0.525490196078,0.00392156862745,0.443137254902,0.623529411765,0.827450980392,0.976470588235,0.807843137255,0.662745098039,0.792156862745,0.670588235294,0.521568627451,0.627450980392,0.529411764706,0.376470588235,0.458823529412,0.38431372549,0.250980392157,0.313725490196,0.262745098039,0.141176470588,0.176470588235,0.145098039216,51.8,-6.9,-31.2
Tube light (FL2),Ephedrine HCl,positive,0.0,0.439215686275,0.639215686275,0.388235294118,0.321568627451,0.149019607843,0.694117647059,0.576470588235,0.380392156863,0.235294117647,0.427450980392,0.560784313725,0.250980392157,0.41568627451,0.0470588235294,0.380392156863,0.447058823529,0.623529411765,0.141176470588,0.701960784314,0.56862745098,0.811764705882,0.537254901961,0.0,0.109803921569,0.274509803922,0.63137254902,0.698039215686,0.329411764706,0.278431372549,0.250980392157,0.2,0.360784313725,0.498039215686,0.756862745098,0.0,0.788235294118,0.682352941176,0.0,0.0117647058824,0.129411764706,0.560784313725,0.117647058824,0.576470588235,0.0352941176471,0.588235294118,0.21568627451,0.109803921569,0.823529411765,0.839215686275,0.0,0.627450980392,0.294117647059,0.525490196078,0.00392156862745,0.443137254902,0.623529411765,0.827450980392,0.976470588235,0.807843137255,0.662745098039,0.792156862745,0.670588235294,0.521568627451,0.627450980392,0.529411764706,0.376470588235,0.458823529412,0.38431372549,0.250980392157,0.313725490196,0.262745098039,0.141176470588,0.176470588235,0.145098039216,52.0,-6.4,-32.0
White LED torch (LED-B3),Cocaine HCl,positive,0.0,0.478431372549,0.678431372549,0.462745098039,0.341176470588,0.262745098039,0.764705882353,0.576470588235,0.494117647059,0.364705882353,0.447058823529,0.6,0.360784313725,0.439215686275,0.23137254902,0.501960784314,0.466666666667,0.666666666667,0.4,0.701960784314,0.639215686275,0.847058823529,0.521568627451,0.0509803921569,0.254901960784,0.294117647059,0.647058823529,0.764705882353,0.349019607843,0.38431372549,0.349019607843,0.223529411765,0.407843137255,0.611764705882,0.737254901961,0.105882352941,0.854901960784,0.654901960784,0.0,0.105882352941,0.133333333333,0.576470588235,0.309803921569,0.580392156863,0.266666666667,0.682352941176,0.247058823529,0.243137254902,0.894117647059,0.788235294118,0.0,0.721568627451,0.317647058824,0.572549019608,0.0078431372549,0.482352941176,0.647058823529,0.913725490196,0.894117647059,0.870588235294,0.752941176471,0.749019607843,0.733333333333,0.61568627451,0.611764705882,0.603921568627,0.470588235294,0.466666666667,0.458823529412,0.337254901961,0.337254901961,0.333333333333,0.211764705882,0.207843137255,0.207843137255,53.1,-14.3,-30.7
White LED torch (LED-B3),Cocaine HCl,positive,0.0,0.478431372549,0.670588235294,0.462745098039,0.341176470588,0.262745098039,0.764705882353,0.576470588235,0.494117647059,0.364705882353,0.447058823529,0.6,0.360784313725,0.439215686275,0.23137254902,0.501960784314,0.466666666667,0.666666666667,0.4,0.701960784314,0.639215686275,0.847058823529,0.521568627451,0.0509803921569,0.254901960784,0.294117647059,0.647058823529,0.764705882353,0.349019607843,0.38431372549,0.349019607843,0.223529411765,0.407843137255,0.611764705882,0.737254901961,0.105882352941,0.854901960784,0.654901960784,0.0,0.105882352941,0.133333333333,0.576470588235,0.309803921569,0.580392156863,0.266666666667,0.682352941176,0.247058823529,0.243137254902,0.894117647059,0.788235294118,0.0,0.721568627451,0.317647058824,0.572549019608,0.0078431372549,0.482352941176,0.647058823529,0.913725490196,0.894117647059,0.870588235294,0.752941176471,0.749019607843,0.733333333333,0.61568627451,0.611764705882,0.603921568627,0.470588235294,0.466666666667,0.458823529412,0.337254901961,0.337254901961,0.333333333333,0.211764705882,0.207843137255,0.207843137255,52.8,-14.9,-29.8
Incandescent bulb (A),Cocaine HCl,positive,0.00392156862745,0.392156862745,0.556862745098,0.4,0.278431372549,0.2,0.701960784314,0.501960784314,0.435294117647,0.305882352941,0.372549019608,0.482352941176,0.294117647059,0.360784313725,0.196078431373,0.450980392157,0.396078431373,0.537254901961,0.321568627451,0.607843137255,0.572549019608,0.764705882353,0.462745098039,0.117647058824,0.211764705882,0.239215686275,0.505882352941,0.709803921569,0.305882352941,0.309803921569,0.313725490196,0.176470588235,0.294117647059,0.525490196078,0.647058823529,0.243137254902,0.780392156863,0.58431372549,0.0549019607843,0.0862745098039,0.113725490196,0.439215686275,0.235294117647,0.490196078431,0.278431372549,0.654901960784,0.211764705882,0.203921568627,0.819607843137,0.709803921569,0.129411764706,0.686274509804,0.282352941176,0.450980392157,0.00392156862745,0.392156862745,0.552941176471,0.839215686275,0.81568627451,0.76862745098,0.678431372549,0.666666666667,0.63137254902,0.541176470588,0.529411764706,0.501960784314,0.396078431373,0.392156862745,0.372549019608,0.270588235294,0.266666666667,0.254901960784,0.156862745098,0.152941176471,0.145098039216,52.6,-14.4,-29.9
Incandescent bulb (A),Cocaine HCl,positive,0.00392156862745,0.392156862745,0.552941176471,0.4,0.278431372549,0.2,0.701960784314,0.501960784314,0.435294117647,0.305882352941,0.372549019608,0.482352941176,0.294117647059,0.360784313725,0.196078431373,0.450980392157,0.396078431373,0.537254901961,0.321568627451,0.607843137255,0.572549019608,0.764705882353,0.462745098039,0.117647058824,0.211764705882,0.239215686275,0.505882352941,0.709803921569,0.305882352941,0.309803921569,0.313725490196,0.176470588235,0.294117647059,0.525490196078,0.647058823529,0.243137254902,0.780392156863,0.58431372549,0.0549019607843,0.0862745098039,0.113725490196,0.439215686275,0.235294117647,0.490196078431,0.278431372549,0.654901960784,0.211764705882,0.203921568627,0.819607843137,0.709803921569,0.129411764706,0.686274509804,0.282352941176,0.450980392157,0.00392156862745,0.392156862745,0.552941176471,0.839215686275,0.81568627451,0.76862745098,0.678431372549,0.666666666667,0.63137254902,0.541176470588,0.529411764706,0.501960784314,0.396078431373,0.392156862745,0.372549019608,0.270588235294,0.266666666667,0.254901960784,0.156862745098,0.152941176471,0.145098039216,52.4,-14.7,-29.3
Daylight (D65),Brompheniramine Maleate,negative,0.00392156862745,0.596078431373,0.701960784314,0.407843137255,0.290196078431,0.219607843137,0.705882352941,0.533333333333,0.443137254902,0.313725490196,0.443137254902,0.537254901961,0.309803921569,0.38431372549,0.180392156863,0.450980392157,0.462745098039,0.603921568627,0.341176470588,0.690196078431,0.588235294118,0.780392156863,0.427450980392,0.078431372549,0.211764705882,0.329411764706,0.580392156863,0.705882352941,0.298039215686,0.337254901961,0.309803921569,0.207843137255,0.349019607843,0.560784313725,0.678431372549,0.0549019607843,0.803921568627,0.564705882353,0.00392156862745,0.0745098039216,0.223529411765,0.501960784314,0.258823529412,0.537254901961,0.21568627451,0.635294117647,0.18431372549,0.2,0.839215686275,0.709803921569,0.0,0.674509803922,0.305882352941,0.513725490196,0.00392156862745,0.498039215686,0.588235294118,0.854901960784,0.874509803922,0.811764705882,0.694117647059,0.725490196078,0.674509803922,0.556862745098,0.580392156863,0.541176470588,0.411764705882,0.43137254902,0.403921568627,0.286274509804,0.298039215686,0.278431372549,0.16862745098,0.172549019608,0.160784313725,62.5,-19.1,-29.9
Tube light (FL2),Quinine HCl,negative,0.0,0.490196078431,0.705882352941,0.450980392157,0.4,0.219607843137,0.721568627451,0.647058823529,0.43137254902,0.337254901961,0.521568627451,0.560784313725,0.345098039216,0.486274509804,0.137254901961,0.458823529412,0.541176470588,0.61568627451,0.352941176471,0.756862745098,0.580392156863,0.811764705882,0.607843137255,0.00392156862745,0.223529411765,0.38431372549,0.61568627451,0.713725490196,0.43137254902,0.337254901961,0.317647058824,0.294117647059,0.388235294118,0.58431372549,0.792156862745,0.0,0.811764705882,0.733333333333,0.0,0.0588235294118,0.254901960784,0.552941176471,0.290196078431,0.627450980392,0.160784313725,0.61568627451,0.321568627451,0.2,0.839215686275,0.858823529412,0.0078431372549,0.654901960784,0.411764705882,0.533333333333,0.0,0.529411764706,0.607843137255,0.843137254902,0.980392156863,0.760784313725,0.705882352941,0.827450980392,0.654901960784,0.58431372549,0.686274509804,0.541176470588,0.447058823529,0.537254901961,0.423529411765,0.325490196078,0.392156862745,0.305882352941,0.207843137255,0.250980392157,0.188235294118,52.3,4.1,-47.3
Tube light (FL2),Brompheniramine Maleate,negative,0.00392156862745,0.627450980392,0.709803921569,0.450980392157,0.4,0.219607843137,0.721568627451,0.647058823529,0.43137254902,0.337254901961,0.521568627451,0.560784313725,0.345098039216,0.486274509804,0.137254901961,0.458823529412,0.541176470588,0.61568627451,0.352941176471,0.756862745098,0.580392156863,0.811764705882,0.607843137255,0.00392156862745,0.223529411765,0.38431372549,0.61568627451,0.713725490196,0.43137254902,0.337254901961,0.317647058824,0.294117647059,0.388235294118,0.58431372549,0.792156862745,0.0,0.811764705882,0.733333333333,0.0,0.0588235294118,0.254901960784,0.552941176471,0.290196078431,0.627450980392,0.160784313725,0.61568627451,0.321568627451,0.2,0.839215686275,0.858823529412,0.0078431372549,0.654901960784,0.411764705882,0.533333333333,0.0,0.529411764706,0.607843137255,0.843137254902,0.980392156863,0.760784313725,0.705882352941,0.827450980392,0.654901960784,0.58431372549,0.686274509804,0.541176470588,0.447058823529,0.537254901961,0.423529411765,0.325490196078,0.392156862745,0.305882352941,0.207843137255,0.250980392157,0.188235294118,62.2,-12.7,-34.5
White LED torch (LED-B3),Cocaine HCl,positive,0.0,0.470588235294,0.533333333333,0.364705882353,0.286274509804,0.078431372549,0.654901960784,0.541176470588,0.250980392157,0.211764705882,0.427450980392,0.447058823529,0.23137254902,0.388235294118,0.0,0.376470588235,0.450980392157,0.509803921569,0.0352941176471,0.698039215686,0.423529411765,0.756862745098,0.462745098039,0.0,0.0941176470588,0.294117647059,0.517647058824,0.682352941176,0.298039215686,0.2,0.254901960784,0.196078431373,0.286274509804,0.447058823529,0.713725490196,0.0,0.764705882353,0.611764705882,0.00392156862745,0.0078431372549,0.172549019608,0.462745098039,0.0352941176471,0.541176470588,0.0,0.6,0.18431372549,0.0352941176471,0.776470588235,0.76862745098,0.0,0.643137254902,0.290196078431,0.427450980392,0.0,0.466666666667,0.501960784314,0.749019607843,0.917647058824,0.603921568627,0.607843137255,0.741176470588,0.501960784314,0.474509803922,0.588235294118,0.396078431373,0.341176470588,0.435294117647,0.282352941176,0.223529411765,0.294117647059,0.192156862745,0.125490196078,0.164705882353,0.0980392156863,55.0,-4.4,-33.8
White LED torch (LED-B3),Cocaine HCl,positive,0.0,0.474509803922,0.525490196078,0.364705882353,0.286274509804,0.078431372549,0.654901960784,0.541176470588,0.250980392157,0.211764705882,0.427450980392,0.447058823529,0.23137254902,0.388235294118,0.0,0.376470588235,0.450980392157,0.509803921569,0.0352941176471,0.698039215686,0.423529411765,0.756862745098,0.462745098039,0.0,0.0941176470588,0.294117647059,0.517647058824,0.682352941176,0.298039215686,0.2,0.254901960784,0.196078431373,0.286274509804,0.447058823529,0.713725490196,0.0,0.764705882353,0.611764705882,0.00392156862745,0.0078431372549,0.172549019608,0.462745098039,0.0352941176471,0.541176470588,0.0,0.6,0.18431372549,0.0352941176471,0.776470588235,0.76862745098,0.0,0.643137254902,0.290196078431,0.427450980392,0.0,0.466666666667,0.501960784314,0.749019607843,0.917647058824,0.603921568627,0.607843137255,0.741176470588,0.501960784314,0.474509803922,0.588235294118,0.396078431373,0.341176470588,0.435294117647,0.282352941176,0.223529411765,0.294117647059,0.192156862745,0.125490196078,0.164705882353,0.0980392156863,55.1,-5.6,-32.2
Incandescent bulb (A),Phencyclidine HCl,positive,0.0,0.419607843137,0.560784313725,0.411764705882,0.282352941176,0.164705882353,0.725490196078,0.501960784314,0.388235294118,0.290196078431,0.38431372549,0.478431372549,0.294117647059,0.372549019608,0.125490196078,0.458823529412,0.403921568627,0.541176470588,0.254901960784,0.627450980392,0.549019607843,0.796078431373,0.454901960784,0.00392156862745,0.207843137255,0.250980392157,0.517647058824,0.741176470588,0.290196078431,0.270588235294,0.325490196078,0.180392156863,0.298039215686,0.517647058824,0.662745098039,0.0078431372549,0.803921568627,0.588235294118,0.0,0.0705882352941,0.129411764706,0.454901960784,0.176470588235,0.501960784314,0.203921568627,0.690196078431,0.176470588235,0.137254901961,0.835294117647,0.717647058824,0.00392156862745,0.725490196078,0.262745098039,0.443137254902,0.0,0.407843137255,0.552941176471,0.839215686275,0.823529411765,0.717647058824,0.686274509804,0.674509803922,0.6,0.537254901961,0.541176470588,0.470588235294,0.4,0.4,0.352941176471,0.274509803922,0.278431372549,0.247058823529,0.156862745098,0.160784313725,0.137254901961,54.2,-12.1,-29.5
Incandescent bulb (A),Doxepin HCl,negative,0.00392156862745,0.509803921569,0.635294117647,0.411764705882,0.282352941176,0.164705882353,0.725490196078,0.501960784314,0.388235294118,0.290196078431,0.38431372549,0.478431372549,0.294117647059,0.372549019608,0.125490196078,0.458823529412,0.403921568627,0.541176470588,0.254901960784,0.627450980392,0.549019607843,0.796078431373,0.454901960784,0.00392156862745,0.207843137255,0.250980392157,0.517647058824,0.741176470588,0.290196078431,0.270588235294,0.325490196078,0.180392156863,0.298039215686,0.517647058824,0.662745098039,0.0078431372549,0.803921568627,0.588235294118,0.0,0.0705882352941,0.129411764706,0.454901960784,0.176470588235,0.501960784314,0.203921568627,0.690196078431,0.176470588235,0.137254901961,0.835294117647,0.717647058824,0.00392156862745,0.725490196078,0.262745098039,0.443137254902,0.0,0.407843137255,0.552941176471,0.839215686275,0.823529411765,0.717647058824,0.686274509804,0.674509803922,0.6,0.537254901961,0.541176470588,0.470588235294,0.4,0.4,0.352941176471,0.274509803922,0.278431372549,0.247058823529,0.156862745098,0.160784313725,0.137254901961,63.3,-16.3,-29.0
Daylight (D65),Cocaine HCl,positive,0.0,0.509803921569,0.611764705882,0.403921568627,0.301960784314,0.211764705882,0.670588235294,0.533333333333,0.41568627451,0.266666666667,0.454901960784,0.541176470588,0.286274509804,0.4,0.137254901961,0.419607843137,0.478431372549,0.607843137255,0.2,0.694117647059,0.564705882353,0.752941176471,0.427450980392,0.0,0.149019607843,0.345098039216,0.588235294118,0.694117647059,0.298039215686,0.321568627451,0.309803921569,0.223529411765,0.364705882353,0.513725490196,0.678431372549,0.00392156862745,0.76862745098,0.564705882353,0.0,0.0196078431373,0.243137254902,0.521568627451,0.164705882353,0.545098039216,0.129411764706,0.635294117647,0.180392156863,0.180392156863,0.788235294118,0.705882352941,0.0,0.662745098039,0.309803921569,0.513725490196,0.0,0.509803921569,0.596078431373,0.760784313725,0.850980392157,0.749019607843,0.627450980392,0.709803921569,0.643137254902,0.513725490196,0.576470588235,0.525490196078,0.392156862745,0.443137254902,0.4,0.274509803922,0.317647058824,0.286274509804,0.164705882353,0.192156862745,0.176470588235,55.2,-9.3,-28.3
Daylight (D65),Cocaine HCl,positive,0.0,0.509803921569,0.611764705882,0.403921568627,0.301960784314,0.211764705882,0.670588235294,0.533333333333,0.41568627451,0.266666666667,0.454901960784,0.541176470588,0.286274509804,0.4,0.137254901961,0.419607843137,0.478431372549,0.607843137255,0.2,0.694117647059,0.564705882353,0.752941176471,0.427450980392,0.0,0.149019607843,0.345098039216,0.588235294118,0.694117647059,0.298039215686,0.321568627451,0.309803921569,0.223529411765,0.364705882353,0.513725490196,0.678431372549,0.00392156862745,0.76862745098,0.564705882353,0.0,0.0196078431373,0.243137254902,0.521568627451,0.164705882353,0.545098039216,0.129411764706,0.635294117647,0.180392156863,0.180392156863,0.788235294118,0.705882352941,0.0,0.662745098039,0.309803921569,0.513725490196,0.0,0.509803921569,0.596078431373,0.760784313725,0.850980392157,0.749019607843,0.627450980392,0.709803921569,0.643137254902,0.513725490196,0.576470588235,0.525490196078,0.392156862745,0.443137254902,0.4,0.274509803922,0.317647058824,0.286274509804,0.164705882353,0.192156862745,0.176470588235,55.2,-9.3,-28.3
Tube light (FL2),Cocaine HCl,positive,0.0,0.478431372549,0.725490196078,0.466666666667,0.376470588235,0.262745098039,0.756862745098,0.61568627451,0.513725490196,0.349019607843,0.470588235294,0.643137254902,0.352941176471,0.470588235294,0.211764705882,0.482352941176,0.494117647059,0.709803921569,0.36862745098,0.737254901961,0.682352941176,0.858823529412,0.592156862745,0.0,0.23137254902,0.309803921569,0.698039215686,0.749019607843,0.392156862745,0.388235294118,0.329411764706,0.243137254902,0.435294117647,0.611764705882,0.78431372549,0.0,0.858823529412,0.721568627451,0.0,0.0705882352941,0.141176470588,0.623529411765,0.298039215686,0.61568627451,0.262745098039,0.647058823529,0.278431372549,0.239215686275,0.894117647059,0.850980392157,0.00392156862745,0.690196078431,0.345098039216,0.611764705882,0.0,0.486274509804,0.701960784314,0.901960784314,0.956862745098,0.905882352941,0.749019607843,0.8,0.764705882353,0.61568627451,0.650980392157,0.63137254902,0.466666666667,0.501960784314,0.482352941176,0.337254901961,0.360784313725,0.352941176471,0.211764705882,0.223529411765,0.219607843137,52.4,-10.2,-32.5
Tube light (FL2),Propoxyphene HCl,positive,0.0,0.478431372549,0.725490196078,0.466666666667,0.376470588235,0.262745098039,0.756862745098,0.61568627451,0.513725490196,0.349019607843,0.470588235294,0.643137254902,0.352941176471,0.470588235294,0.211764705882,0.482352941176,0.494117647059,0.709803921569,0.36862745098,0.737254901961,0.682352941176,0.858823529412,0.592156862745,0.0,0.23137254902,0.309803921569,0.698039215686,0.749019607843,0.392156862745,0.388235294118,0.329411764706,0.243137254902,0.435294117647,0.611764705882,0.78431372549,0.0,0.858823529412,0.721568627451,0.0,0.0705882352941,0.141176470588,0.623529411765,0.298039215686,0.61568627451,0.262745098039,0.647058823529,0.278431372549,0.239215686275,0.894117647059,0.850980392157,0.00392156862745,0.690196078431,0.345098039216,0.611764705882,0.0,0.486274509804,0.701960784314,0.901960784314,0.956862745098,0.905882352941,0.749019607843,0.8,0.764705882353,0.61568627451,0.650980392157,0.63137254902,0.466666666667,0.501960784314,0.482352941176,0.337254901961,0.360784313725,0.352941176471,0.211764705882,0.223529411765,0.219607843137,52.4,-10.2,-32.5
Incandescent bulb (A),Cocaine HCl,positive,0.00392156862745,0.443137254902,0.529411764706,0.423529411765,0.298039215686,0.188235294118,0.725490196078,0.525490196078,0.38431372549,0.325490196078,0.407843137255,0.454901960784,0.317647058824,0.380392156863,0.145098039216,0.470588235294,0.435294117647,0.509803921569,0.329411764706,0.650980392157,0.525490196078,0.788235294118,0.474509803922,0.0078431372549,0.235294117647,0.286274509804,0.490196078431,0.733333333333,0.329411764706,0.270588235294,0.337254901961,0.207843137255,0.290196078431,0.552941176471,0.674509803922,0.0745098039216,0.807843137255,0.611764705882,0.0,0.113725490196,0.16862745098,0.427450980392,0.235294117647,0.513725490196,0.21568627451,0.682352941176,0.219607843137,0.164705882353,0.843137254902,0.733333333333,0.0,0.729411764706,0.305882352941,0.43137254902,0.0,0.439215686275,0.525490196078,0.854901960784,0.839215686275,0.690196078431,0.698039215686,0.694117647059,0.572549019608,0.560784313725,0.560784313725,0.458823529412,0.41568627451,0.423529411765,0.341176470588,0.294117647059,0.298039215686,0.239215686275,0.172549019608,0.172549019608,0.125490196078,53.6,-13.8,-29.9
Incandescent bulb (A),Cocaine HCl,positive,0.00392156862745,0.435294117647,0.541176470588,0.423529411765,0.298039215686,0.188235294118,0.725490196078,0.525490196078,0.38431372549,0.325490196078,0.407843137255,0.454901960784,0.317647058824,0.380392156863,0.145098039216,0.470588235294,0.435294117647,0.509803921569,0.329411764706,0.650980392157,0.525490196078,0.788235294118,0.474509803922,0.0078431372549,0.235294117647,0.286274509804,0.490196078431,0.733333333333,0.329411764706,0.270588235294,0.337254901961,0.207843137255,0.290196078431,0.552941176471,0.674509803922,0.0745098039216,0.807843137255,0.611764705882,0.0,0.113725490196,0.16862745098,0.427450980392,0.235294117647,0.513725490196,0.21568627451,0.682352941176,0.219607843137,0.164705882353,0.843137254902,0.733333333333,0.0,0.729411764706,0.305882352941,0.43137254902,0.0,0.439215686275,0.525490196078,0.854901960784,0.839215686275,0.690196078431,0.698039215686,0.694117647059,0.572549019608,0.560784313725,0.560784313725,0.458823529412,0.41568627451,0.423529411765,0.341176470588,0.294117647059,0.298039215686,0.239215686275,0.172549019608,0.172549019608,0.125490196078,53.3,-11.9,-32.7
Daylight (D65),Cocaine HCl,positive,0.0,0.501960784314,0.596078431373,0.360784313725,0.298039215686,0.203921568627,0.623529411765,0.549019607843,0.423529411765,0.211764705882,0.454901960784,0.525490196078,0.247058823529,0.396078431373,0.156862745098,0.360784313725,0.482352941176,0.592156862745,0.113725490196,0.701960784314,0.564705882353,0.709803921569,0.447058823529,0.0078431372549,0.0823529411765,0.345098039216,0.572549019608,0.635294117647,0.321568627451,0.317647058824,0.266666666667,0.223529411765,0.341176470588,0.458823529412,0.690196078431,0.0,0.717647058824,0.580392156863,0.0,0.0078431372549,0.239215686275,0.501960784314,0.121568627451,0.549019607843,0.176470588235,0.580392156863,0.207843137255,0.188235294118,0.741176470588,0.725490196078,0.0,0.607843137255,0.329411764706,0.501960784314,0.0,0.509803921569,0.576470588235,0.717647058824,0.901960784314,0.788235294118,0.580392156863,0.745098039216,0.658823529412,0.462745098039,0.596078431373,0.529411764706,0.341176470588,0.447058823529,0.392156862745,0.23137254902,0.309803921569,0.270588235294,0.129411764706,0.18431372549,0.156862745098,53.7,-8.1,-28.4
Daylight (D65),Cocaine HCl,positive,0.0,0.505882352941,0.592156862745,0.360784313725,0.298039215686,0.203921568627,0.623529411765,0.549019607843,0.423529411765,0.211764705882,0.454901960784,0.525490196078,0.247058823529,0.396078431373,0.156862745098,0.360784313725,0.482352941176,0.592156862745,0.113725490196,0.701960784314,0.564705882353,0.709803921569,0.447058823529,0.0078431372549,0.0823529411765,0.345098039216,0.572549019608,0.635294117647,0.321568627451,0.317647058824,0.266666666667,0.223529411765,0.341176470588,0.458823529412,0.690196078431,0.0,0.717647058824,0.580392156863,0.0,0.0078431372549,0.239215686275,0.501960784314,0.121568627451,0.549019607843,0.176470588235,0.580392156863,0.207843137255,0.188235294118,0.741176470588,0.725490196078,0.0,0.607843137255,0.329411764706,0.501960784314,0.0,0.509803921569,0.576470588235,0.717647058824,0.901960784314,0.788235294118,0.580392156863,0.745098039216,0.658823529412,0.462745098039,0.596078431373,0.529411764706,0.341176470588,0.447058823529,0.392156862745,0.23137254902,0.309803921569,0.270588235294,0.129411764706,0.18431372549,0.156862745098,54.0,-9.1,-27.3
Tube light (FL2),Cocaine HCl,positive,0.0,0.443137254902,0.654901960784,0.435294117647,0.337254901961,0.21568627451,0.694117647059,0.549019607843,0.435294117647,0.333333333333,0.43137254902,0.588235294118,0.333333333333,0.423529411765,0.141176470588,0.447058823529,0.450980392157,0.639215686275,0.337254901961,0.666666666667,0.603921568627,0.788235294118,0.517647058824,0.0078431372549,0.219607843137,0.286274509804,0.639215686275,0.701960784314,0.345098039216,0.341176470588,0.313725490196,0.223529411765,0.403921568627,0.560784313725,0.709803921569,0.0,0.796078431373,0.647058823529,0.0,0.078431372549,0.133333333333,0.572549019608,0.266666666667,0.556862745098,0.18431372549,0.611764705882,0.243137254902,0.188235294118,0.823529411765,0.76862745098,0.00392156862745,0.654901960784,0.309803921569,0.549019607843,0.0,0.447058823529,0.643137254902,0.827450980392,0.854901960784,0.792156862745,0.694117647059,0.717647058824,0.670588235294,0.56862745098,0.592156862745,0.552941176471,0.443137254902,0.462745098039,0.439215686275,0.325490196078,0.333333333333,0.313725490196,0.207843137255,0.211764705882,0.2,52.6,-9.7,-32.8
Tube light (FL2),Methadone HCl,negative,0.0,0.545098039216,0.737254901961,0.435294117647,0.337254901961,0.21568627451,0.694117647059,0.549019607843,0.435294117647,0.333333333333,0.43137254902,0.588235294118,0.333333333333,0.423529411765,0.141176470588,0.447058823529,0.450980392157,0.639215686275,0.337254901961,0.666666666667,0.603921568627,0.788235294118,0.517647058824,0.0078431372549,0.219607843137,0.286274509804,0.639215686275,0.701960784314,0.345098039216,0.341176470588,0.313725490196,0.223529411765,0.403921568627,0.560784313725,0.709803921569,0.0,0.796078431373,0.647058823529,0.0,0.078431372549,0.133333333333,0.572549019608,0.266666666667,0.556862745098,0.18431372549,0.611764705882,0.243137254902,0.188235294118,0.823529411765,0.76862745098,0.00392156862745,0.654901960784,0.309803921569,0.549019607843,0.0,0.447058823529,0.643137254902,0.827450980392,0.854901960784,0.792156862745,0.694117647059,0.717647058824,0.670588235294,0.56862745098,0.592156862745,0.552941176471,0.443137254902,0.462745098039,0.439215686275,0.325490196078,0.333333333333,0.313725490196,0.207843137255,0.211764705882,0.2,63.3,-15.8,-31.6
White LED torch (LED-B3),Cocaine HCl,positive,0.0,0.450980392157,0.635294117647,0.423529411765,0.301960784314,0.188235294118,0.713725490196,0.533333333333,0.4,0.286274509804,0.419607843137,0.556862745098,0.298039215686,0.403921568627,0.101960784314,0.435294117647,0.439215686275,0.627450980392,0.235294117647,0.678431372549,0.56862745098,0.811764705882,0.474509803922,0.0,0.18431372549,0.270588235294,0.619607843137,0.729411764706,0.298039215686,0.309803921569,0.309803921569,0.196078431373,0.376470588235,0.533333333333,0.701960784314,0.00392156862745,0.811764705882,0.611764705882,0.0078431372549,0.043137254902,0.125490196078,0.556862745098,0.172549019608,0.556862745098,0.0862745098039,0.654901960784,0.188235294118,0.149019607843,0.83137254902,0.752941176471,0.00392156862745,0.694117647059,0.266666666667,0.529411764706,0.0,0.454901960784,0.607843137255,0.835294117647,0.866666666667,0.776470588235,0.686274509804,0.717647058824,0.658823529412,0.552941176471,0.576470588235,0.529411764706,0.41568627451,0.439215686275,0.4,0.286274509804,0.305882352941,0.282352941176,0.176470588235,0.18431372549,0.16862745098,53.4,-9.2,-31.4
White LED torch (LED-B3),Phencyclidine HCl,positive,0.00392156862745,0.458823529412,0.643137254902,0.423529411765,0.301960784314,0.188235294118,0.713725490196,0.533333333333,0.4,0.286274509804,0.419607843137,0.556862745098,0.298039215686,0.403921568627,0.101960784314,0.435294117647,0.439215686275,0.627450980392,0.235294117647,0.678431372549,0.56862745098,0.811764705882,0.474509803922,0.0,0.18431372549,0.270588235294,0.619607843137,0.729411764706,0.298039215686,0.309803921569,0.309803921569,0.196078431373,0.376470588235,0.533333333333,0.701960784314,0.00392156862745,0.811764705882,0.611764705882,0.0078431372549,0.043137254902,0.125490196078,0.556862745098,0.172549019608,0.556862745098,0.0862745098039,0.654901960784,0.188235294118,0.149019607843,0.83137254902,0.752941176471,0.00392156862745,0.694117647059,0.266666666667,0.529411764706,0.0,0.454901960784,0.607843137255,0.835294117647,0.866666666667,0.776470588235,0.686274509804,0.717647058824,0.658823529412,0.552941176471,0.576470588235,0.529411764706,0.41568627451,0.439215686275,0.4,0.286274509804,0.305882352941,0.282352941176,0.176470588235,0.18431372549,0.16862745098,54.3,-9.5,-31.4
Incandescent bulb (A),Benzphetamine HCl,negative,0.0,0.658823529412,0.694117647059,0.43137254902,0.294117647059,0.145098039216,0.76862745098,0.537254901961,0.36862745098,0.294117647059,0.41568627451,0.494117647059,0.294117647059,0.388235294118,0.0823529411765,0.474509803922,0.439215686275,0.549019607843,0.211764705882,0.682352941176,0.545098039216,0.854901960784,0.486274509804,0.0,0.2,0.274509803922,0.533333333333,0.796078431373,0.301960784314,0.243137254902,0.341176470588,0.188235294118,0.294117647059,0.529411764706,0.717647058824,0.00392156862745,0.858823529412,0.63137254902,0.00392156862745,0.0627450980392,0.149019607843,0.466666666667,0.141176470588,0.541176470588,0.164705882353,0.737254901961,0.180392156863,0.0901960784314,0.894117647059,0.780392156863,0.00392156862745,0.772549019608,0.282352941176,0.439215686275,0.0,0.443137254902,0.56862745098,0.901960784314,0.913725490196,0.729411764706,0.721568627451,0.745098039216,0.603921568627,0.56862745098,0.588235294118,0.470588235294,0.411764705882,0.43137254902,0.345098039216,0.278431372549,0.294117647059,0.235294117647,0.160784313725,0.164705882353,0.121568627451,71.6,-21.2,-24.8
Incandescent bulb (A),Cocaine HCl,positive,0.0,0.450980392157,0.572549019608,0.43137254902,0.294117647059,0.145098039216,0.76862745098,0.537254901961,0.36862745098,0.294117647059,0.41568627451,0.494117647059,0.294117647059,0.388235294118,0.0823529411765,0.474509803922,0.439215686275,0.549019607843,0.211764705882,0.682352941176,0.545098039216,0.854901960784,0.486274509804,0.0,0.2,0.274509803922,0.533333333333,0.796078431373,0.301960784314,0.243137254902,0.341176470588,0.188235294118,0.294117647059,0.529411764706,0.717647058824,0.00392156862745,0.858823529412,0.63137254902,0.00392156862745,0.0627450980392,0.149019607843,0.466666666667,0.141176470588,0.541176470588,0.164705882353,0.737254901961,0.180392156863,0.0901960784314,0.894117647059,0.780392156863,0.00392156862745,0.772549019608,0.282352941176,0.439215686275,0.0,0.443137254902,0.56862745098,0.901960784314,0.913725490196,0.729411764706,0.721568627451,0.745098039216,0.603921568627,0.56862745098,0.588235294118,0.470588235294,0.411764705882,0.43137254902,0.345098039216,0.278431372549,0.294117647059,0.235294117647,0.160784313725,0.164705882353,0.121568627451,53.3,-10.5,-30.7
Daylight (D65),Quinine HCl,negative,0.0,0.509803921569,0.701960784314,0.38431372549,0.321568627451,0.219607843137,0.639215686275,0.56862745098,0.427450980392,0.227450980392,0.478431372549,0.541176470588,0.270588235294,0.419607843137,0.152941176471,0.388235294118,0.505882352941,0.607843137255,0.078431372549,0.721568627451,0.576470588235,0.725490196078,0.462745098039,0.00392156862745,0.0823529411765,0.372549019608,0.588235294118,0.666666666667,0.337254901961,0.337254901961,0.294117647059,0.250980392157,0.36862745098,0.478431372549,0.705882352941,0.0,0.741176470588,0.6,0.0,0.00392156862745,0.270588235294,0.525490196078,0.101960784314,0.56862745098,0.156862745098,0.61568627451,0.227450980392,0.2,0.756862745098,0.737254901961,0.0,0.643137254902,0.356862745098,0.533333333333,0.0,0.541176470588,0.6,0.717647058824,0.894117647059,0.764705882353,0.596078431373,0.752941176471,0.658823529412,0.482352941176,0.619607843137,0.541176470588,0.36862745098,0.474509803922,0.41568627451,0.258823529412,0.345098039216,0.298039215686,0.160784313725,0.21568627451,0.180392156863,53.4,7.8,-47.2
Daylight (D65),Cocaine HCl,positive,0.0,0.541176470588,0.61568627451,0.38431372549,0.321568627451,0.219607843137,0.639215686275,0.56862745098,0.427450980392,0.227450980392,0.478431372549,0.541176470588,0.270588235294,0.419607843137,0.152941176471,0.388235294118,0.505882352941,0.607843137255,0.078431372549,0.721568627451,0.576470588235,0.725490196078,0.462745098039,0.00392156862745,0.0823529411765,0.372549019608,0.588235294118,0.666666666667,0.337254901961,0.337254901961,0.294117647059,0.250980392157,0.36862745098,0.478431372549,0.705882352941,0.0,0.741176470588,0.6,0.0,0.00392156862745,0.270588235294,0.525490196078,0.101960784314,0.56862745098,0.156862745098,0.61568627451,0.227450980392,0.2,0.756862745098,0.737254901961,0.0,0.643137254902,0.356862745098,0.533333333333,0.0,0.541176470588,0.6,0.717647058824,0.894117647059,0.764705882353,0.596078431373,0.752941176471,0.658823529412,0.482352941176,0.619607843137,0.541176470588,0.36862745098,0.474509803922,0.41568627451,0.258823529412,0.345098039216,0.298039215686,0.160784313725,0.21568627451,0.180392156863,55.0,-7.9,-27.8
Tube light (FL2),Diacetylmorphine HCl,negative,0.0,0.560784313725,0.796078431373,0.427450980392,0.337254901961,0.176470588235,0.737254901961,0.592156862745,0.423529411765,0.298039215686,0.447058823529,0.588235294118,0.301960784314,0.435294117647,0.0941176470588,0.439215686275,0.470588235294,0.654901960784,0.286274509804,0.729411764706,0.611764705882,0.850980392157,0.552941176471,0.00392156862745,0.176470588235,0.294117647059,0.647058823529,0.733333333333,0.349019607843,0.313725490196,0.282352941176,0.21568627451,0.380392156863,0.56862745098,0.776470588235,0.00392156862745,0.850980392157,0.705882352941,0.00392156862745,0.0313725490196,0.141176470588,0.572549019608,0.223529411765,0.588235294118,0.105882352941,0.623529411765,0.235294117647,0.149019607843,0.874509803922,0.850980392157,0.0,0.670588235294,0.313725490196,0.552941176471,0.00392156862745,0.466666666667,0.654901960784,0.886274509804,0.972549019608,0.835294117647,0.721568627451,0.8,0.701960784314,0.572549019608,0.639215686275,0.560784313725,0.427450980392,0.474509803922,0.419607843137,0.290196078431,0.329411764706,0.286274509804,0.16862745098,0.192156862745,0.164705882353,62.8,-9.6,-37.3
Tube light (FL2),Cocaine HCl,positive,0.0,0.466666666667,0.674509803922,0.427450980392,0.337254901961,0.176470588235,0.737254901961,0.592156862745,0.423529411765,0.298039215686,0.447058823529,0.588235294118,0.301960784314,0.435294117647,0.0941176470588,0.439215686275,0.470588235294,0.654901960784,0.286274509804,0.729411764706,0.611764705882,0.850980392157,0.552941176471,0.00392156862745,0.176470588235,0.294117647059,0.647058823529,0.733333333333,0.349019607843,0.313725490196,0.282352941176,0.21568627451,0.380392156863,0.56862745098,0.776470588235,0.00392156862745,0.850980392157,0.705882352941,0.00392156862745,0.0313725490196,0.141176470588,0.572549019608,0.223529411765,0.588235294118,0.105882352941,0.623529411765,0.235294117647,0.149019607843,0.874509803922,0.850980392157,0.0,0.670588235294,0.313725490196,0.552941176471,0.00392156862745,0.466666666667,0.654901960784,0.886274509804,0.972549019608,0.835294117647,0.721568627451,0.8,0.701960784314,0.572549019608,0.639215686275,0.560784313725,0.427450980392,0.474509803922,0.419607843137,0.290196078431,0.329411764706,0.286274509804,0.16862745098,0.192156862745,0.164705882353,52.9,-8.5,-32.5
White LED torch (LED-B3),Cocaine HCl,positive,0.0,0.478431372549,0.678431372549,0.458823529412,0.333333333333,0.247058823529,0.796078431373,0.596078431373,0.490196078431,0.349019607843,0.450980392157,0.607843137255,0.345098039216,0.435294117647,0.211764705882,0.494117647059,0.470588235294,0.670588235294,0.380392156863,0.733333333333,0.650980392157,0.890196078431,0.533333333333,0.0235294117647,0.23137254902,0.290196078431,0.662745098039,0.788235294118,0.345098039216,0.372549019608,0.329411764706,0.211764705882,0.392156862745,0.619607843137,0.76862745098,0.0588235294118,0.886274509804,0.674509803922,0.00392156862745,0.0823529411765,0.133333333333,0.580392156863,0.290196078431,0.596078431373,0.250980392157,0.698039215686,0.235294117647,0.223529411765,0.933333333333,0.83137254902,0.00392156862745,0.737254901961,0.313725490196,0.576470588235,0.00392156862745,0.482352941176,0.654901960784,0.960784313725,0.960784313725,0.913725490196,0.78431372549,0.792156862745,0.764705882353,0.627450980392,0.63137254902,0.607843137255,0.462745098039,0.470588235294,0.450980392157,0.317647058824,0.325490196078,0.313725490196,0.188235294118,0.188235294118,0.18431372549,52.2,-14.3,-29.6
White LED torch (LED-B3),Cocaine HCl,positive,0.0,0.478431372549,0.674509803922,0.458823529412,0.333333333333,0.247058823529,0.796078431373,0.596078431373,0.490196078431,0.349019607843,0.450980392157,0.607843137255,0.345098039216,0.435294117647,0.211764705882,0.494117647059,0.470588235294,0.670588235294,0.380392156863,0.733333333333,0.650980392157,0.890196078431,0.533333333333,0.0235294117647,0.23137254902,0.290196078431,0.662745098039,0.788235294118,0.345098039216,0.372549019608,0.329411764706,0.211764705882,0.392156862745,0.619607843137,0.76862745098,0.0588235294118,0.886274509804,0.674509803922,0.00392156862745,0.0823529411765,0.133333333333,0.580392156863,0.290196078431,0.596078431373,0.250980392157,0.698039215686,0.235294117647,0.223529411765,0.933333333333,0.83137254902,0.00392156862745,0.737254901961,0.313725490196,0.576470588235,0.00392156862745,0.482352941176,0.654901960784,0.960784313725,0.960784313725,0.913725490196,0.78431372549,0.792156862745,0.764705882353,0.627450980392,0.63137254902,0.607843137255,0.462745098039,0.470588235294,0.450980392157,0.317647058824,0.325490196078,0.313725490196,0.188235294118,0.188235294118,0.18431372549,52.0,-14.9,-28.8
Incandescent bulb (A),Cocaine HCl,positive,0.0,0.494117647059,0.63137254902,0.478431372549,0.345098039216,0.243137254902,0.807843137255,0.596078431373,0.494117647059,0.380392156863,0.458823529412,0.556862745098,0.364705882353,0.439215686275,0.23137254902,0.541176470588,0.486274509804,0.61568627451,0.392156862745,0.721568627451,0.647058823529,0.870588235294,0.549019607843,0.125490196078,0.274509803922,0.313725490196,0.58431372549,0.807843137255,0.38431372549,0.360784313725,0.38431372549,0.239215686275,0.356862745098,0.623529411765,0.756862745098,0.274509803922,0.894117647059,0.690196078431,0.0274509803922,0.125490196078,0.180392156863,0.505882352941,0.298039215686,0.580392156863,0.321568627451,0.756862745098,0.270588235294,0.243137254902,0.933333333333,0.823529411765,0.0862745098039,0.796078431373,0.356862745098,0.525490196078,0.00392156862745,0.482352941176,0.627450980392,0.949019607843,0.929411764706,0.843137254902,0.78431372549,0.776470588235,0.705882352941,0.63137254902,0.63137254902,0.576470588235,0.478431372549,0.478431372549,0.43137254902,0.337254901961,0.341176470588,0.309803921569,0.207843137255,0.203921568627,0.18431372549,53.3,-16.3,-28.1
Incandescent bulb (A),Benzphetamine HCl,negative,0.117647058824,0.698039215686,0.76862745098,0.478431372549,0.345098039216,0.243137254902,0.807843137255,0.596078431373,0.494117647059,0.380392156863,0.458823529412,0.556862745098,0.364705882353,0.439215686275,0.23137254902,0.541176470588,0.486274509804,0.61568627451,0.392156862745,0.721568627451,0.647058823529,0.870588235294,0.549019607843,0.125490196078,0.274509803922,0.313725490196,0.58431372549,0.807843137255,0.38431372549,0.360784313725,0.38431372549,0.239215686275,0.356862745098,0.623529411765,0.756862745098,0.274509803922,0.894117647059,0.690196078431,0.0274509803922,0.125490196078,0.180392156863,0.505882352941,0.298039215686,0.580392156863,0.321568627451,0.756862745098,0.270588235294,0.243137254902,0.933333333333,0.823529411765,0.0862745098039,0.796078431373,0.356862745098,0.525490196078,0.00392156862745,0.482352941176,0.627450980392,0.949019607843,0.929411764706,0.843137254902,0.78431372549,0.776470588235,0.705882352941,0.63137254902,0.63137254902,0.576470588235,0.478431372549,0.478431372549,0.43137254902,0.337254901961,0.341176470588,0.309803921569,0.207843137255,0.203921568627,0.18431372549,71.1,-26.9,-22.4
Daylight (D65),Doxepin HCl,negative,0.0,0.662745098039,0.78431372549,0.450980392157,0.325490196078,0.235294117647,0.752941176471,0.588235294118,0.458823529412,0.294117647059,0.498039215686,0.603921568627,0.321568627451,0.439215686275,0.149019607843,0.462745098039,0.513725490196,0.678431372549,0.2,0.760784313725,0.627450980392,0.847058823529,0.470588235294,0.0,0.164705882353,0.376470588235,0.670588235294,0.772549019608,0.317647058824,0.356862745098,0.349019607843,0.247058823529,0.407843137255,0.560784313725,0.745098039216,0.0,0.858823529412,0.623529411765,0.00392156862745,0.0196078431373,0.258823529412,0.596078431373,0.172549019608,0.603921568627,0.133333333333,0.713725490196,0.18431372549,0.2,0.882352941176,0.772549019608,0.0,0.741176470588,0.333333333333,0.580392156863,0.0078431372549,0.560784313725,0.666666666667,0.858823529412,0.945098039216,0.854901960784,0.705882352941,0.792156862745,0.729411764706,0.572549019608,0.643137254902,0.596078431373,0.435294117647,0.486274509804,0.447058823529,0.301960784314,0.345098039216,0.313725490196,0.18431372549,0.211764705882,0.196078431373,64.3,-11.7,-30.7
Tube light (FL2),Cocaine HCl,positive,0.00392156862745,0.529411764706,0.666666666667,0.474509803922,0.396078431373,0.192156862745,0.760784313725,0.643137254902,0.41568627451,0.349019607843,0.513725490196,0.580392156863,0.349019607843,0.490196078431,0.0745098039216,0.482352941176,0.537254901961,0.643137254902,0.345098039216,0.76862745098,0.588235294118,0.862745098039,0.6,0.0,0.227450980392,0.372549019608,0.643137254902,0.760784313725,0.407843137255,0.325490196078,0.333333333333,0.282352941176,0.4,0.603921568627,0.807843137255,0.0,0.858823529412,0.737254901961,0.00392156862745,0.0588235294118,0.239215686275,0.580392156863,0.282352941176,0.635294117647,0.0627450980392,0.658823529412,0.298039215686,0.16862745098,0.886274509804,0.870588235294,0.0,0.698039215686,0.392156862745,0.556862745098,0.0,0.533333333333,0.643137254902,0.894117647059,0.992156862745,0.76862745098,0.745098039216,0.835294117647,0.662745098039,0.611764705882,0.686274509804,0.541176470588,0.470588235294,0.533333333333,0.419607843137,0.337254901961,0.388235294118,0.301960784314,0.21568627451,0.243137254902,0.18431372549,52.9,-7.8,-34.5
White LED torch (LED-B3),Cocaine HCl,positive,0.00392156862745,0.509803921569,0.674509803922,0.443137254902,0.337254901961,0.219607843137,0.776470588235,0.6,0.454901960784,0.325490196078,0.466666666667,0.6,0.325490196078,0.447058823529,0.164705882353,0.478431372549,0.490196078431,0.666666666667,0.309803921569,0.756862745098,0.627450980392,0.870588235294,0.533333333333,0.0,0.203921568627,0.305882352941,0.654901960784,0.780392156863,0.349019607843,0.345098039216,0.329411764706,0.223529411765,0.392156862745,0.592156862745,0.780392156863,0.0,0.882352941176,0.686274509804,0.0,0.043137254902,0.156862745098,0.580392156863,0.239215686275,0.607843137255,0.180392156863,0.698039215686,0.235294117647,0.196078431373,0.909803921569,0.843137254902,0.0,0.737254901961,0.321568627451,0.564705882353,0.0,0.505882352941,0.650980392157,0.917647058824,0.972549019608,0.866666666667,0.749019607843,0.8,0.729411764706,0.596078431373,0.647058823529,0.580392156863,0.447058823529,0.486274509804,0.439215686275,0.309803921569,0.337254901961,0.305882352941,0.18431372549,0.2,0.176470588235,53.6,-11.8,-29.4
White LED torch (LED-B3),Meperidine HCl,positive,0.0,0.501960784314,0.678431372549,0.443137254902,0.337254901961,0.219607843137,0.776470588235,0.6,0.454901960784,0.325490196078,0.466666666667,0.6,0.325490196078,0.447058823529,0.164705882353,0.478431372549,0.490196078431,0.666666666667,0.309803921569,0.756862745098,0.627450980392,0.870588235294,0.533333333333,0.0,0.203921568627,0.305882352941,0.654901960784,0.780392156863,0.349019607843,0.345098039216,0.329411764706,0.223529411765,0.392156862745,0.592156862745,0.780392156863,0.0,0.882352941176,0.686274509804,0.0,0.043137254902,0.156862745098,0.580392156863,0.239215686275,0.607843137255,0.180392156863,0.698039215686,0.235294117647,0.196078431373,0.909803921569,0.843137254902,0.0,0.737254901961,0.321568627451,0.564705882353,0.0,0.505882352941,0.650980392157,0.917647058824,0.972549019608,0.866666666667,0.749019607843,0.8,0.729411764706,0.596078431373,0.647058823529,0.580392156863,0.447058823529,0.486274509804,0.439215686275,0.309803921569,0.337254901961,0.305882352941,0.18431372549,0.2,0.176470588235,53.1,-10.7,-30.6
Incandescent bulb (A),Procaine HCl,positive,0.0,0.560784313725,0.58431372549,0.509803921569,0.407843137255,0.18431372549,0.819607843137,0.658823529412,0.4,0.376470588235,0.537254901961,0.517647058824,0.372549019608,0.498039215686,0.0941176470588,0.545098039216,0.560784313725,0.56862745098,0.317647058824,0.780392156863,0.549019607843,0.894117647059,0.603921568627,0.0,0.282352941176,0.411764705882,0.564705882353,0.839215686275,0.439215686275,0.294117647059,0.419607843137,0.305882352941,0.349019607843,0.603921568627,0.803921568627,0.0,0.890196078431,0.729411764706,0.0,0.121568627451,0.286274509804,0.513725490196,0.247058823529,0.647058823529,0.164705882353,0.796078431373,0.317647058824,0.176470588235,0.921568627451,0.866666666667,0.0,0.819607843137,0.427450980392,0.482352941176,0.0,0.564705882353,0.588235294118,0.929411764706,1.0,0.701960784314,0.776470588235,0.850980392157,0.6,0.635294117647,0.701960784314,0.494117647059,0.498039215686,0.549019607843,0.380392156863,0.360784313725,0.403921568627,0.274509803922,0.235294117647,0.258823529412,0.16862745098,52.4,-9.9,-32.6
Incandescent bulb (A),Pseudoephedrine HCl,positive,0.0,0.560784313725,0.588235294118,0.509803921569,0.407843137255,0.18431372549,0.819607843137,0.658823529412,0.4,0.376470588235,0.537254901961,0.517647058824,0.372549019608,0.498039215686,0.0941176470588,0.545098039216,0.560784313725,0.56862745098,0.317647058824,0.780392156863,0.549019607843,0.894117647059,0.603921568627,0.0,0.282352941176,0.411764705882,0.564705882353,0.839215686275,0.439215686275,0.294117647059,0.419607843137,0.305882352941,0.349019607843,0.603921568627,0.803921568627,0.0,0.890196078431,0.729411764706,0.0,0.121568627451,0.286274509804,0.513725490196,0.247058823529,0.647058823529,0.164705882353,0.796078431373,0.317647058824,0.176470588235,0.921568627451,0.866666666667,0.0,0.819607843137,0.427450980392,0.482352941176,0.0,0.564705882353,0.588235294118,0.929411764706,1.0,0.701960784314,0.776470588235,0.850980392157,0.6,0.635294117647,0.701960784314,0.494117647059,0.498039215686,0.549019607843,0.380392156863,0.360784313725,0.403921568627,0.274509803922,0.235294117647,0.258823529412,0.16862745098,52.4,-9.9,-32.6
Daylight (D65),Cocaine HCl,positive,0.0,0.552941176471,0.619607843137,0.388235294118,0.333333333333,0.2,0.623529411765,0.564705882353,0.4,0.156862745098,0.494117647059,0.545098039216,0.250980392157,0.435294117647,0.0941176470588,0.360784313725,0.517647058824,0.607843137255,0.0,0.725490196078,0.556862745098,0.721568627451,0.462745098039,0.0,0.0235294117647,0.388235294118,0.6,0.666666666667,0.345098039216,0.325490196078,0.301960784314,0.266666666667,0.38431372549,0.439215686275,0.705882352941,0.0,0.729411764706,0.603921568627,0.00392156862745,0.00392156862745,0.286274509804,0.545098039216,0.0117647058824,0.576470588235,0.0470588235294,0.623529411765,0.227450980392,0.176470588235,0.729411764706,0.733333333333,0.0,0.639215686275,0.360784313725,0.529411764706,0.0,0.552941176471,0.6,0.662745098039,0.882352941176,0.729411764706,0.552941176471,0.749019607843,0.63137254902,0.454901960784,0.619607843137,0.517647058824,0.349019607843,0.486274509804,0.407843137255,0.250980392157,0.356862745098,0.298039215686,0.152941176471,0.23137254902,0.18431372549,55.7,-3.7,-28.7
Daylight (D65),Cocaine HCl,positive,0.0,0.552941176471,0.627450980392,0.388235294118,0.333333333333,0.2,0.623529411765,0.564705882353,0.4,0.156862745098,0.494117647059,0.545098039216,0.250980392157,0.435294117647,0.0941176470588,0.360784313725,0.517647058824,0.607843137255,0.0,0.725490196078,0.556862745098,0.721568627451,0.462745098039,0.0,0.0235294117647,0.388235294118,0.6,0.666666666667,0.345098039216,0.325490196078,0.301960784314,0.266666666667,0.38431372549,0.439215686275,0.705882352941,0.0,0.729411764706,0.603921568627,0.00392156862745,0.00392156862745,0.286274509804,0.545098039216,0.0117647058824,0.576470588235,0.0470588235294,0.623529411765,0.227450980392,0.176470588235,0.729411764706,0.733333333333,0.0,0.639215686275,0.360784313725,0.529411764706,0.0,0.552941176471,0.6,0.662745098039,0.882352941176,0.729411764706,0.552941176471,0.749019607843,0.63137254902,0.454901960784,0.619607843137,0.517647058824,0.349019607843,0.486274509804,0.407843137255,0.250980392157,0.356862745098,0.298039215686,0.152941176471,0.23137254902,0.18431372549,55.8,-3.3,-29.3
Tube light (FL2),Cocaine HCl,positive,0.0,0.486274509804,0.698039215686,0.498039215686,0.380392156863,0.290196078431,0.803921568627,0.61568627451,0.537254901961,0.427450980392,0.474509803922,0.623529411765,0.41568627451,0.470588235294,0.262745098039,0.549019607843,0.498039215686,0.690196078431,0.513725490196,0.733333333333,0.686274509804,0.882352941176,0.588235294118,0.0980392156863,0.313725490196,0.317647058824,0.662745098039,0.772549019608,0.4,0.41568627451,0.360784313725,0.254901960784,0.427450980392,0.694117647059,0.780392156863,0.219607843137,0.901960784314,0.721568627451,0.00392156862745,0.172549019608,0.156862745098,0.588235294118,0.407843137255,0.607843137255,0.325490196078,0.662745098039,0.294117647059,0.270588235294,0.949019607843,0.843137254902,0.00392156862745,0.717647058824,0.364705882353,0.596078431373,0.172549019608,0.490196078431,0.678431372549,0.976470588235,0.937254901961,0.898039215686,0.823529411765,0.788235294118,0.76862745098,0.678431372549,0.650980392157,0.63137254902,0.525490196078,0.505882352941,0.490196078431,0.38431372549,0.36862745098,0.356862745098,0.247058823529,0.235294117647,0.227450980392,51.8,-14.8,-31.0
Tube light (FL2),Cocaine HCl,positive,0.0,0.490196078431,0.694117647059,0.498039215686,0.380392156863,0.290196078431,0.803921568627,0.61568627451,0.537254901961,0.427450980392,0.474509803922,0.623529411765,0.41568627451,0.470588235294,0.262745098039,0.549019607843,0.498039215686,0.690196078431,0.513725490196,0.733333333333,0.686274509804,0.882352941176,0.588235294118,0.0980392156863,0.313725490196,0.317647058824,0.662745098039,0.772549019608,0.4,0.41568627451,0.360784313725,0.254901960784,0.427450980392,0.694117647059,0.780392156863,0.219607843137,0.901960784314,0.721568627451,0.00392156862745,0.172549019608,0.156862745098,0.588235294118,0.407843137255,0.607843137255,0.325490196078,0.662745098039,0.294117647059,0.270588235294,0.949019607843,0.843137254902,0.00392156862745,0.717647058824,0.364705882353,0.596078431373,0.172549019608,0.490196078431,0.678431372549,0.976470588235,0.937254901961,0.898039215686,0.823529411765,0.788235294118,0.76862745098,0.678431372549,0.650980392157,0.63137254902,0.525490196078,0.505882352941,0.490196078431,0.38431372549,0.36862745098,0.356862745098,0.247058823529,0.235294117647,0.227450980392,51.8,-15.8,-29.7
White LED torch (LED-B3),Methadone HCl,negative,0.0,0.611764705882,0.701960784314,0.462745098039,0.345098039216,0.196078431373,0.749019607843,0.58431372549,0.396078431373,0.345098039216,0.470588235294,0.552941176471,0.345098039216,0.447058823529,0.109803921569,0.486274509804,0.490196078431,0.611764705882,0.333333333333,0.717647058824,0.556862745098,0.843137254902,0.517647058824,0.0,0.235294117647,0.337254901961,0.607843137255,0.764705882353,0.356862745098,0.321568627451,0.349019607843,0.247058823529,0.376470588235,0.580392156863,0.741176470588,0.00392156862745,0.843137254902,0.654901960784,0.0,0.0823529411765,0.207843137255,0.556862745098,0.254901960784,0.592156862745,0.0745098039216,0.690196078431,0.243137254902,0.180392156863,0.862745098039,0.788235294118,0.0,0.725490196078,0.333333333333,0.525490196078,0.0,0.509803921569,0.596078431373,0.882352941176,0.913725490196,0.752941176471,0.729411764706,0.76862745098,0.635294117647,0.596078431373,0.63137254902,0.525490196078,0.458823529412,0.490196078431,0.403921568627,0.325490196078,0.352941176471,0.290196078431,0.211764705882,0.219607843137,0.18431372549,63.5,-15.8,-32.0
White LED torch (LED-B3),Cocaine HCl,positive,0.00392156862745,0.509803921569,0.63137254902,0.462745098039,0.345098039216,0.196078431373,0.749019607843,0.58431372549,0.396078431373,0.345098039216,0.470588235294,0.552941176471,0.345098039216,0.447058823529,0.109803921569,0.486274509804,0.490196078431,0.611764705882,0.333333333333,0.717647058824,0.556862745098,0.843137254902,0.517647058824,0.0,0.235294117647,0.337254901961,0.607843137255,0.764705882353,0.356862745098,0.321568627451,0.349019607843,0.247058823529,0.376470588235,0.580392156863,0.741176470588,0.00392156862745,0.843137254902,0.654901960784,0.0,0.0823529411765,0.207843137255,0.556862745098,0.254901960784,0.592156862745,0.0745098039216,0.690196078431,0.243137254902,0.180392156863,0.862745098039,0.788235294118,0.0,0.725490196078,0.333333333333,0.525490196078,0.0,0.509803921569,0.596078431373,0.882352941176,0.913725490196,0.752941176471,0.729411764706,0.76862745098,0.635294117647,0.596078431373,0.63137254902,0.525490196078,0.458823529412,0.490196078431,0.403921568627,0.325490196078,0.352941176471,0.290196078431,0.211764705882,0.219607843137,0.18431372549,53.4,-10.2,-33.6
Daylight (D65),Cocaine HCl,positive,0.00392156862745,0.513725490196,0.639215686275,0.423529411765,0.266666666667,0.164705882353,0.764705882353,0.529411764706,0.388235294118,0.274509803922,0.447058823529,0.552941176471,0.290196078431,0.38431372549,0.0549019607843,0.450980392157,0.462745098039,0.627450980392,0.192156862745,0.729411764706,0.572549019608,0.866666666667,0.396078431373,0.0,0.152941176471,0.321568627451,0.619607843137,0.776470588235,0.235294117647,0.286274509804,0.309803921569,0.188235294118,0.349019607843,0.552941176471,0.705882352941,0.0,0.886274509804,0.564705882353,0.0,0.0235294117647,0.207843137255,0.537254901961,0.145098039216,0.556862745098,0.0117647058824,0.701960784314,0.0745098039216,0.109803921569,0.921568627451,0.733333333333,0.00392156862745,0.745098039216,0.250980392157,0.521568627451,0.00392156862745,0.513725490196,0.61568627451,0.913725490196,0.941176470588,0.819607843137,0.725490196078,0.760784313725,0.666666666667,0.56862745098,0.596078431373,0.533333333333,0.407843137255,0.43137254902,0.38431372549,0.270588235294,0.290196078431,0.262745098039,0.152941176471,0.160784313725,0.137254901961,54.5,-9.7,-30.4
Daylight (D65),Cocaine HCl,positive,0.0,0.509803921569,0.643137254902,0.423529411765,0.266666666667,0.164705882353,0.764705882353,0.529411764706,0.388235294118,0.274509803922,0.447058823529,0.552941176471,0.290196078431,0.38431372549,0.0549019607843,0.450980392157,0.462745098039,0.627450980392,0.192156862745,0.729411764706,0.572549019608,0.866666666667,0.396078431373,0.0,0.152941176471,0.321568627451,0.619607843137,0.776470588235,0.235294117647,0.286274509804,0.309803921569,0.188235294118,0.349019607843,0.552941176471,0.705882352941,0.0,0.886274509804,0.564705882353,0.0,0.0235294117647,0.207843137255,0.537254901961,0.145098039216,0.556862745098,0.0117647058824,0.701960784314,0.0745098039216,0.109803921569,0.921568627451,0.733333333333,0.00392156862745,0.745098039216,0.250980392157,0.521568627451,0.00392156862745,0.513725490196,0.61568627451,0.913725490196,0.941176470588,0.819607843137,0.725490196078,0.760784313725,0.666666666667,0.56862745098,0.596078431373,0.533333333333,0.407843137255,0.43137254902,0.38431372549,0.270588235294,0.290196078431,0.262745098039,0.152941176471,0.160784313725,0.137254901961,54.2,-8.9,-31.4
Tube light (FL2),Cocaine HCl,positive,0.00392156862745,0.376470588235,0.56862745098,0.364705882353,0.270588235294,0.176470588235,0.658823529412,0.494117647059,0.396078431373,0.298039215686,0.360784313725,0.490196078431,0.286274509804,0.349019607843,0.156862745098,0.407843137255,0.388235294118,0.549019607843,0.372549019608,0.61568627451,0.552941176471,0.745098039216,0.462745098039,0.0196078431373,0.192156862745,0.219607843137,0.525490196078,0.635294117647,0.290196078431,0.286274509804,0.243137254902,0.160784313725,0.301960784314,0.552941176471,0.662745098039,0.0823529411765,0.776470588235,0.607843137255,0.00392156862745,0.0745098039216,0.0941176470588,0.450980392157,0.274509803922,0.482352941176,0.2,0.525490196078,0.192156862745,0.164705882353,0.81568627451,0.733333333333,0.0,0.580392156863,0.258823529412,0.462745098039,0.0588235294118,0.376470588235,0.549019607843,0.843137254902,0.83137254902,0.756862745098,0.682352941176,0.678431372549,0.627450980392,0.533333333333,0.533333333333,0.494117647059,0.392156862745,0.392156862745,0.360784313725,0.258823529412,0.262745098039,0.243137254902,0.145098039216,0.141176470588,0.129411764706,52.1,-14.7,-31.3
Tube light (FL2),Diacetylmorphine HCl,negative,0.0078431372549,0.466666666667,0.674509803922,0.364705882353,0.270588235294,0.176470588235,0.658823529412,0.494117647059,0.396078431373,0.298039215686,0.360784313725,0.490196078431,0.286274509804,0.349019607843,0.156862745098,0.407843137255,0.388235294118,0.549019607843,0.372549019608,0.61568627451,0.552941176471,0.745098039216,0.462745098039,0.0196078431373,0.192156862745,0.219607843137,0.525490196078,0.635294117647,0.290196078431,0.286274509804,0.243137254902,0.160784313725,0.301960784314,0.552941176471,0.662745098039,0.0823529411765,0.776470588235,0.607843137255,0.00392156862745,0.0745098039216,0.0941176470588,0.450980392157,0.274509803922,0.482352941176,0.2,0.525490196078,0.192156862745,0.164705882353,0.81568627451,0.733333333333,0.0,0.580392156863,0.258823529412,0.462745098039,0.0588235294118,0.376470588235,0.549019607843,0.843137254902,0.83137254902,0.756862745098,0.682352941176,0.678431372549,0.627450980392,0.533333333333,0.533333333333,0.494117647059,0.392156862745,0.392156862745,0.360784313725,0.258823529412,0.262745098039,0.243137254902,0.145098039216,0.141176470588,0.129411764706,61.8,-17.7,-34.6
White LED torch (LED-B3),Brompheniramine Maleate,negative,0.0,0.525490196078,0.674509803922,0.388235294118,0.266666666667,0.152941176471,0.701960784314,0.498039215686,0.345098039216,0.262745098039,0.38431372549,0.498039215686,0.262745098039,0.36862745098,0.0666666666667,0.411764705882,0.4,0.56862745098,0.227450980392,0.650980392157,0.517647058824,0.796078431373,0.435294117647,0.0,0.160784313725,0.243137254902,0.56862745098,0.705882352941,0.258823529412,0.258823529412,0.274509803922,0.164705882353,0.321568627451,0.505882352941,0.678431372549,0.0,0.803921568627,0.576470588235,0.00392156862745,0.0352941176471,0.105882352941,0.501960784314,0.160784313725,0.517647058824,0.0313725490196,0.623529411765,0.145098039216,0.101960784314,0.827450980392,0.725490196078,0.0,0.662745098039,0.23137254902,0.470588235294,0.00392156862745,0.423529411765,0.564705882353,0.839215686275,0.854901960784,0.749019607843,0.674509803922,0.694117647059,0.61568627451,0.529411764706,0.545098039216,0.478431372549,0.38431372549,0.4,0.345098039216,0.254901960784,0.266666666667,0.239215686275,0.145098039216,0.149019607843,0.129411764706,63.7,-15.3,-30.6
White LED torch (LED-B3),Ephedrine HCl,positive,0.0,0.423529411765,0.576470588235,0.388235294118,0.266666666667,0.152941176471,0.701960784314,0.498039215686,0.345098039216,0.262745098039,0.38431372549,0.498039215686,0.262745098039,0.36862745098,0.0666666666667,0.411764705882,0.4,0.56862745098,0.227450980392,0.650980392157,0.517647058824,0.796078431373,0.435294117647,0.0,0.160784313725,0.243137254902,0.56862745098,0.705882352941,0.258823529412,0.258823529412,0.274509803922,0.164705882353,0.321568627451,0.505882352941,0.678431372549,0.0,0.803921568627,0.576470588235,0.00392156862745,0.0352941176471,0.105882352941,0.501960784314,0.160784313725,0.517647058824,0.0313725490196,0.623529411765,0.145098039216,0.101960784314,0.827450980392,0.725490196078,0.0,0.662745098039,0.23137254902,0.470588235294,0.00392156862745,0.423529411765,0.564705882353,0.839215686275,0.854901960784,0.749019607843,0.674509803922,0.694117647059,0.61568627451,0.529411764706,0.545098039216,0.478431372549,0.38431372549,0.4,0.345098039216,0.254901960784,0.266666666667,0.239215686275,0.145098039216,0.149019607843,0.129411764706,53.5,-11.1,-29.8
Incandescent bulb (A),Meperidine HCl,positive,0.0,0.466666666667,0.635294117647,0.427450980392,0.329411764706,0.211764705882,0.760784313725,0.588235294118,0.474509803922,0.286274509804,0.443137254902,0.552941176471,0.298039215686,0.419607843137,0.188235294118,0.466666666667,0.462745098039,0.619607843137,0.207843137255,0.717647058824,0.639215686275,0.847058823529,0.545098039216,0.00392156862745,0.18431372549,0.290196078431,0.592156862745,0.780392156863,0.360784313725,0.321568627451,0.333333333333,0.211764705882,0.337254901961,0.529411764706,0.760784313725,0.152941176471,0.843137254902,0.686274509804,0.0,0.0352941176471,0.149019607843,0.517647058824,0.149019607843,0.576470588235,0.290196078431,0.725490196078,0.247058823529,0.188235294118,0.878431372549,0.835294117647,0.00392156862745,0.760784313725,0.329411764706,0.505882352941,0.0,0.462745098039,0.635294117647,0.874509803922,0.972549019608,0.858823529412,0.705882352941,0.788235294118,0.713725490196,0.560784313725,0.627450980392,0.572549019608,0.411764705882,0.462745098039,0.423529411765,0.278431372549,0.317647058824,0.286274509804,0.160784313725,0.18431372549,0.160784313725,53.0,-10.8,-28.6
Incandescent bulb (A),Phencyclidine HCl,positive,0.0,0.462745098039,0.635294117647,0.427450980392,0.329411764706,0.211764705882,0.760784313725,0.588235294118,0.474509803922,0.286274509804,0.443137254902,0.552941176471,0.298039215686,0.419607843137,0.188235294118,0.466666666667,0.462745098039,0.619607843137,0.207843137255,0.717647058824,0.639215686275,0.847058823529,0.545098039216,0.00392156862745,0.18431372549,0.290196078431,0.592156862745,0.780392156863,0.360784313725,0.321568627451,0.333333333333,0.211764705882,0.337254901961,0.529411764706,0.760784313725,0.152941176471,0.843137254902,0.686274509804,0.0,0.0352941176471,0.149019607843,0.517647058824,0.149019607843,0.576470588235,0.290196078431,0.725490196078,0.247058823529,0.188235294118,0.878431372549,0.835294117647,0.00392156862745,0.760784313725,0.329411764706,0.505882352941,0.0,0.462745098039,0.635294117647,0.874509803922,0.972549019608,0.858823529412,0.705882352941,0.788235294118,0.713725490196,0.560784313725,0.627450980392,0.572549019608,0.411764705882,0.462745098039,0.423529411765,0.278431372549,0.317647058824,0.286274509804,0.160784313725,0.18431372549,0.160784313725,52.8,-10.4,-29.0
Daylight (D65),Phencyclidine HCl,positive,0.00392156862745,0.509803921569,0.63137254902,0.41568627451,0.294117647059,0.203921568627,0.698039215686,0.525490196078,0.419607843137,0.274509803922,0.450980392157,0.556862745098,0.298039215686,0.4,0.125490196078,0.435294117647,0.466666666667,0.619607843137,0.196078431373,0.690196078431,0.576470588235,0.780392156863,0.41568627451,0.0,0.156862745098,0.341176470588,0.607843137255,0.717647058824,0.278431372549,0.325490196078,0.321568627451,0.219607843137,0.376470588235,0.525490196078,0.678431372549,0.0,0.8,0.560784313725,0.0,0.0313725490196,0.235294117647,0.541176470588,0.164705882353,0.549019607843,0.105882352941,0.658823529412,0.156862745098,0.176470588235,0.819607843137,0.701960784314,0.0,0.690196078431,0.290196078431,0.537254901961,0.00392156862745,0.513725490196,0.61568627451,0.796078431373,0.850980392157,0.780392156863,0.658823529412,0.713725490196,0.662745098039,0.533333333333,0.580392156863,0.541176470588,0.403921568627,0.443137254902,0.411764705882,0.282352941176,0.313725490196,0.294117647059,0.172549019608,0.192156862745,0.176470588235,54.5,-8.9,-29.5
Daylight (D65),Quinine HCl,negative,0.0,0.478431372549,0.725490196078,0.41568627451,0.294117647059,0.203921568627,0.698039215686,0.525490196078,0.419607843137,0.274509803922,0.450980392157,0.556862745098,0.298039215686,0.4,0.125490196078,0.435294117647,0.466666666667,0.619607843137,0.196078431373,0.690196078431,0.576470588235,0.780392156863,0.41568627451,0.0,0.156862745098,0.341176470588,0.607843137255,0.717647058824,0.278431372549,0.325490196078,0.321568627451,0.219607843137,0.376470588235,0.525490196078,0.678431372549,0.0,0.8,0.560784313725,0.0,0.0313725490196,0.235294117647,0.541176470588,0.164705882353,0.549019607843,0.105882352941,0.658823529412,0.156862745098,0.176470588235,0.819607843137,0.701960784314,0.0,0.690196078431,0.290196078431,0.537254901961,0.00392156862745,0.513725490196,0.61568627451,0.796078431373,0.850980392157,0.780392156863,0.658823529412,0.713725490196,0.662745098039,0.533333333333,0.580392156863,0.541176470588,0.403921568627,0.443137254902,0.411764705882,0.282352941176,0.313725490196,0.294117647059,0.172549019608,0.192156862745,0.176470588235,53.2,5.8,-47.8
Tube light (FL2),Cocaine HCl,positive,0.0,0.372549019608,0.560784313725,0.36862745098,0.262745098039,0.164705882353,0.662745098039,0.482352941176,0.380392156863,0.301960784314,0.352941176471,0.486274509804,0.290196078431,0.349019607843,0.133333333333,0.411764705882,0.376470588235,0.545098039216,0.360784313725,0.6,0.529411764706,0.745098039216,0.450980392157,0.0,0.196078431373,0.219607843137,0.525490196078,0.635294117647,0.278431372549,0.274509803922,0.247058823529,0.160784313725,0.305882352941,0.545098039216,0.643137254902,0.0078431372549,0.76862745098,0.58431372549,0.00392156862745,0.078431372549,0.0941176470588,0.454901960784,0.270588235294,0.474509803922,0.172549019608,0.529411764706,0.18431372549,0.149019607843,0.807843137255,0.705882352941,0.0,0.588235294118,0.247058823529,0.454901960784,0.0352941176471,0.36862745098,0.541176470588,0.835294117647,0.803921568627,0.729411764706,0.678431372549,0.654901960784,0.607843137255,0.533333333333,0.517647058824,0.474509803922,0.392156862745,0.380392156863,0.349019607843,0.266666666667,0.258823529412,0.239215686275,0.149019607843,0.141176470588,0.125490196078,52.7,-14.6,-31.8
Tube light (FL2),Methadone HCl,negative,0.00392156862745,0.458823529412,0.643137254902,0.36862745098,0.262745098039,0.164705882353,0.662745098039,0.482352941176,0.380392156863,0.301960784314,0.352941176471,0.486274509804,0.290196078431,0.349019607843,0.133333333333,0.411764705882,0.376470588235,0.545098039216,0.360784313725,0.6,0.529411764706,0.745098039216,0.450980392157,0.0,0.196078431373,0.219607843137,0.525490196078,0.635294117647,0.278431372549,0.274509803922,0.247058823529,0.160784313725,0.305882352941,0.545098039216,0.643137254902,0.0078431372549,0.76862745098,0.58431372549,0.00392156862745,0.078431372549,0.0941176470588,0.454901960784,0.270588235294,0.474509803922,0.172549019608,0.529411764706,0.18431372549,0.149019607843,0.807843137255,0.705882352941,0.0,0.588235294118,0.247058823529,0.454901960784,0.0352941176471,0.36862745098,0.541176470588,0.835294117647,0.803921568627,0.729411764706,0.678431372549,0.654901960784,0.607843137255,0.533333333333,0.517647058824,0.474509803922,0.392156862745,0.380392156863,0.349019607843,0.266666666667,0.258823529412,0.239215686275,0.149019607843,0.141176470588,0.125490196078,61.8,-19.5,-32.3
White LED torch (LED-B3),Cocaine HCl,positive,0.0,0.482352941176,0.682352941176,0.466666666667,0.329411764706,0.227450980392,0.792156862745,0.56862745098,0.454901960784,0.349019607843,0.447058823529,0.603921568627,0.349019607843,0.439215686275,0.164705882353,0.498039215686,0.462745098039,0.670588235294,0.345098039216,0.717647058824,0.623529411765,0.886274509804,0.505882352941,0.00392156862745,0.239215686275,0.290196078431,0.666666666667,0.796078431373,0.321568627451,0.349019607843,0.345098039216,0.21568627451,0.4,0.607843137255,0.752941176471,0.00392156862745,0.890196078431,0.654901960784,0.0,0.0862745098039,0.141176470588,0.588235294118,0.262745098039,0.588235294118,0.172549019608,0.713725490196,0.207843137255,0.188235294118,0.921568627451,0.8,0.0,0.752941176471,0.290196078431,0.572549019608,0.0,0.490196078431,0.650980392157,0.937254901961,0.913725490196,0.850980392157,0.772549019608,0.760784313725,0.725490196078,0.619607843137,0.619607843137,0.588235294118,0.466666666667,0.466666666667,0.443137254902,0.325490196078,0.329411764706,0.313725490196,0.2,0.2,0.18431372549,53.2,-11.9,-31.1
White LED torch (LED-B3),Ephedrine HCl,positive,0.0,0.482352941176,0.682352941176,0.466666666667,0.329411764706,0.227450980392,0.792156862745,0.56862745098,0.454901960784,0.349019607843,0.447058823529,0.603921568627,0.349019607843,0.439215686275,0.164705882353,0.498039215686,0.462745098039,0.670588235294,0.345098039216,0.717647058824,0.623529411765,0.886274509804,0.505882352941,0.00392156862745,0.239215686275,0.290196078431,0.666666666667,0.796078431373,0.321568627451,0.349019607843,0.345098039216,0.21568627451,0.4,0.607843137255,0.752941176471,0.00392156862745,0.890196078431,0.654901960784,0.0,0.0862745098039,0.141176470588,0.588235294118,0.262745098039,0.588235294118,0.172549019608,0.713725490196,0.207843137255,0.188235294118,0.921568627451,0.8,0.0,0.752941176471,0.290196078431,0.572549019608,0.0,0.490196078431,0.650980392157,0.937254901961,0.913725490196,0.850980392157,0.772549019608,0.760784313725,0.725490196078,0.619607843137,0.619607843137,0.588235294118,0.466666666667,0.466666666667,0.443137254902,0.325490196078,0.329411764706,0.313725490196,0.2,0.2,0.18431372549,53.2,-11.9,-31.1
Incandescent bulb (A),Cocaine HCl,positive,0.00392156862745,0.486274509804,0.545098039216,0.443137254902,0.333333333333,0.176470588235,0.78431372549,0.603921568627,0.4,0.333333333333,0.466666666667,0.474509803922,0.321568627451,0.423529411765,0.145098039216,0.498039215686,0.490196078431,0.533333333333,0.329411764706,0.729411764706,0.541176470588,0.866666666667,0.545098039216,0.00392156862745,0.235294117647,0.329411764706,0.509803921569,0.792156862745,0.376470588235,0.286274509804,0.352941176471,0.23137254902,0.290196078431,0.580392156863,0.760784313725,0.0549019607843,0.870588235294,0.686274509804,0.0,0.0980392156863,0.203921568627,0.443137254902,0.247058823529,0.580392156863,0.223529411765,0.737254901961,0.258823529412,0.176470588235,0.913725490196,0.839215686275,0.0,0.776470588235,0.360784313725,0.447058823529,0.00392156862745,0.486274509804,0.545098039216,0.945098039216,0.992156862745,0.741176470588,0.760784313725,0.811764705882,0.603921568627,0.6,0.643137254902,0.478431372549,0.439215686275,0.478431372549,0.345098039216,0.301960784314,0.321568627451,0.235294117647,0.176470588235,0.18431372549,0.129411764706,52.0,-13.1,-30.9
Incandescent bulb (A),Quinine HCl,negative,0.0,0.450980392157,0.603921568627,0.443137254902,0.333333333333,0.176470588235,0.78431372549,0.603921568627,0.4,0.333333333333,0.466666666667,0.474509803922,0.321568627451,0.423529411765,0.145098039216,0.498039215686,0.490196078431,0.533333333333,0.329411764706,0.729411764706,0.541176470588,0.866666666667,0.545098039216,0.00392156862745,0.235294117647,0.329411764706,0.509803921569,0.792156862745,0.376470588235,0.286274509804,0.352941176471,0.23137254902,0.290196078431,0.580392156863,0.760784313725,0.0549019607843,0.870588235294,0.686274509804,0.0,0.0980392156863,0.203921568627,0.443137254902,0.247058823529,0.580392156863,0.223529411765,0.737254901961,0.258823529412,0.176470588235,0.913725490196,0.839215686275,0.0,0.776470588235,0.360784313725,0.447058823529,0.00392156862745,0.486274509804,0.545098039216,0.945098039216,0.992156862745,0.741176470588,0.760784313725,0.811764705882,0.603921568627,0.6,0.643137254902,0.478431372549,0.439215686275,0.478431372549,0.345098039216,0.301960784314,0.321568627451,0.235294117647,0.176470588235,0.18431372549,0.129411764706,50.8,-4.3,-43.0
Tube light (FL2),Procaine HCl,positive,0.0,0.541176470588,0.627450980392,0.470588235294,0.4,0.2,0.752941176471,0.643137254902,0.411764705882,0.36862745098,0.517647058824,0.552941176471,0.36862745098,0.490196078431,0.101960784314,0.494117647059,0.545098039216,0.611764705882,0.396078431373,0.764705882353,0.564705882353,0.843137254902,0.603921568627,0.00392156862745,0.258823529412,0.388235294118,0.607843137255,0.741176470588,0.423529411765,0.329411764706,0.341176470588,0.294117647059,0.388235294118,0.619607843137,0.796078431373,0.0,0.843137254902,0.733333333333,0.0,0.101960784314,0.258823529412,0.552941176471,0.321568627451,0.63137254902,0.101960784314,0.643137254902,0.313725490196,0.188235294118,0.874509803922,0.858823529412,0.0,0.686274509804,0.407843137255,0.529411764706,0.00392156862745,0.541176470588,0.611764705882,0.886274509804,0.980392156863,0.737254901961,0.749019607843,0.83137254902,0.635294117647,0.61568627451,0.686274509804,0.521568627451,0.478431372549,0.533333333333,0.407843137255,0.349019607843,0.392156862745,0.298039215686,0.227450980392,0.254901960784,0.188235294118,52.8,-11.7,-32.6
Tube light (FL2),Phencyclidine HCl,positive,0.0,0.541176470588,0.63137254902,0.470588235294,0.4,0.2,0.752941176471,0.643137254902,0.411764705882,0.36862745098,0.517647058824,0.552941176471,0.36862745098,0.490196078431,0.101960784314,0.494117647059,0.545098039216,0.611764705882,0.396078431373,0.764705882353,0.564705882353,0.843137254902,0.603921568627,0.00392156862745,0.258823529412,0.388235294118,0.607843137255,0.741176470588,0.423529411765,0.329411764706,0.341176470588,0.294117647059,0.388235294118,0.619607843137,0.796078431373,0.0,0.843137254902,0.733333333333,0.0,0.101960784314,0.258823529412,0.552941176471,0.321568627451,0.63137254902,0.101960784314,0.643137254902,0.313725490196,0.188235294118,0.874509803922,0.858823529412,0.0,0.686274509804,0.407843137255,0.529411764706,0.00392156862745,0.541176470588,0.611764705882,0.886274509804,0.980392156863,0.737254901961,0.749019607843,0.83137254902,0.635294117647,0.61568627451,0.686274509804,0.521568627451,0.478431372549,0.533333333333,0.407843137255,0.349019607843,0.392156862745,0.298039215686,0.227450980392,0.254901960784,0.188235294118,52.6,-10.8,-33.6
White LED torch (LED-B3),Cocaine HCl,positive,0.0,0.525490196078,0.674509803922,0.450980392157,0.352941176471,0.196078431373,0.752941176471,0.588235294118,0.419607843137,0.301960784314,0.482352941176,0.58431372549,0.321568627451,0.458823529412,0.113725490196,0.466666666667,0.498039215686,0.650980392157,0.235294117647,0.741176470588,0.588235294118,0.843137254902,0.525490196078,0.0,0.192156862745,0.329411764706,0.650980392157,0.764705882353,0.352941176471,0.337254901961,0.345098039216,0.247058823529,0.407843137255,0.556862745098,0.764705882353,0.0,0.843137254902,0.670588235294,0.0,0.0352941176471,0.188235294118,0.58431372549,0.176470588235,0.607843137255,0.0745098039216,0.698039215686,0.239215686275,0.172549019608,0.866666666667,0.807843137255,0.0,0.729411764706,0.333333333333,0.560784313725,0.0,0.521568627451,0.643137254902,0.847058823529,0.921568627451,0.796078431373,0.705882352941,0.776470588235,0.674509803922,0.580392156863,0.639215686275,0.556862745098,0.439215686275,0.494117647059,0.427450980392,0.317647058824,0.356862745098,0.313725490196,0.2,0.223529411765,0.196078431373,55.1,-7.9,-31.6
White LED torch (LED-B3),Cocaine HCl,positive,0.0,0.525490196078,0.674509803922,0.450980392157,0.352941176471,0.196078431373,0.752941176471,0.588235294118,0.419607843137,0.301960784314,0.482352941176,0.58431372549,0.321568627451,0.458823529412,0.113725490196,0.466666666667,0.498039215686,0.650980392157,0.235294117647,0.741176470588,0.588235294118,0.843137254902,0.525490196078,0.0,0.192156862745,0.329411764706,0.650980392157,0.764705882353,0.352941176471,0.337254901961,0.345098039216,0.247058823529,0.407843137255,0.556862745098,0.764705882353,0.0,0.843137254902,0.670588235294,0.0,0.0352941176471,0.188235294118,0.58431372549,0.176470588235,0.607843137255,0.0745098039216,0.698039215686,0.239215686275,0.172549019608,0.866666666667,0.807843137255,0.0,0.729411764706,0.333333333333,0.560784313725,0.0,0.521568627451,0.643137254902,0.847058823529,0.921568627451,0.796078431373,0.705882352941,0.776470588235,0.674509803922,0.580392156863,0.639215686275,0.556862745098,0.439215686275,0.494117647059,0.427450980392,0.317647058824,0.356862745098,0.313725490196,0.2,0.223529411765,0.196078431373,55.1,-7.9,-31.6
Incandescent bulb (A),Cocaine HCl,positive,0.0,0.41568627451,0.513725490196,0.403921568627,0.274509803922,0.133333333333,0.717647058824,0.505882352941,0.349019607843,0.290196078431,0.388235294118,0.443137254902,0.282352941176,0.360784313725,0.0941176470588,0.447058823529,0.407843137255,0.498039215686,0.254901960784,0.627450980392,0.498039215686,0.796078431373,0.454901960784,0.0,0.2,0.258823529412,0.482352941176,0.733333333333,0.290196078431,0.23137254902,0.313725490196,0.180392156863,0.266666666667,0.513725490196,0.658823529412,0.00392156862745,0.8,0.580392156863,0.00392156862745,0.0745098039216,0.145098039216,0.419607843137,0.180392156863,0.501960784314,0.16862745098,0.682352941176,0.180392156863,0.113725490196,0.835294117647,0.717647058824,0.0,0.709803921569,0.270588235294,0.4,0.0,0.407843137255,0.509803921569,0.854901960784,0.850980392157,0.670588235294,0.686274509804,0.690196078431,0.552941176471,0.541176470588,0.545098039216,0.435294117647,0.392156862745,0.4,0.317647058824,0.262745098039,0.270588235294,0.211764705882,0.149019607843,0.149019607843,0.105882352941,52.7,-11.8,-30.7
Daylight (D65),Pseudoephedrine HCl,positive,0.0,0.501960784314,0.639215686275,0.427450980392,0.298039215686,0.223529411765,0.737254901961,0.549019607843,0.462745098039,0.321568627451,0.458823529412,0.56862745098,0.325490196078,0.403921568627,0.18431372549,0.470588235294,0.478431372549,0.639215686275,0.333333333333,0.705882352941,0.611764705882,0.823529411765,0.439215686275,0.0117647058824,0.219607843137,0.337254901961,0.619607843137,0.737254901961,0.298039215686,0.352941176471,0.325490196078,0.21568627451,0.372549019608,0.576470588235,0.698039215686,0.0,0.835294117647,0.58431372549,0.0,0.0627450980392,0.227450980392,0.545098039216,0.258823529412,0.556862745098,0.211764705882,0.670588235294,0.176470588235,0.211764705882,0.870588235294,0.733333333333,0.00392156862745,0.701960784314,0.305882352941,0.549019607843,0.0,0.505882352941,0.619607843137,0.882352941176,0.898039215686,0.843137254902,0.721568627451,0.741176470588,0.717647058824,0.572549019608,0.592156862745,0.56862745098,0.427450980392,0.447058823529,0.427450980392,0.298039215686,0.313725490196,0.298039215686,0.176470588235,0.18431372549,0.176470588235,53.0,-14.0,-28.5
Daylight (D65),Cocaine HCl,positive,0.0,0.505882352941,0.63137254902,0.427450980392,0.298039215686,0.223529411765,0.737254901961,0.549019607843,0.462745098039,0.321568627451,0.458823529412,0.56862745098,0.325490196078,0.403921568627,0.18431372549,0.470588235294,0.478431372549,0.639215686275,0.333333333333,0.705882352941,0.611764705882,0.823529411765,0.439215686275,0.0117647058824,0.219607843137,0.337254901961,0.619607843137,0.737254901961,0.298039215686,0.352941176471,0.325490196078,0.21568627451,0.372549019608,0.576470588235,0.698039215686,0.0,0.835294117647,0.58431372549,0.0,0.0627450980392,0.227450980392,0.545098039216,0.258823529412,0.556862745098,0.211764705882,0.670588235294,0.176470588235,0.211764705882,0.870588235294,0.733333333333,0.00392156862745,0.701960784314,0.305882352941,0.549019607843,0.0,0.505882352941,0.619607843137,0.882352941176,0.898039215686,0.843137254902,0.721568627451,0.741176470588,0.717647058824,0.572549019608,0.592156862745,0.56862745098,0.427450980392,0.447058823529,0.427450980392,0.298039215686,0.313725490196,0.298039215686,0.176470588235,0.18431372549,0.176470588235,53.2,-15.3,-27.0
Tube light (FL2),Benzphetamine HCl,negative,0.0,0.701960784314,0.788235294118,0.419607843137,0.349019607843,0.176470588235,0.701960784314,0.592156862745,0.403921568627,0.286274509804,0.462745098039,0.56862745098,0.305882352941,0.450980392157,0.078431372549,0.43137254902,0.490196078431,0.643137254902,0.258823529412,0.733333333333,0.596078431373,0.8,0.552941176471,0.0,0.164705882353,0.313725490196,0.63137254902,0.709803921569,0.364705882353,0.309803921569,0.294117647059,0.239215686275,0.388235294118,0.549019607843,0.76862745098,0.00392156862745,0.819607843137,0.705882352941,0.0,0.0274509803922,0.176470588235,0.560784313725,0.203921568627,0.588235294118,0.0823529411765,0.607843137255,0.254901960784,0.149019607843,0.83137254902,0.83137254902,0.0,0.654901960784,0.341176470588,0.545098039216,0.00392156862745,0.486274509804,0.647058823529,0.811764705882,0.933333333333,0.76862745098,0.678431372549,0.78431372549,0.662745098039,0.549019607843,0.639215686275,0.537254901961,0.419607843137,0.486274509804,0.411764705882,0.298039215686,0.352941176471,0.294117647059,0.180392156863,0.21568627451,0.180392156863,73.5,-17.6,-29.3
Tube light (FL2),Cocaine HCl,positive,0.0,0.494117647059,0.674509803922,0.419607843137,0.349019607843,0.176470588235,0.701960784314,0.592156862745,0.403921568627,0.286274509804,0.462745098039,0.56862745098,0.305882352941,0.450980392157,0.078431372549,0.43137254902,0.490196078431,0.643137254902,0.258823529412,0.733333333333,0.596078431373,0.8,0.552941176471,0.0,0.164705882353,0.313725490196,0.63137254902,0.709803921569,0.364705882353,0.309803921569,0.294117647059,0.239215686275,0.388235294118,0.549019607843,0.76862745098,0.00392156862745,0.819607843137,0.705882352941,0.0,0.0274509803922,0.176470588235,0.560784313725,0.203921568627,0.588235294118,0.0823529411765,0.607843137255,0.254901960784,0.149019607843,0.83137254902,0.83137254902,0.0,0.654901960784,0.341176470588,0.545098039216,0.00392156862745,0.486274509804,0.647058823529,0.811764705882,0.933333333333,0.76862745098,0.678431372549,0.78431372549,0.662745098039,0.549019607843,0.639215686275,0.537254901961,0.419607843137,0.486274509804,0.411764705882,0.298039215686,0.352941176471,0.294117647059,0.180392156863,0.21568627451,0.180392156863,54.9,-6.4,-32.8
White LED torch (LED-B3),Cocaine HCl,positive,0.00392156862745,0.486274509804,0.639215686275,0.478431372549,0.349019607843,0.254901960784,0.764705882353,0.56862745098,0.470588235294,0.38431372549,0.458823529412,0.58431372549,0.372549019608,0.443137254902,0.21568627451,0.513725490196,0.470588235294,0.635294117647,0.407843137255,0.690196078431,0.611764705882,0.843137254902,0.517647058824,0.0117647058824,0.282352941176,0.317647058824,0.63137254902,0.764705882353,0.352941176471,0.372549019608,0.36862745098,0.239215686275,0.407843137255,0.611764705882,0.721568627451,0.0156862745098,0.843137254902,0.639215686275,0.00392156862745,0.137254901961,0.16862745098,0.572549019608,0.325490196078,0.58431372549,0.243137254902,0.690196078431,0.250980392157,0.243137254902,0.882352941176,0.772549019608,0.0,0.721568627451,0.325490196078,0.560784313725,0.0196078431373,0.490196078431,0.627450980392,0.909803921569,0.882352941176,0.819607843137,0.760784313725,0.745098039216,0.701960784314,0.63137254902,0.61568627451,0.580392156863,0.490196078431,0.478431372549,0.454901960784,0.352941176471,0.349019607843,0.333333333333,0.23137254902,0.223529411765,0.207843137255,51.7,-15.9,-29.4
White LED torch (LED-B3),Ephedrine HCl,positive,0.00392156862745,0.486274509804,0.647058823529,0.478431372549,0.349019607843,0.254901960784,0.764705882353,0.56862745098,0.470588235294,0.38431372549,0.458823529412,0.58431372549,0.372549019608,0.443137254902,0.21568627451,0.513725490196,0.470588235294,0.635294117647,0.407843137255,0.690196078431,0.611764705882,0.843137254902,0.517647058824,0.0117647058824,0.282352941176,0.317647058824,0.63137254902,0.764705882353,0.352941176471,0.372549019608,0.36862745098,0.239215686275,0.407843137255,0.611764705882,0.721568627451,0.0156862745098,0.843137254902,0.639215686275,0.00392156862745,0.137254901961,0.16862745098,0.572549019608,0.325490196078,0.58431372549,0.243137254902,0.690196078431,0.250980392157,0.243137254902,0.882352941176,0.772549019608,0.0,0.721568627451,0.325490196078,0.560784313725,0.0196078431373,0.490196078431,0.627450980392,0.909803921569,0.882352941176,0.819607843137,0.760784313725,0.745098039216,0.701960784314,0.63137254902,0.61568627451,0.580392156863,0.490196078431,0.478431372549,0.454901960784,0.352941176471,0.349019607843,0.333333333333,0.23137254902,0.223529411765,0.207843137255,52.1,-14.9,-31.0
Incandescent bulb (A),Cocaine HCl,positive,0.0,0.482352941176,0.61568627451,0.450980392157,0.333333333333,0.192156862745,0.788235294118,0.58431372549,0.43137254902,0.329411764706,0.450980392157,0.529411764706,0.321568627451,0.427450980392,0.156862745098,0.498039215686,0.474509803922,0.58431372549,0.286274509804,0.713725490196,0.6,0.870588235294,0.533333333333,0.00392156862745,0.227450980392,0.309803921569,0.572549019608,0.811764705882,0.356862745098,0.305882352941,0.364705882353,0.223529411765,0.333333333333,0.56862745098,0.749019607843,0.0196078431373,0.874509803922,0.670588235294,0.0,0.078431372549,0.176470588235,0.501960784314,0.207843137255,0.576470588235,0.247058823529,0.752941176471,0.239215686275,0.16862745098,0.909803921569,0.811764705882,0.0,0.788235294118,0.333333333333,0.486274509804,0.0,0.482352941176,0.611764705882,0.917647058824,0.949019607843,0.792156862745,0.745098039216,0.780392156863,0.658823529412,0.592156862745,0.623529411765,0.529411764706,0.443137254902,0.474509803922,0.392156862745,0.305882352941,0.329411764706,0.274509803922,0.188235294118,0.192156862745,0.156862745098,53.0,-10.9,-31.4
Incandescent bulb (A),Quinine HCl,negative,0.647058823529,0.823529411765,0.878431372549,0.450980392157,0.333333333333,0.192156862745,0.788235294118,0.58431372549,0.43137254902,0.329411764706,0.450980392157,0.529411764706,0.321568627451,0.427450980392,0.156862745098,0.498039215686,0.474509803922,0.58431372549,0.286274509804,0.713725490196,0.6,0.870588235294,0.533333333333,0.00392156862745,0.227450980392,0.309803921569,0.572549019608,0.811764705882,0.356862745098,0.305882352941,0.364705882353,0.223529411765,0.333333333333,0.56862745098,0.749019607843,0.0196078431373,0.874509803922,0.670588235294,0.0,0.078431372549,0.176470588235,0.501960784314,0.207843137255,0.576470588235,0.247058823529,0.752941176471,0.239215686275,0.16862745098,0.909803921569,0.811764705882,0.0,0.788235294118,0.333333333333,0.486274509804,0.0,0.482352941176,0.611764705882,0.917647058824,0.949019607843,0.792156862745,0.745098039216,0.780392156863,0.658823529412,0.592156862745,0.623529411765,0.529411764706,0.443137254902,0.474509803922,0.392156862745,0.305882352941,0.329411764706,0.274509803922,0.188235294118,0.192156862745,0.156862745098,79.0,-5.1,-27.5
Daylight (D65),Doxepin HCl,negative,0.00392156862745,0.603921568627,0.666666666667,0.360784313725,0.298039215686,0.203921568627,0.61568627451,0.533333333333,0.411764705882,0.219607843137,0.450980392157,0.513725490196,0.254901960784,0.392156862745,0.152941176471,0.36862745098,0.474509803922,0.580392156863,0.129411764706,0.690196078431,0.549019607843,0.698039215686,0.435294117647,0.00392156862745,0.0941176470588,0.345098039216,0.560784313725,0.635294117647,0.317647058824,0.317647058824,0.270588235294,0.227450980392,0.345098039216,0.454901960784,0.674509803922,0.0,0.709803921569,0.572549019608,0.0,0.0078431372549,0.243137254902,0.494117647059,0.125490196078,0.541176470588,0.16862745098,0.580392156863,0.207843137255,0.18431372549,0.733333333333,0.709803921569,0.0,0.607843137255,0.329411764706,0.498039215686,0.0,0.509803921569,0.564705882353,0.705882352941,0.874509803922,0.756862745098,0.580392156863,0.729411764706,0.639215686275,0.466666666667,0.588235294118,0.517647058824,0.349019607843,0.447058823529,0.388235294118,0.239215686275,0.313725490196,0.270588235294,0.141176470588,0.188235294118,0.160784313725,64.3,-12.6,-28.1
Tube light (FL2),Procaine HCl,positive,0.0,0.392156862745,0.658823529412,0.388235294118,0.282352941176,0.192156862745,0.705882352941,0.517647058824,0.43137254902,0.294117647059,0.376470588235,0.560784313725,0.294117647059,0.376470588235,0.152941176471,0.427450980392,0.4,0.63137254902,0.333333333333,0.654901960784,0.619607843137,0.803921568627,0.486274509804,0.0,0.18431372549,0.211764705882,0.607843137255,0.690196078431,0.290196078431,0.309803921569,0.258823529412,0.164705882353,0.349019607843,0.56862745098,0.705882352941,0.0,0.823529411765,0.643137254902,0.0,0.0470588235294,0.0549019607843,0.525490196078,0.247058823529,0.517647058824,0.192156862745,0.572549019608,0.192156862745,0.156862745098,0.862745098039,0.776470588235,0.00392156862745,0.627450980392,0.247058823529,0.525490196078,0.0,0.392156862745,0.63137254902,0.870588235294,0.870588235294,0.839215686275,0.701960784314,0.705882352941,0.698039215686,0.552941176471,0.556862745098,0.549019607843,0.403921568627,0.411764705882,0.4,0.270588235294,0.278431372549,0.274509803922,0.152941176471,0.152941176471,0.152941176471,53.2,-11.0,-32.4
Tube light (FL2),Cocaine HCl,positive,0.627450980392,0.796078431373,0.929411764706,0.388235294118,0.282352941176,0.192156862745,0.705882352941,0.517647058824,0.43137254902,0.294117647059,0.376470588235,0.560784313725,0.294117647059,0.376470588235,0.152941176471,0.427450980392,0.4,0.63137254902,0.333333333333,0.654901960784,0.619607843137,0.803921568627,0.486274509804,0.0,0.18431372549,0.211764705882,0.607843137255,0.690196078431,0.290196078431,0.309803921569,0.258823529412,0.164705882353,0.349019607843,0.56862745098,0.705882352941,0.0,0.823529411765,0.643137254902,0.0,0.0470588235294,0.0549019607843,0.525490196078,0.247058823529,0.517647058824,0.192156862745,0.572549019608,0.192156862745,0.156862745098,0.862745098039,0.776470588235,0.00392156862745,0.627450980392,0.247058823529,0.525490196078,0.0,0.392156862745,0.63137254902,0.870588235294,0.870588235294,0.839215686275,0.701960784314,0.705882352941,0.698039215686,0.552941176471,0.556862745098,0.549019607843,0.403921568627,0.411764705882,0.4,0.270588235294,0.278431372549,0.274509803922,0.152941176471,0.152941176471,0.152941176471,85.9,-11.3,-19.2
White LED torch (LED-B3),Doxepin HCl,negative,0.0,0.556862745098,0.709803921569,0.388235294118,0.286274509804,0.156862745098,0.701960784314,0.537254901961,0.36862745098,0.239215686275,0.41568627451,0.537254901961,0.254901960784,0.396078431373,0.0549019607843,0.4,0.43137254902,0.607843137255,0.0980392156863,0.694117647059,0.545098039216,0.803921568627,0.470588235294,0.00392156862745,0.125490196078,0.262745098039,0.607843137255,0.721568627451,0.286274509804,0.274509803922,0.274509803922,0.180392156863,0.345098039216,0.486274509804,0.721568627451,0.0,0.8,0.623529411765,0.0,0.0117647058824,0.125490196078,0.533333333333,0.0745098039216,0.552941176471,0.0235294117647,0.639215686275,0.172549019608,0.105882352941,0.827450980392,0.776470588235,0.0,0.674509803922,0.262745098039,0.509803921569,0.00392156862745,0.450980392157,0.596078431373,0.81568627451,0.909803921569,0.776470588235,0.654901960784,0.741176470588,0.650980392157,0.517647058824,0.58431372549,0.509803921569,0.376470588235,0.43137254902,0.372549019608,0.250980392157,0.294117647059,0.254901960784,0.141176470588,0.164705882353,0.141176470588,63.9,-11.8,-30.5
White LED torch (LED-B3),Methadone HCl,negative,0.00392156862745,0.560784313725,0.709803921569,0.388235294118,0.286274509804,0.156862745098,0.701960784314,0.537254901961,0.36862745098,0.239215686275,0.41568627451,0.537254901961,0.254901960784,0.396078431373,0.0549019607843,0.4,0.43137254902,0.607843137255,0.0980392156863,0.694117647059,0.545098039216,0.803921568627,0.470588235294,0.00392156862745,0.125490196078,0.262745098039,0.607843137255,0.721568627451,0.286274509804,0.274509803922,0.274509803922,0.180392156863,0.345098039216,0.486274509804,0.721568627451,0.0,0.8,0.623529411765,0.0,0.0117647058824,0.125490196078,0.533333333333,0.0745098039216,0.552941176471,0.0235294117647,0.639215686275,0.172549019608,0.105882352941,0.827450980392,0.776470588235,0.0,0.674509803922,0.262745098039,0.509803921569,0.00392156862745,0.450980392157,0.596078431373,0.81568627451,0.909803921569,0.776470588235,0.654901960784,0.741176470588,0.650980392157,0.517647058824,0.58431372549,0.509803921569,0.376470588235,0.43137254902,0.372549019608,0.250980392157,0.294117647059,0.254901960784,0.141176470588,0.164705882353,0.141176470588,63.8,-12.0,-30.0
Incandescent bulb (A),Cocaine HCl,positive,0.00392156862745,0.419607843137,0.647058823529,0.494117647059,0.313725490196,0.270588235294,0.803921568627,0.525490196078,0.517647058824,0.4,0.403921568627,0.580392156863,0.38431372549,0.403921568627,0.258823529412,0.549019607843,0.41568627451,0.635294117647,0.419607843137,0.635294117647,0.662745098039,0.878431372549,0.494117647059,0.137254901961,0.305882352941,0.250980392157,0.607843137255,0.811764705882,0.321568627451,0.380392156863,0.403921568627,0.2,0.380392156863,0.635294117647,0.678431372549,0.309803921569,0.878431372549,0.611764705882,0.0549019607843,0.16862745098,0.0823529411765,0.537254901961,0.325490196078,0.537254901961,0.356862745098,0.760784313725,0.211764705882,0.258823529412,0.921568627451,0.737254901961,0.149019607843,0.796078431373,0.274509803922,0.541176470588,0.043137254902,0.419607843137,0.650980392157,0.956862745098,0.827450980392,0.870588235294,0.796078431373,0.690196078431,0.737254901961,0.650980392157,0.564705882353,0.603921568627,0.498039215686,0.43137254902,0.462745098039,0.356862745098,0.309803921569,0.337254901961,0.23137254902,0.192156862745,0.207843137255,51.4,-16.3,-28.7
Incandescent bulb (A),Phencyclidine HCl,positive,0.0,0.423529411765,0.650980392157,0.494117647059,0.313725490196,0.270588235294,0.803921568627,0.525490196078,0.517647058824,0.4,0.403921568627,0.580392156863,0.38431372549,0.403921568627,0.258823529412,0.549019607843,0.41568627451,0.635294117647,0.419607843137,0.635294117647,0.662745098039,0.878431372549,0.494117647059,0.137254901961,0.305882352941,0.250980392157,0.607843137255,0.811764705882,0.321568627451,0.380392156863,0.403921568627,0.2,0.380392156863,0.635294117647,0.678431372549,0.309803921569,0.878431372549,0.611764705882,0.0549019607843,0.16862745098,0.0823529411765,0.537254901961,0.325490196078,0.537254901961,0.356862745098,0.760784313725,0.211764705882,0.258823529412,0.921568627451,0.737254901961,0.149019607843,0.796078431373,0.274509803922,0.541176470588,0.043137254902,0.419607843137,0.650980392157,0.956862745098,0.827450980392,0.870588235294,0.796078431373,0.690196078431,0.737254901961,0.650980392157,0.564705882353,0.603921568627,0.498039215686,0.43137254902,0.462745098039,0.356862745098,0.309803921569,0.337254901961,0.23137254902,0.192156862745,0.207843137255,51.9,-16.5,-28.7
Daylight (D65),Cocaine HCl,positive,0.0,0.501960784314,0.694117647059,0.411764705882,0.305882352941,0.270588235294,0.701960784314,0.549019607843,0.521568627451,0.313725490196,0.447058823529,0.603921568627,0.321568627451,0.407843137255,0.250980392157,0.454901960784,0.466666666667,0.682352941176,0.337254901961,0.701960784314,0.678431372549,0.772549019608,0.454901960784,0.192156862745,0.2,0.321568627451,0.643137254902,0.701960784314,0.317647058824,0.396078431373,0.317647058824,0.21568627451,0.4,0.564705882353,0.698039215686,0.254901960784,0.8,0.596078431373,0.113725490196,0.0470588235294,0.207843137255,0.560784313725,0.266666666667,0.552941176471,0.305882352941,0.635294117647,0.211764705882,0.254901960784,0.83137254902,0.737254901961,0.0666666666667,0.674509803922,0.313725490196,0.576470588235,0.00392156862745,0.501960784314,0.662745098039,0.835294117647,0.874509803922,0.909803921569,0.690196078431,0.729411764706,0.76862745098,0.556862745098,0.592156862745,0.627450980392,0.419607843137,0.447058823529,0.470588235294,0.290196078431,0.317647058824,0.341176470588,0.176470588235,0.188235294118,0.207843137255,53.9,-14.5,-29.0
Daylight (D65),Cocaine HCl,positive,0.521568627451,0.76862745098,0.905882352941,0.411764705882,0.305882352941,0.270588235294,0.701960784314,0.549019607843,0.521568627451,0.313725490196,0.447058823529,0.603921568627,0.321568627451,0.407843137255,0.250980392157,0.454901960784,0.466666666667,0.682352941176,0.337254901961,0.701960784314,0.678431372549,0.772549019608,0.454901960784,0.192156862745,0.2,0.321568627451,0.643137254902,0.701960784314,0.317647058824,0.396078431373,0.317647058824,0.21568627451,0.4,0.564705882353,0.698039215686,0.254901960784,0.8,0.596078431373,0.113725490196,0.0470588235294,0.207843137255,0.560784313725,0.266666666667,0.552941176471,0.305882352941,0.635294117647,0.211764705882,0.254901960784,0.83137254902,0.737254901961,0.0666666666667,0.674509803922,0.313725490196,0.576470588235,0.00392156862745,0.501960784314,0.662745098039,0.835294117647,0.874509803922,0.909803921569,0.690196078431,0.729411764706,0.76862745098,0.556862745098,0.592156862745,0.627450980392,0.419607843137,0.447058823529,0.470588235294,0.290196078431,0.317647058824,0.341176470588,0.176470588235,0.188235294118,0.207843137255,76.9,-14.8,-19.5
Tube light (FL2),Cocaine HCl,positive,0.0,0.498039215686,0.635294117647,0.427450980392,0.356862745098,0.192156862745,0.701960784314,0.596078431373,0.411764705882,0.317647058824,0.470588235294,0.549019607843,0.325490196078,0.450980392157,0.129411764706,0.447058823529,0.501960784314,0.61568627451,0.337254901961,0.729411764706,0.580392156863,0.792156862745,0.564705882353,0.0,0.203921568627,0.333333333333,0.603921568627,0.698039215686,0.38431372549,0.317647058824,0.301960784314,0.254901960784,0.376470588235,0.572549019608,0.764705882353,0.00392156862745,0.811764705882,0.709803921569,0.0,0.0509803921569,0.203921568627,0.537254901961,0.266666666667,0.588235294118,0.152941176471,0.6,0.278431372549,0.176470588235,0.839215686275,0.83137254902,0.00392156862745,0.647058823529,0.364705882353,0.533333333333,0.0,0.498039215686,0.619607843137,0.835294117647,0.937254901961,0.756862745098,0.694117647059,0.788235294118,0.647058823529,0.572549019608,0.647058823529,0.537254901961,0.439215686275,0.498039215686,0.407843137255,0.309803921569,0.360784313725,0.294117647059,0.196078431373,0.227450980392,0.180392156863,53.6,-9.4,-33.1
Tube light (FL2),Methadone HCl,negative,0.0,0.607843137255,0.717647058824,0.427450980392,0.356862745098,0.192156862745,0.701960784314,0.596078431373,0.411764705882,0.317647058824,0.470588235294,0.549019607843,0.325490196078,0.450980392157,0.129411764706,0.447058823529,0.501960784314,0.61568627451,0.337254901961,0.729411764706,0.580392156863,0.792156862745,0.564705882353,0.0,0.203921568627,0.333333333333,0.603921568627,0.698039215686,0.38431372549,0.317647058824,0.301960784314,0.254901960784,0.376470588235,0.572549019608,0.764705882353,0.00392156862745,0.811764705882,0.709803921569,0.0,0.0509803921569,0.203921568627,0.537254901961,0.266666666667,0.588235294118,0.152941176471,0.6,0.278431372549,0.176470588235,0.839215686275,0.83137254902,0.00392156862745,0.647058823529,0.364705882353,0.533333333333,0.0,0.498039215686,0.619607843137,0.835294117647,0.937254901961,0.756862745098,0.694117647059,0.788235294118,0.647058823529,0.572549019608,0.647058823529,0.537254901961,0.439215686275,0.498039215686,0.407843137255,0.309803921569,0.360784313725,0.294117647059,0.196078431373,0.227450980392,0.180392156863,64.3,-14.4,-33.5
White LED torch (LED-B3),Cocaine HCl,positive,0.0,0.513725490196,0.63137254902,0.443137254902,0.352941176471,0.227450980392,0.737254901961,0.6,0.443137254902,0.333333333333,0.474509803922,0.560784313725,0.333333333333,0.450980392157,0.176470588235,0.474509803922,0.498039215686,0.623529411765,0.345098039216,0.737254901961,0.588235294118,0.819607843137,0.537254901961,0.0,0.223529411765,0.337254901961,0.61568627451,0.745098039216,0.372549019608,0.349019607843,0.333333333333,0.250980392157,0.380392156863,0.58431372549,0.764705882353,0.0,0.839215686275,0.682352941176,0.0,0.0666666666667,0.203921568627,0.552941176471,0.266666666667,0.6,0.192156862745,0.670588235294,0.262745098039,0.211764705882,0.866666666667,0.819607843137,0.0,0.705882352941,0.360784313725,0.541176470588,0.0,0.517647058824,0.607843137255,0.878431372549,0.945098039216,0.803921568627,0.729411764706,0.792156862745,0.686274509804,0.592156862745,0.647058823529,0.556862745098,0.450980392157,0.494117647059,0.427450980392,0.325490196078,0.356862745098,0.305882352941,0.2,0.219607843137,0.18431372549,53.0,-12.6,-30.0
Incandescent bulb (A),Cocaine HCl,positive,0.0,0.454901960784,0.58431372549,0.450980392157,0.329411764706,0.219607843137,0.741176470588,0.545098039216,0.439215686275,0.356862745098,0.427450980392,0.513725490196,0.345098039216,0.411764705882,0.2,0.501960784314,0.450980392157,0.560784313725,0.352941176471,0.654901960784,0.58431372549,0.796078431373,0.501960784314,0.0196078431373,0.262745098039,0.301960784314,0.541176470588,0.749019607843,0.349019607843,0.325490196078,0.372549019608,0.23137254902,0.337254901961,0.56862745098,0.682352941176,0.164705882353,0.81568627451,0.619607843137,0.0,0.129411764706,0.176470588235,0.482352941176,0.266666666667,0.537254901961,0.282352941176,0.705882352941,0.247058823529,0.211764705882,0.847058823529,0.737254901961,0.00392156862745,0.737254901961,0.325490196078,0.482352941176,0.0,0.454901960784,0.576470588235,0.858823529412,0.835294117647,0.741176470588,0.713725490196,0.701960784314,0.627450980392,0.58431372549,0.576470588235,0.517647058824,0.454901960784,0.447058823529,0.396078431373,0.325490196078,0.325490196078,0.294117647059,0.207843137255,0.203921568627,0.176470588235,53.0,-13.7,-30.9
Incandescent bulb (A),Procaine HCl,positive,0.0,0.454901960784,0.58431372549,0.450980392157,0.329411764706,0.219607843137,0.741176470588,0.545098039216,0.439215686275,0.356862745098,0.427450980392,0.513725490196,0.345098039216,0.411764705882,0.2,0.501960784314,0.450980392157,0.560784313725,0.352941176471,0.654901960784,0.58431372549,0.796078431373,0.501960784314,0.0196078431373,0.262745098039,0.301960784314,0.541176470588,0.749019607843,0.349019607843,0.325490196078,0.372549019608,0.23137254902,0.337254901961,0.56862745098,0.682352941176,0.164705882353,0.81568627451,0.619607843137,0.0,0.129411764706,0.176470588235,0.482352941176,0.266666666667,0.537254901961,0.282352941176,0.705882352941,0.247058823529,0.211764705882,0.847058823529,0.737254901961,0.00392156862745,0.737254901961,0.325490196078,0.482352941176,0.0,0.454901960784,0.576470588235,0.858823529412,0.835294117647,0.741176470588,0.713725490196,0.701960784314,0.627450980392,0.58431372549,0.576470588235,0.517647058824,0.454901960784,0.447058823529,0.396078431373,0.325490196078,0.325490196078,0.294117647059,0.207843137255,0.203921568627,0.176470588235,53.0,-13.7,-30.9
Daylight (D65),Benzphetamine HCl,negative,0.00392156862745,0.713725490196,0.796078431373,0.396078431373,0.294117647059,0.203921568627,0.690196078431,0.552941176471,0.435294117647,0.211764705882,0.458823529412,0.572549019608,0.258823529412,0.4,0.117647058824,0.388235294118,0.478431372549,0.643137254902,0.0274509803922,0.729411764706,0.6,0.796078431373,0.435294117647,0.0,0.0705882352941,0.337254901961,0.63137254902,0.717647058824,0.286274509804,0.321568627451,0.290196078431,0.207843137255,0.36862745098,0.490196078431,0.717647058824,0.00392156862745,0.796078431373,0.58431372549,0.0,0.00392156862745,0.223529411765,0.549019607843,0.0627450980392,0.56862745098,0.105882352941,0.654901960784,0.156862745098,0.164705882353,0.823529411765,0.749019607843,0.0,0.678431372549,0.290196078431,0.541176470588,0.0,0.517647058824,0.623529411765,0.792156862745,0.941176470588,0.850980392157,0.639215686275,0.764705882353,0.705882352941,0.505882352941,0.607843137255,0.564705882353,0.364705882353,0.447058823529,0.411764705882,0.247058823529,0.305882352941,0.286274509804,0.133333333333,0.176470588235,0.160784313725,71.9,-16.4,-24.9
Daylight (D65),Cocaine HCl,positive,0.0,0.513725490196,0.650980392157,0.396078431373,0.294117647059,0.203921568627,0.690196078431,0.552941176471,0.435294117647,0.211764705882,0.458823529412,0.572549019608,0.258823529412,0.4,0.117647058824,0.388235294118,0.478431372549,0.643137254902,0.0274509803922,0.729411764706,0.6,0.796078431373,0.435294117647,0.0,0.0705882352941,0.337254901961,0.63137254902,0.717647058824,0.286274509804,0.321568627451,0.290196078431,0.207843137255,0.36862745098,0.490196078431,0.717647058824,0.00392156862745,0.796078431373,0.58431372549,0.0,0.00392156862745,0.223529411765,0.549019607843,0.0627450980392,0.56862745098,0.105882352941,0.654901960784,0.156862745098,0.164705882353,0.823529411765,0.749019607843,0.0,0.678431372549,0.290196078431,0.541176470588,0.0,0.517647058824,0.623529411765,0.792156862745,0.941176470588,0.850980392157,0.639215686275,0.764705882353,0.705882352941,0.505882352941,0.607843137255,0.564705882353,0.364705882353,0.447058823529,0.411764705882,0.247058823529,0.305882352941,0.286274509804,0.133333333333,0.176470588235,0.160784313725,54.5,-7.3,-28.3
Tube light (FL2),Benzphetamine HCl,negative,0.00392156862745,0.654901960784,0.709803921569,0.38431372549,0.325490196078,0.156862745098,0.658823529412,0.556862745098,0.372549019608,0.270588235294,0.43137254902,0.517647058824,0.282352941176,0.41568627451,0.0862745098039,0.4,0.454901960784,0.580392156863,0.254901960784,0.682352941176,0.541176470588,0.752941176471,0.517647058824,0.0,0.156862745098,0.294117647059,0.576470588235,0.662745098039,0.341176470588,0.286274509804,0.262745098039,0.219607843137,0.349019607843,0.517647058824,0.717647058824,0.0,0.752941176471,0.658823529412,0.0,0.0274509803922,0.16862745098,0.513725490196,0.2,0.549019607843,0.0823529411765,0.560784313725,0.239215686275,0.137254901961,0.780392156863,0.78431372549,0.0,0.603921568627,0.317647058824,0.494117647059,0.0,0.450980392157,0.580392156863,0.780392156863,0.894117647059,0.721568627451,0.639215686275,0.737254901961,0.611764705882,0.509803921569,0.6,0.490196078431,0.38431372549,0.454901960784,0.36862745098,0.266666666667,0.321568627451,0.254901960784,0.160784313725,0.192156862745,0.152941176471,72.2,-21.9,-26.6
Tube light (FL2),Cocaine HCl,positive,0.0,0.450980392157,0.596078431373,0.38431372549,0.325490196078,0.156862745098,0.658823529412,0.556862745098,0.372549019608,0.270588235294,0.43137254902,0.517647058824,0.282352941176,0.41568627451,0.0862745098039,0.4,0.454901960784,0.580392156863,0.254901960784,0.682352941176,0.541176470588,0.752941176471,0.517647058824,0.0,0.156862745098,0.294117647059,0.576470588235,0.662745098039,0.341176470588,0.286274509804,0.262745098039,0.219607843137,0.349019607843,0.517647058824,0.717647058824,0.0,0.752941176471,0.658823529412,0.0,0.0274509803922,0.16862745098,0.513725490196,0.2,0.549019607843,0.0823529411765,0.560784313725,0.239215686275,0.137254901961,0.780392156863,0.78431372549,0.0,0.603921568627,0.317647058824,0.494117647059,0.0,0.450980392157,0.580392156863,0.780392156863,0.894117647059,0.721568627451,0.639215686275,0.737254901961,0.611764705882,0.509803921569,0.6,0.490196078431,0.38431372549,0.454901960784,0.36862745098,0.266666666667,0.321568627451,0.254901960784,0.160784313725,0.192156862745,0.152941176471,53.2,-8.6,-32.2
White LED torch (LED-B3),Cocaine HCl,positive,0.0,0.505882352941,0.588235294118,0.427450980392,0.352941176471,0.227450980392,0.690196078431,0.580392156863,0.423529411765,0.329411764706,0.470588235294,0.525490196078,0.329411764706,0.443137254902,0.180392156863,0.450980392157,0.494117647059,0.580392156863,0.337254901961,0.698039215686,0.545098039216,0.760784313725,0.525490196078,0.00392156862745,0.223529411765,0.349019607843,0.56862745098,0.690196078431,0.380392156863,0.333333333333,0.325490196078,0.262745098039,0.364705882353,0.549019607843,0.717647058824,0.00392156862745,0.76862745098,0.647058823529,0.0,0.0745098039216,0.223529411765,0.513725490196,0.270588235294,0.576470588235,0.192156862745,0.623529411765,0.282352941176,0.21568627451,0.796078431373,0.76862745098,0.0,0.658823529412,0.36862745098,0.509803921569,0.0,0.505882352941,0.56862745098,0.803921568627,0.886274509804,0.733333333333,0.670588235294,0.745098039216,0.627450980392,0.556862745098,0.619607843137,0.517647058824,0.43137254902,0.482352941176,0.403921568627,0.313725490196,0.356862745098,0.294117647059,0.2,0.227450980392,0.18431372549,53.4,-12.8,-30.3
White LED torch (LED-B3),Brompheniramine Maleate,negative,0.0,0.592156862745,0.658823529412,0.427450980392,0.352941176471,0.227450980392,0.690196078431,0.580392156863,0.423529411765,0.329411764706,0.470588235294,0.525490196078,0.329411764706,0.443137254902,0.180392156863,0.450980392157,0.494117647059,0.580392156863,0.337254901961,0.698039215686,0.545098039216,0.760784313725,0.525490196078,0.00392156862745,0.223529411765,0.349019607843,0.56862745098,0.690196078431,0.380392156863,0.333333333333,0.325490196078,0.262745098039,0.364705882353,0.549019607843,0.717647058824,0.00392156862745,0.76862745098,0.647058823529,0.0,0.0745098039216,0.223529411765,0.513725490196,0.270588235294,0.576470588235,0.192156862745,0.623529411765,0.282352941176,0.21568627451,0.796078431373,0.76862745098,0.0,0.658823529412,0.36862745098,0.509803921569,0.0,0.505882352941,0.56862745098,0.803921568627,0.886274509804,0.733333333333,0.670588235294,0.745098039216,0.627450980392,0.556862745098,0.619607843137,0.517647058824,0.43137254902,0.482352941176,0.403921568627,0.313725490196,0.356862745098,0.294117647059,0.2,0.227450980392,0.18431372549,62.6,-16.6,-30.9
Incandescent bulb (A),Cocaine HCl,positive,0.00392156862745,0.41568627451,0.529411764706,0.392156862745,0.278431372549,0.160784313725,0.701960784314,0.513725490196,0.372549019608,0.294117647059,0.38431372549,0.439215686275,0.282352941176,0.364705882353,0.133333333333,0.443137254902,0.411764705882,0.501960784314,0.282352941176,0.635294117647,0.513725490196,0.764705882353,0.462745098039,0.0,0.2,0.262745098039,0.466666666667,0.709803921569,0.309803921569,0.254901960784,0.309803921569,0.18431372549,0.274509803922,0.513725490196,0.662745098039,0.0823529411765,0.788235294118,0.592156862745,0.0,0.0745098039216,0.149019607843,0.411764705882,0.207843137255,0.498039215686,0.203921568627,0.658823529412,0.203921568627,0.149019607843,0.819607843137,0.725490196078,0.0,0.698039215686,0.290196078431,0.411764705882,0.0,0.41568627451,0.509803921569,0.83137254902,0.850980392157,0.694117647059,0.674509803922,0.694117647059,0.56862745098,0.533333333333,0.549019607843,0.450980392157,0.392156862745,0.403921568627,0.329411764706,0.266666666667,0.274509803922,0.223529411765,0.149019607843,0.152941176471,0.121568627451,53.2,-11.2,-32.4
Incandescent bulb (A),Chlorpromazine HCl,negative,0.00392156862745,0.513725490196,0.6,0.392156862745,0.278431372549,0.160784313725,0.701960784314,0.513725490196,0.372549019608,0.294117647059,0.38431372549,0.439215686275,0.282352941176,0.364705882353,0.133333333333,0.443137254902,0.411764705882,0.501960784314,0.282352941176,0.635294117647,0.513725490196,0.764705882353,0.462745098039,0.0,0.2,0.262745098039,0.466666666667,0.709803921569,0.309803921569,0.254901960784,0.309803921569,0.18431372549,0.274509803922,0.513725490196,0.662745098039,0.0823529411765,0.788235294118,0.592156862745,0.0,0.0745098039216,0.149019607843,0.411764705882,0.207843137255,0.498039215686,0.203921568627,0.658823529412,0.203921568627,0.149019607843,0.819607843137,0.725490196078,0.0,0.698039215686,0.290196078431,0.411764705882,0.0,0.41568627451,0.509803921569,0.83137254902,0.850980392157,0.694117647059,0.674509803922,0.694117647059,0.56862745098,0.533333333333,0.549019607843,0.450980392157,0.392156862745,0.403921568627,0.329411764706,0.266666666667,0.274509803922,0.223529411765,0.149019607843,0.152941176471,0.121568627451,62.8,-16.8,-30.7
Daylight (D65),Cocaine HCl,positive,0.0,0.494117647059,0.650980392157,0.372549019608,0.266666666667,0.176470588235,0.666666666667,0.521568627451,0.407843137255,0.18431372549,0.43137254902,0.552941176471,0.235294117647,0.380392156863,0.0823529411765,0.372549019608,0.454901960784,0.63137254902,0.00392156862745,0.713725490196,0.588235294118,0.776470588235,0.4,0.0,0.0549019607843,0.309803921569,0.611764705882,0.701960784314,0.254901960784,0.298039215686,0.270588235294,0.18431372549,0.356862745098,0.466666666667,0.698039215686,0.0,0.792156862745,0.564705882353,0.0,0.00392156862745,0.192156862745,0.529411764706,0.0235294117647,0.537254901961,0.0549019607843,0.635294117647,0.121568627451,0.129411764706,0.807843137255,0.721568627451,0.0,0.666666666667,0.262745098039,0.525490196078,0.0,0.494117647059,0.619607843137,0.760784313725,0.901960784314,0.823529411765,0.607843137255,0.733333333333,0.682352941176,0.474509803922,0.576470588235,0.533333333333,0.341176470588,0.423529411765,0.388235294118,0.227450980392,0.286274509804,0.266666666667,0.125490196078,0.156862745098,0.145098039216,55.4,-6.1,-29.3
Daylight (D65),Cocaine HCl,positive,0.0,0.498039215686,0.635294117647,0.372549019608,0.266666666667,0.176470588235,0.666666666667,0.521568627451,0.407843137255,0.18431372549,0.43137254902,0.552941176471,0.235294117647,0.380392156863,0.0823529411765,0.372549019608,0.454901960784,0.63137254902,0.00392156862745,0.713725490196,0.588235294118,0.776470588235,0.4,0.0,0.0549019607843,0.309803921569,0.611764705882,0.701960784314,0.254901960784,0.298039215686,0.270588235294,0.18431372549,0.356862745098,0.466666666667,0.698039215686,0.0,0.792156862745,0.564705882353,0.0,0.00392156862745,0.192156862745,0.529411764706,0.0235294117647,0.537254901961,0.0549019607843,0.635294117647,0.121568627451,0.129411764706,0.807843137255,0.721568627451,0.0,0.666666666667,0.262745098039,0.525490196078,0.0,0.494117647059,0.619607843137,0.760784313725,0.901960784314,0.823529411765,0.607843137255,0.733333333333,0.682352941176,0.474509803922,0.576470588235,0.533333333333,0.341176470588,0.423529411765,0.388235294118,0.227450980392,0.286274509804,0.266666666667,0.125490196078,0.156862745098,0.145098039216,55.5,-7.8,-27.0
Tube light (FL2),Cocaine HCl,positive,0.00392156862745,0.462745098039,0.63137254902,0.447058823529,0.352941176471,0.172549019608,0.725490196078,0.576470588235,0.392156862745,0.321568627451,0.454901960784,0.560784313725,0.333333333333,0.439215686275,0.0745098039216,0.454901960784,0.470588235294,0.61568627451,0.317647058824,0.690196078431,0.564705882353,0.827450980392,0.541176470588,0.0,0.21568627451,0.317647058824,0.627450980392,0.733333333333,0.356862745098,0.309803921569,0.309803921569,0.239215686275,0.38431372549,0.572549019608,0.737254901961,0.0,0.81568627451,0.666666666667,0.00392156862745,0.0666666666667,0.180392156863,0.572549019608,0.258823529412,0.58431372549,0.0666666666667,0.63137254902,0.250980392157,0.145098039216,0.854901960784,0.807843137255,0.0,0.674509803922,0.329411764706,0.529411764706,0.0,0.474509803922,0.619607843137,0.862745098039,0.921568627451,0.76862745098,0.717647058824,0.772549019608,0.643137254902,0.580392156863,0.63137254902,0.529411764706,0.450980392157,0.482352941176,0.4,0.317647058824,0.341176470588,0.286274509804,0.2,0.211764705882,0.176470588235,51.7,-8.2,-33.7
Tube light (FL2),Cocaine HCl,positive,0.0,0.470588235294,0.63137254902,0.447058823529,0.352941176471,0.172549019608,0.725490196078,0.576470588235,0.392156862745,0.321568627451,0.454901960784,0.560784313725,0.333333333333,0.439215686275,0.0745098039216,0.454901960784,0.470588235294,0.61568627451,0.317647058824,0.690196078431,0.564705882353,0.827450980392,0.541176470588,0.0,0.21568627451,0.317647058824,0.627450980392,0.733333333333,0.356862745098,0.309803921569,0.309803921569,0.239215686275,0.38431372549,0.572549019608,0.737254901961,0.0,0.81568627451,0.666666666667,0.00392156862745,0.0666666666667,0.180392156863,0.572549019608,0.258823529412,0.58431372549,0.0666666666667,0.63137254902,0.250980392157,0.145098039216,0.854901960784,0.807843137255,0.0,0.674509803922,0.329411764706,0.529411764706,0.0,0.474509803922,0.619607843137,0.862745098039,0.921568627451,0.76862745098,0.717647058824,0.772549019608,0.643137254902,0.580392156863,0.63137254902,0.529411764706,0.450980392157,0.482352941176,0.4,0.317647058824,0.341176470588,0.286274509804,0.2,0.211764705882,0.176470588235,51.7,-8.2,-33.7
Incandescent bulb (A),Cocaine HCl,positive,0.0,0.447058823529,0.619607843137,0.454901960784,0.313725490196,0.211764705882,0.803921568627,0.549019607843,0.462745098039,0.356862745098,0.423529411765,0.541176470588,0.337254901961,0.403921568627,0.188235294118,0.513725490196,0.443137254902,0.6,0.341176470588,0.682352941176,0.619607843137,0.870588235294,0.505882352941,0.0,0.250980392157,0.274509803922,0.564705882353,0.807843137255,0.329411764706,0.321568627451,0.364705882353,0.203921568627,0.333333333333,0.592156862745,0.717647058824,0.149019607843,0.886274509804,0.643137254902,0.00392156862745,0.109803921569,0.141176470588,0.494117647059,0.247058823529,0.549019607843,0.282352941176,0.752941176471,0.21568627451,0.192156862745,0.925490196078,0.776470588235,0.0,0.796078431373,0.301960784314,0.490196078431,0.0,0.443137254902,0.61568627451,0.937254901961,0.894117647059,0.81568627451,0.764705882353,0.737254901961,0.674509803922,0.607843137255,0.596078431373,0.537254901961,0.454901960784,0.443137254902,0.396078431373,0.313725490196,0.305882352941,0.286274509804,0.188235294118,0.180392156863,0.160784313725,52.7,-12.7,-30.9
Incandescent bulb (A),Procaine HCl,positive,0.0,0.447058823529,0.619607843137,0.454901960784,0.313725490196,0.211764705882,0.803921568627,0.549019607843,0.462745098039,0.356862745098,0.423529411765,0.541176470588,0.337254901961,0.403921568627,0.188235294118,0.513725490196,0.443137254902,0.6,0.341176470588,0.682352941176,0.619607843137,0.870588235294,0.505882352941,0.0,0.250980392157,0.274509803922,0.564705882353,0.807843137255,0.329411764706,0.321568627451,0.364705882353,0.203921568627,0.333333333333,0.592156862745,0.717647058824,0.149019607843,0.886274509804,0.643137254902,0.00392156862745,0.109803921569,0.141176470588,0.494117647059,0.247058823529,0.549019607843,0.282352941176,0.752941176471,0.21568627451,0.192156862745,0.925490196078,0.776470588235,0.0,0.796078431373,0.301960784314,0.490196078431,0.0,0.443137254902,0.61568627451,0.937254901961,0.894117647059,0.81568627451,0.764705882353,0.737254901961,0.674509803922,0.607843137255,0.596078431373,0.537254901961,0.454901960784,0.443137254902,0.396078431373,0.313725490196,0.305882352941,0.286274509804,0.188235294118,0.180392156863,0.160784313725,52.4,-12.5,-30.9
Daylight (D65),Cocaine HCl,positive,0.00392156862745,0.607843137255,0.709803921569,0.333333333333,0.270588235294,0.180392156863,0.6,0.521568627451,0.41568627451,0.101960784314,0.423529411765,0.545098039216,0.2,0.372549019608,0.113725490196,0.309803921569,0.447058823529,0.623529411765,0.0,0.690196078431,0.580392156863,0.705882352941,0.41568627451,0.00392156862745,0.00392156862745,0.305882352941,0.6,0.635294117647,0.270588235294,0.305882352941,0.239215686275,0.192156862745,0.349019607843,0.396078431373,0.678431372549,0.00392156862745,0.709803921569,0.556862745098,0.00392156862745,0.0,0.196078431373,0.525490196078,0.0,0.529411764706,0.109803921569,0.580392156863,0.156862745098,0.149019607843,0.721568627451,0.713725490196,0.00392156862745,0.596078431373,0.278431372549,0.513725490196,0.0,0.482352941176,0.603921568627,0.662745098039,0.894117647059,0.823529411765,0.525490196078,0.725490196078,0.678431372549,0.411764705882,0.572549019608,0.537254901961,0.294117647059,0.423529411765,0.396078431373,0.192156862745,0.286274509804,0.270588235294,0.101960784314,0.156862745098,0.149019607843,59.5,-8.3,-25.3
Daylight (D65),Cocaine HCl,positive,0.00392156862745,0.482352941176,0.635294117647,0.333333333333,0.270588235294,0.180392156863,0.6,0.521568627451,0.41568627451,0.101960784314,0.423529411765,0.545098039216,0.2,0.372549019608,0.113725490196,0.309803921569,0.447058823529,0.623529411765,0.0,0.690196078431,0.580392156863,0.705882352941,0.41568627451,0.00392156862745,0.00392156862745,0.305882352941,0.6,0.635294117647,0.270588235294,0.305882352941,0.239215686275,0.192156862745,0.349019607843,0.396078431373,0.678431372549,0.00392156862745,0.709803921569,0.556862745098,0.00392156862745,0.0,0.196078431373,0.525490196078,0.0,0.529411764706,0.109803921569,0.580392156863,0.156862745098,0.149019607843,0.721568627451,0.713725490196,0.00392156862745,0.596078431373,0.278431372549,0.513725490196,0.0,0.482352941176,0.603921568627,0.662745098039,0.894117647059,0.823529411765,0.525490196078,0.725490196078,0.678431372549,0.411764705882,0.572549019608,0.537254901961,0.294117647059,0.423529411765,0.396078431373,0.192156862745,0.286274509804,0.270588235294,0.101960784314,0.156862745098,0.149019607843,55.2,-4.4,-28.6
Tube light (FL2),Cocaine HCl,positive,0.0,0.466666666667,0.592156862745,0.36862745098,0.317647058824,0.105882352941,0.639215686275,0.552941176471,0.309803921569,0.243137254902,0.435294117647,0.494117647059,0.262745098039,0.411764705882,0.0156862745098,0.38431372549,0.462745098039,0.560784313725,0.16862745098,0.694117647059,0.494117647059,0.737254901961,0.513725490196,0.00392156862745,0.117647058824,0.305882352941,0.552941176471,0.654901960784,0.337254901961,0.239215686275,0.258823529412,0.223529411765,0.329411764706,0.486274509804,0.729411764706,0.00392156862745,0.752941176471,0.662745098039,0.00392156862745,0.0196078431373,0.180392156863,0.494117647059,0.129411764706,0.549019607843,0.00392156862745,0.564705882353,0.23137254902,0.0823529411765,0.764705882353,0.792156862745,0.0,0.607843137255,0.329411764706,0.474509803922,0.0,0.466666666667,0.56862745098,0.741176470588,0.890196078431,0.650980392157,0.61568627451,0.745098039216,0.560784313725,0.501960784314,0.607843137255,0.447058823529,0.372549019608,0.466666666667,0.341176470588,0.258823529412,0.329411764706,0.235294117647,0.160784313725,0.196078431373,0.133333333333,54.9,-3.2,-36.1
White LED torch (LED-B3),Doxepin HCl,negative,0.00392156862745,0.552941176471,0.796078431373,0.474509803922,0.349019607843,0.290196078431,0.752941176471,0.549019607843,0.498039215686,0.349019607843,0.435294117647,0.63137254902,0.349019607843,0.439215686275,0.243137254902,0.490196078431,0.443137254902,0.694117647059,0.337254901961,0.682352941176,0.670588235294,0.83137254902,0.505882352941,0.00392156862745,0.250980392157,0.270588235294,0.690196078431,0.760784313725,0.325490196078,0.4,0.360784313725,0.207843137255,0.447058823529,0.58431372549,0.713725490196,0.0196078431373,0.835294117647,0.63137254902,0.0,0.0901960784314,0.0666666666667,0.627450980392,0.270588235294,0.576470588235,0.270588235294,0.690196078431,0.223529411765,0.243137254902,0.854901960784,0.760784313725,0.0,0.729411764706,0.274509803922,0.603921568627,0.0,0.470588235294,0.682352941176,0.862745098039,0.843137254902,0.870588235294,0.721568627451,0.709803921569,0.752941176471,0.596078431373,0.588235294118,0.63137254902,0.466666666667,0.458823529412,0.482352941176,0.341176470588,0.337254901961,0.360784313725,0.219607843137,0.21568627451,0.235294117647,63.6,-15.4,-31.0
White LED torch (LED-B3),Propoxyphene HCl,positive,0.0,0.470588235294,0.709803921569,0.474509803922,0.349019607843,0.290196078431,0.752941176471,0.549019607843,0.498039215686,0.349019607843,0.435294117647,0.63137254902,0.349019607843,0.439215686275,0.243137254902,0.490196078431,0.443137254902,0.694117647059,0.337254901961,0.682352941176,0.670588235294,0.83137254902,0.505882352941,0.00392156862745,0.250980392157,0.270588235294,0.690196078431,0.760784313725,0.325490196078,0.4,0.360784313725,0.207843137255,0.447058823529,0.58431372549,0.713725490196,0.0196078431373,0.835294117647,0.63137254902,0.0,0.0901960784314,0.0666666666667,0.627450980392,0.270588235294,0.576470588235,0.270588235294,0.690196078431,0.223529411765,0.243137254902,0.854901960784,0.760784313725,0.0,0.729411764706,0.274509803922,0.603921568627,0.0,0.470588235294,0.682352941176,0.862745098039,0.843137254902,0.870588235294,0.721568627451,0.709803921569,0.752941176471,0.596078431373,0.588235294118,0.63137254902,0.466666666667,0.458823529412,0.482352941176,0.341176470588,0.337254901961,0.360784313725,0.219607843137,0.21568627451,0.235294117647,53.7,-12.0,-29.8
Daylight (D65),Propoxyphene HCl,positive,0.0,0.509803921569,0.560784313725,0.392156862745,0.301960784314,0.207843137255,0.670588235294,0.552941176471,0.419607843137,0.301960784314,0.462745098039,0.494117647059,0.301960784314,0.396078431373,0.16862745098,0.427450980392,0.490196078431,0.552941176471,0.321568627451,0.701960784314,0.541176470588,0.745098039216,0.450980392157,0.0862745098039,0.2,0.360784313725,0.541176470588,0.670588235294,0.325490196078,0.321568627451,0.294117647059,0.235294117647,0.325490196078,0.533333333333,0.682352941176,0.0352941176471,0.760784313725,0.580392156863,0.00392156862745,0.0666666666667,0.254901960784,0.474509803922,0.254901960784,0.545098039216,0.196078431373,0.603921568627,0.21568627451,0.196078431373,0.8,0.721568627451,0.00392156862745,0.643137254902,0.345098039216,0.486274509804,0.0,0.513725490196,0.545098039216,0.807843137255,0.905882352941,0.752941176471,0.658823529412,0.745098039216,0.635294117647,0.537254901961,0.596078431373,0.505882352941,0.4,0.450980392157,0.38431372549,0.274509803922,0.317647058824,0.262745098039,0.164705882353,0.188235294118,0.152941176471,52.8,-14.7,-28.6
Daylight (D65),Ephedrine HCl,positive,0.0,0.509803921569,0.564705882353,0.392156862745,0.301960784314,0.207843137255,0.670588235294,0.552941176471,0.419607843137,0.301960784314,0.462745098039,0.494117647059,0.301960784314,0.396078431373,0.16862745098,0.427450980392,0.490196078431,0.552941176471,0.321568627451,0.701960784314,0.541176470588,0.745098039216,0.450980392157,0.0862745098039,0.2,0.360784313725,0.541176470588,0.670588235294,0.325490196078,0.321568627451,0.294117647059,0.235294117647,0.325490196078,0.533333333333,0.682352941176,0.0352941176471,0.760784313725,0.580392156863,0.00392156862745,0.0666666666667,0.254901960784,0.474509803922,0.254901960784,0.545098039216,0.196078431373,0.603921568627,0.21568627451,0.196078431373,0.8,0.721568627451,0.00392156862745,0.643137254902,0.345098039216,0.486274509804,0.0,0.513725490196,0.545098039216,0.807843137255,0.905882352941,0.752941176471,0.658823529412,0.745098039216,0.635294117647,0.537254901961,0.596078431373,0.505882352941,0.4,0.450980392157,0.38431372549,0.274509803922,0.317647058824,0.262745098039,0.164705882353,0.188235294118,0.152941176471,52.9,-14.2,-29.3
Tube light (FL2),Cocaine HCl,positive,0.0,0.427450980392,0.654901960784,0.419607843137,0.313725490196,0.211764705882,0.725490196078,0.552941176471,0.454901960784,0.333333333333,0.411764705882,0.56862745098,0.329411764706,0.407843137255,0.180392156863,0.458823529412,0.43137254902,0.635294117647,0.392156862745,0.678431372549,0.623529411765,0.819607843137,0.521568627451,0.0,0.219607843137,0.254901960784,0.611764705882,0.705882352941,0.329411764706,0.337254901961,0.286274509804,0.196078431373,0.36862745098,0.603921568627,0.729411764706,0.0117647058824,0.839215686275,0.666666666667,0.0,0.0862745098039,0.101960784314,0.537254901961,0.298039215686,0.549019607843,0.235294117647,0.596078431373,0.227450980392,0.192156862745,0.882352941176,0.8,0.00392156862745,0.650980392157,0.290196078431,0.537254901961,0.0156862745098,0.427450980392,0.635294117647,0.905882352941,0.898039215686,0.847058823529,0.737254901961,0.741176470588,0.709803921569,0.592156862745,0.592156862745,0.56862745098,0.439215686275,0.443137254902,0.423529411765,0.301960784314,0.309803921569,0.294117647059,0.180392156863,0.180392156863,0.16862745098,52.1,-14.1,-31.9
Tube light (FL2),Cocaine HCl,positive,0.0,0.427450980392,0.658823529412,0.419607843137,0.313725490196,0.211764705882,0.725490196078,0.552941176471,0.454901960784,0.333333333333,0.411764705882,0.56862745098,0.329411764706,0.407843137255,0.180392156863,0.458823529412,0.43137254902,0.635294117647,0.392156862745,0.678431372549,0.623529411765,0.819607843137,0.521568627451,0.0,0.219607843137,0.254901960784,0.611764705882,0.705882352941,0.329411764706,0.337254901961,0.286274509804,0.196078431373,0.36862745098,0.603921568627,0.729411764706,0.0117647058824,0.839215686275,0.666666666667,0.0,0.0862745098039,0.101960784314,0.537254901961,0.298039215686,0.549019607843,0.235294117647,0.596078431373,0.227450980392,0.192156862745,0.882352941176,0.8,0.00392156862745,0.650980392157,0.290196078431,0.537254901961,0.0156862745098,0.427450980392,0.635294117647,0.905882352941,0.898039215686,0.847058823529,0.737254901961,0.741176470588,0.709803921569,0.592156862745,0.592156862745,0.56862745098,0.439215686275,0.443137254902,0.423529411765,0.301960784314,0.309803921569,0.294117647059,0.180392156863,0.180392156863,0.16862745098,52.5,-14.3,-31.9
Incandescent bulb (A),Pseudoephedrine HCl,positive,0.0,0.411764705882,0.588235294118,0.388235294118,0.266666666667,0.141176470588,0.713725490196,0.505882352941,0.380392156863,0.247058823529,0.380392156863,0.490196078431,0.250980392157,0.364705882353,0.101960784314,0.423529411765,0.4,0.556862745098,0.101960784314,0.647058823529,0.564705882353,0.796078431373,0.454901960784,0.0,0.156862745098,0.235294117647,0.533333333333,0.741176470588,0.274509803922,0.239215686275,0.301960784314,0.164705882353,0.290196078431,0.474509803922,0.682352941176,0.0,0.811764705882,0.603921568627,0.0,0.0274509803922,0.105882352941,0.458823529412,0.0588235294118,0.505882352941,0.188235294118,0.690196078431,0.156862745098,0.0941176470588,0.83137254902,0.745098039216,0.0,0.725490196078,0.247058823529,0.443137254902,0.0,0.403921568627,0.576470588235,0.819607843137,0.858823529412,0.749019607843,0.654901960784,0.698039215686,0.61568627451,0.509803921569,0.549019607843,0.482352941176,0.36862745098,0.4,0.349019607843,0.243137254902,0.266666666667,0.235294117647,0.133333333333,0.145098039216,0.121568627451,54.0,-8.2,-31.2
Daylight (D65),Ephedrine HCl,positive,0.0,0.486274509804,0.596078431373,0.392156862745,0.278431372549,0.21568627451,0.674509803922,0.509803921569,0.43137254902,0.309803921569,0.427450980392,0.521568627451,0.305882352941,0.376470588235,0.172549019608,0.439215686275,0.450980392157,0.588235294118,0.329411764706,0.666666666667,0.572549019608,0.745098039216,0.411764705882,0.0549019607843,0.203921568627,0.321568627451,0.556862745098,0.678431372549,0.286274509804,0.333333333333,0.309803921569,0.211764705882,0.345098039216,0.537254901961,0.654901960784,0.0274509803922,0.772549019608,0.549019607843,0.0,0.0705882352941,0.219607843137,0.494117647059,0.250980392157,0.517647058824,0.203921568627,0.61568627451,0.180392156863,0.196078431373,0.803921568627,0.682352941176,0.0,0.654901960784,0.301960784314,0.505882352941,0.0,0.490196078431,0.576470588235,0.803921568627,0.83137254902,0.76862745098,0.662745098039,0.694117647059,0.650980392157,0.533333333333,0.556862745098,0.529411764706,0.403921568627,0.423529411765,0.396078431373,0.282352941176,0.301960784314,0.278431372549,0.16862745098,0.180392156863,0.16862745098,54.1,-14.4,-28.8
Daylight (D65),Cocaine HCl,positive,0.0,0.494117647059,0.592156862745,0.392156862745,0.278431372549,0.21568627451,0.674509803922,0.509803921569,0.43137254902,0.309803921569,0.427450980392,0.521568627451,0.305882352941,0.376470588235,0.172549019608,0.439215686275,0.450980392157,0.588235294118,0.329411764706,0.666666666667,0.572549019608,0.745098039216,0.411764705882,0.0549019607843,0.203921568627,0.321568627451,0.556862745098,0.678431372549,0.286274509804,0.333333333333,0.309803921569,0.211764705882,0.345098039216,0.537254901961,0.654901960784,0.0274509803922,0.772549019608,0.549019607843,0.0,0.0705882352941,0.219607843137,0.494117647059,0.250980392157,0.517647058824,0.203921568627,0.61568627451,0.180392156863,0.196078431373,0.803921568627,0.682352941176,0.0,0.654901960784,0.301960784314,0.505882352941,0.0,0.490196078431,0.576470588235,0.803921568627,0.83137254902,0.76862745098,0.662745098039,0.694117647059,0.650980392157,0.533333333333,0.556862745098,0.529411764706,0.403921568627,0.423529411765,0.396078431373,0.282352941176,0.301960784314,0.278431372549,0.16862745098,0.180392156863,0.16862745098,54.7,-16.0,-27.0
Tube light (FL2),Pseudoephedrine HCl,positive,0.0,0.486274509804,0.623529411765,0.443137254902,0.364705882353,0.211764705882,0.709803921569,0.592156862745,0.427450980392,0.345098039216,0.470588235294,0.549019607843,0.341176470588,0.450980392157,0.152941176471,0.466666666667,0.494117647059,0.607843137255,0.372549019608,0.705882352941,0.572549019608,0.796078431373,0.556862745098,0.0,0.239215686275,0.337254901961,0.6,0.698039215686,0.38431372549,0.333333333333,0.317647058824,0.258823529412,0.376470588235,0.58431372549,0.737254901961,0.00392156862745,0.8,0.682352941176,0.0,0.0901960784314,0.207843137255,0.541176470588,0.305882352941,0.580392156863,0.180392156863,0.603921568627,0.282352941176,0.196078431373,0.827450980392,0.8,0.0,0.650980392157,0.360784313725,0.525490196078,0.00392156862745,0.486274509804,0.607843137255,0.843137254902,0.901960784314,0.756862745098,0.705882352941,0.760784313725,0.647058823529,0.580392156863,0.627450980392,0.533333333333,0.454901960784,0.490196078431,0.411764705882,0.325490196078,0.360784313725,0.301960784314,0.211764705882,0.227450980392,0.188235294118,52.5,-12.3,-32.4
Tube light (FL2),Cocaine HCl,positive,0.0,0.486274509804,0.623529411765,0.443137254902,0.364705882353,0.211764705882,0.709803921569,0.592156862745,0.427450980392,0.345098039216,0.470588235294,0.549019607843,0.341176470588,0.450980392157,0.152941176471,0.466666666667,0.494117647059,0.607843137255,0.372549019608,0.705882352941,0.572549019608,0.796078431373,0.556862745098,0.0,0.239215686275,0.337254901961,0.6,0.698039215686,0.38431372549,0.333333333333,0.317647058824,0.258823529412,0.376470588235,0.58431372549,0.737254901961,0.00392156862745,0.8,0.682352941176,0.0,0.0901960784314,0.207843137255,0.541176470588,0.305882352941,0.580392156863,0.180392156863,0.603921568627,0.282352941176,0.196078431373,0.827450980392,0.8,0.0,0.650980392157,0.360784313725,0.525490196078,0.00392156862745,0.486274509804,0.607843137255,0.843137254902,0.901960784314,0.756862745098,0.705882352941,0.760784313725,0.647058823529,0.580392156863,0.627450980392,0.533333333333,0.454901960784,0.490196078431,0.411764705882,0.325490196078,0.360784313725,0.301960784314,0.211764705882,0.227450980392,0.188235294118,52.6,-11.9,-32.9
White LED torch (LED-B3),Propoxyphene HCl,positive,0.00392156862745,0.443137254902,0.588235294118,0.407843137255,0.305882352941,0.207843137255,0.698039215686,0.537254901961,0.419607843137,0.317647058824,0.419607843137,0.517647058824,0.317647058824,0.4,0.180392156863,0.443137254902,0.439215686275,0.580392156863,0.352941176471,0.666666666667,0.556862745098,0.772549019608,0.486274509804,0.043137254902,0.211764705882,0.282352941176,0.564705882353,0.686274509804,0.329411764706,0.325490196078,0.298039215686,0.203921568627,0.337254901961,0.552941176471,0.690196078431,0.0627450980392,0.788235294118,0.61568627451,0.0,0.078431372549,0.152941176471,0.494117647059,0.270588235294,0.537254901961,0.211764705882,0.611764705882,0.223529411765,0.2,0.819607843137,0.745098039216,0.0,0.650980392157,0.305882352941,0.501960784314,0.0117647058824,0.450980392157,0.560784313725,0.847058823529,0.866666666667,0.780392156863,0.694117647059,0.721568627451,0.650980392157,0.552941176471,0.576470588235,0.521568627451,0.419607843137,0.43137254902,0.396078431373,0.286274509804,0.305882352941,0.278431372549,0.172549019608,0.180392156863,0.160784313725,52.2,-14.3,-31.0
White LED torch (LED-B3),Ephedrine HCl,positive,0.0,0.447058823529,0.580392156863,0.407843137255,0.305882352941,0.207843137255,0.698039215686,0.537254901961,0.419607843137,0.317647058824,0.419607843137,0.517647058824,0.317647058824,0.4,0.180392156863,0.443137254902,0.439215686275,0.580392156863,0.352941176471,0.666666666667,0.556862745098,0.772549019608,0.486274509804,0.043137254902,0.211764705882,0.282352941176,0.564705882353,0.686274509804,0.329411764706,0.325490196078,0.298039215686,0.203921568627,0.337254901961,0.552941176471,0.690196078431,0.0627450980392,0.788235294118,0.61568627451,0.0,0.078431372549,0.152941176471,0.494117647059,0.270588235294,0.537254901961,0.211764705882,0.611764705882,0.223529411765,0.2,0.819607843137,0.745098039216,0.0,0.650980392157,0.305882352941,0.501960784314,0.0117647058824,0.450980392157,0.560784313725,0.847058823529,0.866666666667,0.780392156863,0.694117647059,0.721568627451,0.650980392157,0.552941176471,0.576470588235,0.521568627451,0.419607843137,0.43137254902,0.396078431373,0.286274509804,0.305882352941,0.278431372549,0.172549019608,0.180392156863,0.160784313725,52.3,-15.6,-29.6
Incandescent bulb (A),Methylphenidate HCl,negative,0.00392156862745,0.517647058824,0.596078431373,0.43137254902,0.274509803922,0.180392156863,0.749019607843,0.494117647059,0.41568627451,0.301960784314,0.376470588235,0.525490196078,0.298039215686,0.372549019608,0.141176470588,0.466666666667,0.388235294118,0.580392156863,0.235294117647,0.619607843137,0.588235294118,0.83137254902,0.450980392157,0.0,0.211764705882,0.235294117647,0.564705882353,0.76862745098,0.270588235294,0.278431372549,0.345098039216,0.16862745098,0.321568627451,0.521568627451,0.658823529412,0.0117647058824,0.83137254902,0.576470588235,0.00392156862745,0.0745098039216,0.0980392156863,0.498039215686,0.156862745098,0.509803921569,0.239215686275,0.725490196078,0.145098039216,0.129411764706,0.858823529412,0.713725490196,0.00392156862745,0.752941176471,0.227450980392,0.470588235294,0.00392156862745,0.4,0.6,0.870588235294,0.819607843137,0.78431372549,0.709803921569,0.674509803922,0.647058823529,0.56862745098,0.537254901961,0.517647058824,0.41568627451,0.4,0.38431372549,0.290196078431,0.274509803922,0.266666666667,0.16862745098,0.160784313725,0.149019607843,61.7,-22.2,-15.7
Incandescent bulb (A),Cocaine HCl,positive,0.00392156862745,0.4,0.607843137255,0.43137254902,0.274509803922,0.180392156863,0.749019607843,0.494117647059,0.41568627451,0.301960784314,0.376470588235,0.525490196078,0.298039215686,0.372549019608,0.141176470588,0.466666666667,0.388235294118,0.580392156863,0.235294117647,0.619607843137,0.588235294118,0.83137254902,0.450980392157,0.0,0.211764705882,0.235294117647,0.564705882353,0.76862745098,0.270588235294,0.278431372549,0.345098039216,0.16862745098,0.321568627451,0.521568627451,0.658823529412,0.0117647058824,0.83137254902,0.576470588235,0.00392156862745,0.0745098039216,0.0980392156863,0.498039215686,0.156862745098,0.509803921569,0.239215686275,0.725490196078,0.145098039216,0.129411764706,0.858823529412,0.713725490196,0.00392156862745,0.752941176471,0.227450980392,0.470588235294,0.00392156862745,0.4,0.6,0.870588235294,0.819607843137,0.78431372549,0.709803921569,0.674509803922,0.647058823529,0.56862745098,0.537254901961,0.517647058824,0.41568627451,0.4,0.38431372549,0.290196078431,0.274509803922,0.266666666667,0.16862745098,0.160784313725,0.149019607843,52.7,-9.9,-31.5
Daylight (D65),Ephedrine HCl,positive,0.0,0.61568627451,0.682352941176,0.423529411765,0.380392156863,0.266666666667,0.686274509804,0.643137254902,0.490196078431,0.262745098039,0.549019607843,0.603921568627,0.313725490196,0.486274509804,0.21568627451,0.43137254902,0.580392156863,0.670588235294,0.137254901961,0.803921568627,0.643137254902,0.76862745098,0.533333333333,0.0235294117647,0.0980392156863,0.439215686275,0.643137254902,0.713725490196,0.407843137255,0.392156862745,0.333333333333,0.305882352941,0.41568627451,0.533333333333,0.78431372549,0.0,0.792156862745,0.682352941176,0.0,0.00392156862745,0.321568627451,0.576470588235,0.160784313725,0.635294117647,0.239215686275,0.658823529412,0.294117647059,0.250980392157,0.803921568627,0.819607843137,0.0,0.686274509804,0.427450980392,0.58431372549,0.0,0.611764705882,0.658823529412,0.764705882353,0.976470588235,0.835294117647,0.639215686275,0.83137254902,0.717647058824,0.525490196078,0.690196078431,0.6,0.411764705882,0.541176470588,0.474509803922,0.298039215686,0.4,0.345098039216,0.188235294118,0.258823529412,0.223529411765,55.6,-7.9,-28.2
Daylight (D65),Cocaine HCl,positive,0.00392156862745,0.611764705882,0.678431372549,0.423529411765,0.380392156863,0.266666666667,0.686274509804,0.643137254902,0.490196078431,0.262745098039,0.549019607843,0.603921568627,0.313725490196,0.486274509804,0.21568627451,0.43137254902,0.580392156863,0.670588235294,0.137254901961,0.803921568627,0.643137254902,0.76862745098,0.533333333333,0.0235294117647,0.0980392156863,0.439215686275,0.643137254902,0.713725490196,0.407843137255,0.392156862745,0.333333333333,0.305882352941,0.41568627451,0.533333333333,0.78431372549,0.0,0.792156862745,0.682352941176,0.0,0.00392156862745,0.321568627451,0.576470588235,0.160784313725,0.635294117647,0.239215686275,0.658823529412,0.294117647059,0.250980392157,0.803921568627,0.819607843137,0.0,0.686274509804,0.427450980392,0.58431372549,0.0,0.611764705882,0.658823529412,0.764705882353,0.976470588235,0.835294117647,0.639215686275,0.83137254902,0.717647058824,0.525490196078,0.690196078431,0.6,0.411764705882,0.541176470588,0.474509803922,0.298039215686,0.4,0.345098039216,0.188235294118,0.258823529412,0.223529411765,55.2,-7.8,-28.1
Tube light (FL2),Chlorpromazine HCl,negative,0.0,0.58431372549,0.780392156863,0.462745098039,0.38431372549,0.270588235294,0.737254901961,0.611764705882,0.505882352941,0.360784313725,0.478431372549,0.623529411765,0.360784313725,0.470588235294,0.23137254902,0.478431372549,0.498039215686,0.686274509804,0.392156862745,0.721568627451,0.662745098039,0.827450980392,0.588235294118,0.0,0.243137254902,0.321568627451,0.670588235294,0.729411764706,0.4,0.392156862745,0.329411764706,0.254901960784,0.43137254902,0.607843137255,0.76862745098,0.0156862745098,0.83137254902,0.713725490196,0.0,0.0745098039216,0.160784313725,0.603921568627,0.317647058824,0.603921568627,0.286274509804,0.63137254902,0.294117647059,0.250980392157,0.858823529412,0.835294117647,0.0,0.670588235294,0.360784313725,0.592156862745,0.0,0.490196078431,0.682352941176,0.874509803922,0.929411764706,0.870588235294,0.733333333333,0.78431372549,0.745098039216,0.603921568627,0.647058823529,0.61568627451,0.466666666667,0.505882352941,0.482352941176,0.337254901961,0.372549019608,0.352941176471,0.219607843137,0.239215686275,0.227450980392,61.9,-17.7,-31.4
White LED torch (LED-B3),Cocaine HCl,positive,0.0,0.458823529412,0.529411764706,0.360784313725,0.301960784314,0.149019607843,0.643137254902,0.537254901961,0.329411764706,0.243137254902,0.427450980392,0.466666666667,0.258823529412,0.392156862745,0.0823529411765,0.380392156863,0.447058823529,0.525490196078,0.21568627451,0.674509803922,0.470588235294,0.733333333333,0.474509803922,0.00392156862745,0.145098039216,0.298039215686,0.517647058824,0.654901960784,0.321568627451,0.262745098039,0.258823529412,0.203921568627,0.294117647059,0.470588235294,0.694117647059,0.0,0.729411764706,0.607843137255,0.0078431372549,0.0274509803922,0.18431372549,0.462745098039,0.164705882353,0.533333333333,0.0549019607843,0.580392156863,0.219607843137,0.137254901961,0.752941176471,0.752941176471,0.0,0.607843137255,0.313725490196,0.443137254902,0.0,0.458823529412,0.505882352941,0.756862745098,0.886274509804,0.670588235294,0.619607843137,0.729411764706,0.560784313725,0.486274509804,0.580392156863,0.439215686275,0.360784313725,0.43137254902,0.329411764706,0.247058823529,0.298039215686,0.227450980392,0.137254901961,0.176470588235,0.121568627451,53.6,-9.5,-30.3
White LED torch (LED-B3),Cocaine HCl,positive,0.0,0.458823529412,0.529411764706,0.360784313725,0.301960784314,0.149019607843,0.643137254902,0.537254901961,0.329411764706,0.243137254902,0.427450980392,0.466666666667,0.258823529412,0.392156862745,0.0823529411765,0.380392156863,0.447058823529,0.525490196078,0.21568627451,0.674509803922,0.470588235294,0.733333333333,0.474509803922,0.00392156862745,0.145098039216,0.298039215686,0.517647058824,0.654901960784,0.321568627451,0.262745098039,0.258823529412,0.203921568627,0.294117647059,0.470588235294,0.694117647059,0.0,0.729411764706,0.607843137255,0.0078431372549,0.0274509803922,0.18431372549,0.462745098039,0.164705882353,0.533333333333,0.0549019607843,0.580392156863,0.219607843137,0.137254901961,0.752941176471,0.752941176471,0.0,0.607843137255,0.313725490196,0.443137254902,0.0,0.458823529412,0.505882352941,0.756862745098,0.886274509804,0.670588235294,0.619607843137,0.729411764706,0.560784313725,0.486274509804,0.580392156863,0.439215686275,0.360784313725,0.43137254902,0.329411764706,0.247058823529,0.298039215686,0.227450980392,0.137254901961,0.176470588235,0.121568627451,53.6,-9.5,-30.3
Incandescent bulb (A),Chlordiazepoxide HCl,negative,0.0,0.596078431373,0.678431372549,0.478431372549,0.352941176471,0.239215686275,0.78431372549,0.588235294118,0.482352941176,0.345098039216,0.462745098039,0.576470588235,0.345098039216,0.450980392157,0.207843137255,0.513725490196,0.482352941176,0.639215686275,0.278431372549,0.713725490196,0.650980392157,0.858823529412,0.541176470588,0.0,0.247058823529,0.317647058824,0.61568627451,0.807843137255,0.372549019608,0.345098039216,0.392156862745,0.239215686275,0.376470588235,0.572549019608,0.749019607843,0.113725490196,0.862745098039,0.674509803922,0.0,0.0862745098039,0.176470588235,0.545098039216,0.207843137255,0.588235294118,0.301960784314,0.760784313725,0.258823529412,0.211764705882,0.886274509804,0.803921568627,0.0,0.788235294118,0.341176470588,0.533333333333,0.0,0.490196078431,0.650980392157,0.890196078431,0.909803921569,0.823529411765,0.733333333333,0.764705882353,0.701960784314,0.6,0.623529411765,0.576470588235,0.458823529412,0.482352941176,0.443137254902,0.329411764706,0.349019607843,0.321568627451,0.211764705882,0.219607843137,0.196078431373,62.3,-20.2,-20.1
Daylight (D65),Cocaine HCl,positive,0.0,0.533333333333,0.627450980392,0.411764705882,0.309803921569,0.196078431373,0.701960784314,0.564705882353,0.419607843137,0.247058823529,0.474509803922,0.552941176471,0.282352941176,0.411764705882,0.109803921569,0.41568627451,0.494117647059,0.623529411765,0.121568627451,0.733333333333,0.576470588235,0.8,0.447058823529,0.0,0.117647058824,0.360784313725,0.61568627451,0.721568627451,0.305882352941,0.321568627451,0.309803921569,0.227450980392,0.36862745098,0.513725490196,0.713725490196,0.00392156862745,0.803921568627,0.592156862745,0.00392156862745,0.0117647058824,0.250980392157,0.541176470588,0.121568627451,0.572549019608,0.0823529411765,0.658823529412,0.18431372549,0.16862745098,0.823529411765,0.745098039216,0.0,0.682352941176,0.317647058824,0.529411764706,0.0,0.533333333333,0.607843137255,0.8,0.929411764706,0.8,0.654901960784,0.76862745098,0.674509803922,0.521568627451,0.61568627451,0.537254901961,0.38431372549,0.462745098039,0.403921568627,0.266666666667,0.325490196078,0.282352941176,0.152941176471,0.192156862745,0.164705882353,54.6,-8.8,-27.9
Tube light (FL2),Cocaine HCl,positive,0.0,0.447058823529,0.580392156863,0.380392156863,0.317647058824,0.18431372549,0.662745098039,0.549019607843,0.392156862745,0.309803921569,0.419607843137,0.501960784314,0.305882352941,0.4,0.156862745098,0.427450980392,0.454901960784,0.564705882353,0.36862745098,0.678431372549,0.556862745098,0.741176470588,0.509803921569,0.0,0.203921568627,0.282352941176,0.541176470588,0.647058823529,0.341176470588,0.294117647059,0.270588235294,0.211764705882,0.325490196078,0.556862745098,0.709803921569,0.0,0.780392156863,0.658823529412,0.0,0.0705882352941,0.156862745098,0.470588235294,0.278431372549,0.529411764706,0.192156862745,0.545098039216,0.243137254902,0.180392156863,0.807843137255,0.776470588235,0.0,0.603921568627,0.321568627451,0.478431372549,0.0156862745098,0.439215686275,0.564705882353,0.811764705882,0.874509803922,0.729411764706,0.670588235294,0.729411764706,0.61568627451,0.537254901961,0.58431372549,0.490196078431,0.4,0.443137254902,0.376470588235,0.286274509804,0.309803921569,0.262745098039,0.16862745098,0.180392156863,0.145098039216,53.3,-13.5,-31.4
Tube light (FL2),Brompheniramine Maleate,negative,0.00392156862745,0.549019607843,0.670588235294,0.380392156863,0.317647058824,0.18431372549,0.662745098039,0.549019607843,0.392156862745,0.309803921569,0.419607843137,0.501960784314,0.305882352941,0.4,0.156862745098,0.427450980392,0.454901960784,0.564705882353,0.36862745098,0.678431372549,0.556862745098,0.741176470588,0.509803921569,0.0,0.203921568627,0.282352941176,0.541176470588,0.647058823529,0.341176470588,0.294117647059,0.270588235294,0.211764705882,0.325490196078,0.556862745098,0.709803921569,0.0,0.780392156863,0.658823529412,0.0,0.0705882352941,0.156862745098,0.470588235294,0.278431372549,0.529411764706,0.192156862745,0.545098039216,0.243137254902,0.180392156863,0.807843137255,0.776470588235,0.0,0.603921568627,0.321568627451,0.478431372549,0.0156862745098,0.439215686275,0.564705882353,0.811764705882,0.874509803922,0.729411764706,0.670588235294,0.729411764706,0.61568627451,0.537254901961,0.58431372549,0.490196078431,0.4,0.443137254902,0.376470588235,0.286274509804,0.309803921569,0.262745098039,0.16862745098,0.180392156863,0.145098039216,63.9,-18.9,-32.4
White LED torch (LED-B3),Cocaine HCl,positive,0.0,0.396078431373,0.662745098039,0.423529411765,0.274509803922,0.235294117647,0.764705882353,0.509803921569,0.486274509804,0.337254901961,0.36862745098,0.58431372549,0.325490196078,0.36862745098,0.21568627451,0.470588235294,0.380392156863,0.654901960784,0.396078431373,0.643137254902,0.647058823529,0.850980392157,0.462745098039,0.145098039216,0.223529411765,0.196078431373,0.627450980392,0.749019607843,0.278431372549,0.356862745098,0.301960784314,0.149019607843,0.364705882353,0.611764705882,0.690196078431,0.219607843137,0.870588235294,0.603921568627,0.0705882352941,0.0941176470588,0.0235294117647,0.545098039216,0.298039215686,0.521568627451,0.274509803922,0.654901960784,0.180392156863,0.219607843137,0.921568627451,0.752941176471,0.0549019607843,0.705882352941,0.23137254902,0.552941176471,0.0549019607843,0.4,0.639215686275,0.956862745098,0.858823529412,0.933333333333,0.76862745098,0.694117647059,0.76862745098,0.607843137255,0.545098039216,0.603921568627,0.443137254902,0.396078431373,0.439215686275,0.294117647059,0.266666666667,0.298039215686,0.164705882353,0.149019607843,0.16862745098,52.1,-16.1,-29.5
White LED torch (LED-B3),Cocaine HCl,positive,0.0,0.396078431373,0.662745098039,0.423529411765,0.274509803922,0.235294117647,0.764705882353,0.509803921569,0.486274509804,0.337254901961,0.36862745098,0.58431372549,0.325490196078,0.36862745098,0.21568627451,0.470588235294,0.380392156863,0.654901960784,0.396078431373,0.643137254902,0.647058823529,0.850980392157,0.462745098039,0.145098039216,0.223529411765,0.196078431373,0.627450980392,0.749019607843,0.278431372549,0.356862745098,0.301960784314,0.149019607843,0.364705882353,0.611764705882,0.690196078431,0.219607843137,0.870588235294,0.603921568627,0.0705882352941,0.0941176470588,0.0235294117647,0.545098039216,0.298039215686,0.521568627451,0.274509803922,0.654901960784,0.180392156863,0.219607843137,0.921568627451,0.752941176471,0.0549019607843,0.705882352941,0.23137254902,0.552941176471,0.0549019607843,0.4,0.639215686275,0.956862745098,0.858823529412,0.933333333333,0.76862745098,0.694117647059,0.76862745098,0.607843137255,0.545098039216,0.603921568627,0.443137254902,0.396078431373,0.439215686275,0.294117647059,0.266666666667,0.298039215686,0.164705882353,0.149019607843,0.16862745098,52.3,-16.8,-28.7
Incandescent bulb (A),Cocaine HCl,positive,0.0,0.505882352941,0.545098039216,0.450980392157,0.360784313725,0.164705882353,0.741176470588,0.6,0.372549019608,0.325490196078,0.482352941176,0.482352941176,0.325490196078,0.447058823529,0.0941176470588,0.486274509804,0.505882352941,0.533333333333,0.254901960784,0.717647058824,0.517647058824,0.807843137255,0.545098039216,0.0,0.23137254902,0.356862745098,0.525490196078,0.760784313725,0.388235294118,0.270588235294,0.36862745098,0.266666666667,0.317647058824,0.537254901961,0.737254901961,0.0,0.811764705882,0.666666666667,0.00392156862745,0.078431372549,0.239215686275,0.470588235294,0.18431372549,0.58431372549,0.16862745098,0.717647058824,0.278431372549,0.149019607843,0.835294117647,0.792156862745,0.0,0.741176470588,0.376470588235,0.447058823529,0.00392156862745,0.505882352941,0.549019607843,0.83137254902,0.917647058824,0.662745098039,0.694117647059,0.772549019608,0.560784313725,0.564705882353,0.63137254902,0.458823529412,0.43137254902,0.490196078431,0.349019607843,0.309803921569,0.352941176471,0.254901960784,0.196078431373,0.223529411765,0.145098039216,52.6,-9.1,-32.2
Daylight (D65),Phencyclidine HCl,positive,0.0,0.454901960784,0.643137254902,0.4,0.250980392157,0.196078431373,0.721568627451,0.501960784314,0.43137254902,0.262745098039,0.411764705882,0.564705882353,0.278431372549,0.360784313725,0.133333333333,0.419607843137,0.423529411765,0.639215686275,0.207843137255,0.678431372549,0.603921568627,0.823529411765,0.38431372549,0.00392156862745,0.145098039216,0.286274509804,0.623529411765,0.729411764706,0.227450980392,0.313725490196,0.290196078431,0.164705882353,0.352941176471,0.525490196078,0.666666666667,0.0,0.823529411765,0.533333333333,0.00392156862745,0.0235294117647,0.172549019608,0.541176470588,0.160784313725,0.525490196078,0.137254901961,0.658823529412,0.0901960784314,0.152941176471,0.862745098039,0.701960784314,0.00392156862745,0.690196078431,0.227450980392,0.533333333333,0.0,0.466666666667,0.623529411765,0.870588235294,0.878431372549,0.866666666667,0.690196078431,0.709803921569,0.717647058824,0.541176470588,0.556862745098,0.560784313725,0.38431372549,0.4,0.411764705882,0.254901960784,0.266666666667,0.274509803922,0.137254901961,0.145098039216,0.145098039216,52.9,-10.8,-28.9
Tube light (FL2),Cocaine HCl,positive,0.0,0.356862745098,0.564705882353,0.337254901961,0.266666666667,0.180392156863,0.61568627451,0.486274509804,0.407843137255,0.258823529412,0.352941176471,0.501960784314,0.258823529412,0.345098039216,0.160784313725,0.36862745098,0.36862745098,0.560784313725,0.298039215686,0.596078431373,0.552941176471,0.705882352941,0.458823529412,0.00392156862745,0.156862745098,0.207843137255,0.537254901961,0.6,0.286274509804,0.290196078431,0.219607843137,0.156862745098,0.305882352941,0.494117647059,0.647058823529,0.0470588235294,0.717647058824,0.588235294118,0.0,0.0392156862745,0.0705882352941,0.462745098039,0.23137254902,0.474509803922,0.203921568627,0.498039215686,0.188235294118,0.160784313725,0.756862745098,0.717647058824,0.0,0.541176470588,0.247058823529,0.466666666667,0.00392156862745,0.356862745098,0.552941176471,0.76862745098,0.807843137255,0.764705882353,0.619607843137,0.654901960784,0.635294117647,0.482352941176,0.517647058824,0.498039215686,0.352941176471,0.376470588235,0.360784313725,0.235294117647,0.250980392157,0.243137254902,0.129411764706,0.137254901961,0.133333333333,52.0,-13.1,-30.2
Tube light (FL2),Chlorpromazine HCl,negative,0.0,0.447058823529,0.650980392157,0.337254901961,0.266666666667,0.180392156863,0.61568627451,0.486274509804,0.407843137255,0.258823529412,0.352941176471,0.501960784314,0.258823529412,0.345098039216,0.160784313725,0.36862745098,0.36862745098,0.560784313725,0.298039215686,0.596078431373,0.552941176471,0.705882352941,0.458823529412,0.00392156862745,0.156862745098,0.207843137255,0.537254901961,0.6,0.286274509804,0.290196078431,0.219607843137,0.156862745098,0.305882352941,0.494117647059,0.647058823529,0.0470588235294,0.717647058824,0.588235294118,0.0,0.0392156862745,0.0705882352941,0.462745098039,0.23137254902,0.474509803922,0.203921568627,0.498039215686,0.188235294118,0.160784313725,0.756862745098,0.717647058824,0.0,0.541176470588,0.247058823529,0.466666666667,0.00392156862745,0.356862745098,0.552941176471,0.76862745098,0.807843137255,0.764705882353,0.619607843137,0.654901960784,0.635294117647,0.482352941176,0.517647058824,0.498039215686,0.352941176471,0.376470588235,0.360784313725,0.235294117647,0.250980392157,0.243137254902,0.129411764706,0.137254901961,0.133333333333,61.2,-18.5,-30.2
Incandescent bulb (A),Methylphenidate HCl,negative,0.0,0.607843137255,0.525490196078,0.458823529412,0.349019607843,0.196078431373,0.756862745098,0.592156862745,0.403921568627,0.360784313725,0.470588235294,0.474509803922,0.349019607843,0.43137254902,0.164705882353,0.505882352941,0.494117647059,0.521568627451,0.36862745098,0.705882352941,0.529411764706,0.823529411765,0.541176470588,0.0156862745098,0.270588235294,0.345098039216,0.501960784314,0.760784313725,0.388235294118,0.301960784314,0.372549019608,0.258823529412,0.305882352941,0.58431372549,0.725490196078,0.0862745098039,0.835294117647,0.662745098039,0.0,0.141176470588,0.23137254902,0.443137254902,0.286274509804,0.56862745098,0.239215686275,0.713725490196,0.278431372549,0.2,0.870588235294,0.788235294118,0.0,0.745098039216,0.380392156863,0.450980392157,0.0117647058824,0.490196078431,0.533333333333,0.890196078431,0.921568627451,0.698039215686,0.741176470588,0.772549019608,0.588235294118,0.6,0.623529411765,0.474509803922,0.458823529412,0.478431372549,0.360784313725,0.325490196078,0.345098039216,0.258823529412,0.203921568627,0.211764705882,0.152941176471,62.1,-28.9,-13.9
Incandescent bulb (A),Meperidine HCl,positive,0.0,0.494117647059,0.541176470588,0.458823529412,0.349019607843,0.196078431373,0.756862745098,0.592156862745,0.403921568627,0.360784313725,0.470588235294,0.474509803922,0.349019607843,0.43137254902,0.164705882353,0.505882352941,0.494117647059,0.521568627451,0.36862745098,0.705882352941,0.529411764706,0.823529411765,0.541176470588,0.0156862745098,0.270588235294,0.345098039216,0.501960784314,0.760784313725,0.388235294118,0.301960784314,0.372549019608,0.258823529412,0.305882352941,0.58431372549,0.725490196078,0.0862745098039,0.835294117647,0.662745098039,0.0,0.141176470588,0.23137254902,0.443137254902,0.286274509804,0.56862745098,0.239215686275,0.713725490196,0.278431372549,0.2,0.870588235294,0.788235294118,0.0,0.745098039216,0.380392156863,0.450980392157,0.0117647058824,0.490196078431,0.533333333333,0.890196078431,0.921568627451,0.698039215686,0.741176470588,0.772549019608,0.588235294118,0.6,0.623529411765,0.474509803922,0.458823529412,0.478431372549,0.360784313725,0.325490196078,0.345098039216,0.258823529412,0.203921568627,0.211764705882,0.152941176471,52.5,-14.1,-31.3
Daylight (D65),Cocaine HCl,positive,0.0,0.494117647059,0.654901960784,0.423529411765,0.294117647059,0.227450980392,0.709803921569,0.525490196078,0.447058823529,0.282352941176,0.443137254902,0.580392156863,0.301960784314,0.396078431373,0.152941176471,0.439215686275,0.458823529412,0.647058823529,0.207843137255,0.690196078431,0.607843137255,0.807843137255,0.423529411765,0.0,0.164705882353,0.329411764706,0.635294117647,0.733333333333,0.278431372549,0.345098039216,0.321568627451,0.207843137255,0.388235294118,0.533333333333,0.682352941176,0.00392156862745,0.803921568627,0.560784313725,0.0,0.0313725490196,0.219607843137,0.572549019608,0.176470588235,0.556862745098,0.164705882353,0.670588235294,0.149019607843,0.192156862745,0.835294117647,0.709803921569,0.0,0.698039215686,0.278431372549,0.552941176471,0.0,0.505882352941,0.63137254902,0.827450980392,0.870588235294,0.839215686275,0.678431372549,0.721568627451,0.705882352941,0.549019607843,0.58431372549,0.572549019608,0.407843137255,0.443137254902,0.43137254902,0.286274509804,0.309803921569,0.309803921569,0.176470588235,0.18431372549,0.18431372549,53.4,-9.6,-29.7
Daylight (D65),Methadone HCl,negative,0.0,0.596078431373,0.741176470588,0.423529411765,0.294117647059,0.227450980392,0.709803921569,0.525490196078,0.447058823529,0.282352941176,0.443137254902,0.580392156863,0.301960784314,0.396078431373,0.152941176471,0.439215686275,0.458823529412,0.647058823529,0.207843137255,0.690196078431,0.607843137255,0.807843137255,0.423529411765,0.0,0.164705882353,0.329411764706,0.635294117647,0.733333333333,0.278431372549,0.345098039216,0.321568627451,0.207843137255,0.388235294118,0.533333333333,0.682352941176,0.00392156862745,0.803921568627,0.560784313725,0.0,0.0313725490196,0.219607843137,0.572549019608,0.176470588235,0.556862745098,0.164705882353,0.670588235294,0.149019607843,0.192156862745,0.835294117647,0.709803921569,0.0,0.698039215686,0.278431372549,0.552941176471,0.0,0.505882352941,0.63137254902,0.827450980392,0.870588235294,0.839215686275,0.678431372549,0.721568627451,0.705882352941,0.549019607843,0.58431372549,0.572549019608,0.407843137255,0.443137254902,0.43137254902,0.286274509804,0.309803921569,0.309803921569,0.176470588235,0.18431372549,0.18431372549,63.6,-14.4,-28.8
Tube light (FL2),Brompheniramine Maleate,negative,0.0,0.6,0.733333333333,0.466666666667,0.352941176471,0.18431372549,0.78431372549,0.607843137255,0.411764705882,0.364705882353,0.474509803922,0.564705882353,0.356862745098,0.450980392157,0.0941176470588,0.498039215686,0.498039215686,0.63137254902,0.403921568627,0.737254901961,0.58431372549,0.890196078431,0.56862745098,0.00392156862745,0.254901960784,0.321568627451,0.627450980392,0.772549019608,0.364705882353,0.313725490196,0.325490196078,0.239215686275,0.380392156863,0.635294117647,0.776470588235,0.0,0.890196078431,0.709803921569,0.0,0.101960784314,0.188235294118,0.556862745098,0.317647058824,0.603921568627,0.109803921569,0.654901960784,0.254901960784,0.16862745098,0.929411764706,0.850980392157,0.0,0.709803921569,0.341176470588,0.541176470588,0.00392156862745,0.490196078431,0.63137254902,0.952941176471,0.976470588235,0.792156862745,0.788235294118,0.811764705882,0.670588235294,0.635294117647,0.654901960784,0.537254901961,0.482352941176,0.498039215686,0.407843137255,0.341176470588,0.349019607843,0.290196078431,0.203921568627,0.211764705882,0.16862745098,62.4,-16.8,-33.4
Tube light (FL2),Phencyclidine HCl,positive,0.0,0.494117647059,0.654901960784,0.466666666667,0.352941176471,0.18431372549,0.78431372549,0.607843137255,0.411764705882,0.364705882353,0.474509803922,0.564705882353,0.356862745098,0.450980392157,0.0941176470588,0.498039215686,0.498039215686,0.63137254902,0.403921568627,0.737254901961,0.58431372549,0.890196078431,0.56862745098,0.00392156862745,0.254901960784,0.321568627451,0.627450980392,0.772549019608,0.364705882353,0.313725490196,0.325490196078,0.239215686275,0.380392156863,0.635294117647,0.776470588235,0.0,0.890196078431,0.709803921569,0.0,0.101960784314,0.188235294118,0.556862745098,0.317647058824,0.603921568627,0.109803921569,0.654901960784,0.254901960784,0.16862745098,0.929411764706,0.850980392157,0.0,0.709803921569,0.341176470588,0.541176470588,0.00392156862745,0.490196078431,0.63137254902,0.952941176471,0.976470588235,0.792156862745,0.788235294118,0.811764705882,0.670588235294,0.635294117647,0.654901960784,0.537254901961,0.482352941176,0.498039215686,0.407843137255,0.341176470588,0.349019607843,0.290196078431,0.203921568627,0.211764705882,0.16862745098,52.8,-11.0,-33.7
White LED torch (LED-B3),Cocaine HCl,positive,0.0,0.486274509804,0.619607843137,0.388235294118,0.290196078431,0.129411764706,0.721568627451,0.556862745098,0.333333333333,0.254901960784,0.435294117647,0.517647058824,0.266666666667,0.407843137255,0.0313725490196,0.423529411765,0.454901960784,0.596078431373,0.176470588235,0.733333333333,0.525490196078,0.83137254902,0.478431372549,0.0,0.145098039216,0.286274509804,0.58431372549,0.745098039216,0.298039215686,0.254901960784,0.286274509804,0.192156862745,0.333333333333,0.521568627451,0.756862745098,0.00392156862745,0.854901960784,0.654901960784,0.0,0.0156862745098,0.149019607843,0.513725490196,0.121568627451,0.564705882353,0.0078431372549,0.658823529412,0.176470588235,0.0901960784314,0.878431372549,0.81568627451,0.00392156862745,0.705882352941,0.286274509804,0.498039215686,0.0,0.482352941176,0.58431372549,0.862745098039,0.952941176471,0.733333333333,0.698039215686,0.780392156863,0.619607843137,0.549019607843,0.61568627451,0.482352941176,0.396078431373,0.450980392157,0.352941176471,0.258823529412,0.301960784314,0.239215686275,0.145098039216,0.16862745098,0.121568627451,54.9,-7.7,-32.2
Incandescent bulb (A),Cocaine HCl,positive,0.00392156862745,0.345098039216,0.552941176471,0.388235294118,0.239215686275,0.196078431373,0.717647058824,0.454901960784,0.423529411765,0.309803921569,0.329411764706,0.474509803922,0.294117647059,0.321568627451,0.188235294118,0.450980392157,0.349019607843,0.533333333333,0.337254901961,0.564705882353,0.56862745098,0.780392156863,0.419607843137,0.125490196078,0.21568627451,0.192156862745,0.494117647059,0.713725490196,0.262745098039,0.290196078431,0.305882352941,0.141176470588,0.278431372549,0.545098039216,0.611764705882,0.250980392157,0.803921568627,0.549019607843,0.0901960784314,0.0941176470588,0.0627450980392,0.423529411765,0.247058823529,0.447058823529,0.278431372549,0.658823529412,0.16862745098,0.18431372549,0.847058823529,0.670588235294,0.164705882353,0.694117647059,0.227450980392,0.439215686275,0.0274509803922,0.349019607843,0.541176470588,0.870588235294,0.76862745098,0.780392156863,0.701960784314,0.619607843137,0.639215686275,0.549019607843,0.486274509804,0.498039215686,0.4,0.352941176471,0.360784313725,0.258823529412,0.235294117647,0.243137254902,0.145098039216,0.129411764706,0.125490196078,52.3,-14.9,-30.5
Incandescent bulb (A),Cocaine HCl,positive,0.00392156862745,0.345098039216,0.552941176471,0.388235294118,0.239215686275,0.196078431373,0.717647058824,0.454901960784,0.423529411765,0.309803921569,0.329411764706,0.474509803922,0.294117647059,0.321568627451,0.188235294118,0.450980392157,0.349019607843,0.533333333333,0.337254901961,0.564705882353,0.56862745098,0.780392156863,0.419607843137,0.125490196078,0.21568627451,0.192156862745,0.494117647059,0.713725490196,0.262745098039,0.290196078431,0.305882352941,0.141176470588,0.278431372549,0.545098039216,0.611764705882,0.250980392157,0.803921568627,0.549019607843,0.0901960784314,0.0941176470588,0.0627450980392,0.423529411765,0.247058823529,0.447058823529,0.278431372549,0.658823529412,0.16862745098,0.18431372549,0.847058823529,0.670588235294,0.164705882353,0.694117647059,0.227450980392,0.439215686275,0.0274509803922,0.349019607843,0.541176470588,0.870588235294,0.76862745098,0.780392156863,0.701960784314,0.619607843137,0.639215686275,0.549019607843,0.486274509804,0.498039215686,0.4,0.352941176471,0.360784313725,0.258823529412,0.235294117647,0.243137254902,0.145098039216,0.129411764706,0.125490196078,52.3,-14.9,-30.5
Daylight (D65),Cocaine HCl,positive,0.0,0.560784313725,0.690196078431,0.419607843137,0.325490196078,0.223529411765,0.709803921569,0.592156862745,0.458823529412,0.219607843137,0.498039215686,0.6,0.274509803922,0.435294117647,0.141176470588,0.403921568627,0.521568627451,0.678431372549,0.0117647058824,0.772549019608,0.63137254902,0.811764705882,0.478431372549,0.00392156862745,0.0549019607843,0.376470588235,0.662745098039,0.737254901961,0.329411764706,0.349019607843,0.309803921569,0.243137254902,0.396078431373,0.501960784314,0.760784313725,0.0,0.819607843137,0.63137254902,0.0,0.00392156862745,0.258823529412,0.58431372549,0.0509803921569,0.603921568627,0.121568627451,0.678431372549,0.2,0.18431372549,0.839215686275,0.796078431373,0.0,0.701960784314,0.341176470588,0.576470588235,0.0,0.564705882353,0.662745098039,0.796078431373,0.980392156863,0.866666666667,0.647058823529,0.811764705882,0.733333333333,0.517647058824,0.650980392157,0.588235294118,0.38431372549,0.490196078431,0.443137254902,0.262745098039,0.345098039216,0.309803921569,0.152941176471,0.203921568627,0.180392156863,55.0,-7.0,-28.1
Daylight (D65),Cocaine HCl,positive,0.0,0.560784313725,0.686274509804,0.419607843137,0.325490196078,0.223529411765,0.709803921569,0.592156862745,0.458823529412,0.219607843137,0.498039215686,0.6,0.274509803922,0.435294117647,0.141176470588,0.403921568627,0.521568627451,0.678431372549,0.0117647058824,0.772549019608,0.63137254902,0.811764705882,0.478431372549,0.00392156862745,0.0549019607843,0.376470588235,0.662745098039,0.737254901961,0.329411764706,0.349019607843,0.309803921569,0.243137254902,0.396078431373,0.501960784314,0.760784313725,0.0,0.819607843137,0.63137254902,0.0,0.00392156862745,0.258823529412,0.58431372549,0.0509803921569,0.603921568627,0.121568627451,0.678431372549,0.2,0.18431372549,0.839215686275,0.796078431373,0.0,0.701960784314,0.341176470588,0.576470588235,0.0,0.564705882353,0.662745098039,0.796078431373,0.980392156863,0.866666666667,0.647058823529,0.811764705882,0.733333333333,0.517647058824,0.650980392157,0.588235294118,0.38431372549,0.490196078431,0.443137254902,0.262745098039,0.345098039216,0.309803921569,0.152941176471,0.203921568627,0.180392156863,55.0,-7.0,-28.1
Tube light (FL2),Meperidine HCl,positive,0.0,0.392156862745,0.694117647059,0.41568627451,0.282352941176,0.192156862745,0.741176470588,0.509803921569,0.439215686275,0.313725490196,0.372549019608,0.596078431373,0.305882352941,0.38431372549,0.137254901961,0.447058823529,0.388235294118,0.666666666667,0.333333333333,0.650980392157,0.643137254902,0.847058823529,0.478431372549,0.0,0.2,0.196078431373,0.650980392157,0.729411764706,0.270588235294,0.317647058824,0.282352941176,0.152941176471,0.380392156863,0.588235294118,0.709803921569,0.0,0.862745098039,0.635294117647,0.0,0.0627450980392,0.0235294117647,0.56862745098,0.250980392157,0.525490196078,0.180392156863,0.611764705882,0.16862745098,0.152941176471,0.894117647059,0.776470588235,0.0,0.670588235294,0.21568627451,0.560784313725,0.0,0.392156862745,0.674509803922,0.909803921569,0.858823529412,0.870588235294,0.737254901961,0.701960784314,0.729411764706,0.58431372549,0.556862745098,0.580392156863,0.43137254902,0.411764705882,0.43137254902,0.294117647059,0.278431372549,0.294117647059,0.164705882353,0.156862745098,0.164705882353,53.2,-10.6,-32.3
Tube light (FL2),Cocaine HCl,positive,0.0,0.392156862745,0.698039215686,0.41568627451,0.282352941176,0.192156862745,0.741176470588,0.509803921569,0.439215686275,0.313725490196,0.372549019608,0.596078431373,0.305882352941,0.38431372549,0.137254901961,0.447058823529,0.388235294118,0.666666666667,0.333333333333,0.650980392157,0.643137254902,0.847058823529,0.478431372549,0.0,0.2,0.196078431373,0.650980392157,0.729411764706,0.270588235294,0.317647058824,0.282352941176,0.152941176471,0.380392156863,0.588235294118,0.709803921569,0.0,0.862745098039,0.635294117647,0.0,0.0627450980392,0.0235294117647,0.56862745098,0.250980392157,0.525490196078,0.180392156863,0.611764705882,0.16862745098,0.152941176471,0.894117647059,0.776470588235,0.0,0.670588235294,0.21568627451,0.560784313725,0.0,0.392156862745,0.674509803922,0.909803921569,0.858823529412,0.870588235294,0.737254901961,0.701960784314,0.729411764706,0.58431372549,0.556862745098,0.580392156863,0.43137254902,0.411764705882,0.43137254902,0.294117647059,0.278431372549,0.294117647059,0.164705882353,0.156862745098,0.164705882353,53.6,-10.8,-32.3
White LED torch (LED-B3),Cocaine HCl,positive,0.0,0.533333333333,0.674509803922,0.447058823529,0.352941176471,0.180392156863,0.752941176471,0.607843137255,0.392156862745,0.282352941176,0.490196078431,0.58431372549,0.301960784314,0.462745098039,0.0549019607843,0.454901960784,0.509803921569,0.654901960784,0.109803921569,0.76862745098,0.588235294118,0.858823529412,0.537254901961,0.00392156862745,0.152941176471,0.337254901961,0.654901960784,0.780392156863,0.356862745098,0.309803921569,0.333333333333,0.247058823529,0.4,0.541176470588,0.792156862745,0.00392156862745,0.854901960784,0.694117647059,0.0,0.0156862745098,0.196078431373,0.596078431373,0.0862745098039,0.623529411765,0.0117647058824,0.705882352941,0.235294117647,0.137254901961,0.866666666667,0.847058823529,0.0,0.733333333333,0.337254901961,0.556862745098,0.0,0.537254901961,0.647058823529,0.847058823529,0.972549019608,0.788235294118,0.698039215686,0.81568627451,0.674509803922,0.564705882353,0.662745098039,0.549019607843,0.427450980392,0.501960784314,0.41568627451,0.298039215686,0.364705882353,0.294117647059,0.18431372549,0.223529411765,0.180392156863,54.8,-6.7,-31.2
Incandescent bulb (A),Cocaine HCl,positive,0.0,0.439215686275,0.596078431373,0.462745098039,0.313725490196,0.211764705882,0.776470588235,0.537254901961,0.439215686275,0.356862745098,0.419607843137,0.521568627451,0.345098039216,0.4,0.18431372549,0.513725490196,0.435294117647,0.576470588235,0.349019607843,0.654901960784,0.592156862745,0.847058823529,0.490196078431,0.0078431372549,0.262745098039,0.282352941176,0.556862745098,0.78431372549,0.325490196078,0.313725490196,0.372549019608,0.207843137255,0.329411764706,0.58431372549,0.690196078431,0.117647058824,0.854901960784,0.61568627451,0.0,0.125490196078,0.152941176471,0.486274509804,0.258823529412,0.537254901961,0.266666666667,0.737254901961,0.211764705882,0.192156862745,0.890196078431,0.741176470588,0.0,0.76862745098,0.294117647059,0.478431372549,0.00392156862745,0.439215686275,0.588235294118,0.909803921569,0.850980392157,0.76862745098,0.745098039216,0.709803921569,0.647058823529,0.603921568627,0.572549019608,0.521568627451,0.458823529412,0.435294117647,0.392156862745,0.321568627451,0.305882352941,0.278431372549,0.2,0.18431372549,0.164705882353,52.5,-13.1,-31.2
Incandescent bulb (A),Cocaine HCl,positive,0.721568627451,0.823529411765,0.839215686275,0.462745098039,0.313725490196,0.211764705882,0.776470588235,0.537254901961,0.439215686275,0.356862745098,0.419607843137,0.521568627451,0.345098039216,0.4,0.18431372549,0.513725490196,0.435294117647,0.576470588235,0.349019607843,0.654901960784,0.592156862745,0.847058823529,0.490196078431,0.0078431372549,0.262745098039,0.282352941176,0.556862745098,0.78431372549,0.325490196078,0.313725490196,0.372549019608,0.207843137255,0.329411764706,0.58431372549,0.690196078431,0.117647058824,0.854901960784,0.61568627451,0.0,0.125490196078,0.152941176471,0.486274509804,0.258823529412,0.537254901961,0.266666666667,0.737254901961,0.211764705882,0.192156862745,0.890196078431,0.741176470588,0.0,0.76862745098,0.294117647059,0.478431372549,0.00392156862745,0.439215686275,0.588235294118,0.909803921569,0.850980392157,0.76862745098,0.745098039216,0.709803921569,0.647058823529,0.603921568627,0.572549019608,0.521568627451,0.458823529412,0.435294117647,0.392156862745,0.321568627451,0.305882352941,0.278431372549,0.2,0.18431372549,0.164705882353,87.8,-11.5,-15.3
Daylight (D65),Cocaine HCl,positive,0.0,0.478431372549,0.560784313725,0.317647058824,0.270588235294,0.176470588235,0.572549019608,0.521568627451,0.388235294118,0.172549019608,0.423529411765,0.490196078431,0.21568627451,0.364705882353,0.141176470588,0.317647058824,0.450980392157,0.556862745098,0.0627450980392,0.670588235294,0.537254901961,0.662745098039,0.419607843137,0.0117647058824,0.0470588235294,0.317647058824,0.533333333333,0.592156862745,0.294117647059,0.294117647059,0.23137254902,0.2,0.313725490196,0.41568627451,0.654901960784,0.00392156862745,0.670588235294,0.552941176471,0.0,0.00392156862745,0.21568627451,0.466666666667,0.0823529411765,0.517647058824,0.160784313725,0.537254901961,0.188235294118,0.164705882353,0.698039215686,0.701960784314,0.0,0.560784313725,0.305882352941,0.470588235294,0.00392156862745,0.478431372549,0.545098039216,0.666666666667,0.878431372549,0.760784313725,0.533333333333,0.717647058824,0.627450980392,0.419607843137,0.564705882353,0.498039215686,0.301960784314,0.419607843137,0.360784313725,0.2,0.282352941176,0.247058823529,0.109803921569,0.160784313725,0.133333333333,54.4,-8.7,-27.0
Daylight (D65),Brompheniramine Maleate,negative,0.0,0.576470588235,0.647058823529,0.317647058824,0.270588235294,0.176470588235,0.572549019608,0.521568627451,0.388235294118,0.172549019608,0.423529411765,0.490196078431,0.21568627451,0.364705882353,0.141176470588,0.317647058824,0.450980392157,0.556862745098,0.0627450980392,0.670588235294,0.537254901961,0.662745098039,0.419607843137,0.0117647058824,0.0470588235294,0.317647058824,0.533333333333,0.592156862745,0.294117647059,0.294117647059,0.23137254902,0.2,0.313725490196,0.41568627451,0.654901960784,0.00392156862745,0.670588235294,0.552941176471,0.0,0.00392156862745,0.21568627451,0.466666666667,0.0823529411765,0.517647058824,0.160784313725,0.537254901961,0.188235294118,0.164705882353,0.698039215686,0.701960784314,0.0,0.560784313725,0.305882352941,0.470588235294,0.00392156862745,0.478431372549,0.545098039216,0.666666666667,0.878431372549,0.760784313725,0.533333333333,0.717647058824,0.627450980392,0.419607843137,0.564705882353,0.498039215686,0.301960784314,0.419607843137,0.360784313725,0.2,0.282352941176,0.247058823529,0.109803921569,0.160784313725,0.133333333333,64.1,-12.6,-26.9
White LED torch (LED-B3),Cocaine HCl,positive,0.00392156862745,0.443137254902,0.521568627451,0.356862745098,0.290196078431,0.172549019608,0.639215686275,0.529411764706,0.372549019608,0.270588235294,0.411764705882,0.462745098039,0.270588235294,0.380392156863,0.141176470588,0.396078431373,0.439215686275,0.521568627451,0.294117647059,0.654901960784,0.494117647059,0.713725490196,0.470588235294,0.0078431372549,0.172549019608,0.286274509804,0.505882352941,0.639215686275,0.325490196078,0.282352941176,0.258823529412,0.203921568627,0.301960784314,0.498039215686,0.682352941176,0.0,0.733333333333,0.603921568627,0.00392156862745,0.0509803921569,0.16862745098,0.450980392157,0.223529411765,0.521568627451,0.160784313725,0.56862745098,0.223529411765,0.16862745098,0.76862745098,0.737254901961,0.00392156862745,0.607843137255,0.309803921569,0.450980392157,0.00392156862745,0.447058823529,0.509803921569,0.776470588235,0.870588235294,0.698039215686,0.63137254902,0.713725490196,0.58431372549,0.501960784314,0.572549019608,0.470588235294,0.376470588235,0.427450980392,0.349019607843,0.250980392157,0.294117647059,0.23137254902,0.145098039216,0.172549019608,0.133333333333,52.4,-13.2,-29.3
White LED torch (LED-B3),Meperidine HCl,positive,0.0,0.450980392157,0.533333333333,0.356862745098,0.290196078431,0.172549019608,0.639215686275,0.529411764706,0.372549019608,0.270588235294,0.411764705882,0.462745098039,0.270588235294,0.380392156863,0.141176470588,0.396078431373,0.439215686275,0.521568627451,0.294117647059,0.654901960784,0.494117647059,0.713725490196,0.470588235294,0.0078431372549,0.172549019608,0.286274509804,0.505882352941,0.639215686275,0.325490196078,0.282352941176,0.258823529412,0.203921568627,0.301960784314,0.498039215686,0.682352941176,0.0,0.733333333333,0.603921568627,0.00392156862745,0.0509803921569,0.16862745098,0.450980392157,0.223529411765,0.521568627451,0.160784313725,0.56862745098,0.223529411765,0.16862745098,0.76862745098,0.737254901961,0.00392156862745,0.607843137255,0.309803921569,0.450980392157,0.00392156862745,0.447058823529,0.509803921569,0.776470588235,0.870588235294,0.698039215686,0.63137254902,0.713725490196,0.58431372549,0.501960784314,0.572549019608,0.470588235294,0.376470588235,0.427450980392,0.349019607843,0.250980392157,0.294117647059,0.23137254902,0.145098039216,0.172549019608,0.133333333333,53.3,-13.1,-30.2
Incandescent bulb (A),Cocaine HCl,positive,0.0,0.443137254902,0.607843137255,0.41568627451,0.313725490196,0.21568627451,0.729411764706,0.552941176471,0.458823529412,0.309803921569,0.41568627451,0.529411764706,0.301960784314,0.407843137255,0.207843137255,0.466666666667,0.443137254902,0.592156862745,0.278431372549,0.674509803922,0.611764705882,0.796078431373,0.513725490196,0.0509803921569,0.207843137255,0.278431372549,0.552941176471,0.745098039216,0.345098039216,0.325490196078,0.337254901961,0.207843137255,0.329411764706,0.545098039216,0.709803921569,0.219607843137,0.819607843137,0.650980392157,0.00392156862745,0.0705882352941,0.149019607843,0.482352941176,0.219607843137,0.541176470588,0.298039215686,0.698039215686,0.239215686275,0.203921568627,0.850980392157,0.780392156863,0.0117647058824,0.733333333333,0.321568627451,0.490196078431,0.0,0.443137254902,0.6,0.862745098039,0.894117647059,0.811764705882,0.694117647059,0.737254901961,0.674509803922,0.552941176471,0.596078431373,0.541176470588,0.419607843137,0.443137254902,0.403921568627,0.286274509804,0.305882352941,0.282352941176,0.172549019608,0.180392156863,0.160784313725,52.8,-12.3,-30.1
Incandescent bulb (A),Pseudoephedrine HCl,positive,0.00392156862745,0.447058823529,0.611764705882,0.41568627451,0.313725490196,0.21568627451,0.729411764706,0.552941176471,0.458823529412,0.309803921569,0.41568627451,0.529411764706,0.301960784314,0.407843137255,0.207843137255,0.466666666667,0.443137254902,0.592156862745,0.278431372549,0.674509803922,0.611764705882,0.796078431373,0.513725490196,0.0509803921569,0.207843137255,0.278431372549,0.552941176471,0.745098039216,0.345098039216,0.325490196078,0.337254901961,0.207843137255,0.329411764706,0.545098039216,0.709803921569,0.219607843137,0.819607843137,0.650980392157,0.00392156862745,0.0705882352941,0.149019607843,0.482352941176,0.219607843137,0.541176470588,0.298039215686,0.698039215686,0.239215686275,0.203921568627,0.850980392157,0.780392156863,0.0117647058824,0.733333333333,0.321568627451,0.490196078431,0.0,0.443137254902,0.6,0.862745098039,0.894117647059,0.811764705882,0.694117647059,0.737254901961,0.674509803922,0.552941176471,0.596078431373,0.541176470588,0.419607843137,0.443137254902,0.403921568627,0.286274509804,0.305882352941,0.282352941176,0.172549019608,0.180392156863,0.160784313725,53.2,-12.4,-30.2
Daylight (D65),Cocaine HCl,positive,0.0,0.564705882353,0.698039215686,0.41568627451,0.345098039216,0.243137254902,0.678431372549,0.592156862745,0.470588235294,0.172549019608,0.509803921569,0.61568627451,0.266666666667,0.454901960784,0.152941176471,0.388235294118,0.529411764706,0.690196078431,0.00392156862745,0.760784313725,0.639215686275,0.780392156863,0.482352941176,0.00392156862745,0.0196078431373,0.388235294118,0.674509803922,0.717647058824,0.345098039216,0.36862745098,0.317647058824,0.262745098039,0.427450980392,0.470588235294,0.749019607843,0.00392156862745,0.78431372549,0.63137254902,0.00392156862745,0.00392156862745,0.270588235294,0.603921568627,0.0078431372549,0.607843137255,0.141176470588,0.666666666667,0.223529411765,0.207843137255,0.788235294118,0.772549019608,0.00392156862745,0.682352941176,0.352941176471,0.588235294118,0.00392156862745,0.56862745098,0.674509803922,0.717647058824,0.929411764706,0.839215686275,0.592156862745,0.780392156863,0.725490196078,0.482352941176,0.643137254902,0.596078431373,0.372549019608,0.494117647059,0.462745098039,0.262745098039,0.360784313725,0.337254901961,0.156862745098,0.227450980392,0.207843137255,56.0,-4.6,-27.8
Daylight (D65),Chlordiazepoxide HCl,negative,0.0,0.658823529412,0.709803921569,0.41568627451,0.345098039216,0.243137254902,0.678431372549,0.592156862745,0.470588235294,0.172549019608,0.509803921569,0.61568627451,0.266666666667,0.454901960784,0.152941176471,0.388235294118,0.529411764706,0.690196078431,0.00392156862745,0.760784313725,0.639215686275,0.780392156863,0.482352941176,0.00392156862745,0.0196078431373,0.388235294118,0.674509803922,0.717647058824,0.345098039216,0.36862745098,0.317647058824,0.262745098039,0.427450980392,0.470588235294,0.749019607843,0.00392156862745,0.78431372549,0.63137254902,0.00392156862745,0.00392156862745,0.270588235294,0.603921568627,0.0078431372549,0.607843137255,0.141176470588,0.666666666667,0.223529411765,0.207843137255,0.788235294118,0.772549019608,0.00392156862745,0.682352941176,0.352941176471,0.588235294118,0.00392156862745,0.56862745098,0.674509803922,0.717647058824,0.929411764706,0.839215686275,0.592156862745,0.780392156863,0.725490196078,0.482352941176,0.643137254902,0.596078431373,0.372549019608,0.494117647059,0.462745098039,0.262745098039,0.360784313725,0.337254901961,0.156862745098,0.227450980392,0.207843137255,63.9,-13.2,-18.5
Tube light (FL2),Methadone HCl,negative,0.0,0.517647058824,0.709803921569,0.38431372549,0.309803921569,0.18431372549,0.658823529412,0.541176470588,0.407843137255,0.270588235294,0.403921568627,0.541176470588,0.278431372549,0.396078431373,0.133333333333,0.392156862745,0.423529411765,0.603921568627,0.270588235294,0.658823529412,0.576470588235,0.752941176471,0.505882352941,0.0,0.156862745098,0.258823529412,0.592156862745,0.654901960784,0.325490196078,0.301960784314,0.262745098039,0.196078431373,0.352941176471,0.513725490196,0.705882352941,0.0,0.756862745098,0.643137254902,0.0,0.0313725490196,0.117647058824,0.525490196078,0.21568627451,0.533333333333,0.16862745098,0.556862745098,0.223529411765,0.160784313725,0.78431372549,0.76862745098,0.0,0.6,0.290196078431,0.513725490196,0.0,0.423529411765,0.607843137255,0.788235294118,0.874509803922,0.78431372549,0.647058823529,0.717647058824,0.654901960784,0.513725490196,0.576470588235,0.525490196078,0.38431372549,0.435294117647,0.396078431373,0.266666666667,0.305882352941,0.274509803922,0.156862745098,0.180392156863,0.152941176471,62.9,-14.1,-32.1
Tube light (FL2),Cocaine HCl,positive,0.00392156862745,0.423529411765,0.627450980392,0.38431372549,0.309803921569,0.18431372549,0.658823529412,0.541176470588,0.407843137255,0.270588235294,0.403921568627,0.541176470588,0.278431372549,0.396078431373,0.133333333333,0.392156862745,0.423529411765,0.603921568627,0.270588235294,0.658823529412,0.576470588235,0.752941176471,0.505882352941,0.0,0.156862745098,0.258823529412,0.592156862745,0.654901960784,0.325490196078,0.301960784314,0.262745098039,0.196078431373,0.352941176471,0.513725490196,0.705882352941,0.0,0.756862745098,0.643137254902,0.0,0.0313725490196,0.117647058824,0.525490196078,0.21568627451,0.533333333333,0.16862745098,0.556862745098,0.223529411765,0.160784313725,0.78431372549,0.76862745098,0.0,0.6,0.290196078431,0.513725490196,0.0,0.423529411765,0.607843137255,0.788235294118,0.874509803922,0.78431372549,0.647058823529,0.717647058824,0.654901960784,0.513725490196,0.576470588235,0.525490196078,0.38431372549,0.435294117647,0.396078431373,0.266666666667,0.305882352941,0.274509803922,0.156862745098,0.180392156863,0.152941176471,53.4,-9.0,-32.3
White LED torch (LED-B3),Cocaine HCl,positive,0.0,0.490196078431,0.6,0.419607843137,0.329411764706,0.207843137255,0.729411764706,0.58431372549,0.423529411765,0.329411764706,0.458823529412,0.533333333333,0.325490196078,0.427450980392,0.172549019608,0.466666666667,0.482352941176,0.596078431373,0.364705882353,0.725490196078,0.572549019608,0.803921568627,0.517647058824,0.0156862745098,0.219607843137,0.313725490196,0.576470588235,0.725490196078,0.352941176471,0.329411764706,0.309803921569,0.227450980392,0.345098039216,0.580392156863,0.745098039216,0.0078431372549,0.83137254902,0.662745098039,0.00392156862745,0.0745098039216,0.18431372549,0.509803921569,0.270588235294,0.572549019608,0.196078431373,0.647058823529,0.247058823529,0.2,0.866666666667,0.807843137255,0.00392156862745,0.686274509804,0.337254901961,0.509803921569,0.00392156862745,0.494117647059,0.580392156863,0.874509803922,0.929411764706,0.788235294118,0.721568627451,0.772549019608,0.658823529412,0.576470588235,0.623529411765,0.529411764706,0.435294117647,0.470588235294,0.403921568627,0.301960784314,0.325490196078,0.278431372549,0.180392156863,0.196078431373,0.160784313725,52.7,-13.6,-30.1
White LED torch (LED-B3),Propoxyphene HCl,positive,0.0,0.490196078431,0.6,0.419607843137,0.329411764706,0.207843137255,0.729411764706,0.58431372549,0.423529411765,0.329411764706,0.458823529412,0.533333333333,0.325490196078,0.427450980392,0.172549019608,0.466666666667,0.482352941176,0.596078431373,0.364705882353,0.725490196078,0.572549019608,0.803921568627,0.517647058824,0.0156862745098,0.219607843137,0.313725490196,0.576470588235,0.725490196078,0.352941176471,0.329411764706,0.309803921569,0.227450980392,0.345098039216,0.580392156863,0.745098039216,0.0078431372549,0.83137254902,0.662745098039,0.00392156862745,0.0745098039216,0.18431372549,0.509803921569,0.270588235294,0.572549019608,0.196078431373,0.647058823529,0.247058823529,0.2,0.866666666667,0.807843137255,0.00392156862745,0.686274509804,0.337254901961,0.509803921569,0.00392156862745,0.494117647059,0.580392156863,0.874509803922,0.929411764706,0.788235294118,0.721568627451,0.772549019608,0.658823529412,0.576470588235,0.623529411765,0.529411764706,0.435294117647,0.470588235294,0.403921568627,0.301960784314,0.325490196078,0.278431372549,0.180392156863,0.196078431373,0.160784313725,52.7,-13.6,-30.1
Incandescent bulb (A),Cocaine HCl,positive,0.0,0.450980392157,0.556862745098,0.447058823529,0.313725490196,0.203921568627,0.752941176471,0.545098039216,0.411764705882,0.349019607843,0.423529411765,0.482352941176,0.337254901961,0.4,0.16862745098,0.501960784314,0.447058823529,0.537254901961,0.352941176471,0.662745098039,0.549019607843,0.823529411765,0.498039215686,0.0117647058824,0.254901960784,0.298039215686,0.509803921569,0.760784313725,0.345098039216,0.294117647059,0.356862745098,0.219607843137,0.313725490196,0.576470588235,0.690196078431,0.125490196078,0.83137254902,0.627450980392,0.0,0.121568627451,0.180392156863,0.454901960784,0.262745098039,0.537254901961,0.250980392157,0.709803921569,0.235294117647,0.192156862745,0.866666666667,0.752941176471,0.0,0.745098039216,0.321568627451,0.450980392157,0.0117647058824,0.447058823529,0.552941176471,0.894117647059,0.870588235294,0.729411764706,0.729411764706,0.725490196078,0.607843137255,0.588235294118,0.588235294118,0.494117647059,0.443137254902,0.443137254902,0.372549019608,0.309803921569,0.313725490196,0.258823529412,0.188235294118,0.188235294118,0.145098039216,52.5,-13.9,-31.3
Incandescent bulb (A),Cocaine HCl,positive,0.0,0.454901960784,0.552941176471,0.447058823529,0.313725490196,0.203921568627,0.752941176471,0.545098039216,0.411764705882,0.349019607843,0.423529411765,0.482352941176,0.337254901961,0.4,0.16862745098,0.501960784314,0.447058823529,0.537254901961,0.352941176471,0.662745098039,0.549019607843,0.823529411765,0.498039215686,0.0117647058824,0.254901960784,0.298039215686,0.509803921569,0.760784313725,0.345098039216,0.294117647059,0.356862745098,0.219607843137,0.313725490196,0.576470588235,0.690196078431,0.125490196078,0.83137254902,0.627450980392,0.0,0.121568627451,0.180392156863,0.454901960784,0.262745098039,0.537254901961,0.250980392157,0.709803921569,0.235294117647,0.192156862745,0.866666666667,0.752941176471,0.0,0.745098039216,0.321568627451,0.450980392157,0.0117647058824,0.447058823529,0.552941176471,0.894117647059,0.870588235294,0.729411764706,0.729411764706,0.725490196078,0.607843137255,0.588235294118,0.588235294118,0.494117647059,0.443137254902,0.443137254902,0.372549019608,0.309803921569,0.313725490196,0.258823529412,0.188235294118,0.188235294118,0.145098039216,52.7,-14.7,-30.1
Daylight (D65),Diacetylmorphine HCl,negative,0.00392156862745,0.639215686275,0.729411764706,0.392156862745,0.313725490196,0.21568627451,0.678431372549,0.576470588235,0.443137254902,0.278431372549,0.474509803922,0.537254901961,0.294117647059,0.407843137255,0.180392156863,0.419607843137,0.501960784314,0.607843137255,0.274509803922,0.741176470588,0.592156862745,0.756862745098,0.462745098039,0.0666666666667,0.160784313725,0.364705882353,0.576470588235,0.686274509804,0.333333333333,0.333333333333,0.294117647059,0.239215686275,0.345098039216,0.529411764706,0.717647058824,0.0352941176471,0.780392156863,0.611764705882,0.0,0.0274509803922,0.250980392157,0.501960784314,0.219607843137,0.56862745098,0.207843137255,0.623529411765,0.219607843137,0.203921568627,0.811764705882,0.756862745098,0.0,0.658823529412,0.349019607843,0.517647058824,0.0,0.537254901961,0.588235294118,0.803921568627,0.933333333333,0.811764705882,0.658823529412,0.776470588235,0.682352941176,0.529411764706,0.619607843137,0.541176470588,0.38431372549,0.466666666667,0.407843137255,0.262745098039,0.325490196078,0.282352941176,0.152941176471,0.192156862745,0.160784313725,63.8,-14.1,-32.5
Daylight (D65),Cocaine HCl,positive,0.0,0.537254901961,0.611764705882,0.392156862745,0.313725490196,0.21568627451,0.678431372549,0.576470588235,0.443137254902,0.278431372549,0.474509803922,0.537254901961,0.294117647059,0.407843137255,0.180392156863,0.419607843137,0.501960784314,0.607843137255,0.274509803922,0.741176470588,0.592156862745,0.756862745098,0.462745098039,0.0666666666667,0.160784313725,0.364705882353,0.576470588235,0.686274509804,0.333333333333,0.333333333333,0.294117647059,0.239215686275,0.345098039216,0.529411764706,0.717647058824,0.0352941176471,0.780392156863,0.611764705882,0.0,0.0274509803922,0.250980392157,0.501960784314,0.219607843137,0.56862745098,0.207843137255,0.623529411765,0.219607843137,0.203921568627,0.811764705882,0.756862745098,0.0,0.658823529412,0.349019607843,0.517647058824,0.0,0.537254901961,0.588235294118,0.803921568627,0.933333333333,0.811764705882,0.658823529412,0.776470588235,0.682352941176,0.529411764706,0.619607843137,0.541176470588,0.38431372549,0.466666666667,0.407843137255,0.262745098039,0.325490196078,0.282352941176,0.152941176471,0.192156862745,0.160784313725,54.1,-13.0,-27.8
Tube light (FL2),Methadone HCl,negative,0.517647058824,0.858823529412,0.796078431373,0.349019607843,0.309803921569,0.16862745098,0.607843137255,0.552941176471,0.36862745098,0.250980392157,0.423529411765,0.474509803922,0.258823529412,0.396078431373,0.125490196078,0.364705882353,0.447058823529,0.529411764706,0.286274509804,0.670588235294,0.509803921569,0.698039215686,0.513725490196,0.00392156862745,0.149019607843,0.290196078431,0.513725490196,0.603921568627,0.349019607843,0.270588235294,0.23137254902,0.211764705882,0.301960784314,0.494117647059,0.701960784314,0.0,0.705882352941,0.647058823529,0.0,0.0274509803922,0.172549019608,0.450980392157,0.219607843137,0.529411764706,0.156862745098,0.505882352941,0.243137254902,0.152941176471,0.737254901961,0.776470588235,0.00392156862745,0.549019607843,0.325490196078,0.450980392157,0.0,0.435294117647,0.525490196078,0.745098039216,0.894117647059,0.694117647059,0.607843137255,0.737254901961,0.580392156863,0.486274509804,0.592156862745,0.462745098039,0.352941176471,0.443137254902,0.341176470588,0.243137254902,0.305882352941,0.235294117647,0.137254901961,0.176470588235,0.133333333333,84.1,-16.7,-22.2
Tube light (FL2),Ephedrine HCl,positive,0.00392156862745,0.439215686275,0.545098039216,0.349019607843,0.309803921569,0.16862745098,0.607843137255,0.552941176471,0.36862745098,0.250980392157,0.423529411765,0.474509803922,0.258823529412,0.396078431373,0.125490196078,0.364705882353,0.447058823529,0.529411764706,0.286274509804,0.670588235294,0.509803921569,0.698039215686,0.513725490196,0.00392156862745,0.149019607843,0.290196078431,0.513725490196,0.603921568627,0.349019607843,0.270588235294,0.23137254902,0.211764705882,0.301960784314,0.494117647059,0.701960784314,0.0,0.705882352941,0.647058823529,0.0,0.0274509803922,0.172549019608,0.450980392157,0.219607843137,0.529411764706,0.156862745098,0.505882352941,0.243137254902,0.152941176471,0.737254901961,0.776470588235,0.00392156862745,0.549019607843,0.325490196078,0.450980392157,0.0,0.435294117647,0.525490196078,0.745098039216,0.894117647059,0.694117647059,0.607843137255,0.737254901961,0.580392156863,0.486274509804,0.592156862745,0.462745098039,0.352941176471,0.443137254902,0.341176470588,0.243137254902,0.305882352941,0.235294117647,0.137254901961,0.176470588235,0.133333333333,52.3,-9.9,-32.2
White LED torch (LED-B3),Ephedrine HCl,positive,0.0,0.411764705882,0.639215686275,0.360784313725,0.258823529412,0.188235294118,0.643137254902,0.494117647059,0.411764705882,0.219607843137,0.36862745098,0.545098039216,0.243137254902,0.360784313725,0.149019607843,0.36862745098,0.388235294118,0.61568627451,0.121568627451,0.639215686275,0.592156862745,0.733333333333,0.435294117647,0.0,0.109803921569,0.207843137255,0.6,0.662745098039,0.262745098039,0.305882352941,0.254901960784,0.152941176471,0.345098039216,0.462745098039,0.670588235294,0.00392156862745,0.749019607843,0.588235294118,0.0,0.0117647058824,0.0470588235294,0.525490196078,0.0901960784314,0.505882352941,0.152941176471,0.588235294118,0.164705882353,0.152941176471,0.764705882353,0.725490196078,0.0,0.623529411765,0.227450980392,0.517647058824,0.0,0.403921568627,0.611764705882,0.745098039216,0.819607843137,0.811764705882,0.596078431373,0.666666666667,0.666666666667,0.474509803922,0.533333333333,0.533333333333,0.349019607843,0.396078431373,0.396078431373,0.235294117647,0.266666666667,0.274509803922,0.133333333333,0.149019607843,0.152941176471,55.3,-8.1,-29.9
White LED torch (LED-B3),Chlorpromazine HCl,negative,0.0,0.501960784314,0.737254901961,0.360784313725,0.258823529412,0.188235294118,0.643137254902,0.494117647059,0.411764705882,0.219607843137,0.36862745098,0.545098039216,0.243137254902,0.360784313725,0.149019607843,0.36862745098,0.388235294118,0.61568627451,0.121568627451,0.639215686275,0.592156862745,0.733333333333,0.435294117647,0.0,0.109803921569,0.207843137255,0.6,0.662745098039,0.262745098039,0.305882352941,0.254901960784,0.152941176471,0.345098039216,0.462745098039,0.670588235294,0.00392156862745,0.749019607843,0.588235294118,0.0,0.0117647058824,0.0470588235294,0.525490196078,0.0901960784314,0.505882352941,0.152941176471,0.588235294118,0.164705882353,0.152941176471,0.764705882353,0.725490196078,0.0,0.623529411765,0.227450980392,0.517647058824,0.0,0.403921568627,0.611764705882,0.745098039216,0.819607843137,0.811764705882,0.596078431373,0.666666666667,0.666666666667,0.474509803922,0.533333333333,0.533333333333,0.349019607843,0.396078431373,0.396078431373,0.235294117647,0.266666666667,0.274509803922,0.133333333333,0.149019607843,0.152941176471,64.5,-11.0,-31.2
Incandescent bulb (A),Cocaine HCl,positive,0.0,0.423529411765,0.603921568627,0.411764705882,0.278431372549,0.141176470588,0.741176470588,0.521568627451,0.376470588235,0.254901960784,0.396078431373,0.505882352941,0.258823529412,0.380392156863,0.0862745098039,0.439215686275,0.411764705882,0.572549019608,0.0705882352941,0.666666666667,0.576470588235,0.839215686275,0.474509803922,0.0,0.160784313725,0.250980392157,0.556862745098,0.772549019608,0.286274509804,0.239215686275,0.317647058824,0.172549019608,0.301960784314,0.490196078431,0.705882352941,0.0,0.839215686275,0.619607843137,0.00392156862745,0.0235294117647,0.117647058824,0.482352941176,0.0392156862745,0.529411764706,0.176470588235,0.725490196078,0.156862745098,0.0745098039216,0.862745098039,0.76862745098,0.0,0.752941176471,0.254901960784,0.454901960784,0.0,0.419607843137,0.596078431373,0.858823529412,0.901960784314,0.76862745098,0.682352941176,0.729411764706,0.635294117647,0.529411764706,0.576470588235,0.498039215686,0.38431372549,0.41568627451,0.356862745098,0.254901960784,0.278431372549,0.239215686275,0.141176470588,0.152941176471,0.125490196078,53.7,-7.9,-31.6
Incandescent bulb (A),Diacetylmorphine HCl,negative,0.0,0.513725490196,0.705882352941,0.411764705882,0.278431372549,0.141176470588,0.741176470588,0.521568627451,0.376470588235,0.254901960784,0.396078431373,0.505882352941,0.258823529412,0.380392156863,0.0862745098039,0.439215686275,0.411764705882,0.572549019608,0.0705882352941,0.666666666667,0.576470588235,0.839215686275,0.474509803922,0.0,0.160784313725,0.250980392157,0.556862745098,0.772549019608,0.286274509804,0.239215686275,0.317647058824,0.172549019608,0.301960784314,0.490196078431,0.705882352941,0.0,0.839215686275,0.619607843137,0.00392156862745,0.0235294117647,0.117647058824,0.482352941176,0.0392156862745,0.529411764706,0.176470588235,0.725490196078,0.156862745098,0.0745098039216,0.862745098039,0.76862745098,0.0,0.752941176471,0.254901960784,0.454901960784,0.0,0.419607843137,0.596078431373,0.858823529412,0.901960784314,0.76862745098,0.682352941176,0.729411764706,0.635294117647,0.529411764706,0.576470588235,0.498039215686,0.38431372549,0.41568627451,0.356862745098,0.254901960784,0.278431372549,0.239215686275,0.141176470588,0.152941176471,0.125490196078,62.5,-9.3,-35.0
Daylight (D65),Cocaine HCl,positive,0.0,0.564705882353,0.670588235294,0.458823529412,0.349019607843,0.254901960784,0.741176470588,0.596078431373,0.474509803922,0.313725490196,0.509803921569,0.6,0.333333333333,0.454901960784,0.180392156863,0.470588235294,0.525490196078,0.666666666667,0.254901960784,0.756862745098,0.627450980392,0.827450980392,0.494117647059,0.00392156862745,0.192156862745,0.4,0.658823529412,0.760784313725,0.349019607843,0.376470588235,0.360784313725,0.266666666667,0.419607843137,0.564705882353,0.741176470588,0.0,0.83137254902,0.623529411765,0.00392156862745,0.0274509803922,0.290196078431,0.592156862745,0.219607843137,0.611764705882,0.188235294118,0.701960784314,0.227450980392,0.23137254902,0.858823529412,0.772549019608,0.0,0.725490196078,0.360784313725,0.576470588235,0.0,0.56862745098,0.650980392157,0.843137254902,0.937254901961,0.843137254902,0.701960784314,0.792156862745,0.721568627451,0.580392156863,0.650980392157,0.596078431373,0.447058823529,0.501960784314,0.462745098039,0.321568627451,0.36862745098,0.333333333333,0.203921568627,0.23137254902,0.207843137255,54.0,-10.2,-28.5
Daylight (D65),Cocaine HCl,positive,0.0,0.564705882353,0.674509803922,0.458823529412,0.349019607843,0.254901960784,0.741176470588,0.596078431373,0.474509803922,0.313725490196,0.509803921569,0.6,0.333333333333,0.454901960784,0.180392156863,0.470588235294,0.525490196078,0.666666666667,0.254901960784,0.756862745098,0.627450980392,0.827450980392,0.494117647059,0.00392156862745,0.192156862745,0.4,0.658823529412,0.760784313725,0.349019607843,0.376470588235,0.360784313725,0.266666666667,0.419607843137,0.564705882353,0.741176470588,0.0,0.83137254902,0.623529411765,0.00392156862745,0.0274509803922,0.290196078431,0.592156862745,0.219607843137,0.611764705882,0.188235294118,0.701960784314,0.227450980392,0.23137254902,0.858823529412,0.772549019608,0.0,0.725490196078,0.360784313725,0.576470588235,0.0,0.56862745098,0.650980392157,0.843137254902,0.937254901961,0.843137254902,0.701960784314,0.792156862745,0.721568627451,0.580392156863,0.650980392157,0.596078431373,0.447058823529,0.501960784314,0.462745098039,0.321568627451,0.36862745098,0.333333333333,0.203921568627,0.23137254902,0.207843137255,53.6,-9.3,-29.5
Tube light (FL2),Procaine HCl,positive,0.0,0.407843137255,0.701960784314,0.427450980392,0.290196078431,0.176470588235,0.76862745098,0.525490196078,0.427450980392,0.313725490196,0.388235294118,0.596078431373,0.309803921569,0.392156862745,0.101960784314,0.458823529412,0.4,0.678431372549,0.329411764706,0.674509803922,0.639215686275,0.878431372549,0.490196078431,0.00392156862745,0.203921568627,0.211764705882,0.662745098039,0.756862745098,0.270588235294,0.309803921569,0.290196078431,0.160784313725,0.38431372549,0.596078431373,0.729411764706,0.00392156862745,0.890196078431,0.650980392157,0.0,0.0627450980392,0.0392156862745,0.580392156863,0.243137254902,0.545098039216,0.121568627451,0.635294117647,0.164705882353,0.129411764706,0.925490196078,0.796078431373,0.0,0.690196078431,0.219607843137,0.560784313725,0.00392156862745,0.403921568627,0.674509803922,0.941176470588,0.898039215686,0.874509803922,0.760784313725,0.729411764706,0.721568627451,0.6,0.576470588235,0.572549019608,0.439215686275,0.423529411765,0.419607843137,0.294117647059,0.286274509804,0.286274509804,0.16862745098,0.156862745098,0.164705882353,53.3,-10.6,-32.5
Tube light (FL2),Cocaine HCl,positive,0.00392156862745,0.407843137255,0.705882352941,0.427450980392,0.290196078431,0.176470588235,0.76862745098,0.525490196078,0.427450980392,0.313725490196,0.388235294118,0.596078431373,0.309803921569,0.392156862745,0.101960784314,0.458823529412,0.4,0.678431372549,0.329411764706,0.674509803922,0.639215686275,0.878431372549,0.490196078431,0.00392156862745,0.203921568627,0.211764705882,0.662745098039,0.756862745098,0.270588235294,0.309803921569,0.290196078431,0.160784313725,0.38431372549,0.596078431373,0.729411764706,0.00392156862745,0.890196078431,0.650980392157,0.0,0.0627450980392,0.0392156862745,0.580392156863,0.243137254902,0.545098039216,0.121568627451,0.635294117647,0.164705882353,0.129411764706,0.925490196078,0.796078431373,0.0,0.690196078431,0.219607843137,0.560784313725,0.00392156862745,0.403921568627,0.674509803922,0.941176470588,0.898039215686,0.874509803922,0.760784313725,0.729411764706,0.721568627451,0.6,0.576470588235,0.572549019608,0.439215686275,0.423529411765,0.419607843137,0.294117647059,0.286274509804,0.286274509804,0.16862745098,0.156862745098,0.164705882353,53.2,-10.0,-33.2
White LED torch (LED-B3),Chlordiazepoxide HCl,negative,0.0,0.592156862745,0.662745098039,0.458823529412,0.360784313725,0.262745098039,0.733333333333,0.588235294118,0.482352941176,0.341176470588,0.470588235294,0.6,0.345098039216,0.454901960784,0.219607843137,0.478431372549,0.482352941176,0.654901960784,0.337254901961,0.705882352941,0.623529411765,0.807843137255,0.533333333333,0.0078431372549,0.23137254902,0.325490196078,0.650980392157,0.741176470588,0.36862745098,0.380392156863,0.349019607843,0.247058823529,0.41568627451,0.572549019608,0.737254901961,0.0078431372549,0.807843137255,0.654901960784,0.00392156862745,0.0705882352941,0.176470588235,0.58431372549,0.266666666667,0.592156862745,0.247058823529,0.666666666667,0.266666666667,0.243137254902,0.835294117647,0.78431372549,0.0,0.694117647059,0.337254901961,0.56862745098,0.0,0.498039215686,0.635294117647,0.839215686275,0.882352941176,0.819607843137,0.701960784314,0.749019607843,0.709803921569,0.580392156863,0.619607843137,0.588235294118,0.447058823529,0.486274509804,0.454901960784,0.329411764706,0.352941176471,0.337254901961,0.211764705882,0.227450980392,0.211764705882,61.0,-23.3,-18.1
Incandescent bulb (A),Chlordiazepoxide HCl,negative,0.0,0.576470588235,0.603921568627,0.439215686275,0.333333333333,0.219607843137,0.729411764706,0.572549019608,0.435294117647,0.317647058824,0.447058823529,0.521568627451,0.313725490196,0.423529411765,0.192156862745,0.470588235294,0.470588235294,0.580392156863,0.270588235294,0.682352941176,0.592156862745,0.8,0.533333333333,0.0117647058824,0.223529411765,0.313725490196,0.556862745098,0.752941176471,0.36862745098,0.325490196078,0.349019607843,0.239215686275,0.337254901961,0.541176470588,0.721568627451,0.137254901961,0.803921568627,0.650980392157,0.0,0.0745098039216,0.18431372549,0.490196078431,0.211764705882,0.560784313725,0.278431372549,0.701960784314,0.262745098039,0.203921568627,0.843137254902,0.780392156863,0.0,0.729411764706,0.349019607843,0.486274509804,0.0,0.466666666667,0.592156862745,0.843137254902,0.894117647059,0.776470588235,0.698039215686,0.745098039216,0.650980392157,0.560784313725,0.607843137255,0.521568627451,0.43137254902,0.466666666667,0.4,0.301960784314,0.333333333333,0.290196078431,0.188235294118,0.2,0.172549019608,61.8,-22.4,-17.7
Incandescent bulb (A),Cocaine HCl,positive,0.0,0.466666666667,0.592156862745,0.439215686275,0.333333333333,0.219607843137,0.729411764706,0.572549019608,0.435294117647,0.317647058824,0.447058823529,0.521568627451,0.313725490196,0.423529411765,0.192156862745,0.470588235294,0.470588235294,0.580392156863,0.270588235294,0.682352941176,0.592156862745,0.8,0.533333333333,0.0117647058824,0.223529411765,0.313725490196,0.556862745098,0.752941176471,0.36862745098,0.325490196078,0.349019607843,0.239215686275,0.337254901961,0.541176470588,0.721568627451,0.137254901961,0.803921568627,0.650980392157,0.0,0.0745098039216,0.18431372549,0.490196078431,0.211764705882,0.560784313725,0.278431372549,0.701960784314,0.262745098039,0.203921568627,0.843137254902,0.780392156863,0.0,0.729411764706,0.349019607843,0.486274509804,0.0,0.466666666667,0.592156862745,0.843137254902,0.894117647059,0.776470588235,0.698039215686,0.745098039216,0.650980392157,0.560784313725,0.607843137255,0.521568627451,0.43137254902,0.466666666667,0.4,0.301960784314,0.333333333333,0.290196078431,0.188235294118,0.2,0.172549019608,52.4,-11.4,-30.1
Daylight (D65),Cocaine HCl,positive,0.00392156862745,0.588235294118,0.662745098039,0.423529411765,0.321568627451,0.235294117647,0.729411764706,0.58431372549,0.470588235294,0.329411764706,0.486274509804,0.556862745098,0.329411764706,0.419607843137,0.196078431373,0.470588235294,0.513725490196,0.63137254902,0.356862745098,0.749019607843,0.611764705882,0.81568627451,0.474509803922,0.121568627451,0.219607843137,0.372549019608,0.603921568627,0.733333333333,0.337254901961,0.352941176471,0.325490196078,0.243137254902,0.364705882353,0.58431372549,0.733333333333,0.105882352941,0.83137254902,0.619607843137,0.0,0.0705882352941,0.262745098039,0.525490196078,0.278431372549,0.58431372549,0.235294117647,0.666666666667,0.227450980392,0.223529411765,0.874509803922,0.772549019608,0.0,0.701960784314,0.352941176471,0.541176470588,0.0,0.549019607843,0.611764705882,0.894117647059,0.956862745098,0.850980392157,0.725490196078,0.792156862745,0.713725490196,0.580392156863,0.635294117647,0.56862745098,0.435294117647,0.474509803922,0.43137254902,0.298039215686,0.333333333333,0.298039215686,0.176470588235,0.196078431373,0.172549019608,53.7,-15.7,-28.8
Daylight (D65),Propoxyphene HCl,positive,0.0,0.545098039216,0.635294117647,0.423529411765,0.321568627451,0.235294117647,0.729411764706,0.58431372549,0.470588235294,0.329411764706,0.486274509804,0.556862745098,0.329411764706,0.419607843137,0.196078431373,0.470588235294,0.513725490196,0.63137254902,0.356862745098,0.749019607843,0.611764705882,0.81568627451,0.474509803922,0.121568627451,0.219607843137,0.372549019608,0.603921568627,0.733333333333,0.337254901961,0.352941176471,0.325490196078,0.243137254902,0.364705882353,0.58431372549,0.733333333333,0.105882352941,0.83137254902,0.619607843137,0.0,0.0705882352941,0.262745098039,0.525490196078,0.278431372549,0.58431372549,0.235294117647,0.666666666667,0.227450980392,0.223529411765,0.874509803922,0.772549019608,0.0,0.701960784314,0.352941176471,0.541176470588,0.0,0.549019607843,0.611764705882,0.894117647059,0.956862745098,0.850980392157,0.725490196078,0.792156862745,0.713725490196,0.580392156863,0.635294117647,0.56862745098,0.435294117647,0.474509803922,0.43137254902,0.298039215686,0.333333333333,0.298039215686,0.176470588235,0.196078431373,0.172549019608,53.3,-15.5,-28.7
Tube light (FL2),Doxepin HCl,negative,0.0,0.576470588235,0.705882352941,0.462745098039,0.364705882353,0.247058823529,0.737254901961,0.596078431373,0.466666666667,0.380392156863,0.466666666667,0.56862745098,0.372549019608,0.450980392157,0.203921568627,0.494117647059,0.490196078431,0.623529411765,0.443137254902,0.701960784314,0.603921568627,0.823529411765,0.564705882353,0.0078431372549,0.274509803922,0.329411764706,0.607843137255,0.717647058824,0.38431372549,0.364705882353,0.329411764706,0.250980392157,0.388235294118,0.627450980392,0.745098039216,0.0235294117647,0.83137254902,0.686274509804,0.0,0.133333333333,0.196078431373,0.541176470588,0.356862745098,0.58431372549,0.254901960784,0.619607843137,0.286274509804,0.227450980392,0.874509803922,0.811764705882,0.0,0.662745098039,0.360784313725,0.541176470588,0.0705882352941,0.478431372549,0.61568627451,0.898039215686,0.913725490196,0.807843137255,0.756862745098,0.76862745098,0.686274509804,0.619607843137,0.63137254902,0.564705882353,0.478431372549,0.490196078431,0.435294117647,0.349019607843,0.352941176471,0.321568627451,0.219607843137,0.223529411765,0.2,61.7,-21.2,-30.0
Tube light (FL2),Cocaine HCl,positive,0.0,0.474509803922,0.63137254902,0.462745098039,0.364705882353,0.247058823529,0.737254901961,0.596078431373,0.466666666667,0.380392156863,0.466666666667,0.56862745098,0.372549019608,0.450980392157,0.203921568627,0.494117647059,0.490196078431,0.623529411765,0.443137254902,0.701960784314,0.603921568627,0.823529411765,0.564705882353,0.0078431372549,0.274509803922,0.329411764706,0.607843137255,0.717647058824,0.38431372549,0.364705882353,0.329411764706,0.250980392157,0.388235294118,0.627450980392,0.745098039216,0.0235294117647,0.83137254902,0.686274509804,0.0,0.133333333333,0.196078431373,0.541176470588,0.356862745098,0.58431372549,0.254901960784,0.619607843137,0.286274509804,0.227450980392,0.874509803922,0.811764705882,0.0,0.662745098039,0.360784313725,0.541176470588,0.0705882352941,0.478431372549,0.61568627451,0.898039215686,0.913725490196,0.807843137255,0.756862745098,0.76862745098,0.686274509804,0.619607843137,0.63137254902,0.564705882353,0.478431372549,0.490196078431,0.435294117647,0.349019607843,0.352941176471,0.321568627451,0.219607843137,0.223529411765,0.2,51.5,-14.5,-31.2
White LED torch (LED-B3),Doxepin HCl,negative,0.0,0.647058823529,0.772549019608,0.443137254902,0.352941176471,0.21568627451,0.725490196078,0.596078431373,0.43137254902,0.274509803922,0.478431372549,0.592156862745,0.301960784314,0.458823529412,0.129411764706,0.443137254902,0.494117647059,0.658823529412,0.152941176471,0.737254901961,0.6,0.81568627451,0.533333333333,0.0,0.152941176471,0.329411764706,0.658823529412,0.745098039216,0.364705882353,0.341176470588,0.325490196078,0.243137254902,0.403921568627,0.525490196078,0.764705882353,0.0,0.81568627451,0.674509803922,0.0,0.0196078431373,0.18431372549,0.592156862745,0.125490196078,0.607843137255,0.105882352941,0.674509803922,0.250980392157,0.180392156863,0.83137254902,0.811764705882,0.00392156862745,0.701960784314,0.337254901961,0.564705882353,0.00392156862745,0.513725490196,0.647058823529,0.811764705882,0.929411764706,0.807843137255,0.670588235294,0.780392156863,0.690196078431,0.549019607843,0.639215686275,0.560784313725,0.419607843137,0.490196078431,0.435294117647,0.298039215686,0.356862745098,0.313725490196,0.18431372549,0.223529411765,0.192156862745,64.8,-11.2,-30.4
White LED torch (LED-B3),Cocaine HCl,positive,0.0,0.517647058824,0.670588235294,0.443137254902,0.352941176471,0.21568627451,0.725490196078,0.596078431373,0.43137254902,0.274509803922,0.478431372549,0.592156862745,0.301960784314,0.458823529412,0.129411764706,0.443137254902,0.494117647059,0.658823529412,0.152941176471,0.737254901961,0.6,0.81568627451,0.533333333333,0.0,0.152941176471,0.329411764706,0.658823529412,0.745098039216,0.364705882353,0.341176470588,0.325490196078,0.243137254902,0.403921568627,0.525490196078,0.764705882353,0.0,0.81568627451,0.674509803922,0.0,0.0196078431373,0.18431372549,0.592156862745,0.125490196078,0.607843137255,0.105882352941,0.674509803922,0.250980392157,0.180392156863,0.83137254902,0.811764705882,0.00392156862745,0.701960784314,0.337254901961,0.564705882353,0.00392156862745,0.513725490196,0.647058823529,0.811764705882,0.929411764706,0.807843137255,0.670588235294,0.780392156863,0.690196078431,0.549019607843,0.639215686275,0.560784313725,0.419607843137,0.490196078431,0.435294117647,0.298039215686,0.356862745098,0.313725490196,0.18431372549,0.223529411765,0.192156862745,54.7,-8.0,-29.6
Incandescent bulb (A),Cocaine HCl,positive,0.0,0.419607843137,0.560784313725,0.392156862745,0.298039215686,0.203921568627,0.682352941176,0.521568627451,0.435294117647,0.290196078431,0.4,0.486274509804,0.286274509804,0.380392156863,0.192156862745,0.43137254902,0.419607843137,0.541176470588,0.270588235294,0.627450980392,0.560784313725,0.749019607843,0.486274509804,0.078431372549,0.196078431373,0.266666666667,0.513725490196,0.690196078431,0.337254901961,0.305882352941,0.309803921569,0.196078431373,0.305882352941,0.501960784314,0.666666666667,0.219607843137,0.752941176471,0.607843137255,0.0196078431373,0.0666666666667,0.145098039216,0.447058823529,0.203921568627,0.509803921569,0.274509803922,0.643137254902,0.239215686275,0.2,0.78431372549,0.733333333333,0.0509803921569,0.670588235294,0.309803921569,0.454901960784,0.0,0.41568627451,0.556862745098,0.8,0.847058823529,0.760784313725,0.650980392157,0.694117647059,0.63137254902,0.517647058824,0.560784313725,0.505882352941,0.388235294118,0.419607843137,0.376470588235,0.266666666667,0.286274509804,0.262745098039,0.160784313725,0.16862745098,0.149019607843,52.2,-12.9,-29.7
Daylight (D65),Propoxyphene HCl,positive,0.0,0.501960784314,0.63137254902,0.407843137255,0.294117647059,0.223529411765,0.701960784314,0.541176470588,0.447058823529,0.294117647059,0.450980392157,0.552941176471,0.305882352941,0.396078431373,0.176470588235,0.439215686275,0.470588235294,0.623529411765,0.290196078431,0.698039215686,0.6,0.788235294118,0.435294117647,0.0156862745098,0.188235294118,0.337254901961,0.6,0.709803921569,0.301960784314,0.345098039216,0.313725490196,0.21568627451,0.36862745098,0.545098039216,0.690196078431,0.00392156862745,0.8,0.572549019608,0.0078431372549,0.043137254902,0.227450980392,0.533333333333,0.227450980392,0.549019607843,0.203921568627,0.643137254902,0.18431372549,0.2,0.83137254902,0.721568627451,0.00392156862745,0.678431372549,0.305882352941,0.533333333333,0.0,0.505882352941,0.611764705882,0.835294117647,0.886274509804,0.827450980392,0.682352941176,0.733333333333,0.694117647059,0.545098039216,0.588235294118,0.556862745098,0.403921568627,0.443137254902,0.41568627451,0.282352941176,0.305882352941,0.290196078431,0.164705882353,0.18431372549,0.172549019608,53.5,-12.8,-28.5
Tube light (FL2),Cocaine HCl,positive,0.0,0.427450980392,0.552941176471,0.352941176471,0.301960784314,0.125490196078,0.643137254902,0.556862745098,0.333333333333,0.23137254902,0.41568627451,0.482352941176,0.239215686275,0.388235294118,0.043137254902,0.360784313725,0.435294117647,0.545098039216,0.203921568627,0.678431372549,0.501960784314,0.749019607843,0.513725490196,0.0,0.117647058824,0.274509803922,0.545098039216,0.639215686275,0.321568627451,0.239215686275,0.219607843137,0.192156862745,0.301960784314,0.482352941176,0.725490196078,0.0,0.741176470588,0.650980392157,0.0,0.0117647058824,0.149019607843,0.474509803922,0.160784313725,0.541176470588,0.0352941176471,0.533333333333,0.211764705882,0.101960784314,0.776470588235,0.803921568627,0.00392156862745,0.572549019608,0.298039215686,0.454901960784,0.0,0.427450980392,0.541176470588,0.78431372549,0.945098039216,0.709803921569,0.623529411765,0.764705882353,0.58431372549,0.490196078431,0.6,0.458823529412,0.345098039216,0.435294117647,0.329411764706,0.23137254902,0.290196078431,0.21568627451,0.121568627451,0.160784313725,0.109803921569,52.0,-7.8,-31.8
Tube light (FL2),Cocaine HCl,positive,0.0,0.419607843137,0.560784313725,0.352941176471,0.301960784314,0.125490196078,0.643137254902,0.556862745098,0.333333333333,0.23137254902,0.41568627451,0.482352941176,0.239215686275,0.388235294118,0.043137254902,0.360784313725,0.435294117647,0.545098039216,0.203921568627,0.678431372549,0.501960784314,0.749019607843,0.513725490196,0.0,0.117647058824,0.274509803922,0.545098039216,0.639215686275,0.321568627451,0.239215686275,0.219607843137,0.192156862745,0.301960784314,0.482352941176,0.725490196078,0.0,0.741176470588,0.650980392157,0.0,0.0117647058824,0.149019607843,0.474509803922,0.160784313725,0.541176470588,0.0352941176471,0.533333333333,0.211764705882,0.101960784314,0.776470588235,0.803921568627,0.00392156862745,0.572549019608,0.298039215686,0.454901960784,0.0,0.427450980392,0.541176470588,0.78431372549,0.945098039216,0.709803921569,0.623529411765,0.764705882353,0.58431372549,0.490196078431,0.6,0.458823529412,0.345098039216,0.435294117647,0.329411764706,0.23137254902,0.290196078431,0.21568627451,0.121568627451,0.160784313725,0.109803921569,52.1,-6.3,-33.6
White LED torch (LED-B3),Cocaine HCl,positive,0.0,0.450980392157,0.627450980392,0.396078431373,0.301960784314,0.2,0.694117647059,0.549019607843,0.423529411765,0.270588235294,0.419607843137,0.541176470588,0.282352941176,0.403921568627,0.152941176471,0.41568627451,0.439215686275,0.61568627451,0.258823529412,0.690196078431,0.580392156863,0.78431372549,0.490196078431,0.00392156862745,0.164705882353,0.270588235294,0.6,0.705882352941,0.317647058824,0.317647058824,0.278431372549,0.196078431373,0.349019607843,0.525490196078,0.725490196078,0.0,0.8,0.635294117647,0.0,0.0274509803922,0.129411764706,0.525490196078,0.196078431373,0.552941176471,0.176470588235,0.623529411765,0.21568627451,0.176470588235,0.827450980392,0.78431372549,0.0,0.658823529412,0.294117647059,0.517647058824,0.0,0.454901960784,0.6,0.827450980392,0.909803921569,0.819607843137,0.670588235294,0.745098039216,0.678431372549,0.533333333333,0.592156862745,0.541176470588,0.392156862745,0.439215686275,0.4,0.266666666667,0.301960784314,0.274509803922,0.152941176471,0.172549019608,0.152941176471,53.3,-10.2,-30.2
White LED torch (LED-B3),Cocaine HCl,positive,0.0,0.458823529412,0.623529411765,0.396078431373,0.301960784314,0.2,0.694117647059,0.549019607843,0.423529411765,0.270588235294,0.419607843137,0.541176470588,0.282352941176,0.403921568627,0.152941176471,0.41568627451,0.439215686275,0.61568627451,0.258823529412,0.690196078431,0.580392156863,0.78431372549,0.490196078431,0.00392156862745,0.164705882353,0.270588235294,0.6,0.705882352941,0.317647058824,0.317647058824,0.278431372549,0.196078431373,0.349019607843,0.525490196078,0.725490196078,0.0,0.8,0.635294117647,0.0,0.0274509803922,0.129411764706,0.525490196078,0.196078431373,0.552941176471,0.176470588235,0.623529411765,0.21568627451,0.176470588235,0.827450980392,0.78431372549,0.0,0.658823529412,0.294117647059,0.517647058824,0.0,0.454901960784,0.6,0.827450980392,0.909803921569,0.819607843137,0.670588235294,0.745098039216,0.678431372549,0.533333333333,0.592156862745,0.541176470588,0.392156862745,0.439215686275,0.4,0.266666666667,0.301960784314,0.274509803922,0.152941176471,0.172549019608,0.152941176471,53.5,-10.7,-29.8
Incandescent bulb (A),Procaine HCl,positive,0.529411764706,0.764705882353,0.862745098039,0.470588235294,0.345098039216,0.254901960784,0.788235294118,0.58431372549,0.505882352941,0.349019607843,0.450980392157,0.588235294118,0.341176470588,0.435294117647,0.23137254902,0.513725490196,0.466666666667,0.647058823529,0.309803921569,0.705882352941,0.674509803922,0.866666666667,0.541176470588,0.0235294117647,0.243137254902,0.294117647059,0.623529411765,0.807843137255,0.36862745098,0.364705882353,0.376470588235,0.227450980392,0.380392156863,0.588235294118,0.749019607843,0.23137254902,0.874509803922,0.678431372549,0.0,0.0862745098039,0.145098039216,0.549019607843,0.23137254902,0.580392156863,0.329411764706,0.756862745098,0.254901960784,0.23137254902,0.901960784314,0.81568627451,0.00392156862745,0.792156862745,0.333333333333,0.545098039216,0.0,0.470588235294,0.666666666667,0.913725490196,0.921568627451,0.878431372549,0.756862745098,0.76862745098,0.741176470588,0.611764705882,0.619607843137,0.6,0.462745098039,0.470588235294,0.450980392157,0.325490196078,0.333333333333,0.321568627451,0.203921568627,0.203921568627,0.192156862745,74.7,-15.6,-19.4
Incandescent bulb (A),Quinine HCl,negative,0.0,0.423529411765,0.745098039216,0.470588235294,0.345098039216,0.254901960784,0.788235294118,0.58431372549,0.505882352941,0.349019607843,0.450980392157,0.588235294118,0.341176470588,0.435294117647,0.23137254902,0.513725490196,0.466666666667,0.647058823529,0.309803921569,0.705882352941,0.674509803922,0.866666666667,0.541176470588,0.0235294117647,0.243137254902,0.294117647059,0.623529411765,0.807843137255,0.36862745098,0.364705882353,0.376470588235,0.227450980392,0.380392156863,0.588235294118,0.749019607843,0.23137254902,0.874509803922,0.678431372549,0.0,0.0862745098039,0.145098039216,0.549019607843,0.23137254902,0.580392156863,0.329411764706,0.756862745098,0.254901960784,0.23137254902,0.901960784314,0.81568627451,0.00392156862745,0.792156862745,0.333333333333,0.545098039216,0.0,0.470588235294,0.666666666667,0.913725490196,0.921568627451,0.878431372549,0.756862745098,0.76862745098,0.741176470588,0.611764705882,0.619607843137,0.6,0.462745098039,0.470588235294,0.450980392157,0.325490196078,0.333333333333,0.321568627451,0.203921568627,0.203921568627,0.192156862745,51.7,-3.4,-42.9
Daylight (D65),Cocaine HCl,positive,0.00392156862745,0.396078431373,0.603921568627,0.341176470588,0.211764705882,0.172549019608,0.63137254902,0.423529411765,0.392156862745,0.211764705882,0.345098039216,0.521568627451,0.235294117647,0.313725490196,0.113725490196,0.364705882353,0.360784313725,0.588235294118,0.101960784314,0.592156862745,0.560784313725,0.721568627451,0.321568627451,0.0,0.0980392156863,0.23137254902,0.572549019608,0.647058823529,0.176470588235,0.282352941176,0.250980392157,0.129411764706,0.325490196078,0.454901960784,0.588235294118,0.00392156862745,0.737254901961,0.466666666667,0.0,0.0156862745098,0.129411764706,0.498039215686,0.0901960784314,0.454901960784,0.117647058824,0.580392156863,0.043137254902,0.125490196078,0.760784313725,0.607843137255,0.0,0.61568627451,0.16862745098,0.490196078431,0.0,0.403921568627,0.580392156863,0.745098039216,0.756862745098,0.792156862745,0.596078431373,0.611764705882,0.654901960784,0.462745098039,0.478431372549,0.513725490196,0.333333333333,0.345098039216,0.372549019608,0.21568627451,0.227450980392,0.247058823529,0.117647058824,0.121568627451,0.137254901961,54.1,-9.1,-28.8
Tube light (FL2),Chlorpromazine HCl,negative,0.00392156862745,0.537254901961,0.772549019608,0.43137254902,0.294117647059,0.16862745098,0.772549019608,0.541176470588,0.41568627451,0.313725490196,0.4,0.58431372549,0.313725490196,0.4,0.0823529411765,0.454901960784,0.423529411765,0.658823529412,0.333333333333,0.690196078431,0.619607843137,0.886274509804,0.505882352941,0.0,0.2,0.235294117647,0.647058823529,0.752941176471,0.286274509804,0.294117647059,0.282352941176,0.172549019608,0.36862745098,0.6,0.741176470588,0.00392156862745,0.886274509804,0.662745098039,0.0,0.0588235294118,0.0745098039216,0.56862745098,0.247058823529,0.552941176471,0.0980392156863,0.63137254902,0.176470588235,0.125490196078,0.929411764706,0.811764705882,0.0,0.686274509804,0.247058823529,0.549019607843,0.00392156862745,0.419607843137,0.654901960784,0.949019607843,0.929411764706,0.854901960784,0.760784313725,0.752941176471,0.705882352941,0.603921568627,0.592156862745,0.556862745098,0.443137254902,0.43137254902,0.407843137255,0.298039215686,0.290196078431,0.274509803922,0.16862745098,0.164705882353,0.152941176471,63.0,-16.7,-31.4
Tube light (FL2),Cocaine HCl,positive,0.0,0.423529411765,0.678431372549,0.43137254902,0.294117647059,0.16862745098,0.772549019608,0.541176470588,0.41568627451,0.313725490196,0.4,0.58431372549,0.313725490196,0.4,0.0823529411765,0.454901960784,0.423529411765,0.658823529412,0.333333333333,0.690196078431,0.619607843137,0.886274509804,0.505882352941,0.0,0.2,0.235294117647,0.647058823529,0.752941176471,0.286274509804,0.294117647059,0.282352941176,0.172549019608,0.36862745098,0.6,0.741176470588,0.00392156862745,0.886274509804,0.662745098039,0.0,0.0588235294118,0.0745098039216,0.56862745098,0.247058823529,0.552941176471,0.0980392156863,0.63137254902,0.176470588235,0.125490196078,0.929411764706,0.811764705882,0.0,0.686274509804,0.247058823529,0.549019607843,0.00392156862745,0.419607843137,0.654901960784,0.949019607843,0.929411764706,0.854901960784,0.760784313725,0.752941176471,0.705882352941,0.603921568627,0.592156862745,0.556862745098,0.443137254902,0.43137254902,0.407843137255,0.298039215686,0.290196078431,0.274509803922,0.16862745098,0.164705882353,0.152941176471,53.3,-10.8,-32.1
White LED torch (LED-B3),Cocaine HCl,positive,0.0,0.509803921569,0.674509803922,0.470588235294,0.360784313725,0.274509803922,0.760784313725,0.596078431373,0.501960784314,0.376470588235,0.474509803922,0.596078431373,0.36862745098,0.458823529412,0.239215686275,0.513725490196,0.490196078431,0.662745098039,0.41568627451,0.725490196078,0.643137254902,0.839215686275,0.545098039216,0.0941176470588,0.262745098039,0.325490196078,0.643137254902,0.756862745098,0.380392156863,0.388235294118,0.356862745098,0.250980392157,0.411764705882,0.623529411765,0.756862745098,0.145098039216,0.850980392157,0.682352941176,0.0,0.109803921569,0.172549019608,0.576470588235,0.329411764706,0.6,0.286274509804,0.682352941176,0.274509803922,0.258823529412,0.890196078431,0.811764705882,0.0,0.725490196078,0.352941176471,0.572549019608,0.0117647058824,0.509803921569,0.647058823529,0.905882352941,0.913725490196,0.858823529412,0.756862745098,0.76862745098,0.741176470588,0.623529411765,0.635294117647,0.607843137255,0.482352941176,0.490196078431,0.470588235294,0.352941176471,0.360784313725,0.349019607843,0.227450980392,0.227450980392,0.219607843137,53.4,-16.3,-29.2
White LED torch (LED-B3),Cocaine HCl,positive,0.0,0.509803921569,0.678431372549,0.470588235294,0.360784313725,0.274509803922,0.760784313725,0.596078431373,0.501960784314,0.376470588235,0.474509803922,0.596078431373,0.36862745098,0.458823529412,0.239215686275,0.513725490196,0.490196078431,0.662745098039,0.41568627451,0.725490196078,0.643137254902,0.839215686275,0.545098039216,0.0941176470588,0.262745098039,0.325490196078,0.643137254902,0.756862745098,0.380392156863,0.388235294118,0.356862745098,0.250980392157,0.411764705882,0.623529411765,0.756862745098,0.145098039216,0.850980392157,0.682352941176,0.0,0.109803921569,0.172549019608,0.576470588235,0.329411764706,0.6,0.286274509804,0.682352941176,0.274509803922,0.258823529412,0.890196078431,0.811764705882,0.0,0.725490196078,0.352941176471,0.572549019608,0.0117647058824,0.509803921569,0.647058823529,0.905882352941,0.913725490196,0.858823529412,0.756862745098,0.76862745098,0.741176470588,0.623529411765,0.635294117647,0.607843137255,0.482352941176,0.490196078431,0.470588235294,0.352941176471,0.360784313725,0.349019607843,0.227450980392,0.227450980392,0.219607843137,53.4,-16.3,-29.2
Incandescent bulb (A),Cocaine HCl,positive,0.0,0.505882352941,0.690196078431,0.494117647059,0.372549019608,0.286274509804,0.8,0.607843137255,0.541176470588,0.380392156863,0.474509803922,0.607843137255,0.372549019608,0.466666666667,0.278431372549,0.533333333333,0.498039215686,0.666666666667,0.364705882353,0.729411764706,0.698039215686,0.870588235294,0.572549019608,0.133333333333,0.274509803922,0.325490196078,0.635294117647,0.811764705882,0.403921568627,0.4,0.403921568627,0.254901960784,0.4,0.61568627451,0.76862745098,0.317647058824,0.886274509804,0.705882352941,0.0352941176471,0.117647058824,0.16862745098,0.564705882353,0.282352941176,0.6,0.372549019608,0.76862745098,0.290196078431,0.274509803922,0.913725490196,0.827450980392,0.109803921569,0.803921568627,0.36862745098,0.56862745098,0.0,0.494117647059,0.682352941176,0.921568627451,0.925490196078,0.894117647059,0.772549019608,0.780392156863,0.760784313725,0.635294117647,0.643137254902,0.623529411765,0.490196078431,0.498039215686,0.486274509804,0.356862745098,0.364705882353,0.352941176471,0.23137254902,0.23137254902,0.219607843137,53.2,-14.0,-28.7
Incandescent bulb (A),Cocaine HCl,positive,0.00392156862745,0.498039215686,0.694117647059,0.494117647059,0.372549019608,0.286274509804,0.8,0.607843137255,0.541176470588,0.380392156863,0.474509803922,0.607843137255,0.372549019608,0.466666666667,0.278431372549,0.533333333333,0.498039215686,0.666666666667,0.364705882353,0.729411764706,0.698039215686,0.870588235294,0.572549019608,0.133333333333,0.274509803922,0.325490196078,0.635294117647,0.811764705882,0.403921568627,0.4,0.403921568627,0.254901960784,0.4,0.61568627451,0.76862745098,0.317647058824,0.886274509804,0.705882352941,0.0352941176471,0.117647058824,0.16862745098,0.564705882353,0.282352941176,0.6,0.372549019608,0.76862745098,0.290196078431,0.274509803922,0.913725490196,0.827450980392,0.109803921569,0.803921568627,0.36862745098,0.56862745098,0.0,0.494117647059,0.682352941176,0.921568627451,0.925490196078,0.894117647059,0.772549019608,0.780392156863,0.760784313725,0.635294117647,0.643137254902,0.623529411765,0.490196078431,0.498039215686,0.486274509804,0.356862745098,0.364705882353,0.352941176471,0.23137254902,0.23137254902,0.219607843137,53.2,-13.1,-30.1
Daylight (D65),Cocaine HCl,positive,0.0,0.521568627451,0.682352941176,0.43137254902,0.317647058824,0.262745098039,0.709803921569,0.556862745098,0.490196078431,0.313725490196,0.470588235294,0.6,0.325490196078,0.419607843137,0.219607843137,0.462745098039,0.490196078431,0.670588235294,0.301960784314,0.717647058824,0.647058823529,0.796078431373,0.458823529412,0.0588235294118,0.196078431373,0.352941176471,0.643137254902,0.721568627451,0.325490196078,0.380392156863,0.333333333333,0.235294117647,0.403921568627,0.560784313725,0.709803921569,0.0588235294118,0.811764705882,0.603921568627,0.0,0.043137254902,0.239215686275,0.56862745098,0.247058823529,0.56862745098,0.258823529412,0.662745098039,0.211764705882,0.239215686275,0.835294117647,0.737254901961,0.0,0.694117647059,0.325490196078,0.572549019608,0.0,0.529411764706,0.654901960784,0.827450980392,0.886274509804,0.858823529412,0.686274509804,0.745098039216,0.733333333333,0.560784313725,0.607843137255,0.6,0.427450980392,0.466666666667,0.462745098039,0.301960784314,0.333333333333,0.333333333333,0.188235294118,0.203921568627,0.207843137255,53.8,-10.9,-30.0
Tube light (FL2),Cocaine HCl,positive,0.00392156862745,0.396078431373,0.6,0.4,0.290196078431,0.176470588235,0.721568627451,0.533333333333,0.403921568627,0.309803921569,0.392156862745,0.529411764706,0.301960784314,0.380392156863,0.125490196078,0.435294117647,0.411764705882,0.592156862745,0.356862745098,0.654901960784,0.572549019608,0.823529411765,0.498039215686,0.00392156862745,0.2,0.243137254902,0.580392156863,0.698039215686,0.301960784314,0.286274509804,0.262745098039,0.176470588235,0.329411764706,0.576470588235,0.705882352941,0.00392156862745,0.823529411765,0.635294117647,0.0,0.0705882352941,0.105882352941,0.505882352941,0.270588235294,0.529411764706,0.164705882353,0.580392156863,0.196078431373,0.149019607843,0.870588235294,0.776470588235,0.0,0.63137254902,0.266666666667,0.494117647059,0.0078431372549,0.4,0.592156862745,0.905882352941,0.901960784314,0.803921568627,0.725490196078,0.729411764706,0.658823529412,0.56862745098,0.572549019608,0.517647058824,0.41568627451,0.41568627451,0.376470588235,0.274509803922,0.278431372549,0.254901960784,0.152941176471,0.152941176471,0.137254901961,51.4,-12.9,-32.0
Tube light (FL2),Hydrocodone tartrate,negative,0.0117647058824,0.509803921569,0.639215686275,0.4,0.290196078431,0.176470588235,0.721568627451,0.533333333333,0.403921568627,0.309803921569,0.392156862745,0.529411764706,0.301960784314,0.380392156863,0.125490196078,0.435294117647,0.411764705882,0.592156862745,0.356862745098,0.654901960784,0.572549019608,0.823529411765,0.498039215686,0.00392156862745,0.2,0.243137254902,0.580392156863,0.698039215686,0.301960784314,0.286274509804,0.262745098039,0.176470588235,0.329411764706,0.576470588235,0.705882352941,0.00392156862745,0.823529411765,0.635294117647,0.0,0.0705882352941,0.105882352941,0.505882352941,0.270588235294,0.529411764706,0.164705882353,0.580392156863,0.196078431373,0.149019607843,0.870588235294,0.776470588235,0.0,0.63137254902,0.266666666667,0.494117647059,0.0078431372549,0.4,0.592156862745,0.905882352941,0.901960784314,0.803921568627,0.725490196078,0.729411764706,0.658823529412,0.56862745098,0.572549019608,0.517647058824,0.41568627451,0.41568627451,0.376470588235,0.274509803922,0.278431372549,0.254901960784,0.152941176471,0.152941176471,0.137254901961,59.8,-23.5,-25.4
White LED torch (LED-B3),Diacetylmorphine HCl,negative,0.0,0.466666666667,0.713725490196,0.380392156863,0.258823529412,0.203921568627,0.701960784314,0.490196078431,0.439215686275,0.298039215686,0.356862745098,0.529411764706,0.286274509804,0.349019607843,0.18431372549,0.423529411765,0.36862745098,0.6,0.345098039216,0.619607843137,0.588235294118,0.788235294118,0.439215686275,0.105882352941,0.192156862745,0.2,0.572549019608,0.690196078431,0.270588235294,0.321568627451,0.266666666667,0.145098039216,0.329411764706,0.549019607843,0.658823529412,0.176470588235,0.8,0.576470588235,0.0274509803922,0.0666666666667,0.0509803921569,0.498039215686,0.258823529412,0.494117647059,0.235294117647,0.6,0.176470588235,0.192156862745,0.843137254902,0.721568627451,0.0117647058824,0.643137254902,0.23137254902,0.501960784314,0.0196078431373,0.38431372549,0.580392156863,0.874509803922,0.83137254902,0.847058823529,0.701960784314,0.670588235294,0.698039215686,0.549019607843,0.521568627451,0.549019607843,0.396078431373,0.376470588235,0.392156862745,0.258823529412,0.250980392157,0.262745098039,0.141176470588,0.133333333333,0.145098039216,61.1,-18.7,-32.2
White LED torch (LED-B3),Cocaine HCl,positive,0.00392156862745,0.380392156863,0.603921568627,0.380392156863,0.258823529412,0.203921568627,0.701960784314,0.490196078431,0.439215686275,0.298039215686,0.356862745098,0.529411764706,0.286274509804,0.349019607843,0.18431372549,0.423529411765,0.36862745098,0.6,0.345098039216,0.619607843137,0.588235294118,0.788235294118,0.439215686275,0.105882352941,0.192156862745,0.2,0.572549019608,0.690196078431,0.270588235294,0.321568627451,0.266666666667,0.145098039216,0.329411764706,0.549019607843,0.658823529412,0.176470588235,0.8,0.576470588235,0.0274509803922,0.0666666666667,0.0509803921569,0.498039215686,0.258823529412,0.494117647059,0.235294117647,0.6,0.176470588235,0.192156862745,0.843137254902,0.721568627451,0.0117647058824,0.643137254902,0.23137254902,0.501960784314,0.0196078431373,0.38431372549,0.580392156863,0.874509803922,0.83137254902,0.847058823529,0.701960784314,0.670588235294,0.698039215686,0.549019607843,0.521568627451,0.549019607843,0.396078431373,0.376470588235,0.392156862745,0.258823529412,0.250980392157,0.262745098039,0.141176470588,0.133333333333,0.145098039216,52.4,-15.9,-29.1
Incandescent bulb (A),Cocaine HCl,positive,0.0,0.490196078431,0.639215686275,0.474509803922,0.356862745098,0.243137254902,0.764705882353,0.58431372549,0.482352941176,0.345098039216,0.462745098039,0.564705882353,0.349019607843,0.447058823529,0.219607843137,0.509803921569,0.482352941176,0.627450980392,0.294117647059,0.701960784314,0.643137254902,0.83137254902,0.541176470588,0.0117647058824,0.250980392157,0.321568627451,0.603921568627,0.78431372549,0.380392156863,0.352941176471,0.388235294118,0.250980392157,0.376470588235,0.564705882353,0.737254901961,0.164705882353,0.835294117647,0.670588235294,0.0,0.0901960784314,0.188235294118,0.537254901961,0.227450980392,0.576470588235,0.309803921569,0.737254901961,0.274509803922,0.227450980392,0.858823529412,0.792156862745,0.0,0.764705882353,0.352941176471,0.521568627451,0.0,0.486274509804,0.635294117647,0.862745098039,0.894117647059,0.803921568627,0.721568627451,0.756862745098,0.690196078431,0.588235294118,0.619607843137,0.56862745098,0.454901960784,0.486274509804,0.443137254902,0.329411764706,0.352941176471,0.325490196078,0.21568627451,0.223529411765,0.2,53.0,-12.1,-29.8
Incandescent bulb (A),Cocaine HCl,positive,0.0,0.486274509804,0.635294117647,0.474509803922,0.356862745098,0.243137254902,0.764705882353,0.58431372549,0.482352941176,0.345098039216,0.462745098039,0.564705882353,0.349019607843,0.447058823529,0.219607843137,0.509803921569,0.482352941176,0.627450980392,0.294117647059,0.701960784314,0.643137254902,0.83137254902,0.541176470588,0.0117647058824,0.250980392157,0.321568627451,0.603921568627,0.78431372549,0.380392156863,0.352941176471,0.388235294118,0.250980392157,0.376470588235,0.564705882353,0.737254901961,0.164705882353,0.835294117647,0.670588235294,0.0,0.0901960784314,0.188235294118,0.537254901961,0.227450980392,0.576470588235,0.309803921569,0.737254901961,0.274509803922,0.227450980392,0.858823529412,0.792156862745,0.0,0.764705882353,0.352941176471,0.521568627451,0.0,0.486274509804,0.635294117647,0.862745098039,0.894117647059,0.803921568627,0.721568627451,0.756862745098,0.690196078431,0.588235294118,0.619607843137,0.56862745098,0.454901960784,0.486274509804,0.443137254902,0.329411764706,0.352941176471,0.325490196078,0.21568627451,0.223529411765,0.2,52.5,-11.9,-29.8
Daylight (D65),Cocaine HCl,positive,0.0,0.490196078431,0.647058823529,0.407843137255,0.290196078431,0.247058823529,0.701960784314,0.537254901961,0.482352941176,0.309803921569,0.439215686275,0.576470588235,0.317647058824,0.392156862745,0.21568627451,0.450980392157,0.458823529412,0.647058823529,0.333333333333,0.690196078431,0.63137254902,0.780392156863,0.439215686275,0.137254901961,0.203921568627,0.321568627451,0.611764705882,0.705882352941,0.301960784314,0.36862745098,0.313725490196,0.207843137255,0.372549019608,0.560784313725,0.682352941176,0.172549019608,0.8,0.576470588235,0.0196078431373,0.0627450980392,0.211764705882,0.537254901961,0.262745098039,0.541176470588,0.262745098039,0.639215686275,0.192156862745,0.227450980392,0.839215686275,0.721568627451,0.0,0.674509803922,0.305882352941,0.549019607843,0.0,0.498039215686,0.627450980392,0.847058823529,0.878431372549,0.878431372549,0.694117647059,0.725490196078,0.733333333333,0.556862745098,0.580392156863,0.592156862745,0.41568627451,0.435294117647,0.447058823529,0.286274509804,0.305882352941,0.313725490196,0.16862745098,0.176470588235,0.18431372549,52.9,-14.5,-28.5
Tube light (FL2),Benzphetamine HCl,negative,0.2,0.686274509804,0.752941176471,0.407843137255,0.345098039216,0.211764705882,0.701960784314,0.592156862745,0.439215686275,0.317647058824,0.450980392157,0.549019607843,0.317647058824,0.43137254902,0.172549019608,0.439215686275,0.482352941176,0.607843137255,0.36862745098,0.717647058824,0.596078431373,0.788235294118,0.560784313725,0.0,0.203921568627,0.309803921569,0.588235294118,0.682352941176,0.372549019608,0.329411764706,0.282352941176,0.23137254902,0.356862745098,0.580392156863,0.756862745098,0.0078431372549,0.803921568627,0.698039215686,0.0,0.0627450980392,0.172549019608,0.517647058824,0.286274509804,0.572549019608,0.219607843137,0.576470588235,0.266666666667,0.196078431373,0.843137254902,0.83137254902,0.00392156862745,0.627450980392,0.349019607843,0.521568627451,0.00392156862745,0.470588235294,0.603921568627,0.858823529412,0.945098039216,0.796078431373,0.705882352941,0.78431372549,0.674509803922,0.56862745098,0.63137254902,0.541176470588,0.427450980392,0.478431372549,0.407843137255,0.294117647059,0.337254901961,0.286274509804,0.176470588235,0.2,0.16862745098,71.3,-24.6,-25.5
Tube light (FL2),Cocaine HCl,positive,0.00392156862745,0.474509803922,0.619607843137,0.407843137255,0.345098039216,0.211764705882,0.701960784314,0.592156862745,0.439215686275,0.317647058824,0.450980392157,0.549019607843,0.317647058824,0.43137254902,0.172549019608,0.439215686275,0.482352941176,0.607843137255,0.36862745098,0.717647058824,0.596078431373,0.788235294118,0.560784313725,0.0,0.203921568627,0.309803921569,0.588235294118,0.682352941176,0.372549019608,0.329411764706,0.282352941176,0.23137254902,0.356862745098,0.580392156863,0.756862745098,0.0078431372549,0.803921568627,0.698039215686,0.0,0.0627450980392,0.172549019608,0.517647058824,0.286274509804,0.572549019608,0.219607843137,0.576470588235,0.266666666667,0.196078431373,0.843137254902,0.83137254902,0.00392156862745,0.627450980392,0.349019607843,0.521568627451,0.00392156862745,0.470588235294,0.603921568627,0.858823529412,0.945098039216,0.796078431373,0.705882352941,0.78431372549,0.674509803922,0.56862745098,0.63137254902,0.541176470588,0.427450980392,0.478431372549,0.407843137255,0.294117647059,0.337254901961,0.286274509804,0.176470588235,0.2,0.16862745098,52.2,-13.8,-30.8
White LED torch (LED-B3),Cocaine HCl,positive,0.0,0.439215686275,0.674509803922,0.423529411765,0.294117647059,0.219607843137,0.745098039216,0.537254901961,0.458823529412,0.309803921569,0.403921568627,0.592156862745,0.305882352941,0.396078431373,0.180392156863,0.454901960784,0.419607843137,0.654901960784,0.317647058824,0.678431372549,0.627450980392,0.843137254902,0.478431372549,0.00392156862745,0.2,0.235294117647,0.643137254902,0.745098039216,0.294117647059,0.345098039216,0.305882352941,0.176470588235,0.376470588235,0.56862745098,0.717647058824,0.0078431372549,0.843137254902,0.623529411765,0.0,0.0549019607843,0.0705882352941,0.564705882353,0.239215686275,0.549019607843,0.219607843137,0.658823529412,0.188235294118,0.196078431373,0.882352941176,0.772549019608,0.0,0.701960784314,0.254901960784,0.556862745098,0.0,0.435294117647,0.643137254902,0.894117647059,0.890196078431,0.882352941176,0.725490196078,0.725490196078,0.733333333333,0.576470588235,0.576470588235,0.58431372549,0.427450980392,0.427450980392,0.435294117647,0.290196078431,0.290196078431,0.298039215686,0.16862745098,0.164705882353,0.172549019608,53.5,-12.3,-30.1
Incandescent bulb (A),Methadone HCl,negative,0.0,0.564705882353,0.698039215686,0.439215686275,0.313725490196,0.16862745098,0.752941176471,0.545098039216,0.403921568627,0.290196078431,0.427450980392,0.529411764706,0.298039215686,0.407843137255,0.113725490196,0.470588235294,0.447058823529,0.58431372549,0.141176470588,0.686274509804,0.58431372549,0.835294117647,0.498039215686,0.0,0.2,0.286274509804,0.572549019608,0.78431372549,0.317647058824,0.266666666667,0.352941176471,0.203921568627,0.329411764706,0.521568627451,0.717647058824,0.0,0.843137254902,0.639215686275,0.00392156862745,0.0509803921569,0.152941176471,0.501960784314,0.0941176470588,0.552941176471,0.2,0.733333333333,0.196078431373,0.117647058824,0.862745098039,0.772549019608,0.0,0.76862745098,0.290196078431,0.478431372549,0.0,0.454901960784,0.611764705882,0.850980392157,0.890196078431,0.752941176471,0.694117647059,0.737254901961,0.635294117647,0.556862745098,0.592156862745,0.509803921569,0.41568627451,0.447058823529,0.38431372549,0.290196078431,0.313725490196,0.266666666667,0.176470588235,0.18431372549,0.149019607843,64.2,-12.1,-31.5
Incandescent bulb (A),Pseudoephedrine HCl,positive,0.0,0.462745098039,0.611764705882,0.439215686275,0.313725490196,0.16862745098,0.752941176471,0.545098039216,0.403921568627,0.290196078431,0.427450980392,0.529411764706,0.298039215686,0.407843137255,0.113725490196,0.470588235294,0.447058823529,0.58431372549,0.141176470588,0.686274509804,0.58431372549,0.835294117647,0.498039215686,0.0,0.2,0.286274509804,0.572549019608,0.78431372549,0.317647058824,0.266666666667,0.352941176471,0.203921568627,0.329411764706,0.521568627451,0.717647058824,0.0,0.843137254902,0.639215686275,0.00392156862745,0.0509803921569,0.152941176471,0.501960784314,0.0941176470588,0.552941176471,0.2,0.733333333333,0.196078431373,0.117647058824,0.862745098039,0.772549019608,0.0,0.76862745098,0.290196078431,0.478431372549,0.0,0.454901960784,0.611764705882,0.850980392157,0.890196078431,0.752941176471,0.694117647059,0.737254901961,0.635294117647,0.556862745098,0.592156862745,0.509803921569,0.41568627451,0.447058823529,0.38431372549,0.290196078431,0.313725490196,0.266666666667,0.176470588235,0.18431372549,0.149019607843,53.9,-8.5,-31.2
Tube light (FL2),Cocaine HCl,positive,0.0,0.494117647059,0.725490196078,0.478431372549,0.372549019608,0.266666666667,0.780392156863,0.607843137255,0.509803921569,0.396078431373,0.470588235294,0.635294117647,0.392156862745,0.470588235294,0.23137254902,0.525490196078,0.490196078431,0.698039215686,0.450980392157,0.733333333333,0.686274509804,0.866666666667,0.572549019608,0.00392156862745,0.282352941176,0.309803921569,0.678431372549,0.772549019608,0.38431372549,0.396078431373,0.356862745098,0.247058823529,0.439215686275,0.658823529412,0.776470588235,0.0078431372549,0.890196078431,0.717647058824,0.0,0.129411764706,0.145098039216,0.607843137255,0.352941176471,0.603921568627,0.274509803922,0.666666666667,0.278431372549,0.247058823529,0.917647058824,0.835294117647,0.0,0.721568627451,0.349019607843,0.607843137255,0.0156862745098,0.494117647059,0.701960784314,0.929411764706,0.921568627451,0.874509803922,0.780392156863,0.776470588235,0.756862745098,0.647058823529,0.643137254902,0.623529411765,0.501960784314,0.505882352941,0.486274509804,0.36862745098,0.36862745098,0.360784313725,0.239215686275,0.239215686275,0.227450980392,53.3,-13.4,-32.4
Tube light (FL2),Brompheniramine Maleate,negative,0.0,0.6,0.811764705882,0.478431372549,0.372549019608,0.266666666667,0.780392156863,0.607843137255,0.509803921569,0.396078431373,0.470588235294,0.635294117647,0.392156862745,0.470588235294,0.23137254902,0.525490196078,0.490196078431,0.698039215686,0.450980392157,0.733333333333,0.686274509804,0.866666666667,0.572549019608,0.00392156862745,0.282352941176,0.309803921569,0.678431372549,0.772549019608,0.38431372549,0.396078431373,0.356862745098,0.247058823529,0.439215686275,0.658823529412,0.776470588235,0.0078431372549,0.890196078431,0.717647058824,0.0,0.129411764706,0.145098039216,0.607843137255,0.352941176471,0.603921568627,0.274509803922,0.666666666667,0.278431372549,0.247058823529,0.917647058824,0.835294117647,0.0,0.721568627451,0.349019607843,0.607843137255,0.0156862745098,0.494117647059,0.701960784314,0.929411764706,0.921568627451,0.874509803922,0.780392156863,0.776470588235,0.756862745098,0.647058823529,0.643137254902,0.623529411765,0.501960784314,0.505882352941,0.486274509804,0.36862745098,0.36862745098,0.360784313725,0.239215686275,0.239215686275,0.227450980392,63.9,-19.5,-31.9
White LED torch (LED-B3),Cocaine HCl,positive,0.0,0.450980392157,0.603921568627,0.38431372549,0.294117647059,0.156862745098,0.662745098039,0.529411764706,0.352941176471,0.23137254902,0.41568627451,0.517647058824,0.254901960784,0.396078431373,0.0705882352941,0.388235294118,0.43137254902,0.58431372549,0.105882352941,0.674509803922,0.533333333333,0.760784313725,0.466666666667,0.0,0.117647058824,0.274509803922,0.58431372549,0.686274509804,0.298039215686,0.274509803922,0.278431372549,0.192156862745,0.341176470588,0.470588235294,0.701960784314,0.0,0.764705882353,0.611764705882,0.0,0.0156862745098,0.141176470588,0.521568627451,0.078431372549,0.541176470588,0.0352941176471,0.61568627451,0.188235294118,0.117647058824,0.780392156863,0.752941176471,0.0,0.647058823529,0.274509803922,0.494117647059,0.0,0.450980392157,0.572549019608,0.764705882353,0.870588235294,0.733333333333,0.623529411765,0.717647058824,0.61568627451,0.501960784314,0.576470588235,0.498039215686,0.364705882353,0.43137254902,0.36862745098,0.250980392157,0.298039215686,0.258823529412,0.145098039216,0.176470588235,0.145098039216,54.5,-6.7,-31.5
Incandescent bulb (A),Cocaine HCl,positive,0.0,0.478431372549,0.537254901961,0.423529411765,0.309803921569,0.152941176471,0.764705882353,0.580392156863,0.376470588235,0.309803921569,0.439215686275,0.458823529412,0.301960784314,0.403921568627,0.117647058824,0.478431372549,0.470588235294,0.513725490196,0.298039215686,0.721568627451,0.529411764706,0.847058823529,0.517647058824,0.0,0.211764705882,0.305882352941,0.494117647059,0.776470588235,0.349019607843,0.258823529412,0.329411764706,0.207843137255,0.270588235294,0.552941176471,0.745098039216,0.0117647058824,0.866666666667,0.666666666667,0.0,0.0823529411765,0.180392156863,0.423529411765,0.219607843137,0.556862745098,0.192156862745,0.721568627451,0.23137254902,0.152941176471,0.905882352941,0.819607843137,0.0078431372549,0.756862745098,0.341176470588,0.427450980392,0.0,0.470588235294,0.533333333333,0.917647058824,0.976470588235,0.713725490196,0.737254901961,0.788235294118,0.580392156863,0.580392156863,0.623529411765,0.458823529412,0.41568627451,0.450980392157,0.329411764706,0.282352941176,0.301960784314,0.21568627451,0.156862745098,0.16862745098,0.117647058824,53.4,-12.4,-30.5
Incandescent bulb (A),Methadone HCl,negative,0.00392156862745,0.588235294118,0.61568627451,0.423529411765,0.309803921569,0.152941176471,0.764705882353,0.580392156863,0.376470588235,0.309803921569,0.439215686275,0.458823529412,0.301960784314,0.403921568627,0.117647058824,0.478431372549,0.470588235294,0.513725490196,0.298039215686,0.721568627451,0.529411764706,0.847058823529,0.517647058824,0.0,0.211764705882,0.305882352941,0.494117647059,0.776470588235,0.349019607843,0.258823529412,0.329411764706,0.207843137255,0.270588235294,0.552941176471,0.745098039216,0.0117647058824,0.866666666667,0.666666666667,0.0,0.0823529411765,0.180392156863,0.423529411765,0.219607843137,0.556862745098,0.192156862745,0.721568627451,0.23137254902,0.152941176471,0.905882352941,0.819607843137,0.0078431372549,0.756862745098,0.341176470588,0.427450980392,0.0,0.470588235294,0.533333333333,0.917647058824,0.976470588235,0.713725490196,0.737254901961,0.788235294118,0.580392156863,0.580392156863,0.623529411765,0.458823529412,0.41568627451,0.450980392157,0.329411764706,0.282352941176,0.301960784314,0.21568627451,0.156862745098,0.16862745098,0.117647058824,62.7,-17.0,-30.1
Daylight (D65),Cocaine HCl,positive,0.00392156862745,0.505882352941,0.643137254902,0.392156862745,0.286274509804,0.23137254902,0.705882352941,0.556862745098,0.474509803922,0.282352941176,0.450980392157,0.576470588235,0.294117647059,0.388235294118,0.2,0.427450980392,0.470588235294,0.647058823529,0.298039215686,0.721568627451,0.63137254902,0.792156862745,0.443137254902,0.121568627451,0.172549019608,0.329411764706,0.611764705882,0.709803921569,0.301960784314,0.352941176471,0.290196078431,0.203921568627,0.356862745098,0.549019607843,0.713725490196,0.141176470588,0.811764705882,0.6,0.0117647058824,0.0274509803922,0.211764705882,0.525490196078,0.23137254902,0.552941176471,0.243137254902,0.635294117647,0.192156862745,0.207843137255,0.850980392157,0.752941176471,0.00392156862745,0.674509803922,0.305882352941,0.541176470588,0.0,0.505882352941,0.627450980392,0.858823529412,0.937254901961,0.890196078431,0.690196078431,0.764705882353,0.737254901961,0.537254901961,0.603921568627,0.580392156863,0.396078431373,0.443137254902,0.427450980392,0.262745098039,0.298039215686,0.286274509804,0.149019607843,0.164705882353,0.160784313725,53.4,-14.4,-27.3
Daylight (D65),Cocaine HCl,positive,0.0,0.501960784314,0.639215686275,0.392156862745,0.286274509804,0.23137254902,0.705882352941,0.556862745098,0.474509803922,0.282352941176,0.450980392157,0.576470588235,0.294117647059,0.388235294118,0.2,0.427450980392,0.470588235294,0.647058823529,0.298039215686,0.721568627451,0.63137254902,0.792156862745,0.443137254902,0.121568627451,0.172549019608,0.329411764706,0.611764705882,0.709803921569,0.301960784314,0.352941176471,0.290196078431,0.203921568627,0.356862745098,0.549019607843,0.713725490196,0.141176470588,0.811764705882,0.6,0.0117647058824,0.0274509803922,0.211764705882,0.525490196078,0.23137254902,0.552941176471,0.243137254902,0.635294117647,0.192156862745,0.207843137255,0.850980392157,0.752941176471,0.00392156862745,0.674509803922,0.305882352941,0.541176470588,0.0,0.505882352941,0.627450980392,0.858823529412,0.937254901961,0.890196078431,0.690196078431,0.764705882353,0.737254901961,0.537254901961,0.603921568627,0.580392156863,0.396078431373,0.443137254902,0.427450980392,0.262745098039,0.298039215686,0.286274509804,0.149019607843,0.164705882353,0.160784313725,53.1,-14.3,-27.3
Tube light (FL2),Doxepin HCl,negative,0.0,0.525490196078,0.709803921569,0.403921568627,0.325490196078,0.219607843137,0.670588235294,0.545098039216,0.435294117647,0.301960784314,0.41568627451,0.556862745098,0.305882352941,0.411764705882,0.164705882353,0.419607843137,0.435294117647,0.61568627451,0.317647058824,0.658823529412,0.592156862745,0.756862745098,0.517647058824,0.0,0.192156862745,0.274509803922,0.603921568627,0.666666666667,0.337254901961,0.329411764706,0.282352941176,0.211764705882,0.372549019608,0.541176470588,0.701960784314,0.00392156862745,0.76862745098,0.643137254902,0.00392156862745,0.0549019607843,0.133333333333,0.537254901961,0.254901960784,0.541176470588,0.203921568627,0.56862745098,0.239215686275,0.18431372549,0.792156862745,0.76862745098,0.0,0.611764705882,0.305882352941,0.529411764706,0.0,0.435294117647,0.61568627451,0.8,0.854901960784,0.788235294118,0.662745098039,0.717647058824,0.666666666667,0.537254901961,0.58431372549,0.545098039216,0.407843137255,0.447058823529,0.41568627451,0.290196078431,0.317647058824,0.294117647059,0.176470588235,0.196078431373,0.176470588235,62.5,-15.8,-31.5
Tube light (FL2),Cocaine HCl,positive,0.0,0.435294117647,0.635294117647,0.403921568627,0.325490196078,0.219607843137,0.670588235294,0.545098039216,0.435294117647,0.301960784314,0.41568627451,0.556862745098,0.305882352941,0.411764705882,0.164705882353,0.419607843137,0.435294117647,0.61568627451,0.317647058824,0.658823529412,0.592156862745,0.756862745098,0.517647058824,0.0,0.192156862745,0.274509803922,0.603921568627,0.666666666667,0.337254901961,0.329411764706,0.282352941176,0.211764705882,0.372549019608,0.541176470588,0.701960784314,0.00392156862745,0.76862745098,0.643137254902,0.00392156862745,0.0549019607843,0.133333333333,0.537254901961,0.254901960784,0.541176470588,0.203921568627,0.56862745098,0.239215686275,0.18431372549,0.792156862745,0.76862745098,0.0,0.611764705882,0.305882352941,0.529411764706,0.0,0.435294117647,0.61568627451,0.8,0.854901960784,0.788235294118,0.662745098039,0.717647058824,0.666666666667,0.537254901961,0.58431372549,0.545098039216,0.407843137255,0.447058823529,0.41568627451,0.290196078431,0.317647058824,0.294117647059,0.176470588235,0.196078431373,0.176470588235,52.8,-10.5,-31.9
White LED torch (LED-B3),Cocaine HCl,positive,0.0,0.505882352941,0.733333333333,0.439215686275,0.345098039216,0.235294117647,0.745098039216,0.603921568627,0.478431372549,0.266666666667,0.466666666667,0.635294117647,0.294117647059,0.458823529412,0.172549019608,0.443137254902,0.482352941176,0.713725490196,0.117647058824,0.756862745098,0.666666666667,0.850980392157,0.537254901961,0.0,0.133333333333,0.294117647059,0.701960784314,0.76862745098,0.349019607843,0.364705882353,0.317647058824,0.223529411765,0.427450980392,0.533333333333,0.788235294118,0.0,0.850980392157,0.694117647059,0.00392156862745,0.0156862745098,0.121568627451,0.627450980392,0.0980392156863,0.61568627451,0.180392156863,0.690196078431,0.23137254902,0.196078431373,0.866666666667,0.847058823529,0.0,0.721568627451,0.309803921569,0.603921568627,0.00392156862745,0.501960784314,0.701960784314,0.839215686275,0.960784313725,0.901960784314,0.690196078431,0.796078431373,0.760784313725,0.556862745098,0.643137254902,0.619607843137,0.41568627451,0.490196078431,0.470588235294,0.286274509804,0.345098039216,0.333333333333,0.176470588235,0.207843137255,0.2,54.7,-7.3,-29.9
White LED torch (LED-B3),Cocaine HCl,positive,0.0,0.501960784314,0.729411764706,0.439215686275,0.345098039216,0.235294117647,0.745098039216,0.603921568627,0.478431372549,0.266666666667,0.466666666667,0.635294117647,0.294117647059,0.458823529412,0.172549019608,0.443137254902,0.482352941176,0.713725490196,0.117647058824,0.756862745098,0.666666666667,0.850980392157,0.537254901961,0.0,0.133333333333,0.294117647059,0.701960784314,0.76862745098,0.349019607843,0.364705882353,0.317647058824,0.223529411765,0.427450980392,0.533333333333,0.788235294118,0.0,0.850980392157,0.694117647059,0.00392156862745,0.0156862745098,0.121568627451,0.627450980392,0.0980392156863,0.61568627451,0.180392156863,0.690196078431,0.23137254902,0.196078431373,0.866666666667,0.847058823529,0.0,0.721568627451,0.309803921569,0.603921568627,0.00392156862745,0.501960784314,0.701960784314,0.839215686275,0.960784313725,0.901960784314,0.690196078431,0.796078431373,0.760784313725,0.556862745098,0.643137254902,0.619607843137,0.41568627451,0.490196078431,0.470588235294,0.286274509804,0.345098039216,0.333333333333,0.176470588235,0.207843137255,0.2,54.3,-6.7,-30.5
Incandescent bulb (A),Cocaine HCl,positive,0.00392156862745,0.38431372549,0.552941176471,0.360784313725,0.270588235294,0.18431372549,0.658823529412,0.498039215686,0.419607843137,0.250980392157,0.36862745098,0.470588235294,0.250980392157,0.352941176471,0.176470588235,0.396078431373,0.388235294118,0.533333333333,0.243137254902,0.607843137255,0.564705882353,0.729411764706,0.462745098039,0.0745098039216,0.164705882353,0.23137254902,0.501960784314,0.666666666667,0.305882352941,0.286274509804,0.274509803922,0.172549019608,0.282352941176,0.478431372549,0.650980392157,0.21568627451,0.749019607843,0.592156862745,0.0156862745098,0.0392156862745,0.109803921569,0.43137254902,0.172549019608,0.482352941176,0.258823529412,0.619607843137,0.211764705882,0.176470588235,0.772549019608,0.717647058824,0.0588235294118,0.654901960784,0.278431372549,0.435294117647,0.00392156862745,0.38431372549,0.549019607843,0.78431372549,0.835294117647,0.764705882353,0.627450980392,0.674509803922,0.627450980392,0.494117647059,0.533333333333,0.498039215686,0.360784313725,0.388235294118,0.356862745098,0.235294117647,0.262745098039,0.239215686275,0.133333333333,0.145098039216,0.129411764706,52.6,-12.0,-29.7
Incandescent bulb (A),Cocaine HCl,positive,0.00392156862745,0.38431372549,0.552941176471,0.360784313725,0.270588235294,0.18431372549,0.658823529412,0.498039215686,0.419607843137,0.250980392157,0.36862745098,0.470588235294,0.250980392157,0.352941176471,0.176470588235,0.396078431373,0.388235294118,0.533333333333,0.243137254902,0.607843137255,0.564705882353,0.729411764706,0.462745098039,0.0745098039216,0.164705882353,0.23137254902,0.501960784314,0.666666666667,0.305882352941,0.286274509804,0.274509803922,0.172549019608,0.282352941176,0.478431372549,0.650980392157,0.21568627451,0.749019607843,0.592156862745,0.0156862745098,0.0392156862745,0.109803921569,0.43137254902,0.172549019608,0.482352941176,0.258823529412,0.619607843137,0.211764705882,0.176470588235,0.772549019608,0.717647058824,0.0588235294118,0.654901960784,0.278431372549,0.435294117647,0.00392156862745,0.38431372549,0.549019607843,0.78431372549,0.835294117647,0.764705882353,0.627450980392,0.674509803922,0.627450980392,0.494117647059,0.533333333333,0.498039215686,0.360784313725,0.388235294118,0.356862745098,0.235294117647,0.262745098039,0.239215686275,0.133333333333,0.145098039216,0.129411764706,52.6,-12.0,-29.7
